tree
version=v4
num_class=1
num_tree_per_iteration=1
label_index=0
max_feature_idx=38
objective=binary sigmoid:1
feature_names=return5d return20d return60d ma20Deviation trendSlope20d volatility20d maxDrawdown20d maxDrawdown60d lossDayRatio20d consecutiveUpDays consecutiveDownDays positionToSingleLimit profitBuffer lossPressure themeRate estimateGrowthRate navSampleSize holdingProfitRate holdingDays isActiveFund isActiveQdii isIndexFund isEtfFund isEtfQdii isQdiiFund isPassiveFund typeActiveEquity typeActiveQdii typeIndex typeIndexQdii typeEtf typeEtfQdii profileStableAnnualReturn profileStableDrawdownFloor profileStableBenchmarkGap profileMaxAnnualTrades profileDefensiveAnnualReturn profileDefensiveDrawdownFloor profileDefensiveBenchmarkGap
feature_infos=[-18.602474999999998:35.835351000000003] [-25.483103:47.490637] [-34.982695:106.18034400000001] [-20.443919999999999:35.679302999999997] [-1.282003:2.0631849999999998] [8.2914999999999992:84.913120000000006] [-26.317771:-0.68485600000000002] [-39.054544999999997:-1.0902670000000001] [15:75] [0:9] [0:8] none [0:47.490637] [0:25.483103] none none [20:932] [-25.483103:47.490637] [20:932] [0:1] [0:1] none [0:1] [0:1] [0:1] [0:1] [0:1] [0:1] none none none [0:1] [12:18] [-18:-14] [6:20] [4.5:6] none none none
tree_sizes=1693 1714 1716 1717 1715 1718 1716 1712 1710 1714 1706 1719 1711 1707 1708 1711 1704 1706 1703 1715 1709 1716 1711 1713 1715 1724 1707 1709 1714 1721 1719 1718 1721 1711 1707 1717 1728 1711 1706 1718 1734 1718 1711 1710 1727 1714 1713 1723 1719 1718 1718 1726 1725 1709 1724 1724 1704 1726 1718 1738 1720 1716 1722 1717 1723 1720 1749 1727 1715 1725 1718 1702 1725 1724 1727 1707 1729 1735 1721 1728 1719 1718 1714 1716 1716 1712 1722 1718 1712 1704 1728 1734 1731 1728 1716 1713 1726 1706 1712 1728 1719 1728 1724 1717 1720 1727 1706 1733 1722 1727 1718 1729 1718 1719 1712 1721 1726 1720 1723 1716 1714 1722 1728 1723 1721 1711 1722 1722 1720 1718 1714 1723 1733 1732 1716 1720 1716 1723 1717 1736 1725 1721 1718 1705 1727 1720 1718 1704 1721 1718 1708 1713 1716 1728 1730 1725 1715 1707 1720 1715

Tree=0
num_leaves=15
num_cat=0
split_feature=16 5 16 16 2 7 2 6 4 2 6 20 7 6
split_gain=151.583 143.216 55.9071 83.9323 52.6142 52.3161 58.8296 49.0537 50.2862 35.6224 37.5991 30.1224 60.934 30.042
threshold=505.50000000000006 22.277235500000003 186.50000000000003 294.50000000000006 30.061026500000001 -4.5191724999999989 1.4942745000000002 -3.7425039999999994 0.66954650000000016 8.4603740000000034 -2.6064839999999996 1.0000000180025095e-35 -10.783019999999999 -16.807554499999998
decision_type=2 2 2 2 2 2 2 2 2 2 2 2 2 2
left_child=2 9 4 7 -1 6 -3 11 -9 -2 -11 12 -4 -8
right_child=1 5 3 -5 -6 -7 13 8 -10 10 -12 -13 -14 -15
leaf_value=-0.62032644835527495 -0.43924704453636743 -0.51653386721485584 -0.49571962813216286 -0.59130751624071654 -0.48608338488385061 -0.42252518473540812 -0.47163833939556821 -0.61344661314247717 -0.43333007876064333 -0.54990919850660236 -0.44991787381346926 -0.42732735985773485 -0.63862306524011259 -0.59689811424929073
leaf_weight=101.11158864200115 38.871274352073669 40.953664049506187 43.036053746938705 141.60249942541122 7.866805523633956 6.7099223583936682 5.0902859270572653 23.831793203949932 4.6275326609611502 21.980780139565468 16.427740946412086 10.411948487162588 9.0236886888742429 80.287691667675972
leaf_count=437 168 177 186 612 34 29 22 103 20 95 71 45 39 347
internal_value=-0.56052 -0.527127 -0.581085 -0.567236 -0.610636 -0.558573 -0.565799 -0.529749 -0.584159 -0.472991 -0.507142 -0.504963 -0.52049 -0.58943
internal_weight=551.833 210.321 341.512 232.534 108.978 133.042 126.332 90.931 28.4593 77.2798 38.4085 62.4717 52.0597 85.378
internal_count=2385 909 1476 1005 471 575 546 393 123 334 166 270 225 369
is_linear=0
shrinkage=1


Tree=1
num_leaves=15
num_cat=0
split_feature=16 5 16 16 2 4 6 7 2 20 7 2 7 6
split_gain=144.394 117.825 49.4609 74.2067 50.1887 40.7406 47.542 40.6776 50.7599 34.9109 42.6405 34.0826 52.6545 38.9058
threshold=505.50000000000006 22.277235500000003 186.50000000000003 294.50000000000006 30.061026500000001 0.58035950000000014 -3.7425039999999994 -4.5191724999999989 0.86410050000000005 1.0000000180025095e-35 -10.783019999999999 8.2639560000000021 -3.9591564999999993 -4.9639874999999991
decision_type=2 2 2 2 2 2 2 2 2 2 2 2 2 2
left_child=2 -2 4 5 -1 6 9 8 -3 10 -4 12 13 -5
right_child=1 7 3 11 -6 -7 -8 -9 -10 -11 -12 -13 -14 -15
leaf_value=-0.057747239263009155 0.08208195894887188 0.043137753357322353 0.044646383034540132 0.0015174755944548811 0.070711549221583098 0.11380678982581303 -0.048454937835996199 0.12629048195010303 -0.025852878935067942 0.12190158209676334 -0.076400951206832143 -0.064468171237398231 0.13193290798259824 -0.067771164807721593
leaf_weight=96.650131791830063 78.706113129854202 40.254704356193542 37.169372260570526 61.239211320877075 8.2528366893529874 12.303783074021338 20.964995741844177 6.4574773460626593 78.952616482973099 10.512723386287687 9.045904874801634 45.413347721099854 5.9633688926696768 30.275565147399902
leaf_count=425 333 172 158 267 35 52 92 27 344 44 40 198 26 132
internal_value=0.0009369 0.0341106 -0.0191339 -0.00629296 -0.0476412 0.0292708 0.0158833 0.00406528 -0.00255567 0.0396608 0.0209533 -0.0286919 -0.0120244 -0.0214051
internal_weight=542.162 204.371 337.791 232.888 104.903 89.9968 77.693 125.665 119.207 56.728 46.2153 142.891 97.4781 91.5148
internal_count=2345 876 1469 1009 460 386 334 543 516 242 198 623 425 399
is_linear=0
shrinkage=0.05


Tree=2
num_leaves=15
num_cat=0
split_feature=16 5 16 16 2 6 7 2 7 7 2 4 6 20
split_gain=128.95 108.415 46.7921 56.6853 51.6412 42.4635 44.4468 40.8952 53.1246 39.106 33.3031 30.4842 36.5324 38.2848
threshold=505.50000000000006 22.393342000000001 183.50000000000003 297.50000000000006 30.061026500000001 -12.588751499999999 -4.5191724999999989 7.3703410000000007 -3.9591564999999993 -9.5939224999999979 1.4942745000000002 0.54110600000000009 -3.7425039999999994 1.0000000180025095e-35
decision_type=2 2 2 2 2 2 2 2 2 2 2 2 2 2
left_child=2 -2 4 11 -1 -3 10 8 9 -5 -7 12 13 -4
right_child=1 5 3 7 -6 6 -8 -9 -10 -11 -12 -13 -14 -15
leaf_value=-0.057533896460242123 0.07730924069267478 0.085368468629050454 0.012865675648644926 0.0017819527515422796 0.072067759346374091 0.028564378317809131 0.11723928569818494 -0.064331204913087955 0.12915418132401044 -0.076427346863933904 -0.031788813888495492 0.091959975698670982 -0.042384331721754341 0.11468548835240396
leaf_weight=92.458739697933197 80.344493314623833 14.145679011940954 47.865472555160522 64.441326975822449 8.3831759542226774 32.380462467670441 6.8486472368240348 47.04597133398056 6.643316686153411 21.255219727754593 77.718168139457703 13.929800242185591 22.449664905667305 11.438322946429251
leaf_count=414 334 60 205 282 35 137 28 209 28 94 342 58 100 47
internal_value=0.000986287 0.0315756 -0.018268 -0.00604528 -0.0467599 0.00354622 -0.00635081 -0.0263883 -0.00705694 -0.0176162 -0.0140387 0.0235893 0.0119398 0.0325043
internal_weight=547.348 211.437 335.911 235.069 100.842 131.093 116.947 139.386 92.3399 85.6965 110.099 95.6833 81.7535 59.3038
internal_count=2373 901 1472 1023 449 567 507 613 404 376 479 410 352 252
is_linear=0
shrinkage=0.05


Tree=3
num_leaves=15
num_cat=0
split_feature=16 5 16 16 2 13 7 2 2 7 6 3 6 20
split_gain=120.331 101.042 40.8694 56.5029 49.3643 38.9832 41.2788 37.5816 32.31 42.4384 40.0899 29.3986 35.9336 34.0229
threshold=505.50000000000006 22.277235500000003 186.50000000000003 297.50000000000006 30.061026500000001 12.295077500000003 -4.5191724999999989 0.38060550000000004 8.4603740000000034 -3.9591564999999993 -5.2984354999999992 5.1654715000000015 -3.7425039999999994 1.0000000180025095e-35
decision_type=2 2 2 2 2 2 2 2 2 2 2 2 2 2
left_child=2 -2 4 11 -1 6 7 -3 9 10 -5 12 13 -4
right_child=1 5 3 8 -6 -7 -8 -9 -10 -11 -12 -13 -14 -15
leaf_value=-0.055274117742097333 0.073377065662530896 0.030832867878015497 0.011118342197234897 0.0058573119537347861 0.068992118121078902 0.11175001863287511 0.10980075882858631 -0.030888927300820331 -0.063635490188505839 0.10733599692320406 -0.063293467594440961 0.083474864254600212 -0.044770381003107318 0.10630257623712272
leaf_weight=93.366506487131119 81.908439189195633 35.776251077651978 44.596504107117653 55.168768167495728 8.7399432063102704 7.6845498681068412 7.4402457475662223 79.391363725066185 42.057949960231781 7.0133961439132682 33.801112979650497 16.607437670230865 21.519791677594185 11.891512870788572
leaf_count=426 336 150 190 241 36 32 30 352 191 29 152 69 97 48
internal_value=0.000405612 0.0298616 -0.0182661 -0.00669247 -0.0446374 0.00250562 -0.00434136 -0.0117154 -0.0270922 -0.0110796 -0.0204142 0.0230702 0.0102104 0.0311559
internal_weight=546.964 212.201 334.763 232.656 102.106 130.292 122.608 115.168 138.041 95.9833 88.9699 94.6152 78.0078 56.488
internal_count=2379 900 1479 1017 462 564 532 502 613 422 393 404 335 238
is_linear=0
shrinkage=0.05


Tree=4
num_leaves=15
num_cat=0
split_feature=18 5 18 2 2 6 8 7 7 7 7 18 7 5
split_gain=111.324 62.8143 49.7335 44.6222 42.6269 32.8235 30.3895 46.3429 30.6958 28.2352 30.4997 28.1581 25.2527 23.5787
threshold=598.50000000000011 22.277235500000003 186.50000000000003 8.2639560000000021 30.061026500000001 -3.3719439999999996 52.500000000000007 -16.298619999999996 -14.655997999999999 -4.5191724999999989 -13.389685999999998 297.50000000000006 -9.8848719999999997 54.346298000000012
decision_type=2 2 2 2 2 2 2 2 2 2 2 2 2 2
left_child=2 -2 4 5 -1 6 8 -8 13 10 -3 12 -5 -4
right_child=1 9 3 11 -6 -7 7 -9 -10 -11 -12 -13 -14 -15
leaf_value=-0.053004097025231955 0.076042281841268655 0.053215054844560461 -0.0061230622571725761 0.071205477123065949 0.063379143715716083 -0.037858094721461281 0.048636256978925367 -0.025723669903936704 0.073587049427506671 0.10358224399733845 -0.01575502596150704 -0.048634843132903095 -0.045263770039491606 0.098738565674532264
leaf_weight=93.859552219510078 61.603985831141472 21.684346541762352 33.210130944848061 10.704851612448694 8.5874394327402097 30.299123629927635 31.644803255796432 62.014576643705368 38.292742162942886 7.4910297989845267 61.464146554470062 65.653005465865135 8.2335967719554883 6.3926722705364218
leaf_count=437 250 91 141 44 35 137 133 271 163 30 274 296 37 26
internal_value=0.000839625 0.0370854 -0.0133499 -0.00265664 -0.0432485 0.0101186 0.018592 -0.000599595 0.0416674 0.010608 0.00223172 -0.0331412 0.0205698 0.0108037
internal_weight=541.136 152.244 388.892 286.446 102.447 201.854 171.555 93.6594 77.8955 90.6395 83.1485 84.5915 18.9384 39.6028
internal_count=2365 645 1720 1248 472 871 734 404 330 395 365 377 81 167
is_linear=0
shrinkage=0.05


Tree=5
num_leaves=15
num_cat=0
split_feature=16 6 2 16 2 16 6 4 7 2 7 6 8 20
split_gain=101.341 47.8806 40.9198 35.3208 47.7854 46.9176 30.5193 31.1396 27.9807 27.4568 36.3405 32.5744 36.1105 19.0565
threshold=505.50000000000006 -2.6535319999999998 6.1343225000000006 186.50000000000003 26.972924000000003 294.50000000000006 -3.7425039999999994 0.66954650000000016 -3.6658359999999997 8.4603740000000034 -3.9591564999999993 -5.8333649999999997 57.500000000000007 1.0000000180025095e-35
decision_type=2 2 2 2 2 2 2 2 2 2 2 2 2 2
left_child=3 2 -2 4 -1 6 13 -8 -4 10 11 12 -7 -5
right_child=1 -3 8 5 -6 9 7 -9 -10 -11 -12 -13 -14 -15
leaf_value=-0.054848897755418881 0.042464164899674174 0.081971115526622285 -0.012507202013365868 0.02597493984126803 0.062892790474310775 0.042237674050044728 -0.050317726590158707 0.094322984553430744 0.098939650061748693 -0.060811396130035694 0.09641962839967555 -0.05355244670812187 -0.043850810546785995 0.098149437629466263
leaf_weight=89.853071570396423 79.08503033220768 32.112662643194199 93.088402286171913 54.591515064239502 9.5314878523349744 29.369606480002403 21.835842922329906 4.485487461090087 5.9947022944688788 40.63118377327919 7.1717959046363822 40.975592210888863 20.813293904066086 10.986183792352675
leaf_count=427 329 131 406 229 39 127 101 18 24 192 29 187 91 44
internal_value=-0.00135915 0.0257723 0.0156432 -0.0186349 -0.0435569 -0.00790608 0.0198115 -0.0256691 -0.00576447 -0.0262365 -0.0119497 -0.0204755 0.00653258 0.0380663
internal_weight=540.526 210.281 178.168 330.245 99.3846 230.861 91.899 26.3213 99.0831 138.961 98.3303 91.1585 50.1829 65.5777
internal_count=2374 890 759 1484 466 1018 392 119 430 626 434 405 218 273
is_linear=0
shrinkage=0.05


Tree=6
num_leaves=15
num_cat=0
split_feature=16 5 16 2 7 4 7 2 6 8 7 16 3 7
split_gain=91.0247 52.0639 41.1616 37.9331 35.3126 25.9219 28.7537 22.6342 22.796 33.4648 39.6947 22.4617 34.6328 21.5491
threshold=598.50000000000011 22.277235500000003 186.50000000000003 26.972924000000003 -18.604027499999997 -0.40828149999999996 -4.5191724999999989 10.037865000000002 -3.3016709999999994 52.500000000000007 -14.655997999999999 294.50000000000006 6.6112810000000009 -16.298619999999996
decision_type=2 2 2 2 2 2 2 2 2 2 2 2 2 2
left_child=2 -2 3 -1 -4 -3 -7 8 9 10 -6 12 -9 -11
right_child=1 5 4 -5 7 6 -8 11 -10 13 -12 -13 -14 -15
leaf_value=-0.051442646847532802 0.067742090222747867 0.098949215484292544 0.032604123710379705 0.058424430471769075 -0.045288065298129836 -0.0086693976176712151 0.09412921823207282 -0.052162655381484228 -0.041001853739300702 0.063643801157528671 0.056513219134021686 -0.052326722996809051 0.10430185976617108 -0.023716295895332171
leaf_weight=87.043031051754951 62.194706231355667 7.2683569341897956 54.410655453801155 8.6358499377965909 12.102641642093657 76.192446395754814 7.4691873490810385 7.8271226584911329 31.042712241411209 7.8498866111040106 45.859856113791466 51.570747226476669 6.4520140886306763 70.062507688999176
leaf_count=423 250 30 225 35 53 336 30 35 146 33 194 241 26 311
internal_value=-9.20756e-05 0.0324894 -0.0131231 -0.0415262 -0.00366008 0.00837704 0.000508311 -0.012137 -0.00234399 0.006488 0.035257 -0.0369607 0.0185357 -0.0149145
internal_weight=535.982 153.125 382.857 95.6789 287.178 90.93 83.6616 232.767 166.918 135.875 57.9625 65.8499 14.2791 77.9124
internal_count=2368 646 1722 458 1264 396 366 1039 737 591 247 302 61 344
is_linear=0
shrinkage=0.05


Tree=7
num_leaves=15
num_cat=0
split_feature=16 5 16 2 2 6 7 6 7 5 16 7 2 2
split_gain=78.8587 52.1131 35.3534 36.2995 34.8009 24.8667 24.7175 24.3503 26.6209 23.373 20.0158 20.1574 18.3244 16.3639
threshold=598.50000000000011 21.818471500000005 186.50000000000003 10.037865000000002 30.061026500000001 -3.3016709999999994 -5.3596829999999995 -12.588751499999999 -4.5191724999999989 54.346298000000012 294.50000000000006 -9.8848719999999997 6.6265090000000013 1.3152125000000001
decision_type=2 2 2 2 2 2 2 2 2 2 2 2 2 2
left_child=2 12 4 5 -1 6 9 -3 13 -4 11 -5 -2 -9
right_child=1 7 3 10 -6 -7 -8 8 -10 -11 -12 -13 -14 -15
leaf_value=-0.048892489238332802 0.096850585364984754 0.097013919498863538 0.0041133449561346104 0.065374351760292271 0.051950369103517004 -0.033486227192800977 0.080960573779553791 0.030634076300582735 0.090166414867577954 0.093226737193053855 -0.050538412096273001 -0.06252689529024219 0.040376949787831309 -0.021906759293807091
leaf_weight=87.636720091104507 27.246305495500565 6.9120561182498923 161.14525161683559 8.3660889416933042 9.4809521138668043 33.825210884213448 12.532455056905745 19.684869095683098 7.4090147465467444 7.7102201133966437 52.28719362616539 4.875908449292182 30.380551978945732 59.958192959427834
leaf_count=435 109 28 694 34 38 160 51 81 30 31 249 23 122 270
internal_value=-0.000822464 0.0296432 -0.0130448 -0.00404947 -0.0390479 0.00587139 0.0132108 0.00668498 -0.000487267 0.00818241 -0.0366319 0.0182791 0.067078 -0.00892058
internal_weight=529.451 151.591 377.86 280.742 97.1177 215.213 181.388 93.9641 87.0521 168.855 65.5292 13.242 57.6269 79.6431
internal_count=2355 640 1715 1242 473 936 776 409 381 725 306 57 231 351
is_linear=0
shrinkage=0.05


Tree=8
num_leaves=15
num_cat=0
split_feature=16 5 13 16 16 2 7 2 7 2 7 7 8 7
split_gain=79.2285 69.1815 29.5871 28.9536 43.3807 30.7981 23.4685 27.6149 26.9013 21.84 36.1396 25.4583 25.2548 30.474
threshold=505.50000000000006 22.277235500000003 12.295077500000003 183.50000000000003 297.50000000000006 30.061026500000001 -4.5191724999999989 0.86410050000000005 -23.172414999999997 8.2639560000000021 -3.9591564999999993 -9.2818959999999979 52.500000000000007 -13.582623499999999
decision_type=2 2 2 2 2 2 2 2 2 2 2 2 2 2
left_child=3 -2 6 5 -5 -1 7 8 -3 10 11 12 13 -6
right_child=1 2 -4 4 9 -7 -8 -9 -10 -11 -12 -13 -14 -15
leaf_value=-0.04802446252907186 0.059788138150176764 -0.031803240940332315 0.094508645342225028 0.019539108717475773 -0.046966951076318764 0.050472365794256506 0.086739049331510554 -0.027534765877851981 0.05570724766270671 -0.056897114045421117 0.0918097747610509 -0.071704102312240572 -0.032768344581247492 0.06530602833333353
leaf_weight=85.640977531671524 81.809226468205452 13.662289902567862 7.9536466151475897 96.200546517968178 8.843174025416376 8.7468973547220212 6.5903404355049124 76.95139841735363 24.585041999816895 37.541432693600655 7.7291653007268897 19.248655840754509 38.250741168856621 19.093412026762962
leaf_count=435 330 56 32 414 40 35 27 351 101 189 31 92 171 81
internal_value=1.99477e-05 0.0237803 0.00107559 -0.0156247 -0.00594409 -0.0388968 -0.00502622 -0.010276 0.0244477 -0.0246998 -0.0117257 -0.0210923 -0.00637336 0.0297666
internal_weight=532.847 211.552 129.743 321.295 226.907 94.3879 121.789 115.199 38.2473 130.707 93.1651 85.436 66.1873 27.9366
internal_count=2385 897 567 1488 1018 470 535 508 157 604 415 384 292 121
is_linear=0
shrinkage=0.05


Tree=9
num_leaves=15
num_cat=0
split_feature=16 5 7 16 5 13 2 7 6 2 7 7 5 16
split_gain=60.6874 67.6627 31.4316 28.9338 43.014 27.505 26.0556 23.958 22.8567 22.2442 25.7342 18.0193 16.946 16.3813
threshold=505.50000000000006 22.277235500000003 -19.327466999999995 234.50000000000003 49.534786500000003 11.519128500000003 7.4952845000000012 -4.5191724999999989 -2.6064839999999996 0.38060550000000004 -23.172414999999997 -6.6763724999999994 32.852445500000009 183.50000000000003
decision_type=2 2 2 2 2 2 2 2 2 2 2 2 2 2
left_child=2 6 3 4 -1 7 -2 9 11 10 -3 -8 -11 -4
right_child=1 5 13 -5 -6 -7 8 -9 -10 12 -12 -13 -14 -15
leaf_value=-0.040897896373113488 0.08463163292461745 -0.042552840248873264 -0.039723823865180807 0.090171501709261498 0.079181880501059315 0.085195950399568621 0.058954397137962716 0.083533689472487904 0.073151369695510435 -0.0065766970681360119 0.047695304147629847 -0.033090301161880976 -0.053853733864972497 -0.012528079000710172
leaf_weight=21.741676598787308 40.817099019885063 11.647479102015494 77.806290805339813 12.275418624281881 11.351579025387762 8.4582905918359739 7.905368164181712 6.7269386500120154 16.680260792374611 40.012712985277176 24.544536411762238 16.240810513496399 36.014749974012375 192.03413285315037
leaf_count=100 164 48 394 51 48 34 32 28 67 183 100 66 167 881
internal_value=-4.17934e-05 0.0208475 -0.0138957 0.0246104 0.000291616 -0.00192392 0.0563822 -0.00811902 0.0281393 -0.0136131 0.0186512 -0.00295521 -0.0289722 -0.0203698
internal_weight=524.257 209.048 315.209 45.3687 33.0933 127.405 81.6435 118.946 40.8264 112.219 36.192 24.1462 76.0275 269.84
internal_count=2363 889 1474 199 148 560 329 526 165 498 148 98 350 1275
is_linear=0
shrinkage=0.05


Tree=10
num_leaves=15
num_cat=0
split_feature=16 5 16 2 2 6 8 7 7 16 1 16 7 5
split_gain=58.8738 43.3598 26.9328 30.511 28.106 26.0486 19.6755 29.576 20.9397 18.9139 21.4322 18.7126 17.8563 17.1935
threshold=592.50000000000011 22.277235500000003 186.50000000000003 8.2639560000000021 30.061026500000001 -3.3719439999999996 52.500000000000007 -16.298619999999996 -12.790780999999997 297.50000000000006 8.995096000000002 484.50000000000006 -13.582623499999999 54.346298000000012
decision_type=2 2 2 2 2 2 2 2 2 2 2 2 2 2
left_child=2 -2 4 5 -1 6 8 -8 13 10 -5 -9 -13 -4
right_child=1 -3 3 9 -6 -7 7 11 -10 -11 -12 12 -14 -15
leaf_value=-0.044481115470492209 0.056971427303376093 0.0035190473903585055 -0.007151228782193474 -0.035930503800383949 0.049926222827218633 -0.037866059647905861 0.038975886842181895 -0.033256761576466821 0.059282054764503024 -0.043334972663033738 0.071267222726557736 -0.02756127009468845 0.10915177659678162 0.080471444018723304
leaf_weight=79.754577800631523 64.430921271443367 92.275117754936218 33.372255578637123 9.9741588830947894 8.7484155595302564 27.759083941578865 30.384648740291595 51.667123287916183 38.186033636331558 60.341625466942787 8.7557813972234708 4.6351282894611359 4.9274818152189237 6.7269957661628714
leaf_count=421 260 411 141 46 35 135 125 234 159 298 36 20 21 27
internal_value=-0.000140353 0.0254964 -0.01114 -0.00346149 -0.0351491 0.0070393 0.0143762 -0.00135262 0.032783 -0.0297108 0.0141818 -0.0213652 0.0428851 0.00754823
internal_weight=521.939 156.706 365.233 276.73 88.503 197.659 169.9 91.6144 78.2853 79.0716 18.7299 61.2297 9.56261 40.0993
internal_count=2369 671 1698 1242 456 862 727 400 327 380 82 275 41 168
is_linear=0
shrinkage=0.05


Tree=11
num_leaves=15
num_cat=0
split_feature=16 5 5 7 4 7 16 16 16 7 6 12 7 4
split_gain=60.391 53.2695 24.2754 27.0275 22.5526 18.9717 18.1164 38.09 24.0301 17.3416 22.0949 16.6159 16.5684 24.9355
threshold=505.50000000000006 22.277235500000003 26.029478000000005 -9.2818959999999979 -0.6730894999999999 -4.5191724999999989 192.50000000000003 294.50000000000006 144.50000000000003 -6.6763724999999994 -4.0200694999999991 3.5878705000000006 -6.556462999999999 -0.098026499999999975
decision_type=2 2 2 2 2 2 2 2 2 2 2 2 2 2
left_child=2 9 12 6 -3 -6 8 -8 -4 -2 11 -11 -1 -14
right_child=1 4 3 -5 5 -7 7 -9 -10 10 -12 -13 13 -15
leaf_value=-0.036820015908829655 0.075711945281106252 0.07462707657362215 0.013641145061114647 -0.06902023541692158 -0.0096539109898952664 0.080729938813068183 0.056162064683691129 -0.0094157657673884423 -0.070286893783978482 0.031141044940080576 0.055375339543677432 -0.084591221094257887 0.054191601747320732 -0.023060369842937245
leaf_weight=115.86300010979176 41.634842947125435 9.6556145995855314 20.526791930198669 12.129653185606001 110.25636906921864 6.1285468190908423 41.511363953351974 47.458332911133766 14.591157659888266 6.3076356351375562 25.908985048532486 6.1012805253267288 13.970224201679228 41.404300197958946
leaf_count=566 169 39 98 62 493 26 170 224 75 26 105 25 64 206
internal_value=0.000498898 0.0214483 -0.0135371 0.00221527 0.00119741 -0.00489452 0.00917859 0.0211815 -0.0212301 0.0533726 0.0290995 -0.0257628 -0.0260679 -0.00357077
internal_weight=513.448 205.993 307.455 136.217 126.041 116.385 124.088 88.9697 35.1179 79.9527 38.3179 12.4089 171.238 55.3745
internal_count=2348 883 1465 629 558 519 567 394 173 325 156 51 836 270
is_linear=0
shrinkage=0.05


Tree=12
num_leaves=15
num_cat=0
split_feature=16 16 16 7 16 5 7 16 27 1 16 16 3 5
split_gain=53.4471 36.1282 35.7179 24.4717 25.8742 29.2599 24.0519 23.5075 37.108 34.5459 22.4051 23.7697 21.9514 19.8725
threshold=725.50000000000011 186.50000000000003 900.50000000000011 -11.042847999999998 445.50000000000006 20.934260500000004 -11.788986 297.50000000000006 1.0000000180025095e-35 1.6090845000000003 547.50000000000011 601.50000000000011 2.6288345000000004 20.564629500000002
decision_type=2 2 2 2 2 2 2 2 2 2 2 2 2 2
left_child=1 -1 -2 6 7 10 13 8 -5 -10 -6 -12 -13 -3
right_child=2 3 -4 4 5 -7 -8 -9 9 -11 11 12 -14 -15
leaf_value=-0.035926324984395012 0.048255004686695566 0.062992315495299073 -0.074132990209751767 -0.057815713711367046 0.074748202006139464 -0.022732015741393548 0.07128576578460756 -0.051590627695133555 0.099781271724195417 -0.024108976296850132 -0.081780704614262317 0.063092450853095575 -0.045786162047427581 0.0017177005845292186
leaf_weight=86.070757836103439 71.450940027832985 14.722726076841353 6.5040625631809226 16.521875575184822 19.707994595170021 43.675469607114792 16.695487514138222 55.058893769979477 11.821354061365129 10.737944737076758 6.1392932981252697 15.06210480630398 6.6834969371557227 130.69633917510509
leaf_count=458 303 63 30 78 83 209 70 274 49 53 26 61 27 569
internal_value=-7.23185e-05 -0.00692513 0.0380437 0.000257571 -0.0121491 0.0068208 0.014447 -0.0305404 -0.000884189 0.0408111 0.0339411 0.00510017 0.0296287 0.00792135
internal_weight=511.549 433.594 77.955 347.523 185.408 91.2684 162.115 94.1401 39.0812 22.5593 47.5929 27.8849 21.7456 145.419
internal_count=2353 2020 333 1562 860 406 702 454 180 102 197 114 88 632
is_linear=0
shrinkage=0.05


Tree=13
num_leaves=15
num_cat=0
split_feature=18 18 18 7 7 18 18 5 19 7 18 7 18 8
split_gain=47.0067 33.7434 30.2748 17.6867 35.2968 23.5954 22.2377 30.8894 17.1192 16.8913 18.1446 15.1745 22.0891 19.2377
threshold=740.50000000000011 900.50000000000011 186.50000000000003 -11.553163 -11.788986 207.50000000000003 445.50000000000006 20.864860000000004 1.0000000180025095e-35 -6.6763724999999994 481.50000000000006 -13.389685999999998 382.50000000000006 42.500000000000007
decision_type=2 2 2 2 2 2 2 2 2 2 2 2 2 2
left_child=2 8 -1 4 11 -5 -7 9 -2 -8 -11 13 -13 -4
right_child=1 -3 3 5 -6 6 7 -9 -10 10 -12 12 -14 -15
leaf_value=-0.034041253509518553 0.022271845029739536 -0.072399173714903356 -0.040058414837170937 0.098804733649929352 0.094227479616389359 -0.032357567671727337 0.080053375479096772 -0.023806484368702967 0.07306466429127477 0.089316676479734944 -0.0041514585617442581 0.023011072345354613 -0.059688142005497741 0.021552259637031626
leaf_weight=85.461348533630371 34.555598765611649 6.5369866341352454 14.555675432085989 4.7708383649587622 11.940079540014265 86.804579690098763 13.026147365570067 53.743568584322929 31.905945226550102 6.3750752210617057 27.986331984400749 13.928705900907515 19.211373701691628 97.810102492570877
leaf_count=462 147 31 65 20 49 428 53 255 135 26 118 64 90 412
internal_value=-0.00113772 0.0359944 -0.00736019 -0.000848166 0.011584 -0.0110056 -0.0137932 0.00214136 0.0466558 0.0315695 0.0131897 0.00480238 -0.0249298 0.0135713
internal_weight=508.612 72.9985 435.614 350.152 157.446 192.707 187.936 101.131 66.4615 47.3876 34.3614 145.506 33.1401 112.366
internal_count=2355 313 2042 1580 680 900 880 452 282 197 144 631 154 477
is_linear=0
shrinkage=0.05


Tree=14
num_leaves=15
num_cat=0
split_feature=16 5 7 5 16 16 4 6 4 16 2 2 2 2
split_gain=49.1742 30.8299 26.9272 19.8006 32.3736 23.5118 17.7687 19.8309 15.8702 15.2136 27.7974 18.6435 14.9827 14.0298
threshold=592.50000000000011 22.277235500000003 -18.846248999999997 58.054240500000006 228.50000000000003 496.50000000000006 -0.34331649999999997 -5.864346499999999 0.21754250000000003 183.50000000000003 30.061026500000001 10.037865000000002 -27.750579499999997 6.6265090000000013
decision_type=2 2 2 2 2 2 2 2 2 2 2 2 2 2
left_child=2 13 3 4 12 -6 -3 -8 -7 10 -4 -11 -1 -2
right_child=1 6 9 -5 5 8 7 -9 -10 11 -12 -13 -14 -15
leaf_value=0.042187839066145302 0.075998114086282584 0.066374475020941168 -0.047513904100232013 0.09121515953455521 0.086659110684702723 0.034304384573669161 -0.027225862873029277 0.022705372167775999 -0.05712004482489591 -0.00050492427103739838 0.046338750688670063 -0.033103030296008459 -0.05894055212852925 0.028342747084935688
leaf_weight=4.5993965268135097 30.034751355648041 10.627857580780981 64.124588117003441 8.2910750657320005 14.711585804820059 14.703904777765276 40.091911196708679 39.455358579754829 7.0096554756164542 157.0402422696352 8.9963964968919736 60.859659105539322 17.981309041380882 31.792570754885674
leaf_count=19 126 45 366 36 60 60 182 178 29 720 36 308 89 130
internal_value=0.000468205 0.0242983 -0.0096408 0.0188625 0.00869608 0.037856 0.00565267 -0.00246003 0.0047904 -0.016232 -0.0359668 -0.00960961 -0.038342 0.051493
internal_weight=510.32 152.002 358.318 67.2969 59.0059 36.4251 90.1751 79.5473 21.7136 291.021 73.121 217.9 22.5807 61.8273
internal_count=2384 661 1723 293 257 149 405 360 89 1430 402 1028 108 256
is_linear=0
shrinkage=0.05


Tree=15
num_leaves=15
num_cat=0
split_feature=16 16 6 1 16 2 6 2 8 5 16 8 16 1
split_gain=39.3195 22.199 19.9249 30.1786 19.2712 27.5147 24.5696 24.4669 15.3838 37.2379 15.1982 17.8539 14.5639 16.4403
threshold=598.50000000000011 900.50000000000011 -3.8821259999999995 5.1494605000000009 186.50000000000003 8.2639560000000021 -3.3719439999999996 26.972924000000003 57.500000000000007 36.720007500000001 837.50000000000011 57.500000000000007 297.50000000000006 8.995096000000002
decision_type=2 2 2 2 2 2 2 2 2 2 2 2 2 2
left_child=4 2 3 10 7 6 8 -1 -6 -10 11 -2 13 -7
right_child=1 -3 -4 -5 5 12 -8 -9 9 -11 -12 -13 -14 -15
leaf_value=-0.040157973449142514 0.031498575712125935 -0.071079487394912752 0.049455499419431712 -0.045745469888940959 0.024770809843195001 -0.033682033081220489 -0.037812122781613312 0.043858407483278128 -0.023790822149352849 0.082361505996513637 0.084976674154299853 -0.036769019600377491 -0.0405903224557395 0.062428007534426358
leaf_weight=73.004887446761131 44.081521183252335 6.1588626354932776 54.615456104278564 18.493300467729568 113.01812401413918 9.5603232830762881 26.500082209706306 9.8325179368257505 50.630591839551926 9.8725938647985441 9.5188616216182691 12.235649108886717 57.728942081332207 8.3233247399330121
leaf_count=426 193 30 234 84 483 46 135 40 228 40 40 53 301 35
internal_value=-0.000149431 0.0218104 0.0259279 0.0106903 -0.00903845 -0.00268303 0.00702977 -0.0301855 0.013878 -0.00646944 0.0265431 0.0166665 -0.0283767 0.0110491
internal_weight=503.575 145.104 138.945 84.3293 358.471 275.634 200.021 82.8374 173.521 60.5032 65.836 56.3172 75.6126 17.8836
internal_count=2368 634 604 370 1734 1268 886 466 751 268 286 246 382 81
is_linear=0
shrinkage=0.05


Tree=16
num_leaves=15
num_cat=0
split_feature=16 5 7 2 13 16 5 4 5 7 2 7 16 5
split_gain=34.3159 31.9548 21.78 20.3937 18.9659 17.6713 35.8501 16.3517 16.6823 16.224 17.5772 17.3215 11.5806 14.8855
threshold=505.50000000000006 22.277235500000003 -18.736676499999998 10.188336500000002 12.295077500000003 234.50000000000003 53.807834000000007 0.46237650000000002 17.725153000000002 -4.5191724999999989 0.38060550000000004 -23.172414999999997 622.50000000000011 25.784961500000005
decision_type=2 2 2 2 2 2 2 2 2 2 2 2 2 2
left_child=2 3 5 -2 9 6 -1 8 -5 10 11 -3 -12 -14
right_child=1 4 -4 7 -6 -7 -8 -9 -10 -11 12 -13 13 -15
leaf_value=-0.039734397861938185 0.062410135642091941 -0.030260089959169664 -0.018025290440815172 -0.049538913516317305 0.075804046364048527 0.062267809389211386 0.073155097567553215 0.0712928104571873 0.034903373435482395 0.073671576180740314 -0.056077162378898204 0.041584513889428659 0.05375595702785 -0.02259389943257083
leaf_weight=21.332404136657718 43.921418040990829 12.578723609447477 248.48239398002625 12.892144501209264 7.58929319679737 15.727526515722273 10.491458699107168 8.050975561141966 10.706024512648581 6.0975607484579077 20.631282284855843 25.190853774547577 7.4184678941965094 45.777057603001595
leaf_count=105 186 52 1260 54 31 64 46 34 44 28 102 102 34 215
internal_value=-0.0012692 0.0146829 -0.0120925 0.0403614 -0.000806229 0.0189099 -0.00251781 0.00976299 -0.0112291 -0.00574631 -0.0100857 0.0176575 -0.024279 -0.0119464
internal_weight=496.888 200.854 296.034 75.5706 125.283 47.5514 31.8239 31.6491 23.5982 117.694 111.596 37.7696 73.8268 53.1955
internal_count=2357 882 1475 318 564 215 151 132 98 533 505 154 351 249
is_linear=0
shrinkage=0.05


Tree=17
num_leaves=15
num_cat=0
split_feature=16 16 16 2 2 7 7 16 7 16 7 8 8 16
split_gain=33.6218 24.1847 21.0257 29.6544 23.6063 18.6031 22.1413 22.6492 16.8682 16.3066 16.2663 17.1443 12.5704 19.2211
threshold=725.50000000000011 900.50000000000011 186.50000000000003 8.2639560000000021 30.061026500000001 -5.3596829999999995 -11.553163 204.50000000000003 -12.790780999999997 481.50000000000006 -13.389685999999998 42.500000000000007 52.500000000000007 837.50000000000011
decision_type=2 2 2 2 2 2 2 2 2 2 2 2 2 2
left_child=2 12 4 5 -1 6 8 -8 10 -9 11 -4 -2 -14
right_child=1 -3 3 -5 -6 -7 7 9 -10 -11 -12 -13 13 -15
leaf_value=-0.037693959689959582 0.048924765629358297 -0.069968215689182003 -0.037626077763481994 -0.020707699020612508 0.048214926055006664 0.056130229185244386 0.098774839723660052 -0.033918752240988691 0.06347239371809707 0.026414716417394152 -0.066076508962743669 0.023812623287394776 -0.040037736700053783 0.074007492225303673
leaf_weight=71.91106204688549 57.280898317694664 5.5925877690315238 12.966834485530851 112.46416664123535 8.9967756271362287 20.519834473729134 4.1038863360881797 56.892501771450043 18.122301831841469 13.944090083241461 6.3786649554967871 91.330591186881065 10.728818669915201 5.6350630521774283
leaf_count=433 250 28 59 555 36 89 17 282 77 61 29 383 47 24
internal_value=0.000411354 0.0302715 -0.00525402 0.000245282 -0.0281411 0.0107531 0.00618283 -0.015426 0.0187558 -0.0220422 0.0114338 0.0161742 0.0378837 -0.000765144
internal_weight=496.868 79.2374 417.631 336.723 80.9078 224.259 203.739 74.9405 128.798 70.8366 110.676 104.297 73.6448 16.3639
internal_count=2370 349 2021 1552 469 997 908 360 548 343 471 442 321 71
is_linear=0
shrinkage=0.05


Tree=18
num_leaves=15
num_cat=0
split_feature=7 16 2 2 8 5 16 5 6 7 6 7 16 16
split_gain=30.8542 21.8071 32.773 21.5062 16.5399 30.7239 14.5506 26.8872 24.0205 15.9243 15.7085 15.535 11.6349 15.8779
threshold=-3.6658359999999997 186.50000000000003 8.2639560000000021 26.972924000000003 57.500000000000007 37.953338500000008 595.50000000000011 25.896373000000004 -3.3719439999999996 -13.582623499999999 -10.647072 -18.604027499999997 105.50000000000001 89.500000000000014
decision_type=2 2 2 2 2 2 2 2 2 2 2 2 2 2
left_child=1 3 4 12 6 -6 8 -8 9 11 -9 -3 13 -1
right_child=-2 2 -4 -5 5 -7 7 10 -10 -11 -12 -13 -14 -15
leaf_value=-0.034035360083100409 0.074425469085265344 0.020411187845708958 -0.017191310968832616 0.044275124822824648 -0.019942939571813003 0.080593832974197865 0.068040578433127483 0.072464925753591924 -0.031971923833416419 0.039325466607274345 -0.031204694343421949 -0.037453738745870095 -0.053741315585083729 0.04781938246618727
leaf_weight=22.63200826942921 13.546880245208738 35.997351929545403 137.25360780954361 9.5640053004026395 62.469787329435349 8.6516185849904996 35.611315190792084 4.882794842123988 25.518158257007599 60.215966165065765 14.52009831368923 17.113234609365463 39.141165092587471 8.025143548846243
leaf_count=140 62 148 674 39 283 35 155 20 134 263 65 75 243 47
internal_value=6.5014e-06 -0.00208684 0.00263918 -0.0260398 0.0129109 -0.00771307 0.0204773 0.0422391 0.0118546 0.0217232 -0.00511593 0.00176602 -0.0356746 -0.0126082
internal_weight=495.143 481.596 402.234 79.3623 264.98 71.1214 193.859 55.0142 138.845 113.327 19.4029 53.1106 69.7983 30.6572
internal_count=2383 2321 1852 469 1178 318 860 240 620 486 85 223 430 187
is_linear=0
shrinkage=0.05


Tree=19
num_leaves=15
num_cat=0
split_feature=16 6 1 2 7 16 1 0 7 8 12 7 6 6
split_gain=31.9838 24.7815 32.452 21.6145 17.8188 18.4115 20.1087 13.0153 12.5892 12.4046 11.0698 10.6666 10.1134 9.10555
threshold=505.50000000000006 -3.8821259999999995 5.1494605000000009 0.38060550000000004 -18.736676499999998 234.50000000000003 8.891646500000002 -7.4057129999999995 -7.2716629999999993 42.500000000000007 20.205925500000003 -24.520225499999995 -17.603214999999995 -3.4492824999999994
decision_type=2 2 2 2 2 2 2 2 2 2 2 2 2 2
left_child=4 2 3 -2 5 6 11 -6 12 -10 -3 -1 -5 -9
right_child=1 10 -4 8 7 -7 -8 13 9 -11 -12 -13 -14 -15
leaf_value=0.00066811390679680216 0.044776822106346176 0.045682884005866876 -0.043481839490192853 0.05382228225032068 0.074075773708578457 0.064112204561216246 0.058452324076147366 -0.012105223146820063 -0.024895055141306386 0.065507987620300592 -0.027499050689600252 -0.068370432436516901 -0.024805942548353076 -0.036255420050100212
leaf_weight=13.291202262043951 40.307152464985847 64.633322864770889 29.159672781825066 4.5660499632358542 3.9762509465217581 14.827440202236174 9.3933448046445829 187.12853844463825 5.7926256656646755 11.0004246532917 5.6164424568414679 9.6617207229137438 39.192497864365578 49.316923469305038
leaf_count=59 167 286 136 19 20 60 42 957 26 47 27 56 189 273
internal_value=0.000562346 0.015904 0.00297547 0.0164069 -0.0101208 0.0179758 -0.00317295 -0.0156338 -0.00247795 0.0343242 0.039832 -0.0283927 -0.0166014 -0.0171424
internal_weight=487.864 200.268 130.018 100.859 287.595 47.1737 32.3463 240.422 60.5516 16.7931 70.2498 22.9529 43.7585 236.445
internal_count=2364 897 584 448 1467 217 157 1250 281 73 313 115 208 1230
is_linear=0
shrinkage=0.05


Tree=20
num_leaves=15
num_cat=0
split_feature=16 7 2 4 16 5 2 7 16 6 5 2 5 16
split_gain=35.4313 21.6175 30.158 21.8415 18.9195 25.6812 18.1806 17.8111 24.4982 17.9844 13.8625 15.88 13.5423 12.3684
threshold=186.50000000000003 -3.6658359999999997 9.0390140000000034 0.84378450000000005 505.50000000000006 22.134738500000001 30.061026500000001 -3.9591564999999993 345.50000000000006 -4.2723209999999989 27.086108500000005 -8.4044484999999991 17.086185000000004 370.50000000000006
decision_type=2 2 2 2 2 2 2 2 2 2 2 2 2 2
left_child=6 2 3 4 7 -6 -1 8 9 -2 11 12 -10 -12
right_child=1 -3 -4 -5 5 -7 -8 -9 10 -11 13 -13 -14 -15
leaf_value=-0.039242619889956608 0.02685010718867107 0.07180742524316959 -0.015934163733086822 0.11204239838337303 0.060446118605900115 0.0089390570458658097 0.037361332695823674 0.073914086118166009 0.072642339069890802 -0.023296045195735488 0.074031830698227372 -0.067295582321994146 -0.039488748547445246 -0.015902928297523322
leaf_weight=69.250670373439789 66.532792747020721 12.147963166236876 127.48734234273434 5.5182523727416983 38.655185237526894 64.716750249266624 8.7208143472671491 7.9067618846893302 4.3477177768945676 24.450375631451607 4.848011493682864 26.588168680667877 7.0733222663402557 18.080735608935356
leaf_count=440 284 58 633 24 173 277 35 34 20 127 20 138 33 80
internal_value=0.000210449 0.00610771 0.0040933 0.0135949 0.0115308 0.0281997 -0.0306748 0.000749886 -0.00305796 0.0133741 -0.0275917 -0.0461139 0.00319688 0.00311271
internal_weight=486.325 408.353 396.205 268.718 263.2 103.372 77.9715 159.828 151.921 90.9832 60.938 38.0092 11.421 22.9287
internal_count=2376 1901 1843 1210 1186 450 475 736 702 411 291 191 53 100
is_linear=0
shrinkage=0.05


Tree=21
num_leaves=15
num_cat=0
split_feature=18 20 18 2 5 18 6 18 18 18 18 2 8 18
split_gain=24.5191 19.3779 27.8076 24.0756 23.0867 20.2004 17.1004 23.2951 37.8933 20.3612 29.8791 16.3409 14.4573 13.8397
threshold=183.50000000000003 1.0000000180025095e-35 745.50000000000011 17.105295500000004 17.086185000000004 705.50000000000011 -3.1051594999999996 309.50000000000006 386.50000000000006 544.50000000000011 598.50000000000011 30.061026500000001 67.500000000000014 294.50000000000006
decision_type=2 2 2 2 2 2 2 2 2 2 2 2 2 2
left_child=11 3 5 4 -2 6 7 -3 -9 -10 -11 -1 -6 -5
right_child=1 2 -4 13 12 -7 -8 8 9 10 -12 -13 -14 -15
leaf_value=-0.03479499593467647 -0.041200062365635011 0.089560198354309339 0.065444270209582517 0.02084581990755412 0.013903135458995838 -0.069616164004598233 -0.015478602043882801 -0.065242916384641567 0.07746440916714685 -0.051432370088682872 0.052608676616772515 0.044567246418642285 -0.040779822899878429 -0.045684774820725416
leaf_weight=64.715174600481987 24.638597548007965 12.800951495766638 27.136837586760521 9.5739028602838498 179.03985062241554 7.616975098848342 32.112334594130516 11.72446173429489 17.729358494281769 11.848539456725122 16.525524467229843 7.2086632996797553 12.962180554866789 42.588023155927658
leaf_count=422 122 54 128 44 810 35 169 60 76 52 73 29 57 225
internal_value=6.79541e-05 0.00483141 0.0200991 -0.00297817 0.00436441 0.00894887 0.0147735 0.028528 0.0150177 0.0354286 0.00916286 -0.0268408 0.0102115 -0.0334736
internal_weight=478.221 406.298 137.495 268.803 216.641 110.358 102.741 70.6288 57.8279 46.1034 28.3741 71.9238 192.002 52.1619
internal_count=2356 1905 647 1258 989 519 484 315 261 201 125 451 867 269
is_linear=0
shrinkage=0.05


Tree=22
num_leaves=15
num_cat=0
split_feature=16 16 16 2 4 2 7 16 16 2 8 16 12 2
split_gain=28.3406 19.8024 12.6013 21.9296 19.1863 14.6601 14.1461 11.8167 16.4305 37.8974 11.5984 10.9894 21.0091 11.6225
threshold=725.50000000000011 900.50000000000011 186.50000000000003 8.2639560000000021 0.84378450000000005 26.972924000000003 -4.3522154999999989 105.50000000000001 89.500000000000014 7.157556500000001 47.500000000000007 297.50000000000006 7.2940215000000004 21.415068500000004
decision_type=2 2 2 2 2 2 2 2 2 2 2 2 2 2
left_child=2 10 5 4 6 7 -4 8 -1 -10 -2 12 -5 -13
right_child=1 -3 3 11 -6 -7 -8 -9 9 -11 -12 13 -14 -15
leaf_value=-0.030908569361383254 0.05234279381585099 -0.068060497780491364 0.0029574045519996962 -0.04196432478134781 0.10019852992124584 0.034166931824167933 0.066893098140328414 -0.051377212724240978 0.16090722104364275 -0.06317618687644104 0.01036969614172855 -0.014562757394723864 0.064340843061627462 -0.053048211457140018
leaf_weight=21.471371442079548 40.768890544772148 4.9607514590024939 202.29708057641983 8.5606113821268099 5.5103995054960242 9.4867293089628202 9.038015663623808 36.276785746216774 3.9834966808557501 3.5847869068384171 27.60190361738205 64.679399132728577 10.168184146285055 28.158029943704605
leaf_count=144 189 26 923 44 24 39 40 246 23 22 124 332 43 151
internal_value=-0.000192914 0.0283991 -0.00539286 -0.00117433 0.00809327 -0.0239137 0.0056917 -0.0323494 -0.00857962 0.0547681 0.0353979 -0.0191873 0.0157506 -0.0262356
internal_weight=476.546 73.3315 403.215 328.412 216.845 74.8032 211.335 65.3164 29.0397 7.56828 68.3708 111.566 18.7288 92.8374
internal_count=2370 339 2031 1557 987 474 963 435 189 45 313 570 87 483
is_linear=0
shrinkage=0.05


Tree=23
num_leaves=15
num_cat=0
split_feature=16 5 7 16 5 2 13 7 2 0 5 6 3 3
split_gain=22.6484 25.9721 16.6929 20.8944 26.8842 14.2271 13.9951 11.0515 11.1168 10.7249 11.3038 11.8467 9.48725 9.40949
threshold=505.50000000000006 22.277235500000003 -18.736676499999998 234.50000000000003 49.534786500000003 9.6968755000000026 12.295077500000003 -4.5191724999999989 23.319637000000004 3.7527690000000002 18.787401500000005 -3.8058764999999997 -6.5463774999999993 8.7832775000000023
decision_type=2 2 2 2 2 2 2 2 2 2 2 2 2 2
left_child=2 5 3 4 -1 -2 7 8 13 10 11 -7 -4 -3
right_child=1 6 12 -5 -6 9 -8 -9 -10 -11 -12 -13 -14 -15
leaf_value=-0.038993079347229224 0.05590081403445079 -0.0051581146598229126 0.061660417332298115 0.066173323752368604 0.056911515629075031 -0.06480380151335767 0.067706440009087418 0.066053744380734344 -0.041586939215472241 -0.033977382963548561 0.081622145525790946 0.032011156052399715 -0.016428130255580233 0.068991610802469849
leaf_weight=20.767193347215652 40.683306664228439 81.573679551482201 3.9575142413377753 15.050772562623022 11.274427205324171 4.2922844886779812 6.8585186302661887 5.1000021845102301 21.33400022983551 9.2511295825242978 7.2251565158367148 11.975417688488962 226.67183290421963 4.5152759104967108
leaf_count=109 187 372 20 61 51 20 29 28 108 40 31 51 1222 21
internal_value=-0.000408787 0.0127567 -0.00954893 0.0175788 -0.0052473 0.0361558 -0.00163531 -0.00586184 -0.0092761 0.0116233 0.0295802 0.00646622 -0.0150882 -0.00126904
internal_weight=470.531 192.809 277.722 47.0924 32.0416 73.4273 119.381 112.523 107.423 32.744 23.4929 16.2677 230.629 86.089
internal_count=2350 887 1463 221 160 329 558 529 501 142 102 71 1242 393
is_linear=0
shrinkage=0.05


Tree=24
num_leaves=15
num_cat=0
split_feature=16 5 13 5 7 7 2 2 16 4 7 2 7 2
split_gain=20.7217 26.8919 17.8812 13.813 20.1681 14.8815 22.3322 12.2117 17.9999 13.9024 10.761 13.8638 13.8881 10.6814
threshold=505.50000000000006 21.818471500000005 12.295077500000003 26.029478000000005 -8.9462234999999968 -6.556462999999999 -0.81050199999999994 8.4603740000000034 544.50000000000011 0.46237650000000002 -4.5191724999999989 0.38060550000000004 -23.172414999999997 6.6265090000000013
decision_type=2 2 2 2 2 2 2 2 2 2 2 2 2 2
left_child=3 7 10 5 -5 -1 -7 -2 -9 -10 11 12 -3 -8
right_child=1 2 -4 4 -6 6 13 8 9 -11 -12 -13 -14 -15
leaf_value=-0.029800373517436737 0.059395605211634221 -0.029126209243246909 0.073813039685107829 0.0094822045918842145 -0.063619466255633403 0.11240182675807911 0.015339671727470215 0.10272990075241371 -0.01793712253445157 0.060300682667156137 0.064984907678236614 -0.022431670726315939 0.03484900491937834 -0.034641934362031938
leaf_weight=101.63075776398182 33.509130209684372 12.421360954642294 7.4543963074684134 115.41242432594299 10.275173649191855 4.3249108642339698 24.185803145170212 5.2281090915203086 22.12994055449963 7.6376545429229727 5.0930040478706351 71.591417983174324 26.756571248173714 19.155037268996239
leaf_count=567 160 51 32 563 64 22 129 21 94 37 29 358 109 113
internal_value=9.10773e-05 0.0127041 -0.00124932 -0.00870744 0.00350602 -0.0189895 0.00406083 0.037822 0.0171647 0.00213683 -0.00607871 -0.00934611 0.0145657 -0.00675034
internal_weight=466.806 191.822 123.317 274.984 125.688 149.297 47.6658 68.5048 34.9957 29.7676 115.862 110.769 39.1779 43.3408
internal_count=2349 891 579 1458 627 831 264 312 152 131 547 518 160 242
is_linear=0
shrinkage=0.05


Tree=25
num_leaves=15
num_cat=0
split_feature=16 16 6 7 2 4 16 16 2 0 5 7 5 16
split_gain=25.3967 14.8214 12.4773 25.5724 12.4702 22.7577 22.5483 16.1703 12.5223 12.1521 11.7866 11.6751 21.9079 11.5471
threshold=598.50000000000011 900.50000000000011 -4.5289444999999988 -14.923908999999998 10.037865000000002 0.84378450000000005 234.50000000000003 297.50000000000006 -10.330078999999998 -1.5200639999999999 58.054240500000006 -6.4936539999999985 28.057100000000002 646.50000000000011
decision_type=2 2 2 2 2 2 2 2 2 2 2 2 2 2
left_child=4 2 3 -2 5 6 9 8 -8 -1 -11 12 -10 -5
right_child=1 -3 -4 13 -6 -7 7 -9 11 10 -12 -13 -14 -15
leaf_value=-0.0012564203403057043 0.053151640150186245 -0.066585399947517596 0.037488572954423982 -0.066490917814559555 -0.026156270122994364 0.098638489706835947 0.094372024062625751 -0.0017931477635306234 -0.070196705489461705 -0.045642897247162431 0.049756863119772676 0.061547333394775597 0.045918460777130965 -0.002228373610588075
leaf_weight=33.283530473709106 20.270368024706841 4.9529887586832038 62.929379194974899 8.6052358597516996 70.596265658736229 5.4514963477849951 7.3974668681621543 129.23345850408077 7.2848637998104122 51.075160786509514 3.4567962884902945 10.746836826205255 9.1827057003974897 37.24946902692318
leaf_count=201 88 27 297 39 392 25 30 609 37 310 15 51 38 184
internal_value=-4.37079e-05 0.0182942 0.0215518 0.00638529 -0.00754251 -0.00243166 -0.00462105 0.00633586 0.0366879 -0.0250643 -0.0395955 0.021008 -0.00544815 -0.0142881
internal_weight=461.716 134.007 129.054 66.1251 327.709 257.112 251.661 163.845 34.6119 87.8155 54.532 27.2144 16.4676 45.8547
internal_count=2343 635 608 311 1708 1316 1291 765 156 526 325 126 75 223
is_linear=0
shrinkage=0.05


Tree=26
num_leaves=15
num_cat=0
split_feature=16 5 4 2 16 2 4 13 3 16 5 16 2 2
split_gain=27.8091 19.4168 13.1807 15.6995 12.9309 18.156 13.9363 12.8665 12.0003 14.1645 11.8795 10.0188 16.4155 10.4204
threshold=505.50000000000006 22.277235500000003 0.90818900000000002 10.037865000000002 544.50000000000011 6.6265090000000013 0.46237650000000002 12.295077500000003 2.6288345000000004 604.50000000000011 49.006511500000009 183.50000000000003 8.2639560000000021 26.972924000000003
decision_type=2 2 2 2 2 2 2 2 2 2 2 2 2 2
left_child=2 4 11 -4 -2 -6 8 -3 9 -7 -5 13 -13 -1
right_child=1 7 3 10 5 6 -8 -9 -10 -11 -12 12 -14 -15
leaf_value=-0.03870866097644117 0.090038324022617786 -0.003085348048579406 0.10185770400702265 0.053756547518008825 0.056603618460347838 -0.063765489680825779 0.059220115399449415 0.064639669540038483 -0.052604759515670112 0.044184812407825319 -0.05335641656238102 -0.0010973739689988746 -0.038024796746160078 0.021689478087992518
leaf_weight=55.750043489038944 9.0790337324142438 109.42330832779408 5.4558811187744132 4.8947420418262464 27.601923689246178 4.1921454519033459 8.2907744795083982 7.4932458847761145 11.849189043045042 11.044498413801191 5.4939463138580322 157.37974475324154 37.21085612475872 8.1904345303773862
leaf_count=399 38 523 25 23 137 20 42 33 50 47 35 743 217 34
internal_value=-0.000922346 0.0138375 -0.0110881 0.0331792 0.0342528 0.0262107 0.00249718 0.00125519 -0.0148653 0.0144838 -0.00288899 -0.0138011 -0.00815887 -0.030972
internal_weight=463.35 188.974 274.376 15.8446 72.0576 62.9785 35.3766 116.917 27.0858 15.2366 10.3887 258.531 194.591 63.9405
internal_count=2366 890 1476 83 334 296 159 556 117 67 58 1393 960 433
is_linear=0
shrinkage=0.05


Tree=27
num_leaves=15
num_cat=0
split_feature=16 5 2 4 3 13 7 7 7 20 16 16 12 16
split_gain=17.9948 19.9693 15.6062 13.4601 16.454 11.4694 9.69197 14.4437 13.8555 11.0481 16.0454 19.2193 20.2796 17.2799
threshold=505.50000000000006 22.277235500000003 9.6968755000000026 0.46237650000000002 2.7298730000000004 12.295077500000003 -11.061410999999998 -11.758550499999998 -11.553163 1.0000000180025095e-35 297.50000000000006 270.50000000000006 1.4749320000000001 183.50000000000003
decision_type=2 2 2 2 2 2 2 2 2 2 2 2 2 2
left_child=6 2 -2 4 -4 -3 7 -1 -9 -8 11 12 13 -11
right_child=1 5 3 -5 -6 -7 9 8 -10 10 -12 -13 -14 -15
leaf_value=-0.0051937260347047608 0.055001959566659625 -0.0046166386563595936 0.025042319565434103 0.064477501525108491 -0.058095426062425792 0.061797459538081578 -0.033922393078224082 0.088491104829496889 -0.0057052547709527902 -0.029642230416356947 -0.026953943709326869 0.10627327379340573 -0.053242531432745981 0.089274606581699015
leaf_weight=130.210081204772 37.345549017190933 111.48838624358177 13.74429687857628 7.8217715322971335 10.496280446648596 6.9032257944345465 60.831972539424896 8.557737007737158 7.1785805076360694 4.9544121623039299 34.034776985645294 5.6807179749011985 9.2669907957315427 7.9678472578525543
leaf_count=675 184 534 60 40 44 31 375 36 34 36 187 25 56 35
internal_value=-0.000134502 0.0117397 0.0330338 0.00744585 -0.0109567 -0.000744139 -0.00843413 0.000274433 0.0455207 -0.0187895 -0.00391883 0.0242116 0.00320284 0.0436817
internal_weight=456.483 187.8 69.4079 32.0623 24.2406 118.392 268.683 145.946 15.7363 122.737 61.9047 27.87 22.1893 12.9223
internal_count=2352 893 328 144 104 565 1459 745 70 714 339 152 127 71
is_linear=0
shrinkage=0.05


Tree=28
num_leaves=15
num_cat=0
split_feature=16 2 2 16 16 16 33 1 16 2 4 8 5 5
split_gain=17.7981 13.0569 10.7396 10.7497 15.1378 15.0131 18.9103 24.8924 14.4437 10.0371 16.2807 9.78599 28.1693 12.8317
threshold=186.50000000000003 30.061026500000001 48.871490500000007 900.50000000000011 745.50000000000011 760.50000000000011 -14.999999999999998 4.2644930000000008 837.50000000000011 8.7079995000000014 0.84378450000000005 57.500000000000007 36.720007500000001 34.793238000000009
decision_type=2 2 2 2 2 2 2 2 2 2 2 2 2 2
left_child=1 -1 3 4 9 -6 -7 8 -8 10 11 13 -13 -2
right_child=2 -3 -4 -5 5 6 7 -9 -10 -11 -12 12 -14 -15
leaf_value=-0.031937279143172057 0.018017883996042292 0.035493597415241711 -0.054869010230738882 -0.064903214171807264 0.1026904225122405 0.056706546621983912 -0.015744065921439017 -0.068624655696060854 0.076564189427742513 -0.011839656193539693 0.09663172107451283 -0.024113359177307052 0.06641131983948835 -0.025211849413398525
leaf_weight=59.77507559210062 135.0931773930788 8.1588241010904294 7.6188358515501013 5.4078550934791556 6.3596465140581122 20.865176305174824 8.4712626487016767 10.133285000920294 8.4797942489385587 93.372250199317932 5.0255313366651526 56.635482832789421 10.130995586514471 19.664318889379501
leaf_count=435 641 33 51 31 28 113 37 46 40 491 23 269 42 84
internal_value=-0.000233202 -0.0238389 0.00390778 0.00508735 0.00609875 0.0305059 0.0209319 -0.00662806 0.0304333 0.00195545 0.00764109 0.00562224 -0.0103773 0.0125249
internal_weight=455.192 67.9339 387.258 379.639 374.231 54.3092 47.9495 27.0843 16.9511 319.922 226.55 221.524 66.7665 154.757
internal_count=2364 468 1896 1845 1814 264 236 123 77 1550 1059 1036 311 725
is_linear=0
shrinkage=0.05


Tree=29
num_leaves=15
num_cat=0
split_feature=7 2 4 7 5 1 7 7 7 3 2 5 7 8
split_gain=17.3657 10.2699 24.4812 13.1652 14.8421 14.0368 13.6837 13.6322 11.4342 9.81502 18.0072 8.76325 7.70845 11.9175
threshold=-3.6658359999999997 8.2639560000000021 0.7768425000000001 -6.6763724999999994 12.550727000000002 -2.1858114999999994 -8.9462234999999968 -7.4350499999999995 -9.3086534999999984 1.4208880000000004 13.279283000000001 49.006511500000009 -6.941861499999999 32.500000000000007
decision_type=2 2 2 2 2 2 2 2 2 2 2 2 2 2
left_child=1 2 3 6 -5 -6 8 -8 -1 10 -3 12 13 -11
right_child=-2 9 -4 4 5 -7 7 -9 -10 11 -12 -13 -14 -15
leaf_value=-0.0010300224893597255 0.063922976381232302 -0.030873626941696271 0.093471254725073311 -0.06041731598344429 0.095705915833140087 0.020829659448859006 -0.060459806459663805 0.0027619702646771737 0.070197828981167831 0.07508347981102742 0.02522944572515079 -0.062899049898344592 -0.038716651829694748 -0.013117856758605115
leaf_weight=204.6045755520463 10.115986108779905 24.100717574357986 7.2919750958681098 4.5295559763908377 7.7175021022558203 33.124371364712715 19.60262443125248 15.090451329946516 5.793908327817916 4.2106853425502768 35.179897367954254 12.405101761221884 27.011833034455776 42.33851957321167
leaf_count=1026 60 140 33 32 37 177 117 86 29 20 185 75 139 220
internal_value=-0.000852296 -0.00233145 0.00298563 0.000714023 0.0254547 0.0349783 -0.00386598 -0.0329602 0.000931435 -0.0132314 0.00242057 -0.0240247 -0.0174691 -0.00513946
internal_weight=453.118 443.002 297.755 290.463 45.3714 40.8419 245.092 34.6931 210.398 145.247 59.2806 85.9661 73.561 46.5492
internal_count=2376 2316 1537 1504 246 214 1258 203 1055 779 325 454 379 240
is_linear=0
shrinkage=0.05


Tree=30
num_leaves=15
num_cat=0
split_feature=18 6 2 7 3 7 6 6 4 7 2 0 2 7
split_gain=18.4809 14.6961 14.3542 12.1775 18.2755 12.0648 10.7524 17.4672 10.6856 11.0354 21.3074 9.93461 9.35184 9.13712
threshold=505.50000000000006 -1.6113254999999997 6.1343225000000006 -3.6658359999999997 2.6288345000000004 -9.2818959999999979 -4.2854119999999991 -4.4087219999999991 1.2048470000000002 -3.9591564999999993 7.4952845000000012 -5.4533774999999993 13.706211000000001 -23.941125499999995
decision_type=2 2 2 2 2 2 2 2 2 2 2 2 2 2
left_child=6 2 13 4 5 11 7 -1 9 -8 -11 -4 -6 -2
right_child=1 -3 3 -5 12 -7 8 -9 -10 10 -12 -13 -14 -15
leaf_value=-0.0054240642746415492 -0.0091133942418452889 0.069756212251417635 0.052518076582227485 0.062648927298527571 -0.0031076252118882809 0.027959697397263041 -0.037277508130423229 0.06867175408901964 0.058908224709782034 0.077185231968173645 -0.064926448321043731 -0.038413136486297572 -0.055041731619237602 0.033180913834139535
leaf_weight=186.7233968898654 16.054666638374329 10.416534751653669 3.6995623409748104 6.3585127592086783 13.753639340400694 33.729431569576263 60.013513453304768 8.307698190212248 3.6434042230248442 6.2863391637802106 4.5442976206541061 15.970870807766913 23.443680346012115 62.413060128688812
leaf_count=1006 68 57 20 40 62 158 369 43 18 28 29 84 120 291
internal_value=-7.53878e-05 0.0120551 0.00862889 -0.00423802 -0.00893245 0.00981028 -0.0084397 -0.00226782 -0.0245995 -0.0288942 0.0175583 -0.021311 -0.0358392 0.0245274
internal_weight=455.359 185.84 175.423 96.9557 90.5972 53.3999 269.519 195.031 74.4876 70.8442 10.8306 19.6704 37.1973 78.4677
internal_count=2393 900 843 484 444 262 1493 1049 444 426 57 104 182 359
is_linear=0
shrinkage=0.05


Tree=31
num_leaves=15
num_cat=0
split_feature=16 16 6 16 19 2 8 5 16 2 6 16 5 1
split_gain=16.6918 12.1992 15.8562 9.57938 18.2286 13.29 9.74686 29.3262 14.067 13.1526 12.965 15.4624 14.6442 17.8976
threshold=183.50000000000003 144.50000000000003 -11.897619999999998 745.50000000000011 1.0000000180025095e-35 23.319637000000004 57.500000000000007 36.720007500000001 598.50000000000011 10.037865000000002 -6.0492539999999986 559.50000000000011 34.793238000000009 9.5695715000000003
decision_type=2 2 2 2 2 2 2 2 2 2 2 2 2 2
left_child=1 2 -1 5 -5 6 8 -8 9 10 11 12 -2 -14
right_child=3 -3 -4 4 -6 -7 7 -9 -10 -11 -12 -13 13 -15
leaf_value=0.072269807505640646 0.057493103588886277 -0.057371010778900104 -0.019695965718461227 0.0014908375850777836 0.059080150233069832 -0.03031208625155813 -0.025048015540384383 0.064567942458426578 0.033286012925577334 -0.025586245788920492 -0.0023701338682306761 -0.050656877422113659 -0.034804923770497993 0.070407307028096666
leaf_weight=5.2937906980514517 32.059937953948975 18.322517476975918 40.88453072309494 36.316865056753159 22.103817567229271 30.180637419223785 60.741115435957909 10.74376145005226 49.080376476049423 32.722585171461105 88.366533115506172 5.5596387535333625 11.839440867304804 6.1373900771141043
leaf_count=30 136 142 285 174 126 171 296 45 236 194 440 25 51 29
internal_value=0.000693319 -0.0228503 -0.00915319 0.00462897 0.0232801 0.00130122 0.004511 -0.0115793 0.0096057 0.00302769 0.0095316 0.0284486 0.037238 0.00111512
internal_weight=450.353 64.5008 46.1783 385.852 58.4207 327.431 297.251 71.4849 225.766 176.686 143.963 55.5964 50.0368 17.9768
internal_count=2380 457 315 1923 300 1623 1452 341 1111 875 681 241 216 80
is_linear=0
shrinkage=0.05


Tree=32
num_leaves=15
num_cat=0
split_feature=7 5 6 2 4 16 2 7 7 7 16 5 26 7
split_gain=13.3813 10.0717 13.2234 10.0257 20.3442 20.1696 12.5632 14.2697 12.6449 13.4649 14.6841 11.9731 10.9835 10.75
threshold=-3.6658359999999997 10.415935000000003 -1.0896519999999998 6.6265090000000013 0.84378450000000005 234.50000000000003 -15.956467499999999 -6.6763724999999994 -8.9238344999999981 -23.172414999999997 640.50000000000011 11.721660000000002 1.0000000180025095e-35 -7.4350499999999995
decision_type=2 2 2 2 2 2 2 2 2 2 2 2 2 2
left_child=1 -1 3 4 5 11 -7 8 9 -8 -11 12 -3 -10
right_child=-2 2 -4 -5 -6 6 7 -9 13 10 -12 -13 -14 -15
leaf_value=-0.060563755120141574 0.061583316684671013 0.099625325856384853 0.069454151654415069 -0.010465462450000018 0.097708504398442558 0.065732275408772051 -0.037427329050305706 0.043387823117216701 -0.069428105097654014 0.0063566650537675911 0.0563451590264471 -0.02570103999080663 -0.019835618765276574 0.020599255188997231
leaf_weight=6.8251815661787978 8.9131468385457975 3.8680468350648871 6.8726053535938254 157.55943177640438 5.8427594453096381 10.304794773459433 14.624502986669539 25.722822472453117 10.229732871055601 105.19784833490849 17.075427010655403 65.930706039071083 3.8286024257540703 4.9061948657035819
leaf_count=48 59 18 39 854 27 43 62 128 56 481 85 425 30 27
internal_value=0.000932474 -0.000299531 0.000652666 -0.000459674 0.00543312 0.00337287 0.0120584 0.00894684 0.00311972 0.00791444 0.0133375 -0.018812 0.040201 -0.0402464
internal_weight=447.702 438.789 431.963 425.091 267.531 261.689 188.061 177.757 152.034 136.898 122.273 73.6274 7.69665 15.1359
internal_count=2382 2323 2275 2236 1382 1355 882 839 711 628 566 473 48 83
is_linear=0
shrinkage=0.05


Tree=33
num_leaves=15
num_cat=0
split_feature=16 16 16 5 1 19 16 2 16 2 0 16 1 8
split_gain=14.9687 15.2487 10.4106 16.1554 11.9891 17.42 8.67177 15.9072 12.7691 12.626 12.6194 12.1793 10.8247 8.85938
threshold=740.50000000000011 900.50000000000011 760.50000000000011 28.512030500000005 -7.7367989999999986 1.0000000180025095e-35 189.50000000000003 23.319637000000004 294.50000000000006 48.871490500000007 -1.5200639999999999 141.50000000000003 13.843662 57.500000000000007
decision_type=2 2 2 2 2 2 2 2 2 2 2 2 2 2
left_child=6 2 -2 -4 -5 -6 9 13 12 10 11 -1 -9 -8
right_child=1 -3 3 4 5 -7 7 8 -10 -11 -12 -13 -14 -15
leaf_value=0.027271369421906791 0.083379127073167469 -0.063547398585400192 0.046953197926040802 0.070521291536781536 -0.071225247650652967 0.039186899407159137 0.0083167021216894437 -0.041990375243004356 -0.053893449705169627 0.076487465645514313 -0.044069226631639563 -0.043159155684613572 0.074258518444837746 -0.012141365816026395
leaf_weight=16.66458680480719 8.0809826552867872 4.6250277757644644 26.672496721148491 3.4869454801082638 10.063245385885237 5.538428619503974 221.40795546770096 3.7829871177673358 22.452268585562706 3.2209956943988791 36.464176453649998 9.7175219058990461 4.2548194229602814 69.540306016802788
leaf_count=115 37 28 150 16 47 30 1095 22 136 13 278 71 18 337
internal_value=-6.62089e-06 0.0235759 0.0310598 0.0218207 -0.0132969 -0.0320301 -0.00356477 -0.000173759 -0.0345333 -0.0200631 -0.0250115 0.00132916 0.0195461 0.00342697
internal_weight=445.973 58.4671 53.8421 45.7611 19.0886 15.6017 387.506 321.438 30.4901 66.0673 62.8463 26.3821 8.03781 290.948
internal_count=2393 308 280 243 93 77 2085 1608 176 477 464 186 40 1432
is_linear=0
shrinkage=0.05


Tree=34
num_leaves=15
num_cat=0
split_feature=7 16 16 2 16 3 5 3 7 3 16 16 8 4
split_gain=12.8355 10.5227 11.86 10.4179 9.3584 12.1084 13.423 10.2318 9.33491 10.6203 10.0596 16.8624 12.9206 9.94353
threshold=-3.6658359999999997 183.50000000000003 147.50000000000003 17.105295500000004 294.50000000000006 2.2649230000000005 33.586008000000014 6.7232870000000009 -12.874794499999998 -0.026886499999999997 123.50000000000001 43.500000000000007 57.500000000000007 -0.41825099999999993
decision_type=2 2 2 2 2 2 2 2 2 2 2 2 2 2
left_child=1 2 8 -3 7 6 -6 -5 13 10 11 -10 -13 -1
right_child=-2 3 -4 4 5 -7 -8 -9 9 -11 -12 12 -14 -15
leaf_value=-0.03733203711458484 0.060384393688951613 0.0058393513219198983 -0.05781708783166755 -0.030320636277831065 0.045073978336644727 -0.048010288506533869 -0.03627025284376556 0.080639571227368256 -0.058519432167545342 -0.067037565299214272 -0.058621404865847673 0.015768498307597724 0.13825317860749264 0.047514930438720404
leaf_weight=4.8830007314682033 8.7317311167716962 316.97140793502331 15.483869336545466 3.7559560090303403 9.8105605840683001 27.173801705241203 10.498746603727339 4.6492922306060791 4.6945574358105686 9.6955897063016945 5.8495423793792716 6.3897249177098256 3.2472685724496841 11.791961371898646
leaf_count=35 62 1561 133 21 49 162 61 20 38 73 47 45 22 67
internal_value=0.000362601 -0.000842503 -0.01991 0.00232991 -0.017574 -0.0261822 0.00302368 0.0310561 -0.00730149 -0.0240287 -0.003366 0.0191869 0.0570408 0.0226688
internal_weight=443.627 434.895 62.0355 372.86 55.8884 47.4831 20.3093 8.40525 46.5516 29.8767 20.1811 14.3316 9.63699 16.675
internal_count=2396 2334 460 1874 313 272 110 41 327 225 152 105 67 102
is_linear=0
shrinkage=0.05


Tree=35
num_leaves=15
num_cat=0
split_feature=18 5 18 18 4 4 6 3 7 0 2 12 24 18
split_gain=12.7234 14.4698 12.1763 16.3044 11.6999 11.4058 11.5201 14.6034 11.8134 10.5791 7.46486 8.37703 7.2695 11.449
threshold=505.50000000000006 22.277235500000003 544.50000000000011 574.50000000000011 -0.73589299999999991 1.3270845000000002 -3.4492824999999994 5.5346890000000011 -3.9591564999999993 2.7142045000000006 10.323484000000002 8.7114330000000013 1.0000000180025095e-35 562.50000000000011
decision_type=2 2 2 2 2 2 2 2 2 2 2 2 2 2
left_child=5 2 -2 -4 -3 6 8 -8 -1 -5 -11 -12 -6 -14
right_child=1 4 3 9 12 -7 7 -9 -10 10 11 -13 13 -15
leaf_value=-0.0058646227646945177 0.085862602110370417 0.065569347465244496 -0.057613537502703843 0.043663447495749755 -0.032520610801968046 0.060240742951190501 -0.044573048861861829 0.040155323509108401 0.065179801730078507 0.045837749070582849 -0.08217466095462797 0.018717100502587593 0.047131345525130111 -0.0055214659590405619
leaf_weight=206.30805181711912 8.3230111300945264 6.3431825935840598 5.8937245905399314 37.233312204480171 18.812032803893089 6.1677306592464438 35.881351679563522 5.9253480881452552 6.0221473127603522 4.0650768578052512 4.5785107463598234 3.7363760471343994 11.985364735126494 74.500378757715225
leaf_count=1154 36 30 29 197 100 33 243 29 28 22 19 22 50 371
internal_value=7.17391e-05 0.0104776 0.0294664 0.0210101 -0.000379121 -0.00694285 -0.00857335 -0.0325643 -0.00384965 0.03035 -0.00969062 -0.036838 -0.00435188 0.00177526
internal_weight=435.776 175.471 63.83 55.507 111.641 260.305 254.137 41.8067 212.33 49.6133 12.38 8.31489 105.298 86.4857
internal_count=2363 876 325 289 551 1487 1454 272 1182 260 63 41 521 421
is_linear=0
shrinkage=0.05


Tree=36
num_leaves=15
num_cat=0
split_feature=7 7 7 5 19 5 3 3 5 6 2 4 3 34
split_gain=11.223 10.4802 17.6273 15.1618 8.80548 7.61841 7.98059 7.54237 7.39293 10.6504 6.95241 8.76942 12.9366 6.70367
threshold=-3.6658359999999997 -19.412206999999999 -23.172414999999997 43.681862500000008 1.0000000180025095e-35 51.87092950000001 -6.8758444999999986 -5.3231604999999993 10.415935000000003 -1.0896519999999998 -11.520850499999998 -0.36793999999999993 -0.90953749999999989 12.000000000000002
decision_type=2 2 2 2 2 2 2 2 2 2 2 2 2 2
left_child=1 2 3 10 -5 6 -3 -8 -9 -10 11 -1 -13 -4
right_child=-2 5 13 4 -6 -7 7 8 9 -11 -12 12 -14 -15
leaf_value=-0.040704107057014362 0.059623910796514482 0.059954456830721474 0.016454823588009523 0.057072883147167769 -0.0077823288792111941 -0.046648839774631412 -0.047278338247162037 -0.054086610994865641 -0.0025266923312506598 0.066528791360448467 -0.062513429033882323 0.093933346152303185 -0.028968571344662082 0.072565930976980941
leaf_weight=9.6211505606770533 7.9104928523302069 5.0014684945344916 8.2386430054903048 12.93039308488369 8.7923841029405594 10.172569260001181 9.6334836930036527 6.775406874716281 317.88025901466608 5.6833578050136557 8.574831545352934 4.0394458919763565 4.5561073794960993 15.040912717580794
leaf_count=49 59 24 40 60 38 73 52 50 1735 35 40 21 21 70
internal_value=0.000612506 -0.000480877 0.0169425 -0.00021969 0.0308225 -0.00400305 -0.00274552 -0.00366792 -0.00239614 -0.00131374 -0.0253889 -0.00791392 0.0287887 0.0527082
internal_weight=434.851 426.94 71.7939 48.5143 21.7228 355.147 344.974 339.973 330.339 323.564 26.7915 18.2167 8.59555 23.2796
internal_count=2367 2308 339 229 98 1969 1896 1872 1820 1770 131 91 42 110
is_linear=0
shrinkage=0.05


Tree=37
num_leaves=15
num_cat=0
split_feature=16 6 1 8 4 7 2 16 1 16 7 16 16 16
split_gain=11.3419 11.0152 11.7484 13.7931 10.0362 13.2331 10.0365 8.55555 8.54041 7.92766 15.8655 16.9507 8.13561 15.438
threshold=598.50000000000011 -4.5289444999999988 5.1494605000000009 52.500000000000007 -0.077298999999999993 -6.556462999999999 -0.18949199999999997 892.50000000000011 -3.6963179999999993 240.50000000000003 -15.412226999999998 315.50000000000006 481.50000000000006 574.50000000000011
decision_type=2 2 2 2 2 2 2 2 2 2 2 2 2 2
left_child=4 2 3 -2 5 9 -7 -3 -6 -1 11 -11 -12 -14
right_child=1 7 -4 -5 8 6 -8 -9 -10 10 12 -13 13 -15
leaf_value=-0.016973103259767534 0.02856974021816322 0.033203665251602607 -0.044699595688768884 -0.02515996152530638 0.053325803441397826 0.10586071252299033 0.017827186517847041 -0.045523347449554462 -0.016341829468408366 0.088768751584375291 -0.019388346820767531 0.0075247997606173768 0.058696408621135614 -0.035626220477450343
leaf_weight=49.664235532283783 32.415915638208389 54.024920627474785 12.842933058738707 18.914179995656013 4.5270759984850875 5.1053616702556601 8.8499629423022252 3.6864419579505912 155.52306899428368 10.699384316802027 39.277041494846344 16.05229264497757 10.891252443194391 7.2098747789859763
leaf_count=328 163 290 69 93 24 24 51 20 898 45 204 70 50 33
internal_value=-0.000584669 0.0123245 -0.00192978 0.00877135 -0.00569653 0.0037004 0.050033 0.0281748 -0.0143713 -0.0011323 0.00821898 0.0400185 -0.00660704 0.0211267
internal_weight=429.684 121.884 64.173 51.3301 307.8 147.749 13.9553 57.7114 160.05 133.794 84.1298 26.7517 57.3782 18.1011
internal_count=2362 635 325 256 1727 805 75 310 922 730 402 115 287 83
is_linear=0
shrinkage=0.05


Tree=38
num_leaves=15
num_cat=0
split_feature=7 7 7 16 6 2 6 16 7 6 5 5 2 16
split_gain=10.8448 9.00617 28.5547 11.7431 16.8652 25.6199 9.22078 25.6559 17.6259 9.90334 10.9157 9.79365 9.46407 12.023
threshold=-3.6658359999999997 -11.553163 -11.788986 445.50000000000006 -7.2417989999999994 8.8535505000000025 -5.2984354999999992 574.50000000000011 -25.545219999999997 -7.1188014999999991 25.265975500000003 20.467929000000002 -1.0000000180025095e-35 195.50000000000003
decision_type=2 2 2 2 2 2 2 2 2 2 2 2 2 2
left_child=1 2 6 -3 -5 -6 9 -8 -9 10 11 -1 13 -12
right_child=-2 3 -4 4 5 -7 7 8 -10 -11 12 -13 -14 -15
leaf_value=0.02770249684400999 0.058747646553937098 -0.019958686724537461 0.081086338726627599 -0.033151715119455208 0.047614343000720198 -0.0070115236522297428 -0.050435179129475663 -0.059345993582055445 0.05823860809682211 0.032115320478614866 -0.036772204556174332 -0.054181493990337094 -0.010349863551152361 0.031321411047778677
leaf_weight=4.8996103554964092 7.7816228047013274 104.43408089131117 12.171524256467817 25.249287694692612 33.824813053011894 58.738764822483063 25.2874705940485 4.2444994300603893 12.792639195919035 33.011374890804291 7.5422854125499716 14.336370147764681 40.114215567708015 46.134111613035202
leaf_count=34 62 658 55 140 170 296 139 18 70 165 48 79 235 199
internal_value=0.000257157 -0.000819407 0.00686315 -0.00775141 0.00306962 0.01295 0.00206704 -0.0184821 0.0289445 0.00802256 0.000985855 -0.0333248 0.00802279 0.0217533
internal_weight=430.563 422.781 200.534 222.247 117.813 92.5636 188.363 42.3246 17.0371 146.038 113.027 19.236 93.7906 53.6764
internal_count=2368 2306 1042 1264 606 466 987 227 88 760 595 113 482 247
is_linear=0
shrinkage=0.05


Tree=39
num_leaves=15
num_cat=0
split_feature=7 16 16 0 6 7 7 16 5 22 4 3 7 6
split_gain=9.56228 8.47431 8.55275 9.31847 11.7207 11.9553 10.6916 9.68558 13.0422 13.0445 12.6634 8.16965 17.0994 7.76913
threshold=-3.6658359999999997 892.50000000000011 598.50000000000011 -6.0699539999999992 -4.5289444999999988 -14.923908999999998 -25.545219999999997 700.50000000000011 31.803062500000003 1.0000000180025095e-35 0.12388200000000001 2.6288345000000004 -7.940078999999999 -6.1392874999999991
decision_type=2 2 2 2 2 2 2 2 2 2 2 2 2 2
left_child=1 2 13 -4 5 -5 -6 -7 9 10 -9 -8 -13 -1
right_child=-2 -3 3 4 6 7 11 8 -10 -11 -12 12 -14 -15
leaf_value=0.0042218820016819859 0.058305246675970313 -0.059285902274708369 0.083082121168112089 0.031016682511185223 -0.052952720208240857 -0.052932255673776608 0.058969432561279039 -0.084159870928432981 -0.06718411022313403 0.053936920510840383 0.032814523172259434 0.051227989931315103 -0.039926038278433808 -0.011750723607582182
leaf_weight=148.58685559034348 7.0117736980319014 6.0566122233867636 4.4824510365724555 15.91612124443054 3.696239858865737 14.469278767704962 19.788297176361084 4.7025817483663594 5.9290345460176459 11.000211790204048 4.5545990169048309 12.727241948246956 8.635618269443512 156.12299980223179
leaf_count=815 58 36 24 75 16 80 104 22 32 58 21 71 38 908
internal_value=0.00040065 -0.00057378 0.000292237 0.0125327 0.00941465 -0.00571941 0.0285052 -0.0201011 -0.00196022 0.0171298 -0.0266076 0.0358218 0.0143803 -0.00396194
internal_weight=423.68 416.668 410.612 105.902 101.419 56.5718 44.8474 40.6557 26.1864 20.2574 9.25718 41.1512 21.3629 304.71
internal_count=2358 2300 2264 541 517 288 229 213 133 101 43 213 109 1723
is_linear=0
shrinkage=0.05


Tree=40
num_leaves=15
num_cat=0
split_feature=7 0 16 16 2 2 20 7 1 16 19 3 7 16
split_gain=8.74345 8.05721 7.43779 11.5136 13.3085 11.2238 10.2578 20.6392 17.7047 13.7853 13.9483 9.77382 10.9789 9.21032
threshold=-3.6658359999999997 -6.3086619999999991 183.50000000000003 297.50000000000006 17.105295500000004 48.871490500000007 1.0000000180025095e-35 -9.8848719999999997 1.6090845000000003 234.50000000000003 1.0000000180025095e-35 2.2649230000000005 -9.2818959999999979 505.50000000000006
decision_type=2 2 2 2 2 2 2 2 2 2 2 2 2 2
left_child=1 -1 5 6 13 -3 7 9 -8 10 -4 12 -6 -5
right_child=-2 2 3 4 11 -7 8 -9 -10 -11 -12 -13 -14 -15
leaf_value=0.031107480349742159 0.057787005694758448 -0.025069795030365351 0.041782718337256303 -0.010941517971633985 -0.053899330827903061 0.071793156648229703 0.085970074193360252 -0.063261473868830756 -0.0077744057936191104 0.04236367524401316 -0.042943059896764078 -0.050165364661752192 0.029439884150444923 0.0096450323347210577
leaf_weight=18.851230621337891 6.4619565904140464 51.581685669720173 7.7243496626615533 99.366747379302979 6.2377543449401882 3.1746995896100989 12.21863576769829 8.9854599013924581 8.5686744004487974 27.67063906788826 13.089377135038376 25.143151111900806 10.783764168620108 119.87571455538273
leaf_count=99 56 411 38 534 41 13 55 56 51 122 62 158 53 592
internal_value=7.57699e-05 -0.000826608 -0.00235289 0.000403906 -0.00463289 -0.0194538 0.0172286 0.00634147 0.0473279 0.0192408 -0.0114998 -0.0303584 -0.00110084 0.000314638
internal_weight=419.734 413.272 394.421 339.664 261.407 54.7564 78.2571 57.4698 20.7873 48.4844 20.8137 42.1647 17.0215 219.242
internal_count=2341 2285 2186 1762 1378 424 384 278 106 222 100 252 94 1126
is_linear=0
shrinkage=0.05


Tree=41
num_leaves=15
num_cat=0
split_feature=16 2 16 16 3 7 2 16 16 1 7 5 7 7
split_gain=9.74877 11.3669 9.51723 8.03782 13.5602 7.99286 9.78331 9.58989 11.7151 11.1266 9.18742 8.07002 12.1936 13.2944
threshold=183.50000000000003 26.972924000000003 105.50000000000001 61.500000000000007 -0.63185299999999989 -3.6658359999999997 6.1343225000000006 297.50000000000006 421.50000000000006 5.5912490000000004 -4.3522154999999989 34.06294900000001 -6.6763724999999994 -9.6145504999999982
decision_type=2 2 2 2 2 2 2 2 2 2 2 2 2 2
left_child=1 2 3 -1 -5 6 10 9 -9 -8 -2 12 13 -10
right_child=5 -3 -4 4 -6 -7 7 8 11 -11 -12 -13 -14 -15
leaf_value=-0.041315201279885951 0.0069313197675231631 0.033120021027034277 -0.049580812901026589 0.087878370532795985 -0.017361506013472593 0.057378321599517945 -0.023924627725117761 -0.049053068624896473 -0.017892670945806152 0.057515552223107475 0.070700679766948771 -0.028396629730179774 -0.017944583351127794 0.046709852896630343
leaf_weight=9.1017137020826357 213.25925294309855 8.7870715260505659 25.602290078997612 4.7131661698222151 8.7311526089906675 6.6526686474680892 6.8456762731075314 19.400393657386303 12.365130007266997 10.827088810503481 5.8018556386232367 29.81523521989584 35.535434879362583 22.371981531381607
leaf_count=79 1053 37 232 35 68 60 40 140 77 52 30 178 181 103
internal_value=5.95769e-05 -0.019176 -0.02872 -0.00503147 0.0195324 0.00307766 0.00206356 -0.0084082 -0.0134927 0.0259691 0.00862026 -0.00659995 0.00264795 0.0237137
internal_weight=419.81 56.9354 48.1483 22.546 13.4443 362.875 356.222 137.161 119.488 17.6728 219.061 100.088 70.2725 34.7371
internal_count=2365 451 414 182 103 1914 1854 771 679 92 1083 539 361 180
is_linear=0
shrinkage=0.05


Tree=42
num_leaves=15
num_cat=0
split_feature=16 16 8 3 5 7 16 7 3 7 8 6 20 1
split_gain=9.44081 10.0634 8.77719 10.7267 13.8377 13.0123 10.4672 12.8693 11.324 9.21393 7.90534 7.89138 11.8263 20.2408
threshold=598.50000000000011 900.50000000000011 57.500000000000007 0.45982800000000007 36.720007500000001 -7.940078999999999 625.50000000000011 -3.6658359999999997 2.4812025000000006 -19.959401499999995 52.500000000000007 -5.2984354999999992 1.0000000180025095e-35 -3.0854239999999993
decision_type=2 2 2 2 2 2 2 2 2 2 2 2 2 2
left_child=11 2 3 10 5 9 -7 8 -8 -5 -2 -1 -13 -14
right_child=1 -3 -4 4 -6 6 7 -9 -10 -11 -12 12 13 -15
leaf_value=0.0026357059182475686 0.058408462347627033 -0.061337327232082545 -0.021386298235994781 -0.019049000839138908 -0.046362067581411745 0.076799283854588202 0.016532219621780208 0.056843808072801955 -0.051677398610691219 0.064802419863480565 0.002783142763642726 -0.028086315815185933 0.11354876240260092 -0.005117273416875439
leaf_weight=176.15568500012159 24.470643818378448 4.4395119547843924 14.197258099913595 4.0310379490256336 9.6311312690377218 3.9249429404735627 9.962763696908949 5.8900824859738412 15.632640466094015 17.494425535202019 8.6433443427085859 66.907076559960842 3.8548533767461768 52.997634835541248
leaf_count=975 128 30 70 22 58 19 46 56 73 95 46 407 18 327
internal_value=0.000555958 0.0125162 0.0153954 0.020634 0.00906567 0.0184417 -0.00019486 -0.00979286 -0.0251275 0.0490997 0.0438893 -0.0041624 -0.0138386 0.00292882
internal_weight=418.233 118.318 113.878 99.681 66.567 56.9359 35.4104 31.4855 25.5954 21.5255 33.114 299.915 123.76 56.8525
internal_count=2370 643 613 543 369 311 194 175 119 117 174 1727 752 345
is_linear=0
shrinkage=0.05


Tree=43
num_leaves=15
num_cat=0
split_feature=7 7 7 16 5 16 16 2 1 20 16 6 2 7
split_gain=7.65785 7.55622 22.995 8.22935 14.7258 9.8254 23.0383 13.399 13.1197 13.3018 14.0575 9.68973 16.1015 14.1941
threshold=-3.6658359999999997 -11.553163 -11.788986 445.50000000000006 36.720007500000001 297.50000000000006 276.50000000000006 -5.4480614999999988 3.2233735000000006 1.0000000180025095e-35 183.50000000000003 -7.2417989999999994 8.8535505000000025 -6.6763724999999994
decision_type=2 2 2 2 2 2 2 2 2 2 2 2 2 2
left_child=1 2 -1 5 11 6 8 -7 9 -3 -11 -5 -13 -14
right_child=-2 3 -4 4 -6 7 -8 -9 -10 10 -12 12 13 -15
leaf_value=0.0031595624786606769 0.056547682205538408 -0.026280072835213483 0.081558028680106587 -0.024288587380046064 -0.045218412618070684 0.010271947420896987 0.09532469672072226 -0.050883994198170995 -0.064475128977477481 -0.031784997347207279 0.063752292047588657 0.044923547888848461 0.029572085577460761 -0.024189749853577934
leaf_weight=185.43709221482277 6.0789766013622275 22.000011131167412 9.8499541133642179 17.406112760305405 14.006284184753893 12.312434762716292 5.4010634869337073 32.859328374266624 10.035085082054136 5.7478573247790363 11.663549110293387 31.321163445711136 21.729110188782212 28.224337190389637
leaf_count=998 60 169 47 96 89 64 25 219 67 50 56 164 106 146
internal_value=0.000842358 1.23652e-05 0.00711385 -0.00650755 0.00275792 -0.0169465 -0.00272461 -0.0342148 -0.0134346 -0.00043844 0.0322135 0.00956745 0.0168182 -0.00080404
internal_weight=414.072 407.993 195.287 212.706 112.687 100.019 54.8476 45.1718 49.4465 39.4114 17.4114 98.6807 81.2746 49.9534
internal_count=2356 2296 1045 1251 601 650 367 283 342 275 106 512 416 252
is_linear=0
shrinkage=0.05


Tree=44
num_leaves=15
num_cat=0
split_feature=5 6 18 6 13 2 5 18 8 2 18 18 0 0
split_gain=6.96626 9.86532 6.04732 5.73818 7.23634 4.59894 12.0269 10.8616 12.0858 12.4631 10.5609 15.0108 9.55397 6.57583
threshold=10.415935000000003 -1.0896519999999998 900.50000000000011 -20.264350499999995 15.759381500000002 6.6265090000000013 61.281258000000008 183.50000000000003 62.500000000000007 -15.187401499999998 105.50000000000001 89.500000000000014 -1.7943129999999996 -5.7934444999999988
decision_type=2 2 2 2 2 2 2 2 2 2 2 2 2 2
left_child=-1 2 3 -2 5 6 7 10 -9 -10 11 12 -5 -7
right_child=1 -3 -4 4 -6 13 -8 8 9 -11 -12 -13 -14 -15
leaf_value=-0.052272469586627179 0.046014036645022877 0.063323907632817186 -0.060281538607296438 0.038295159537091783 -0.060627312400208015 0.044382662622128505 0.079198191018450326 0.01163476018351503 0.034306125010639003 -0.046651502178106062 -0.048773654777120562 0.12275220919147899 -0.050520856162125455 -0.008851908611117237
leaf_weight=6.3333482593297949 6.7312339693307868 6.1687197387218466 4.1706812009215346 5.127705253660678 4.9482488185167304 6.0460625514388076 5.2658489495515814 179.7310182005167 6.4200635254383114 18.317867301404476 18.560402661561966 2.3833585977554312 7.3940984383225432 143.12070317566395
leaf_count=53 31 46 30 40 25 35 26 875 29 95 178 14 68 860
internal_value=-0.000229815 0.000565589 -0.000382775 0.000235516 -0.000540054 0.000217723 0.00445714 0.00280301 0.00712489 -0.0256411 -0.0236029 0.00774045 -0.0141505 -0.00669419
internal_weight=420.719 414.386 408.217 404.047 397.315 392.367 243.2 237.935 204.469 24.7379 33.4656 14.9052 12.5218 149.167
internal_count=2405 2352 2306 2276 2245 2220 1325 1299 999 124 300 122 108 895
is_linear=0
shrinkage=0.05


Tree=45
num_leaves=15
num_cat=0
split_feature=16 16 6 3 8 2 7 2 0 7 4 2 16 4
split_gain=9.60764 8.2096 7.67335 9.67594 12.9648 10.1105 9.21154 9.35487 7.54907 7.83422 7.30154 8.11002 9.93277 7.71237
threshold=598.50000000000011 900.50000000000011 -4.5289444999999988 2.3839525000000004 52.500000000000007 5.2676820000000015 -25.545219999999997 7.157556500000001 0.37907000000000007 -7.5782199999999991 1.3270845000000002 -13.342830999999999 234.50000000000003 -0.38791299999999995
decision_type=2 2 2 2 2 2 2 2 2 2 2 2 2 2
left_child=10 2 3 4 8 -5 -4 -8 -2 -10 11 12 -1 -13
right_child=1 -3 6 5 -6 -7 7 -9 9 -11 -12 13 -14 -15
leaf_value=-0.0072170312222609922 0.055771413382956707 -0.059820971696360886 -0.050735629454334935 0.03424118809675801 -0.020046990586819691 -0.061626815192216369 0.068098918665694619 0.01960856517484234 0.031911801852493232 -0.054452754640215706 0.048228900966687444 -0.03363309351819857 0.046260139682066187 -0.0066109088910260077
leaf_weight=20.234915241599083 16.502835869789127 3.9015584886074057 3.4515660852193824 3.8059673756360999 18.340867906808853 9.9142781347036344 14.075637072324751 33.905286528170109 7.9895314797759056 3.9112943112850171 6.1861509084701529 29.943623691797256 15.209819525480269 223.44213154166937
leaf_count=117 84 29 15 18 94 59 92 190 42 20 36 169 66 1338
internal_value=-0.000728914 0.0114758 0.0139617 0.00188576 0.0127221 -0.0350332 0.0281583 0.0338336 0.0338818 0.00352745 -0.00551945 -0.00667063 0.0157308 -0.00980423
internal_weight=410.815 115.799 111.897 60.4648 46.7445 13.7202 51.4325 47.9809 28.4037 11.9008 295.017 288.83 35.4447 253.386
internal_count=2369 643 614 317 240 77 297 282 146 62 1726 1690 183 1507
is_linear=0
shrinkage=0.05


Tree=46
num_leaves=15
num_cat=0
split_feature=7 2 16 0 16 8 7 5 16 2 7 16 6 7
split_gain=7.17355 6.93495 8.86139 8.42233 8.00443 7.00849 15.3629 10.455 7.2734 8.18775 11.3848 16.0776 17.2401 13.7607
threshold=-3.6658359999999997 -11.520850499999998 234.50000000000003 -2.7671254999999992 442.50000000000006 57.500000000000007 -7.4350499999999995 38.488631500000004 77.500000000000014 6.1343225000000006 -23.941125499999995 463.50000000000006 -3.4492824999999994 -12.790780999999997
decision_type=2 2 2 2 2 2 2 2 2 2 2 2 2 2
left_child=1 2 3 -1 -4 8 7 -7 -3 10 -10 12 13 -12
right_child=-2 5 4 -5 -6 6 -8 -9 9 -11 11 -13 -14 -15
leaf_value=0.035157597374374155 0.056084964994042585 -0.056430077102509274 0.074121346642920943 -0.025877326884221032 0.015215824579820273 -0.03678359312344192 0.033917198874214564 0.04733474745230859 -0.034605311250016264 -0.007411607314341 -0.018446777374569585 0.036854370317281934 -0.040152796563164568 0.030274488176474348
leaf_weight=8.7889493927359599 5.644422933459281 5.5722257718443862 9.5502019226551074 15.836826518177984 14.558758333325384 46.791425734758377 11.472806267440317 4.0104916989803305 13.267451286315916 139.32617183029652 22.233757644891739 48.584790356457233 19.739726491272449 41.624205701053143
leaf_count=52 59 56 42 97 64 284 69 18 62 824 121 260 139 215
internal_value=0.000109884 -0.000677311 0.0170019 -0.00409394 0.0385499 -0.00312068 -0.0183412 -0.030143 0.000143864 0.00125085 0.0095486 0.0139804 0.000686683 0.013311
internal_weight=407.002 401.358 48.7347 24.6258 24.109 352.623 62.2747 50.8019 290.348 284.776 145.45 132.182 83.5977 63.858
internal_count=2362 2303 255 149 106 2048 371 302 1677 1621 797 735 475 336
is_linear=0
shrinkage=0.05


Tree=47
num_leaves=15
num_cat=0
split_feature=16 16 6 13 8 5 5 5 0 7 5 0 7 3
split_gain=7.43951 11.4322 9.82759 9.3537 11.1112 10.9828 8.35141 8.20944 9.52815 8.17411 8.11424 7.53451 7.3591 7.06966
threshold=231.50000000000003 294.50000000000006 -1.4061024999999998 14.079183000000002 67.500000000000014 32.137669500000008 12.114666000000001 58.054240500000006 -1.5200639999999999 -25.545219999999997 14.754149500000002 -6.0699539999999992 -25.576640499999996 6.9405635000000006
decision_type=2 2 2 2 2 2 2 2 2 2 2 2 2 2
left_child=7 13 3 4 5 6 -3 8 10 -8 -1 -7 -13 -2
right_child=1 2 -4 -5 -6 11 9 -9 -10 -11 -12 12 -14 -15
leaf_value=0.050284242056460982 0.019390346502584536 -0.059118717720374886 0.056736068434160083 0.071234351991302999 -0.075604469866327184 0.037014543876839376 -0.046028806429764396 0.035687014144288556 -0.031222553156119822 0.0078917998141578762 -0.0098659576569347512 0.037508965207706947 -0.030527533896326283 0.080208233683559213
leaf_weight=7.2654535546898869 41.84347178041935 5.078301601111888 7.3550691455602637 4.3081775158643714 5.1718296706676474 5.2989429756999007 7.3063473701477042 7.9786483943462363 49.345613464713097 184.91897914558649 24.559319615364075 4.3023716807365409 52.150809094309807 5.3943310230970374
leaf_count=49 213 40 61 22 26 30 32 43 370 976 170 19 320 25
internal_value=7.90164e-05 0.00360693 -0.000284631 -0.0018464 -0.00303797 -0.00158924 0.00417032 -0.0127082 -0.0174652 0.00584232 0.00386606 -0.0199915 -0.0253424 0.0263355
internal_weight=412.278 323.129 275.891 268.536 264.228 259.056 197.304 89.149 81.1704 192.225 31.8248 61.7521 56.4532 47.2378
internal_count=2396 1764 1526 1465 1443 1417 1048 632 589 1008 219 369 339 238
is_linear=0
shrinkage=0.05


Tree=48
num_leaves=15
num_cat=0
split_feature=7 5 2 16 5 0 16 4 2 5 7 7 5 5
split_gain=6.81732 6.55304 5.24178 6.62195 7.24679 7.98848 5.67551 5.10474 12.6869 8.74832 6.12563 11.3058 7.35743 6.29306
threshold=-3.6658359999999997 10.415935000000003 -13.342830999999999 234.50000000000003 47.575063500000006 -2.7671254999999992 315.50000000000006 0.90818900000000002 10.037865000000002 35.578937500000002 -23.172414999999997 -19.412206999999999 50.745927500000008 61.281258000000008
decision_type=2 2 2 2 2 2 2 2 2 2 2 2 2 2
left_child=1 -1 3 4 5 -3 -5 10 -9 -10 13 -12 -13 -4
right_child=-2 2 7 6 -6 -7 -8 8 9 -11 11 12 -14 -15
leaf_value=-0.057079137600995117 0.055646535184635706 0.025956751356783426 -0.0438511277825476 0.07788806237185826 0.059423387370856756 -0.044461124677703565 0.018035113154735761 0.082878265362732226 0.072606895412891503 -0.023512753168535627 0.040066604689271035 -0.0026648714605788989 -0.055030854351473368 0.024658289493095828
leaf_weight=5.1123178452253333 5.4150797054171553 6.808402538299565 16.402222432196144 6.4438757300376919 3.9760559648275366 9.8605556413531303 10.278206437826155 6.0728997066617039 2.9942962378263465 11.303711071610449 15.398048773407934 293.35301042348146 6.8645702823996535 4.2129372060298911
leaf_count=48 60 39 80 29 18 64 44 30 15 78 75 1717 54 21
internal_value=-7.81777e-05 -0.000834299 -0.000104441 0.0177122 -0.00123113 -0.0156991 0.0410995 -0.00197139 0.0223327 -0.00338333 -0.00344387 -0.00171906 -0.00386224 -0.0298505
internal_weight=404.496 399.081 393.969 37.3671 20.645 16.669 16.7221 356.602 20.3709 14.298 336.231 315.616 300.218 20.6152
internal_count=2372 2312 2264 194 121 103 73 2070 123 93 1947 1846 1771 101
is_linear=0
shrinkage=0.05


Tree=49
num_leaves=15
num_cat=0
split_feature=7 2 4 7 16 7 5 16 8 4 0 5 5 8
split_gain=6.62504 5.68958 11.6339 11.6202 9.60445 14.2009 12.3198 9.63892 11.0539 10.8169 9.32519 9.29076 8.81964 8.77907
threshold=-3.6658359999999997 6.1343225000000006 0.7768425000000001 -6.4936539999999985 234.50000000000003 -8.8361669999999979 12.550727000000002 276.50000000000006 67.500000000000014 0.25192950000000008 -1.5594169999999996 13.091287000000001 53.807834000000007 52.500000000000007
decision_type=2 2 2 2 2 2 2 2 2 2 2 2 2 2
left_child=1 2 3 4 6 7 10 -6 9 13 -1 -5 -8 -9
right_child=-2 -3 -4 11 5 -7 12 8 -10 -11 -12 -13 -14 -15
leaf_value=0.079436967084579091 0.055336617791667458 -0.0092130110881121809 0.074791137528363485 -0.038807095041272666 0.054926081890588396 -0.043377807435190513 -0.038972972680177853 0.031836677463448142 -0.066663766374868885 -0.024758715687128004 -0.0078179774543277267 0.042570866165736895 0.039643047439941487 0.0017661988363264552
leaf_weight=4.6514415442943564 5.173013523221015 151.62891529500484 5.5354151576757422 4.0820694491267231 10.586450174450873 14.23912465572357 41.562905177474022 43.909015707671642 5.1268538087606421 20.449258752167225 8.9615806117653829 24.911148682236671 3.9025118201971045 54.273676641285419
leaf_count=28 60 903 28 34 49 96 320 208 26 106 68 146 19 265
internal_value=-0.000879214 -0.00161764 0.00313761 0.00146162 -0.00267826 0.00410213 -0.0197312 0.00913449 0.00521743 0.00832388 0.0219962 0.0311133 -0.032225 0.0152142
internal_weight=398.993 393.82 242.191 236.656 207.663 148.584 59.0784 134.345 123.759 118.632 13.613 28.9932 45.4654 98.1827
internal_count=2356 2296 1393 1365 1185 750 435 654 605 579 96 180 339 473
is_linear=0
shrinkage=0.05


Tree=50
num_leaves=15
num_cat=0
split_feature=0 7 16 16 33 1 5 16 4 1 2 16 8 4
split_gain=6.18492 7.65324 7.04025 12.773 13.4218 10.8638 8.90419 7.28603 5.57542 14.5257 5.70202 14.4068 10.9906 5.67823
threshold=-2.6449274999999997 -33.115928999999987 745.50000000000011 760.50000000000011 -14.999999999999998 4.2644930000000008 28.512030500000005 873.50000000000011 -0.14763499999999999 -3.9744364999999999 -5.0891779999999995 243.50000000000003 62.500000000000007 -0.37782399999999994
decision_type=2 2 2 2 2 2 2 2 2 2 2 2 2 2
left_child=1 -1 8 -4 7 6 -6 -5 9 10 11 -2 -13 -12
right_child=2 -3 3 4 5 -7 -8 -9 -10 -11 13 12 -14 -15
leaf_value=0.087189596298263769 -0.035121633628722719 0.0094662204199740495 0.087168772955515547 0.063560521370845238 0.046641450397836626 -0.056398314013194208 -0.034003598397132594 -0.032392435417251883 -0.010328300605300166 0.029882864500983715 -0.057932307303232115 0.070915066501086518 -0.01946087667254737 -0.0075636765278733632
leaf_weight=3.2956664562225333 12.980090469121935 81.281790241599083 5.5182919651269904 10.83164700120687 7.9338441565632873 10.016759142279623 6.0198271125555038 2.4205067604780188 192.39951382577419 34.763476058840752 10.411051645874979 9.0920223891735059 5.3396698534488669 12.096890702843664
leaf_count=14 93 460 26 105 41 57 32 12 1142 194 60 41 27 82
internal_value=0.000470539 0.0124948 -0.00270928 0.016179 0.00565466 -0.0166696 0.0118499 0.0460347 -0.00562286 0.00506787 -0.012213 0.00309957 0.0374763 -0.0308617
internal_weight=404.401 84.5775 319.824 42.7409 37.2226 23.9704 13.9537 13.2522 277.083 84.6832 49.9197 27.4118 14.4317 22.5079
internal_count=2386 474 1912 273 247 130 73 117 1639 497 303 161 68 142
is_linear=0
shrinkage=0.05


Tree=51
num_leaves=15
num_cat=0
split_feature=5 16 0 16 16 33 3 16 8 5 16 4 2 13
split_gain=5.58967 5.64425 5.11821 5.3829 11.1963 13.5038 10.9614 9.92061 5.82293 4.49735 13.6687 15.6757 13.1023 10.4077
threshold=10.172116500000001 900.50000000000011 -6.3086619999999991 745.50000000000011 760.50000000000011 -14.999999999999998 1.6661595000000002 837.50000000000011 27.500000000000004 20.564629500000002 445.50000000000006 -0.17179649999999996 10.188336500000002 2.2587620000000004
decision_type=2 2 2 2 2 2 2 2 2 2 2 2 2 2
left_child=-1 2 -2 8 -5 -6 7 -7 -4 10 11 -10 -12 -13
right_child=1 -3 3 4 5 6 -8 -9 9 -11 12 13 -14 -15
leaf_value=-0.05666398988817354 0.027005148349804123 -0.058891941961420828 -0.065121754861872938 0.08388764720409958 0.048815295914975507 -0.030626695697041541 -0.059221427342873806 0.060295818722211181 0.022229621937087496 -0.0063147901139615804 0.05354621222328268 -0.034478114630345981 -0.0045266217534132265 0.019488355922976944
leaf_weight=4.3723339065909377 17.768779031932354 4.0023393481969824 3.6717323437333098 5.4161896854639044 11.938960492610926 6.1678410172462517 9.0711615905165655 5.8414214625954628 31.175291858613491 206.74963128566742 23.666725613176823 40.599151492118835 16.473263002932072 11.454622738063334
leaf_count=43 95 32 21 26 111 31 47 34 202 1153 134 293 78 69
internal_value=-0.000441501 0.000182421 0.000788675 -0.000462809 0.0172564 0.00632687 -0.0177366 0.0135989 -0.00250316 -0.00180669 0.00574828 -0.00580969 0.0297134 -0.0226026
internal_weight=398.369 393.997 389.995 372.226 38.4356 33.0194 21.0804 12.0093 333.79 330.119 123.369 83.2291 40.14 52.0538
internal_count=2369 2326 2294 2199 249 223 112 65 1950 1929 776 564 212 362
is_linear=0
shrinkage=0.05


Tree=52
num_leaves=15
num_cat=0
split_feature=16 5 16 2 6 6 3 7 3 5 8 16 19 1
split_gain=6.0256 9.21883 12.1445 15.6601 8.80764 8.07429 13.733 7.54251 7.43686 7.19576 7.09454 6.63459 13.4599 15.7467
threshold=505.50000000000006 22.277235500000003 547.50000000000011 6.6265090000000013 -3.8058764999999997 -3.4492824999999994 5.5346890000000011 -3.9591564999999993 -4.5119444999999994 17.725153000000002 42.500000000000007 370.50000000000006 1.0000000180025095e-35 -4.3893309999999994
decision_type=2 2 2 2 2 2 2 2 2 2 2 2 2 2
left_child=5 2 -2 -4 -5 7 -7 11 -3 10 -6 -1 -13 -14
right_child=1 8 3 4 9 6 -8 -9 -10 -11 -12 12 13 -15
leaf_value=0.003532041701456279 0.078872730901665869 0.038935482510104397 0.049808222951027915 -0.052758030559238028 0.013744055070912815 -0.040658074686422178 0.037641782336684387 0.059042059557179206 -0.0050921332751068154 0.050924383746057282 -0.067706562037864126 -0.045200638138119371 0.10438900927781536 -0.0082652505193843411
leaf_weight=141.57977733016014 8.7411371767520887 10.694407835602759 18.571737855672836 8.2905808687210065 7.8374165520072037 29.861686408519745 6.8924768194556227 5.1866588443517676 92.989369265735149 6.6429816037416449 4.0575791299343109 23.616152055561543 3.5553114265203503 24.325376413762569
leaf_count=892 40 56 134 42 47 241 34 27 500 44 18 124 17 134
internal_value=0.000624847 0.00818138 0.0249042 0.0145134 -0.00991898 -0.00444972 -0.0259746 -0.000459431 -0.000550928 0.00923957 -0.0140401 -0.00205783 -0.017426 0.00610028
internal_weight=392.843 157.825 54.1414 45.4003 26.8286 235.017 36.7542 198.263 103.684 18.538 11.895 193.077 51.4968 27.8807
internal_count=2350 881 325 285 151 1469 275 1194 556 109 65 1167 275 151
is_linear=0
shrinkage=0.05


Tree=53
num_leaves=15
num_cat=0
split_feature=16 7 0 16 6 6 7 8 7 10 2 8 13 20
split_gain=6.62318 5.328 5.14411 8.93289 6.58917 5.68889 8.93618 5.7881 6.2761 6.10309 6.22612 6.14218 5.27356 5.12529
threshold=61.500000000000007 -3.6658359999999997 -2.7671254999999992 123.50000000000001 -20.264350499999995 -13.874939499999998 -15.521558499999999 57.500000000000007 -9.1463144999999972 3.5000000000000004 2.9614395000000004 42.500000000000007 8.4089595000000017 1.0000000180025095e-35
decision_type=2 2 2 2 2 2 2 2 2 2 2 2 2 2
left_child=-1 2 3 -2 -5 -6 12 8 9 10 -8 -12 -7 -9
right_child=1 -3 -4 4 5 6 7 13 -10 -11 11 -13 -14 -15
leaf_value=-0.049497852844647611 0.073951940142520642 0.054445836615332067 -0.0044410844884909739 0.069302307812539543 -0.037811276021623236 0.020812305861112199 0.050314769019815124 -0.04545849244221007 -0.022350061508609548 0.077728680227987984 0.041173492610165306 -0.042968734516988211 0.083696429980928688 0.021970970188186952
leaf_weight=7.1197604015469542 5.0899491459131232 4.3108163326978675 300.86368575692177 3.834988445043563 7.9582444354891768 11.511709958314897 6.0440049767494228 11.669718332588671 10.794658750295641 4.3007044047117224 3.2850803360342962 6.3831758871674538 4.693189561367034 3.7153280898928633
leaf_count=72 29 58 1782 18 46 59 29 66 65 24 20 41 23 20
internal_value=-0.00171347 -0.00082855 -0.00145536 0.00987522 0.00547916 0.00200025 0.00707785 -0.00412939 0.00837815 0.0249524 0.0105067 -0.0143789 0.0390245 -0.029175
internal_weight=391.575 384.455 380.144 79.2808 74.1908 70.3558 62.3976 46.1927 30.8076 20.013 15.7123 9.66826 16.2049 15.385
internal_count=2352 2280 2222 440 411 393 347 265 179 114 90 61 82 86
is_linear=0
shrinkage=0.05


Tree=54
num_leaves=15
num_cat=0
split_feature=16 16 3 16 2 13 2 16 20 7 1 16 19 5
split_gain=4.90311 5.29974 15.6038 7.91728 19.9075 7.52662 6.97032 4.85869 12.4191 14.9191 14.0594 13.5355 11.2987 8.61996
threshold=61.500000000000007 105.50000000000001 -0.63185299999999989 183.50000000000003 30.061026500000001 9.6354640000000007 -6.2853089999999989 297.50000000000006 1.0000000180025095e-35 -9.8848719999999997 1.6090845000000003 234.50000000000003 1.0000000180025095e-35 25.265975500000003
decision_type=2 2 2 2 2 2 2 2 2 2 2 2 2 2
left_child=-1 2 6 4 5 -3 -2 8 9 11 -10 12 -5 -13
right_child=1 3 -4 7 -6 -7 -8 -9 10 -11 -12 13 -14 -15
leaf_value=-0.041889748686022882 0.037473684981511705 -0.056366832265080137 -0.015443155113633185 0.030622051564922356 0.04532642880443525 0.047777294106903852 0.14389606229501226 -0.0017287535091560489 0.083258061732720434 -0.061343051719181196 -0.0052340307850703991 -0.035548731019571893 -0.041284079830476141 0.046117889404584944
leaf_weight=6.9530068188905707 3.0954394266009331 21.350893050432212 8.0291758775711042 8.3919602558016777 7.5977755934000006 1.8883197903633107 3.0591887757182112 264.53282318264246 11.256822094321253 8.198863357305525 7.4650251790881148 3.735286712646487 15.653036087751389 23.94007571041584
leaf_count=73 25 221 71 44 31 17 17 1517 54 57 49 20 78 108
internal_value=-0.000273325 0.000472073 0.0304719 -0.000665624 -0.0249338 -0.0479045 0.0903715 0.00151507 0.0124266 0.00132004 0.0479733 0.0112536 -0.0161881 0.0350955
internal_weight=395.148 388.195 14.1838 374.011 30.837 23.2392 6.15463 343.174 78.6411 59.9192 18.7218 51.7204 24.045 27.6754
internal_count=2382 2309 113 2196 269 238 42 1927 410 307 103 250 122 128
is_linear=0
shrinkage=0.05


Tree=55
num_leaves=15
num_cat=0
split_feature=6 13 7 7 7 6 16 7 16 16 16 1 2 20
split_gain=5.63984 6.44722 5.23009 6.05745 17.6977 8.28756 18.2556 9.84581 8.22905 15.5471 17.1083 13.7445 10.3576 8.43977
threshold=-20.264350499999995 15.759381500000002 -3.6658359999999997 -11.407440499999998 -11.788986 -5.2984354999999992 574.50000000000011 -25.545219999999997 386.50000000000006 297.50000000000006 276.50000000000006 1.6090845000000003 14.614225000000003 1.0000000180025095e-35
decision_type=2 2 2 2 2 2 2 2 2 2 2 2 2 2
left_child=-1 2 3 4 5 -2 -7 -8 9 10 11 13 -10 -5
right_child=1 -3 -4 8 -6 6 7 -9 12 -11 -12 -13 -14 -15
leaf_value=0.047269781181070197 0.0066919906768447106 -0.060421922496552372 0.054205280283902452 -0.017978317512779243 0.061158333850036009 -0.046014792049690251 -0.047161521353268898 0.04779601167023674 0.010833273242121839 -0.052153087349870002 0.075839277878298583 -0.059021891034696218 -0.020551511437273774 0.034377493620141843
leaf_weight=5.9896518886089316 132.05775349587202 4.6063861995935431 4.2557936981320372 19.80055645853281 13.026312336325644 24.42349636554718 3.6190510094165793 11.109855681657789 80.29143713414669 25.687970891594887 5.8708802461624137 12.685128219425676 39.085026167333126 12.592669136822222
leaf_count=29 733 25 60 166 67 146 17 72 449 178 29 100 232 82
internal_value=-0.00087903 -0.00162019 -0.000915745 -0.00153266 0.00497666 0.000702143 -0.0195011 0.0244639 -0.00765088 -0.0204371 -0.00444625 -0.0149024 0.000557587 0.00237469
internal_weight=395.102 389.112 384.506 380.25 184.236 171.21 39.1524 14.7289 196.014 76.6372 50.9492 45.0784 119.376 32.3932
internal_count=2385 2356 2331 2271 1035 968 235 89 1236 555 377 348 681 248
is_linear=0
shrinkage=0.05


Tree=56
num_leaves=15
num_cat=0
split_feature=16 7 7 7 16 16 5 6 6 5 6 0 5 4
split_gain=5.03309 4.5812 4.60392 19.6753 8.27868 14.6785 14.2455 11.6968 9.09866 12.3061 12.5514 7.56859 10.4308 9.72625
threshold=61.500000000000007 -3.6658359999999997 -11.553163 -11.788986 144.50000000000003 186.50000000000003 20.564629500000002 -11.320911999999998 -6.1392874999999991 23.553182500000002 -7.4960949999999995 -6.0699539999999992 36.720007500000001 0.90818900000000002
decision_type=2 2 2 2 2 2 2 2 2 2 2 2 2 2
left_child=-1 2 3 4 7 -6 -7 -2 9 -8 -11 -4 13 -13
right_child=1 -3 11 -5 5 6 8 -9 -10 10 -12 12 -14 -15
leaf_value=-0.041959605365756943 0.1000520736830986 0.053990862174305203 0.060639443815207229 0.071392529362457616 -0.051315242974553865 0.04831593965301887 -0.052197316700921086 0.005259445853562539 -0.024287336743231129 0.0028609304648437202 0.05524677457930225 -0.004942146287588307 -0.042757627464816587 0.083116543881123106
leaf_weight=7.173715613782405 4.9360504150390616 3.9339522421360007 4.2047414854168883 10.632033191621302 13.748113609850405 15.337884314358233 8.481790177524088 9.5515123903751356 35.386274181306362 74.974893532693372 13.49168621003629 165.12368612736464 18.568651676177979 3.1964488625526419
leaf_count=79 28 58 21 54 146 96 41 64 178 369 63 1024 128 15
internal_value=-0.000467014 0.000313073 -0.000246109 0.00534162 0.00134945 -0.00190012 0.00270036 0.0375562 -0.00258659 0.00533421 0.0108501 -0.0057007 -0.00719326 -0.00326989
internal_weight=388.741 381.568 377.634 186.54 175.908 161.421 147.673 14.4876 132.335 96.9484 88.4666 191.094 186.889 168.32
internal_count=2364 2285 2227 1039 985 893 747 92 651 473 432 1188 1167 1039
is_linear=0
shrinkage=0.05


Tree=57
num_leaves=15
num_cat=0
split_feature=6 3 16 16 16 5 8 33 1 2 7 6 8 16
split_gain=5.63608 4.79289 4.62032 5.8718 9.0911 10.6005 5.46941 4.84738 11.8008 4.01559 6.80426 9.00172 6.2767 9.04014
threshold=-22.123105499999998 -8.571787999999998 900.50000000000011 745.50000000000011 760.50000000000011 29.052776500000004 27.500000000000004 -14.999999999999998 4.7119715000000006 -13.342830999999999 -32.354953999999992 -10.727540499999998 57.500000000000007 333.50000000000006
decision_type=2 2 2 2 2 2 2 2 2 2 2 2 2 2
left_child=-1 -2 3 6 -5 7 -3 -6 -9 10 -8 -12 -11 -14
right_child=1 2 -4 4 5 -7 9 8 -10 12 11 -13 13 -15
leaf_value=0.058904747848550293 -0.043316451297409797 -0.062408742488658131 -0.058147848565943461 0.078386338773835662 0.063585408625000103 -0.028962735437455533 -0.032788124181017828 0.045757973221200648 -0.052449059870996108 0.00076528874423373381 0.062974380281237682 0.00033054128136065321 0.0057975204894073267 -0.034339510380375318
leaf_weight=3.9851131439208975 6.5355837270617476 3.6722419857978812 3.3999921754002562 5.5090577751398078 7.1888346560299388 11.78880689293146 5.5712270736694363 9.1465886905789393 4.5959478914737693 242.93662568181753 10.500716663897041 12.634854502975937 24.084579341113567 33.601093053817749
leaf_count=21 34 23 29 27 84 72 26 51 22 1473 54 79 172 189
internal_value=-0.000248665 -0.000867117 -0.000126571 0.000404829 0.018964 0.00895915 -0.0017258 0.0303172 0.0129144 -0.00104915 0.0168177 0.0287632 -0.00275528 -0.0175817
internal_weight=385.151 381.166 374.631 371.231 38.2292 32.7202 333.001 20.9314 13.7425 329.329 28.7068 23.1356 300.622 57.6857
internal_count=2356 2335 2301 2272 256 229 2016 157 73 1993 159 133 1834 361
is_linear=0
shrinkage=0.05


Tree=58
num_leaves=15
num_cat=0
split_feature=16 16 22 1 16 1 16 16 5 8 2 7 7 7
split_gain=4.62536 6.19161 6.384 5.71796 8.72063 8.17184 5.9238 4.59607 4.40553 3.69502 5.8734 4.11702 12.4156 11.1796
threshold=900.50000000000011 745.50000000000011 1.0000000180025095e-35 4.2644930000000008 837.50000000000011 7.9240025000000012 805.50000000000011 873.50000000000011 10.172116500000001 32.500000000000007 6.9987055000000007 -7.2716629999999993 -8.9462234999999968 -7.2270284999999985
decision_type=2 2 2 2 2 2 2 2 2 2 2 2 2 2
left_child=1 8 7 4 6 -5 -4 -3 -1 10 -10 12 -11 -13
right_child=-2 2 3 5 -6 -7 -8 -9 9 11 -12 13 -14 -15
leaf_value=-0.055637819595534259 -0.057850778784184126 0.063005793370351934 0.032851887129055686 -0.06379911452421777 0.069574772971099444 0.022300609731476864 -0.04970440453149199 -0.01338725687478616 0.02058548146243112 0.00083448105705940579 -0.055345185923166132 0.073609658359940128 -0.034219543782667304 0.0043332560836614421
leaf_weight=3.7363374158740035 3.4275045767426482 10.31209923326969 4.4638034552335757 5.6901728585362417 6.3961844220757476 5.344098761677742 4.2338800132274628 2.4335030466318122 3.8850329890847188 231.49600694328547 7.3936375975608826 6.4080226793885222 28.353883117437363 63.86279021948576
leaf_count=42 30 115 25 29 40 30 18 12 24 1328 45 31 201 409
internal_value=-2.46143e-05 0.000491517 0.0194092 0.00525731 0.0252563 -0.0220994 -0.00733507 0.0484202 -0.00163924 -0.00104827 -0.0291902 -8.67917e-05 -0.00299049 0.0106506
internal_weight=387.437 384.009 38.8737 26.1281 15.0939 11.0343 8.69768 12.7456 345.136 341.399 11.2787 330.121 259.85 70.2708
internal_count=2379 2349 269 142 83 59 43 127 2080 2038 69 1969 1529 440
is_linear=0
shrinkage=0.05


Tree=59
num_leaves=15
num_cat=0
split_feature=5 16 16 22 16 7 0 7 2 4 7 7 16 3
split_gain=4.73307 4.10642 7.53366 6.08935 4.46614 4.74852 4.45478 7.17026 4.11194 14.9908 9.83551 17.3891 10.1141 9.23006
threshold=10.172116500000001 892.50000000000011 745.50000000000011 1.0000000180025095e-35 865.50000000000011 -8.1132149999999985 -6.3086619999999991 -12.790780999999997 8.7079995000000014 0.84378450000000005 -7.4270144999999994 -8.9462234999999968 640.50000000000011 -0.74721949999999993
decision_type=2 2 2 2 2 2 2 2 2 2 2 2 2 2
left_child=-1 2 6 -4 5 -5 7 -2 9 10 11 12 -8 -10
right_child=1 -3 3 4 -6 -7 8 -9 13 -11 -12 -13 -14 -15
leaf_value=-0.055338494145446074 0.0054392036702870378 -0.04548982324592335 0.051606520389050815 0.011743483298234689 0.057854370765818154 -0.047596020513544418 -0.0035616750947467554 0.080824239952169086 0.020990660131555785 0.085168016176461206 0.020941551232264599 -0.058346546094297513 0.057038360546633575 -0.018641108145443307
leaf_weight=3.748818412423133 12.421982802450659 4.6668374091386786 12.489411950111387 15.793673120439054 3.8517299667000762 4.2863996028900173 156.60635519772768 4.2278982102870932 18.304315350949764 5.2519347593188277 43.751299649477005 14.323689721524714 7.2018837928771964 74.426914185285568
leaf_count=44 68 36 128 82 26 25 872 22 112 28 282 110 43 477
internal_value=0.00056632 0.00112134 0.00170462 0.023306 0.00853662 -0.000923444 -0.000633302 0.0245817 -0.00194581 0.00167645 -0.000299775 -0.00551689 -0.000897374 -0.0108182
internal_weight=381.353 377.604 372.937 36.4212 23.9318 20.0801 336.516 16.6499 319.866 227.135 221.883 178.132 163.808 92.7312
internal_count=2355 2311 2275 261 133 107 2014 90 1924 1335 1307 1025 915 589
is_linear=0
shrinkage=0.05


Tree=60
num_leaves=15
num_cat=0
split_feature=16 7 2 4 7 16 16 7 16 8 34 2 6 16
split_gain=4.4105 3.79898 4.04389 12.1976 8.83965 11.4277 7.78913 7.61043 9.95224 9.92436 7.84014 7.688 9.76003 17.9679
threshold=43.500000000000007 -3.6658359999999997 6.1343225000000006 0.59413250000000006 -6.6763724999999994 105.50000000000001 225.50000000000003 -8.9238344999999981 234.50000000000003 57.500000000000007 12.000000000000002 0.58536050000000006 -5.0378254999999994 574.50000000000011
decision_type=2 2 2 2 2 2 2 2 2 2 2 2 2 2
left_child=-1 2 3 4 7 -6 -7 8 9 10 -2 12 -10 -14
right_child=1 -3 -4 -5 5 6 -8 -9 11 -11 -12 -13 13 -15
leaf_value=-0.055172816761615173 0.021811680047152129 0.053237466476969419 -0.0065383091832384279 0.058089735996468418 0.12414603105357874 -0.057096861109207253 0.028178418184219057 -0.029414468353185376 0.022360376699203786 0.0033050696943544722 -0.060951012218874313 -0.022313255218897793 -0.041054474307523701 0.037191753603493659
leaf_weight=3.5800583437085143 3.4940507411956814 3.3952779099345198 141.65629713982344 10.042095445096491 2.7981352284550693 3.0630115270614651 21.294224604964256 22.408735200762749 80.847656309604645 21.71947905421257 15.806390970945357 17.616411428898573 18.899968236684803 11.99211100488901
leaf_count=44 27 60 883 50 15 31 126 173 383 153 132 95 103 74
internal_value=6.11007e-05 0.000588362 0.000107361 0.00420072 0.00174024 0.0284484 0.0174547 -0.00202182 0.001581 -0.0198786 -0.0459681 0.00838603 0.0132259 -0.0106798
internal_weight=378.614 375.034 371.639 229.982 219.94 27.1554 24.3572 192.785 170.376 41.0199 19.3004 129.356 111.74 30.8921
internal_count=2349 2305 2245 1362 1312 172 157 1140 967 312 159 655 560 177
is_linear=0
shrinkage=0.05


Tree=61
num_leaves=15
num_cat=0
split_feature=2 16 16 5 8 7 7 5 16 7 5 4 2 16
split_gain=5.3985 5.84305 6.60775 10.9948 5.63547 12.622 7.00487 8.00404 5.76833 8.63447 4.98488 4.83457 7.30486 12.5868
threshold=-11.520850499999998 234.50000000000003 144.50000000000003 37.953338500000008 57.500000000000007 -7.4350499999999995 -16.829162499999999 11.721660000000002 117.50000000000001 -19.595347499999999 16.181648000000006 -0.14547749999999995 -0.34459949999999995 192.50000000000003
decision_type=2 2 2 2 2 2 2 2 2 2 2 2 2 2
left_child=1 2 -1 10 8 6 -6 -8 9 -2 -4 12 13 -10
right_child=4 -3 3 -5 5 -7 7 -9 11 -11 -12 -13 -14 -15
leaf_value=0.065335913344718971 0.063383139263142041 0.034246323448792283 0.0026893567693363762 0.033453914977364656 0.025078451731303367 0.031560536545505502 0.02557086224557592 -0.042853868371748829 -0.060565052917768203 -0.043534044336973728 -0.066338654197136887 -0.00037686460707586969 -0.0003693017897563076 0.049875741547522258
leaf_weight=3.1904053911566761 2.2021658122539511 23.291028514504433 3.9500343427062052 7.8612480983138076 5.5799390971660605 11.275280591100453 4.8545061051845542 35.733626954257488 2.9308408722281483 13.250829566270111 7.7409380786120892 202.69363901764154 29.256425067782402 21.542597375810146
leaf_count=26 11 108 26 36 34 73 38 226 26 130 57 1274 178 103
internal_value=0.000605406 0.0166437 -0.00138343 -0.0122703 -0.00163649 -0.0158661 -0.0274487 -0.03467 0.00137 -0.0282976 -0.0430161 0.00315788 0.0164925 0.0366498
internal_weight=375.354 46.0337 22.7426 19.5522 329.32 57.4434 46.1681 40.5881 271.876 15.453 11.691 256.424 53.7299 24.4734
internal_count=2346 253 145 119 2093 371 298 264 1722 141 83 1581 307 129
is_linear=0
shrinkage=0.05


Tree=62
num_leaves=15
num_cat=0
split_feature=16 16 16 16 5 1 19 16 22 0 16 16 2 5
split_gain=3.95783 3.89967 6.82772 6.98152 9.87482 5.72221 7.45386 4.23213 12.8158 5.32145 9.12572 5.5198 5.07526 5.65936
threshold=43.500000000000007 892.50000000000011 745.50000000000011 760.50000000000011 29.052776500000004 -6.361607499999999 1.0000000180025095e-35 705.50000000000011 1.0000000180025095e-35 -3.3140609999999993 622.50000000000011 147.50000000000003 1.2342505000000001 32.307914500000003
decision_type=2 2 2 2 2 2 2 2 2 2 2 2 2 2
left_child=-1 2 7 -4 -5 -6 -7 9 -9 10 11 -2 13 -13
right_child=1 -3 3 4 5 6 -8 8 -10 -11 -12 12 -14 -15
leaf_value=-0.05479218142413092 0.049309059490725067 -0.044718131951254292 0.074353961765881674 0.037371447515065853 0.043933746166289006 -0.067852557874223937 0.019118050683460567 -0.073583014256224655 0.025350339813613607 -0.0024385991666581357 0.079886371818996826 7.6231423401373433e-05 -0.022786560115683935 0.051462954178713174
leaf_weight=3.2081916369497767 7.0098514929413787 4.6109218001365653 5.4300541803240767 17.797052152454857 2.820332184433938 6.7633103355765307 3.8752473555505276 7.1760628819465619 6.0190112218260765 266.94152307510376 4.9007520973682395 19.697181627154354 14.283194169402121 7.3601480424404135
leaf_count=42 47 37 29 154 16 40 30 37 34 1649 24 101 89 39
internal_value=0.000506777 0.000980268 0.00154965 0.022023 0.0129316 -0.0193859 -0.0361723 -0.00070324 -0.028454 0.000440362 0.0148723 0.00828248 0.00132586 0.0140545
internal_weight=377.893 374.685 370.074 36.686 31.2559 13.4589 10.6386 333.388 13.1951 320.193 53.2511 48.3504 41.3405 27.0573
internal_count=2368 2326 2289 269 240 86 70 2020 71 1949 300 276 229 140
is_linear=0
shrinkage=0.05


Tree=63
num_leaves=15
num_cat=0
split_feature=16 16 6 16 16 8 4 16 2 7 6 2 3 6
split_gain=5.04399 10.5636 9.05588 5.56691 8.55246 9.43096 16.6648 11.2031 16.2893 9.57248 13.7132 9.30877 8.64196 8.59445
threshold=183.50000000000003 144.50000000000003 -11.897619999999998 294.50000000000006 505.50000000000006 62.500000000000007 -0.16956399999999996 430.50000000000006 -4.068132499999999 -13.582623499999999 -6.1207804999999995 11.399295500000003 -2.8434879999999993 -7.1538444999999991
decision_type=2 2 2 2 2 2 2 2 2 2 2 2 2 2
left_child=1 2 -1 -2 5 6 7 8 12 -8 11 -11 -5 -6
right_child=3 -3 -4 4 13 -7 9 -9 -10 10 -12 -13 -14 -15
leaf_value=0.065675428730614313 0.014383880640663906 -0.055880209330649938 -0.010771760447250462 -0.013841673361400495 -0.011958474969784996 -0.062558491774089259 -0.06620906867288727 0.077509788810599209 -0.052793126705075126 0.04789692190580469 -0.030367322805717325 -0.030971374958099498 0.072754062370080572 0.013939200694773994
leaf_weight=4.4017457216978064 74.885062545537949 11.861702490597962 32.304376099258661 4.5743969082832372 45.463569767773151 8.5883759036660177 10.12527786195278 7.4085504114627829 7.4784611091017732 12.00557103008032 37.405508123338223 5.4351019635796538 7.783266618847847 108.46708186343312
leaf_count=27 410 143 280 21 259 52 55 35 49 55 266 45 34 643
internal_value=0.000182941 -0.0148601 -0.00160432 0.00239946 -0.00112363 -0.0124449 -0.00777762 0.025046 0.00545145 -0.0215417 -0.0132955 0.0233189 0.0406992 0.0062903
internal_weight=378.188 48.5678 36.7061 329.62 254.735 100.805 92.2161 27.2447 19.8361 64.9715 54.8462 17.4407 12.3577 153.931
internal_count=2374 450 307 1924 1514 612 560 139 104 421 366 100 55 902
is_linear=0
shrinkage=0.05


Tree=64
num_leaves=15
num_cat=0
split_feature=16 8 19 2 6 7 7 7 7 3 5 0 6 0
split_gain=4.05582 3.90785 4.77272 6.0926 4.33055 4.19211 5.04029 6.85383 6.86682 8.84295 7.27656 5.95071 6.62644 5.24018
threshold=61.500000000000007 67.500000000000014 1.0000000180025095e-35 -12.036897999999999 -17.603214999999995 -33.728653499999993 -26.344495999999996 -25.545219999999997 -19.412206999999999 -5.4916104999999993 51.87092950000001 -0.5097259999999999 -8.912688499999998 2.0412315000000008
decision_type=2 2 2 2 2 2 2 2 2 2 2 2 2 2
left_child=-1 4 -3 -4 -2 -6 -7 -8 9 -9 -10 -11 -13 -14
right_child=1 2 3 -5 5 6 7 8 10 11 -12 12 13 -15
leaf_value=-0.039375771492714283 0.039219945082054126 -0.054037388818555299 0.037169597633584871 -0.042241117984217175 -0.057446944462630989 0.037365146304065289 -0.037610058877207184 -0.057987151778446912 0.0014974134258185583 0.074917671254269291 -0.044199276705154583 0.056633233185831938 0.032922748665541367 -0.045091504750917527
leaf_weight=6.2762107141315928 7.7548331692814818 6.9771262630820283 5.1851881146430978 4.5216679200530043 2.9960930943489066 9.7638108134269697 11.156780309975145 2.7222796902060535 289.39196369796991 7.2075782194733682 8.9819639921188337 6.8656165897846249 3.9928643107414157 4.6699618026614189
leaf_count=78 41 40 27 38 14 55 53 16 1816 40 80 38 22 26
internal_value=0.000483494 0.00115564 -0.0224943 0.000178332 0.00226555 0.00144146 0.00195323 0.000921093 0.00224858 0.0271746 0.000121804 0.0373714 0.0199442 -0.00913322
internal_weight=378.464 372.188 16.684 9.70686 355.504 347.749 344.753 334.989 323.832 25.4583 298.374 22.736 15.5284 8.66283
internal_count=2384 2306 105 65 2201 2160 2146 2091 2038 142 1896 126 86 48
is_linear=0
shrinkage=0.05


Tree=65
num_leaves=15
num_cat=0
split_feature=7 5 6 3 2 7 5 16 0 7 6 16 1 5
split_gain=3.77026 3.4402 5.79708 4.46512 11.4216 8.96788 10.6114 6.99883 6.4654 5.97069 9.3139 5.67598 5.49452 5.05845
threshold=-3.6658359999999997 10.172116500000001 -1.0896519999999998 2.6679790000000003 10.323484000000002 -14.923908999999998 61.281258000000008 616.50000000000011 2.9949205000000005 -8.4600644999999979 -4.339736499999999 837.50000000000011 4.5318845000000012 37.034252500000008
decision_type=2 2 2 2 2 2 2 2 2 2 2 2 2 2
left_child=1 -1 3 11 5 6 7 -5 -7 10 -6 13 -11 -3
right_child=-2 2 -4 4 9 8 -8 -9 -10 12 -12 -13 -14 -15
leaf_value=-0.054804297202791986 0.052919722364972055 -0.0028116382894456354 0.061540185436333286 -0.041745426744031339 -0.044619073279878844 -0.00016741591010575527 0.054227750564011537 0.030054066641493356 0.057016932909323553 -0.0054632601972571257 0.013952278616870501 0.040040780995195195 -0.066610997156641399 0.016803445196677279
leaf_weight=3.0115965120494357 3.2005421780049792 220.02075971290469 3.6513565033674231 17.445403970777996 12.933070532977583 8.9219789281487483 4.8234654068946829 4.2139226496219626 11.083038009703158 4.9922804236412075 14.283381350338457 9.2207052409648878 13.909664027392862 38.640691120177507
leaf_count=39 62 1371 37 88 98 51 27 26 54 26 79 62 101 221
internal_value=-0.00111327 -0.00158429 -0.00114414 -0.00177906 -0.0112435 0.00624621 -0.0128406 -0.0277765 0.0315135 -0.0288732 -0.0138804 0.00149275 -0.050461 0.000118603
internal_weight=370.352 367.151 364.14 360.488 92.6062 46.4878 26.4828 21.6593 20.005 46.1184 27.2165 267.882 18.9019 258.661
internal_count=2342 2280 2241 2204 550 246 141 114 105 304 177 1654 127 1592
is_linear=0
shrinkage=0.05


Tree=66
num_leaves=15
num_cat=0
split_feature=5 6 6 4 16 7 2 6 4 4 0 1 2 20
split_gain=4.37294 5.52955 3.90977 4.75992 3.85115 3.29482 5.52805 5.13125 7.6425 4.88763 4.87012 4.11349 4.99944 4.6773
threshold=10.415935000000003 -1.0896519999999998 -19.457300999999998 -0.90438549999999995 900.50000000000011 -32.354953999999992 -13.342830999999999 -10.727540499999998 -0.29710999999999993 -0.40828149999999996 -1.6987964999999996 -5.6463184999999987 -12.036897999999999 1.0000000180025095e-35
decision_type=2 2 2 2 2 2 2 2 2 2 2 2 2 2
left_child=-1 2 -2 -4 5 -5 7 -7 -9 -8 -10 13 -13 -11
right_child=1 -3 3 4 -6 6 9 8 10 11 -12 12 -14 -15
leaf_value=-0.054533951205839051 0.037608333910164021 0.060675168615571866 -0.056610803314475322 -0.038947009743989097 -0.056657753081266062 0.051566188255470394 -0.024358282434076881 -0.049562046470779109 0.085896835398381499 0.032567111600185078 0.0059366909700344812 -0.055766298622176171 -0.00013675606648926286 -0.032826736993700263
leaf_weight=3.6646935716271392 6.6870398670434943 3.7605315409600726 3.804194748401641 5.3183227479457846 3.0138278678059569 9.8859337493777293 20.926192007958889 4.4380647391080847 2.7621863335371009 17.295813471078876 6.1312570944428435 4.0990797728300086 274.54288986697793 3.2478711679577819
leaf_count=50 35 42 20 26 30 54 133 32 17 105 34 24 1735 25
internal_value=-0.000187134 0.000357161 -0.000269171 -0.000981725 -0.000379942 0.000106542 0.000711499 0.0242698 0.00402827 -0.000997165 0.0307713 0.000636801 -0.000955118 0.0222286
internal_weight=369.578 365.913 362.153 355.466 351.661 348.648 343.329 23.2174 13.3315 320.112 8.89344 299.186 278.642 20.5437
internal_count=2362 2312 2270 2235 2215 2185 2159 137 83 2022 51 1889 1759 130
is_linear=0
shrinkage=0.05


Tree=67
num_leaves=15
num_cat=0
split_feature=16 16 6 7 16 3 7 20 7 16 1 3 6 7
split_gain=3.53679 3.46133 8.88649 15.6161 6.15926 4.95537 5.0656 3.52644 7.88013 11.2625 11.5768 7.65494 8.80477 8.58979
threshold=43.500000000000007 105.50000000000001 -3.7139284999999993 -7.4270144999999994 117.50000000000001 -3.4543254999999995 -19.595347499999999 1.0000000180025095e-35 -8.9238344999999981 601.50000000000011 4.7119715000000006 -5.7214169999999998 -6.6600519999999994 -12.874794499999998
decision_type=2 2 2 2 2 2 2 2 2 2 2 2 2 2
left_child=-1 2 3 5 -3 -2 -7 8 -6 -10 -11 -9 13 -13
right_child=1 4 -4 -5 7 6 -8 11 9 10 -12 12 -14 -15
leaf_value=-0.054269992946476213 0.059131157351691666 -0.061029257404310172 -0.055882926410792816 0.13153481245458284 0.00023773794500137795 0.027269900766066342 -0.057148386401372264 0.089248370347446482 -0.057633228594392988 0.036303128718810217 -0.037270089314155451 0.0084212415231765553 0.010775639485333451 -0.070788639853124086
leaf_weight=3.0193366780877104 3.3107317686080933 4.2215551733970633 2.995866034179925 3.4352359995245942 201.07222135365009 3.5550459250807762 3.5531291998922825 2.774871163070201 15.345287770032881 10.404510959982874 10.999009534716604 6.6665847301483154 90.149619780480862 7.0339080169796926
leaf_count=44 26 32 35 19 1147 25 36 14 149 66 71 45 603 46
internal_value=-0.000376966 6.82141e-05 0.0222013 0.0390866 -0.00100141 0.00860527 -0.0149279 -0.000265705 -0.00365323 -0.0249427 -0.00150526 0.00728997 0.00510004 -0.0322455
internal_weight=368.537 365.518 16.85 13.8541 348.668 10.4189 7.10818 344.446 237.821 36.7488 21.4035 106.625 103.85 13.7005
internal_count=2358 2314 141 106 2173 87 61 2141 1433 286 137 708 694 91
is_linear=0
shrinkage=0.05


Tree=68
num_leaves=15
num_cat=0
split_feature=16 16 5 13 19 6 33 17 5 0 5 7 13 6
split_gain=3.51475 10.1365 5.86086 5.91539 6.77501 5.5661 5.95193 4.45914 2.97743 2.5025 5.42925 6.97464 4.2597 4.0975
threshold=745.50000000000011 760.50000000000011 28.512030500000005 6.2288610000000011 1.0000000180025095e-35 -4.9181749999999989 -14.999999999999998 5.0542785000000015 10.415935000000003 -4.7288429999999986 36.720007500000001 -19.959401499999995 3.7480935000000004 -7.4960949999999995
decision_type=2 2 2 2 2 2 2 2 2 2 2 2 2 2
left_child=8 -2 5 4 -4 -3 -7 -8 -1 10 11 -10 -13 -11
right_child=1 2 3 -5 -6 6 7 -9 9 13 -12 12 -14 -15
leaf_value=-0.045488422074391001 0.079762394250090796 0.070595148045093772 -0.05857106517029731 0.048630220087402434 0.01769525788084346 0.054074649107868578 0.019384050435685918 -0.052274966294595583 -0.060437316704424551 -0.01165483243697941 0.040253259584546258 -0.025907115112262472 0.030008351623057362 0.0011652685928813414
leaf_weight=3.8507133051753035 5.1096002310514441 4.6777676567435256 8.4662442877888662 2.7334891110658637 4.4386051669716826 4.4542879760265324 4.2740292176604306 4.4119430407881737 4.2203192412853268 88.971821945160627 11.108404673635958 5.0225834250450161 10.582906924188135 208.12145126238465
leaf_count=53 28 31 57 17 32 78 24 29 25 543 65 31 54 1308
internal_value=-0.000117703 0.0141694 0.00415171 -0.0181864 -0.0323394 0.0237572 0.00708341 -0.0170144 -0.00177793 -0.00126482 0.0122693 -0.00341019 0.0120121 -0.00267402
internal_weight=370.444 38.566 33.4564 15.6383 12.9048 17.818 13.1403 8.68597 331.878 328.027 30.9342 19.8258 15.6055 297.093
internal_count=2375 296 268 106 89 162 131 53 2079 2026 175 110 85 1851
is_linear=0
shrinkage=0.05


Tree=69
num_leaves=15
num_cat=0
split_feature=16 6 4 2 4 16 8 6 0 16 16 8 6 0
split_gain=3.29249 2.94779 2.70684 9.89073 4.18011 8.03832 11.7057 5.35943 5.28319 5.26985 12.8915 8.62628 6.61424 6.4851
threshold=43.500000000000007 -1.0896519999999998 0.90818900000000002 10.037865000000002 0.24167200000000003 297.50000000000006 47.500000000000007 -4.2723209999999989 3.1610810000000007 430.50000000000006 406.50000000000006 67.500000000000014 -4.2854119999999991 0.37907000000000007
decision_type=2 2 2 2 2 2 2 2 2 2 2 2 2 2
left_child=-1 2 4 -4 9 6 7 -6 -9 10 12 13 -2 -11
right_child=1 -3 3 -5 5 -7 -8 8 -10 11 -12 -13 -14 -15
leaf_value=-0.054005368979235725 0.0041179147573592095 0.041067031294675198 0.077011733365253354 -0.0032473973130971441 0.016563707659652944 -0.021414319279400993 0.064910716690420714 -0.065836201366104338 0.0185231760992868 0.022697091804424918 -0.066503274484029887 -0.054374987206163128 -0.02670052227504869 -0.00046409440578268211
leaf_weight=2.7808147221803656 107.79697935283184 4.4471114203333846 5.2365575358271625 14.379665717482565 9.3425544574856794 55.920157976448536 7.5070942118763915 5.702796183526516 2.7513984814286232 66.283272683620453 7.9412245303392401 5.0781531333923331 20.763438414782286 55.553088746964931
leaf_count=43 688 53 28 102 50 393 41 43 13 365 50 28 176 306
internal_value=0.000196532 0.000605331 0.000111345 0.0181778 -0.000916962 -0.0108335 0.0125496 -0.00953761 -0.0383816 0.00214079 -0.00467843 0.00947513 -0.000859486 0.0121364
internal_weight=371.484 368.703 364.256 19.6162 344.64 81.224 25.3038 17.7967 8.45419 263.416 136.502 126.915 128.56 121.836
internal_count=2379 2336 2283 130 2153 540 147 106 56 1613 914 699 864 671
is_linear=0
shrinkage=0.05


Tree=70
num_leaves=15
num_cat=0
split_feature=5 6 7 7 2 16 0 4 4 2 5 16 2 7
split_gain=3.86934 5.16647 2.9095 8.20343 7.20294 11.7013 4.15406 3.99712 3.84702 7.71802 5.17784 8.42895 3.91904 8.68446
threshold=10.415935000000003 -1.0896519999999998 -5.1960904999999995 -4.6964894999999993 7.3703410000000007 673.50000000000011 -1.4483634999999997 0.078831500000000013 0.90818900000000002 9.0390140000000034 36.720007500000001 315.50000000000006 0.76181300000000018 -6.556462999999999
decision_type=2 2 2 2 2 2 2 2 2 2 2 2 2 2
left_child=-1 2 8 -4 6 7 -5 -6 12 -10 -11 -12 13 -2
right_child=1 -3 3 4 5 -7 -8 -9 9 10 11 -13 -14 -15
leaf_value=-0.054048910456503042 1.7324497986491218e-05 0.060101175643539409 0.048719060048197566 -0.026421383319757841 -0.0027562001109326939 0.044138370366770915 0.045962478942311216 -0.059891906736761369 0.076442267211705744 0.057486356856575417 0.030754209233003593 -0.060223730567548941 -0.0093604104077303386 0.063347816152461919
leaf_weight=3.2645359411835662 161.09140240773559 3.6155889369547358 11.345638513565062 2.5304989144206038 4.3955812454223659 5.3250569663941851 9.1464388929307479 10.08238525688648 4.6339794322848347 3.1578391119837752 4.9762030020356161 5.2128885760903358 133.10419134050608 5.6014664843678466
leaf_count=50 977 44 61 18 32 65 57 72 25 16 31 42 840 33
internal_value=0.000143669 0.000629403 3.31093e-05 0.0122673 -0.000870246 -0.0192359 0.0302762 -0.0425452 -0.00161564 0.0208479 0.00154584 -0.0157914 -0.00296293 0.00214545
internal_weight=367.484 364.219 360.604 42.8256 31.48 19.803 11.6769 14.478 317.778 17.9809 13.3469 10.1891 299.797 166.693
internal_count=2363 2313 2269 305 244 169 75 104 1964 114 89 73 1850 1010
is_linear=0
shrinkage=0.05


Tree=71
num_leaves=15
num_cat=0
split_feature=16 2 16 1 16 6 5 2 5 6 6 3 16 5
split_gain=3.41615 6.03409 10.4086 8.6561 10.1299 9.65677 8.60431 5.69446 6.177 5.28427 13.9763 8.28589 8.14888 8.32294
threshold=598.50000000000011 20.528792500000005 690.50000000000011 -1.5786904999999998 679.50000000000011 -10.647072 39.200812000000006 8.8535505000000025 26.828688000000003 -6.1392874999999991 -6.886601999999999 -2.7839899999999997 517.50000000000011 25.265975500000003
decision_type=2 2 2 2 2 2 2 2 2 2 2 2 2 2
left_child=9 3 -3 5 -5 -2 -4 8 -6 10 12 -11 13 -1
right_child=1 2 6 4 7 -7 -8 -9 -10 11 -12 -13 -14 -15
leaf_value=-0.027531141606902371 0.039848383410185199 -0.054873239767739238 0.028007468100394475 0.05149221900488004 0.04410048764267413 -0.034332825499098767 -0.061133208643001424 -0.027671947801694421 -0.014231635065485099 0.043512290059124215 0.042310699893414017 -0.013741778036596498 -0.033848500050493162 0.0098095188463701646
leaf_weight=18.54211737588048 6.2699176147580173 9.5170486345887202 13.694168608635666 22.150297001004219 11.634421773254877 14.610090695321558 3.3741019740700713 8.5943210124969465 7.4410115405917159 6.6606981977820388 19.640026293694973 123.27706734836102 18.381745241582394 76.453030236065388
leaf_count=138 39 62 115 121 93 86 26 55 39 36 114 861 97 457
internal_value=-0.000673836 0.00733112 -0.0129757 0.0149671 0.0262933 -0.0120574 0.0103859 0.00612092 0.0213461 -0.00363543 0.00337003 -0.0108069 -0.00337558 0.00252099
internal_weight=360.24 97.2854 26.5853 70.7001 49.8201 20.88 17.0683 27.6698 19.0754 262.955 133.017 129.938 113.377 94.9951
internal_count=2339 636 203 433 308 125 141 187 132 1703 806 897 692 595
is_linear=0
shrinkage=0.05


Tree=72
num_leaves=15
num_cat=0
split_feature=6 3 0 6 16 4 10 6 16 2 16 6 8 16
split_gain=4.13786 4.09495 4.81324 4.38297 5.68017 4.29247 4.24609 3.42765 2.76247 9.60957 9.46671 11.7725 11.1819 7.92029
threshold=-22.123105499999998 -5.4916104999999993 -4.7288429999999986 -11.103275499999999 505.50000000000006 -0.51155799999999985 2.5000000000000004 -8.2418664999999987 183.50000000000003 48.871490500000007 105.50000000000001 -12.148921499999998 62.500000000000007 297.50000000000006
decision_type=2 2 2 2 2 2 2 2 2 2 2 2 2 2
left_child=-1 3 6 4 5 -2 -3 -8 9 10 12 -12 -4 -10
right_child=1 2 8 -5 -6 -7 7 -9 13 -11 11 -13 -14 -15
leaf_value=0.053605975693726132 -0.038882808570248464 0.050719692091977214 -0.010421187467885729 -0.060631833853905429 0.045852600446245777 0.021208058666794444 0.041805590728686066 -0.025890079458495027 0.017175825891257986 0.071289131284147406 0.050695296091818734 -0.056773047003048041 0.096615425937975119 -0.0032833608312737893
leaf_weight=3.5378217101097098 11.162017293274404 8.8112572655081767 13.984337836503984 5.327784612774848 3.7456314116716376 4.050244644284251 3.0441737771034241 4.8474080413579932 60.251370280981064 3.1447420269250861 2.9597530812025097 18.33002295717597 2.9557322636246672 220.14669520407915
leaf_count=21 66 53 145 32 21 24 16 29 347 13 21 203 22 1373
internal_value=-0.000206445 -0.00073125 0.00069172 -0.0205635 -0.00930303 -0.0228837 0.0268618 0.000223492 -0.000666737 -0.0127272 -0.0196383 -0.0418326 0.00825474 0.00111287
internal_weight=366.299 362.761 338.475 24.2857 18.9579 15.2123 16.7028 7.89158 321.773 41.3746 38.2298 21.2898 16.9401 280.398
internal_count=2386 2365 2222 143 111 90 98 45 2124 404 391 224 167 1720
is_linear=0
shrinkage=0.05


Tree=73
num_leaves=15
num_cat=0
split_feature=16 2 16 13 8 16 8 20 7 16 19 16 7 8
split_gain=3.80389 9.24435 7.2867 8.85044 5.99692 3.87019 8.93154 9.92191 17.9795 12.0712 8.35492 7.58173 7.44426 6.89772
threshold=183.50000000000003 30.061026500000001 105.50000000000001 9.6354640000000007 62.500000000000007 315.50000000000006 37.500000000000007 1.0000000180025095e-35 -9.8321884999999991 231.50000000000003 1.0000000180025095e-35 324.50000000000006 -4.6964894999999993 57.500000000000007
decision_type=2 2 2 2 2 2 2 2 2 2 2 2 2 2
left_child=1 2 4 -4 -1 6 -2 8 9 -8 -11 -7 -9 -13
right_child=5 -3 3 -5 -6 11 7 12 -10 10 -12 13 -14 -15
leaf_value=-0.01447880282247126 -0.041326473560488977 0.039110801601671338 -0.055223363922239949 0.049874042970919727 0.054266524663937422 -0.061219360942894388 -0.010000747357377666 0.073820448348968795 -0.05899955810690715 0.00062323025493674891 0.057996685953797783 0.0051311853648719104 -0.0060789635386867043 -0.017443152673420222
leaf_weight=15.086795050650837 7.0591042339801779 7.3355662971734992 17.612277343869213 2.2602628841996184 4.0170344933867446 4.998066008090972 20.359568491578102 11.392249926924704 8.5141791030764562 9.2347041368484515 20.281132891774178 186.46216366067529 3.9177896007895461 41.341421753168106
leaf_count=155 51 31 220 19 31 30 113 64 74 42 98 1153 25 246
internal_value=0.000994038 -0.0123819 -0.0220731 -0.0432698 -2.34628e-05 0.00296962 0.012401 0.0175471 0.008153 0.0196165 0.0400461 -0.000302108 0.0533744 0.00103443
internal_weight=359.872 46.3119 38.9764 19.8725 19.1038 313.56 80.7587 73.6996 58.3896 49.8754 29.5158 232.802 15.31 227.804
internal_count=2352 456 425 239 186 1896 467 416 327 253 140 1429 89 1399
is_linear=0
shrinkage=0.05


Tree=74
num_leaves=15
num_cat=0
split_feature=2 8 7 5 5 4 16 0 6 16 16 16 16 7
split_gain=3.88403 5.18628 9.97074 8.19751 6.17363 5.5729 5.02706 12.5535 9.22702 8.68747 8.03421 7.85812 6.51933 5.67882
threshold=-13.342830999999999 57.500000000000007 -7.4350499999999995 38.488631500000004 11.721660000000002 -0.15141749999999995 586.50000000000011 -1.0629434999999996 -4.5289444999999988 628.50000000000011 715.50000000000011 550.50000000000011 725.50000000000011 -12.790780999999997
decision_type=2 2 2 2 2 2 2 2 2 2 2 2 2 2
left_child=-1 5 3 4 -3 -2 11 10 12 -10 -8 13 -9 -7
right_child=1 2 -4 -5 -6 6 7 8 9 -11 -12 -13 -14 -15
leaf_value=0.015978557995799079 0.015503105333815305 0.023363534823088346 0.031438107454502449 0.046048385926278711 -0.03626887889305188 -0.019839217395254131 0.067348523705128699 -0.055120626014189704 0.070037121434245397 0.0016035297294881628 -0.0040408408570187506 -0.048647176847888669 -0.00032136256110716209 0.0027342178531412987
leaf_weight=33.846508417278528 54.023014262318611 4.8509225472807875 9.6247020848095399 3.8397264480590811 41.229667130857706 41.363213054835796 12.206624895334246 11.462082810699942 5.4838028177618972 30.054553467780352 5.8202345743775359 11.023629091680048 10.308709338307379 85.354193978011608
leaf_count=191 329 40 65 19 280 259 69 72 31 233 39 67 60 613
internal_value=-0.000144395 -0.00181503 -0.0151587 -0.0241426 -0.0299914 0.00115968 -0.00247691 0.00790767 -0.00353952 0.0121633 0.0442994 -0.00815665 -0.0291726 -0.00463422
internal_weight=360.492 326.645 59.545 49.9203 46.0806 267.1 213.077 75.336 57.3091 35.5384 18.0269 137.741 21.7708 126.717
internal_count=2367 2176 404 339 320 1772 1443 504 396 264 108 939 132 872
is_linear=0
shrinkage=0.05


Tree=75
num_leaves=15
num_cat=0
split_feature=7 7 4 6 16 19 4 16 16 5 16 7 7 16
split_gain=3.21896 11.5561 8.58462 5.90291 12.5686 10.26 5.92211 6.43649 5.88075 12.611 8.17915 9.49133 9.1447 10.6215
threshold=-11.346329999999998 -11.788986 -0.3489934999999999 -5.2984354999999992 574.50000000000011 1.0000000180025095e-35 0.46237650000000002 279.50000000000006 445.50000000000006 36.720007500000001 460.50000000000006 -9.6145504999999982 -7.8904974999999995 547.50000000000011
decision_type=2 2 2 2 2 2 2 2 2 2 2 2 2 2
left_child=1 3 -3 -1 6 -6 -5 -8 -2 10 -10 -12 -13 -14
right_child=8 2 -4 4 5 -7 7 -9 9 -11 11 12 13 -15
leaf_value=0.0070790575639985785 -0.013547697041532218 -0.047348242783879384 0.069526392352273356 -0.062879055534725253 -0.037329063975806376 0.058724582727011046 0.045675017305330197 -0.041290210468356264 0.076755571999928301 -0.044585776392547807 -0.036596599731417573 0.045315930000667609 0.042615149522677698 -0.0085881817716444743
leaf_weight=129.64705869928002 82.541115406900644 1.844170108437537 10.613114133477209 11.996322613209488 4.3415580838918668 7.729849461466074 3.35257890075445 5.8232110515236855 4.4849871620535842 11.555247403681276 10.668292693793772 17.569264583289616 13.387833438813692 41.596694227308035
leaf_count=761 655 12 58 88 22 66 16 39 28 89 71 88 78 281
internal_value=0.000975562 0.00580896 0.0522243 0.00225928 -0.0165375 0.0241783 -0.0397518 -0.00951553 -0.00368621 0.00451407 0.0109829 0.00743828 0.0139132 0.00387899
internal_weight=357.151 175.348 12.4573 162.891 33.2435 12.0714 21.1721 9.17579 181.803 99.2623 87.7071 83.2221 72.5538 54.9845
internal_count=2352 1062 70 992 231 88 143 55 1290 635 546 518 447 359
is_linear=0
shrinkage=0.05


Tree=76
num_leaves=15
num_cat=0
split_feature=5 6 0 7 7 7 2 18 18 18 3 18 7 8
split_gain=3.45016 4.19146 3.35405 6.14358 6.13285 6.80164 7.25428 7.68946 7.56721 7.42631 9.79992 6.22229 8.56929 5.55801
threshold=10.415935000000003 -1.0896519999999998 -1.4799349999999998 -32.354953999999992 -26.344495999999996 -23.941125499999995 10.037865000000002 189.50000000000003 294.50000000000006 505.50000000000006 0.42119500000000004 264.50000000000006 -12.293161499999998 57.500000000000007
decision_type=2 2 2 2 2 2 2 2 2 2 2 2 2 2
left_child=-1 2 -2 -4 -5 -6 7 -7 11 -10 -11 12 -8 -9
right_child=1 -3 3 4 5 6 8 13 9 10 -12 -13 -14 -15
leaf_value=-0.053786384288574796 0.006718349873858203 0.059052715820489633 -0.062810745898767589 0.043708571742497176 -0.036257666399643111 -0.028122893820588857 0.024144961681172378 0.014251443593545951 -0.057032234894834936 0.040550736646462887 -0.024039275195828984 0.060106265601935473 -0.06422917731634685 -0.014929318709883356
leaf_weight=2.9735751822590819 116.76806781440973 3.0095593966543666 4.3080209195613852 6.9501403495669356 15.21399877220392 15.314358118921517 8.3120049685239792 100.2934887483716 12.656825505197046 7.0260647460818282 35.772277656942606 5.2069366946816436 4.0941819995641717 19.488860979676247
leaf_count=48 721 42 21 37 80 197 47 563 126 36 254 28 34 123
internal_value=-0.000152916 0.000297074 -0.00020613 -0.00365212 -0.00254563 -0.00398477 -0.00162607 0.00523838 -0.0143178 -0.023386 -0.0134357 0.0142335 -0.0050195 0.00950367
internal_weight=357.388 354.415 351.405 234.637 230.329 223.379 208.165 135.097 73.0683 55.4552 42.7983 17.6131 12.4062 119.782
internal_count=2357 2309 2267 1546 1525 1488 1408 883 525 416 290 109 81 686
is_linear=0
shrinkage=0.05


Tree=77
num_leaves=15
num_cat=0
split_feature=6 13 10 6 6 4 7 7 7 4 16 16 6 6
split_gain=3.13264 4.44079 4.2996 3.69983 5.43505 3.61042 4.66916 10.2682 8.97857 5.82628 4.06758 7.61216 5.97758 7.48282
threshold=-20.264350499999995 15.759381500000002 3.5000000000000004 -8.4566279999999967 -6.7229154999999992 0.90818900000000002 -7.2716629999999993 -9.1463144999999972 -7.2270284999999985 -0.083846999999999991 637.50000000000011 805.50000000000011 -5.2984354999999992 -8.0663599999999978
decision_type=2 2 2 2 2 2 2 2 2 2 2 2 2 2
left_child=-1 2 5 -4 -5 6 7 10 -8 -10 12 -12 13 -2
right_child=1 -3 3 4 -6 -7 8 -9 9 -11 11 -13 -14 -15
leaf_value=0.036964654374475513 -0.012226926362988964 -0.049776072390481568 0.043473213841449303 -0.047710028893190773 0.01637019537742444 0.019769828978093415 0.07053722492265406 -0.035894990300517786 0.033575369245758623 -0.0041086885937487681 0.027632770855545104 -0.029876482208435636 -0.023293262773255347 0.012532369808777805
leaf_weight=5.5585849285125724 66.121016040444374 4.5805572494864455 9.2770495228469354 3.9019724614918223 21.773869410157207 17.828025974333286 5.2327375635504714 27.100229814648628 12.491435568779705 57.337925773113966 23.47343580797315 7.6225434839725486 38.891932118684053 56.670607108622789
leaf_count=31 396 27 51 28 151 129 27 221 92 422 167 44 256 332
internal_value=-0.000278288 -0.000865902 -0.000221607 0.0164102 0.00663189 -0.00208025 -0.003401 -0.00707669 0.00736622 0.00263243 -0.00302552 0.0135356 -0.00621065 -0.000800053
internal_weight=357.862 352.303 347.723 34.9529 25.6758 312.77 294.942 219.88 75.0621 69.8294 192.78 31.096 161.684 122.792
internal_count=2374 2343 2316 230 179 2086 1957 1416 541 514 1195 211 984 728
is_linear=0
shrinkage=0.05


Tree=78
num_leaves=15
num_cat=0
split_feature=5 6 2 7 7 4 16 16 2 7 5 5 16 5
split_gain=2.88733 3.4314 2.66133 9.46206 13.1841 8.92556 10.8012 9.0047 8.46296 7.73501 21.3444 12.8134 7.51852 10.819
threshold=10.172116500000001 -1.1323529999999999 6.6265090000000013 -7.4350499999999995 -8.9462234999999968 0.84378450000000005 234.50000000000003 276.50000000000006 0.58536050000000006 -14.245439499999998 23.759666000000006 19.974751500000004 386.50000000000006 16.869136000000005
decision_type=2 2 2 2 2 2 2 2 2 2 2 2 2 2
left_child=-1 2 3 4 5 6 -2 -8 9 11 12 -9 -11 -14
right_child=1 -3 -4 -5 -6 -7 7 8 -10 10 -12 -13 13 -15
leaf_value=-0.053595123564962911 -0.022898141475106586 0.05135341163551399 -0.00567198931475599 0.026630541708180605 -0.055195409080157867 0.072776624782110166 0.052864607217388587 0.068867507345188608 -0.027457854897887185 -0.033941474022083529 0.076707304295846768 -0.0099292475204526762 0.091033326662830968 -0.0038375269976358688
leaf_weight=2.4949912019073954 38.829129200428724 3.271296437829732 132.67695677652955 36.25035223737359 10.699232228100298 4.3441492468118659 9.9660851359367353 5.7158890217542568 18.716609083116055 10.176540374755868 13.722845032811163 52.980009563267231 4.0984042659401885 11.265308789908884
leaf_count=42 326 49 895 257 100 27 52 37 98 62 60 268 18 71
internal_value=3.39235e-06 0.000382533 -9.46307e-05 0.00331915 -0.00136218 0.0020296 0.000172259 0.00724579 0.00334916 0.00923533 0.026414 -0.00225591 -0.000608699 0.0214701
internal_weight=355.208 352.713 349.442 216.765 180.514 169.815 165.471 126.642 116.676 97.959 39.2631 58.6959 25.5403 15.3637
internal_count=2362 2320 2271 1376 1119 1019 992 666 614 516 211 305 151 89
is_linear=0
shrinkage=0.05


Tree=79
num_leaves=15
num_cat=0
split_feature=2 5 7 7 7 0 5 8 12 5 6 4 2 13
split_gain=4.04968 4.13718 4.12781 8.16788 4.68805 6.88677 9.86897 4.13571 4.01274 3.80194 3.70208 4.55601 7.45497 3.82044
threshold=52.573757000000008 61.281258000000008 -23.172414999999997 -19.412206999999999 -24.520225499999995 -1.5874204999999997 31.190792000000005 57.500000000000007 7.2940215000000004 51.87092950000001 -12.874794499999998 -0.41825099999999993 -11.644047999999998 6.1696240000000007
decision_type=2 2 2 2 2 2 2 2 2 2 2 2 2 2
left_child=1 2 4 -4 5 6 -1 8 -7 10 -5 12 -12 -13
right_child=-2 -3 3 9 -6 7 -8 -9 -10 -11 11 13 -14 -15
leaf_value=-0.026890624113314516 -0.044790993417503311 0.034803294716299581 0.034834617891311467 0.040941961453115419 -0.059252931379024355 -0.05724295230967013 0.070282643757574356 0.015982530462450194 0.0004932638323072886 -0.051365653792021571 0.043612387764954207 -0.00065144008494808815 -0.047309648517103932 0.024243125437133226
leaf_weight=5.0127549469470996 4.9826050214469424 8.6259703002870065 17.422533605247736 5.4765281006693831 5.4396839514374724 9.9995958060026187 5.4576358944177628 4.3145505338907233 4.305064156651496 3.6157976686954489 2.8389639630913726 249.93347520753741 10.950651478022335 16.424221072345972
leaf_count=26 52 56 107 26 42 48 29 21 24 35 15 1707 78 107
internal_value=-3.19214e-05 0.000605602 -0.000258981 0.00158643 -0.0166485 -0.00868161 0.0237604 -0.0269252 -0.0398669 -0.000416291 0.000228693 -0.000567201 -0.0285909 0.000883615
internal_weight=354.8 349.817 341.191 306.662 34.5293 29.0896 10.4704 18.6192 14.3047 289.24 285.624 280.147 13.7896 266.358
internal_count=2373 2321 2265 2075 190 148 55 93 72 1968 1933 1907 93 1814
is_linear=0
shrinkage=0.05


Tree=80
num_leaves=15
num_cat=0
split_feature=2 16 7 6 6 6 20 17 8 16 7 7 4 7
split_gain=3.22948 5.43366 7.62938 6.66685 6.16985 5.63818 9.31555 13.6283 7.44187 8.21359 7.58264 8.00225 6.86769 6.73405
threshold=0.76181300000000018 538.50000000000011 -23.941125499999995 -6.8924969999999997 -10.035755499999999 -5.0945639999999992 1.0000000180025095e-35 -2.7741379999999993 47.500000000000007 327.50000000000006 -6.4936539999999985 -10.968397999999999 0.29046700000000009 -7.8486469999999988
decision_type=2 2 2 2 2 2 2 2 2 2 2 2 2 2
left_child=1 5 -3 4 -4 8 -7 -8 9 12 11 -10 -1 -9
right_child=-2 2 3 -5 -6 6 7 13 10 -11 -12 -13 -14 -15
leaf_value=-0.047150596148017754 -0.0041985938661348093 -0.018068558243760892 0.047404422470276673 0.052439113075827264 -0.030741901986976534 -0.034781026136785617 0.10389861011947417 -0.052691796298860838 0.0044163717123162898 0.069557100863679625 0.07795727266882177 -0.040859033926652771 0.051228165555553519 0.033721791027100462
leaf_weight=3.8816841617226627 183.65077245980501 9.0403000861406309 4.3827883005142212 18.606991030275825 5.9612323343753797 23.562312621623278 3.4076470881700507 4.9514545835554591 63.028815064579248 9.0247267186641675 3.0406719446182242 11.547547120600937 3.2670682407915592 4.1391661167144767
leaf_count=34 1261 45 26 122 30 190 17 54 376 38 16 98 22 24
internal_value=0.000383168 0.00539647 0.0220285 0.0345493 0.0023689 0.000530323 -0.0162724 0.0186209 0.00699064 0.0378444 0.000561469 -0.00259416 -0.00219029 -0.0133457
internal_weight=351.493 167.842 37.9913 28.951 10.344 129.851 36.0606 12.4983 93.7905 16.1735 77.617 74.5764 7.14875 9.09062
internal_count=2353 1092 223 178 56 869 285 95 584 94 490 474 56 78
is_linear=0
shrinkage=0.05


Tree=81
num_leaves=15
num_cat=0
split_feature=2 6 0 5 16 13 6 3 6 16 16 16 2 5
split_gain=2.95225 4.53337 5.95199 5.20662 6.80202 5.48893 5.05668 4.85097 5.39034 4.23735 4.14957 4.97164 4.05204 3.55467
threshold=-13.342830999999999 -7.4960949999999995 -5.7934444999999988 38.488631500000004 297.50000000000006 8.4089595000000017 -7.2954159999999995 3.5876590000000008 -11.164909999999997 710.50000000000011 725.50000000000011 705.50000000000011 20.147761500000005 35.578937500000002
decision_type=2 2 2 2 2 2 2 2 2 2 2 2 2 2
left_child=-1 2 -2 9 7 -6 -3 8 -5 12 11 -8 -4 -12
right_child=1 6 3 4 5 -7 10 -9 -10 -11 13 -13 -14 -15
leaf_value=0.013390094897843031 0.021507538613076103 0.047300611346520888 -0.025545108701246589 0.013107644411680879 -0.037303144058328158 0.033962011373331449 -0.00081208340832604356 -0.011523316432801248 0.09203933372508738 -0.069996532172490689 0.023389656776788129 -0.057031699140094871 0.029298736305546792 -0.037790075335006196
leaf_weight=35.232383243739605 12.124058946967123 5.9964151903986922 41.864489912986755 4.8023977950215331 12.561227828264238 3.4423836767673484 181.7898362390697 5.4287820681929579 3.9355388134717968 4.915823057293891 27.242415733635429 4.0194044113159171 3.6625309437513343 2.6009145453572264
leaf_count=204 74 30 278 28 93 21 1252 32 17 34 228 22 23 20
internal_value=-0.00033484 -0.00187296 -0.0111552 -0.0160676 0.000363002 -0.021974 0.00201072 0.0255963 0.0486582 -0.025895 0.000751394 -0.00202822 -0.0211331 0.0180577
internal_weight=349.619 314.386 92.7372 80.6132 30.1703 16.0036 221.649 14.1667 8.73794 50.4428 215.653 185.809 45.527 29.8433
internal_count=2356 2152 600 526 191 114 1552 77 45 335 1522 1274 301 248
is_linear=0
shrinkage=0.05


Tree=82
num_leaves=15
num_cat=0
split_feature=16 16 16 5 0 22 16 22 16 2 16 6 5 13
split_gain=2.8802 3.31245 5.88716 5.41725 3.79677 4.74254 3.72139 8.8666 4.24879 15.9095 5.51082 4.4036 5.54772 3.68971
threshold=892.50000000000011 745.50000000000011 760.50000000000011 28.512030500000005 1.3518280000000003 1.0000000180025095e-35 705.50000000000011 1.0000000180025095e-35 640.50000000000011 20.528792500000005 679.50000000000011 -3.0472509999999997 35.578937500000002 7.4437155000000006
decision_type=2 2 2 2 2 2 2 2 2 2 2 2 2 2
left_child=1 6 -3 4 -4 -6 8 -8 -1 10 -10 12 -11 -5
right_child=-2 2 3 13 5 -7 7 -9 9 11 -12 -13 -14 -15
leaf_value=-0.001677241878255692 -0.042077431780755362 0.069162679402969524 0.056703175530873173 -0.026966027211738203 0.053784390931964181 -0.032828052401597772 -0.070178382050940513 0.01558747036438876 0.066913130666396356 0.041656834151433425 0.0045710142485919187 -0.074808265501586507 -0.046298910331708597 0.039562588335274845
leaf_weight=273.14320923388004 3.9833328723907462 4.4896542727947262 6.6815549507737177 11.216742344200609 2.698517169803381 3.8147077783942223 6.1431343927979452 5.9151041135191917 12.138998858630663 3.2687532603740692 5.0069272816181174 3.5128917843103391 3.9703430682420731 2.5596715360879889
leaf_count=1824 37 25 62 78 55 22 35 35 67 15 29 19 36 16
internal_value=0.000195478 0.00068418 0.0161498 0.00732523 0.0302221 0.00305665 -0.000869838 -0.0281064 0.000221126 0.0188077 0.0487081 -0.0288737 -0.00658323 -0.0146049
internal_weight=348.544 344.56 31.4608 26.9712 13.1948 6.51322 313.099 12.0582 301.041 27.8979 17.1459 10.752 7.2391 13.7764
internal_count=2355 2318 258 233 139 77 2060 70 1990 166 96 70 51 94
is_linear=0
shrinkage=0.05


Tree=83
num_leaves=15
num_cat=0
split_feature=16 16 6 5 16 7 4 8 7 7 5 16 16 16
split_gain=3.11917 3.07775 6.84399 12.1495 5.00617 4.66347 9.38748 3.54718 10.6095 7.25739 14.8631 4.67383 3.83102 7.37529
threshold=43.500000000000007 105.50000000000001 -3.7139284999999993 18.262194500000003 117.50000000000001 -19.595347499999999 -0.28786849999999992 57.500000000000007 -15.521558499999999 -22.316093499999997 34.793238000000009 186.50000000000003 598.50000000000011 622.50000000000011
decision_type=2 2 2 2 2 2 2 2 2 2 2 2 2 2
left_child=-1 2 3 -2 -3 6 -5 12 9 10 -9 -11 -6 -14
right_child=1 4 -4 5 7 -7 -8 8 -10 11 -12 -13 13 -15
leaf_value=-0.053615195033060559 0.092122115684958372 -0.057512759733183476 -0.054888836418522192 -0.041413011111286646 -0.00064487955717078055 -0.05724769414162803 0.087101275143227672 -0.070382981207647119 -0.025377552342699318 -0.012433096258169844 0.041355240491855377 0.05568273815725016 0.062969898360060603 0.007994398380592526
leaf_weight=2.6130931265652171 5.6860044822096851 3.7206056527793399 2.4453914798796168 2.837902620434761 174.72886028885841 2.6628806181251985 2.8460071906447411 5.817429147660734 40.71385970339179 3.2839771211147299 6.0933148637413979 10.80195541679859 6.6530000567436209 73.490871947258711
leaf_count=46 37 31 34 27 1123 28 16 33 285 37 32 53 44 521
internal_value=0.000804805 0.00122087 0.0223024 0.0357539 0.000152994 -0.00264521 0.0229358 0.000820166 -0.00944413 0.0155095 -0.0132198 0.0398023 0.00350675 0.0125581
internal_weight=344.395 341.782 16.4782 14.0328 325.304 8.34679 5.68391 321.583 66.7105 25.9967 11.9107 14.0859 254.873 80.1439
internal_count=2347 2301 142 108 2159 71 43 2128 440 155 65 90 1688 565
is_linear=0
shrinkage=0.05


Tree=84
num_leaves=15
num_cat=0
split_feature=18 8 18 7 4 3 6 8 18 18 18 18 5 18
split_gain=2.6915 3.43092 3.93466 2.93414 5.6004 2.62641 5.99449 6.12353 6.63314 11.3609 10.7599 6.95899 6.46208 7.92495
threshold=61.500000000000007 67.500000000000014 351.50000000000006 -14.655997999999999 -0.6730894999999999 0.42119500000000004 -3.1051594999999996 52.500000000000007 330.50000000000006 285.50000000000006 430.50000000000006 586.50000000000011 15.539791500000002 195.50000000000003
decision_type=2 2 2 2 2 2 2 2 2 2 2 2 2 2
left_child=-1 5 3 4 -3 6 7 -2 9 12 -10 -12 13 -9
right_child=1 2 -4 -5 -6 -7 -8 8 10 -11 11 -13 -14 -15
leaf_value=-0.035375818747462998 0.019973273034500562 -0.029978190226542425 -0.05878237835357325 -0.046906662394260223 0.057894422530011293 -0.0022857115293448641 -0.03867469080878095 0.063114198060311655 -0.044724017494260936 0.069629209392275543 0.027019702002647857 -0.018866786119301579 -0.014085614243250161 -0.023637644831861846
leaf_weight=5.0985362567007533 68.510967474430799 3.7370396107435218 4.9220174103975287 2.8908246308565131 3.5222247913479805 158.94462519325316 6.9697260223329058 7.4453480206429941 16.744722727686167 7.7472741752862921 16.814075648784637 16.246090553700924 21.200454503297806 4.0725634545087814
leaf_count=77 424 23 30 26 25 1100 66 46 121 35 90 100 161 29
internal_value=0.00068286 0.00122395 -0.0220964 -0.00430651 0.012658 0.00230647 0.00671006 0.00870223 0.000148055 0.0151846 -0.0120689 0.00447063 0.0022929 0.03244
internal_weight=344.866 339.768 15.0721 10.1501 7.25926 324.696 165.751 158.781 90.2705 40.4656 49.8049 33.0602 32.7184 11.5179
internal_count=2353 2276 104 74 48 2172 1072 1006 582 271 311 190 236 75
is_linear=0
shrinkage=0.05


Tree=85
num_leaves=15
num_cat=0
split_feature=16 16 2 8 16 3 16 16 2 16 19 16 6 2
split_gain=2.88252 5.15641 6.70439 4.94668 6.88652 7.39095 7.88255 6.03692 8.03872 7.06662 7.69638 7.98476 6.93472 4.82649
threshold=598.50000000000011 559.50000000000011 -2.4020774999999994 57.500000000000007 619.50000000000011 -0.13460649999999999 715.50000000000011 720.50000000000011 20.147761500000005 760.50000000000011 1.0000000180025095e-35 877.50000000000011 -4.5289444999999988 -4.5157459999999991
decision_type=2 2 2 2 2 2 2 2 2 2 2 2 2 2
left_child=1 -1 -3 4 -2 6 -6 8 12 -9 -11 -12 -7 -5
right_child=3 2 -4 13 5 7 -8 9 -10 10 11 -13 -14 -15
leaf_value=-0.00038374694070170541 0.066776277383567617 0.01174197629425093 -0.052138257694853196 0.026735747285586409 0.066272923938716477 -0.038314503417614269 0.0033456079708820887 0.060579337925024825 -0.053534645104017342 -0.022813353332967107 0.060743110144421422 -0.066583664703720111 0.027480258123295812 -0.043690226669056365
leaf_weight=234.96980885416269 5.428114525973796 6.5296138823032406 11.072347685694693 3.4758318811655036 9.8793454766273516 6.384079463779929 10.027960196137427 6.5888326764106777 9.9566461220383626 12.9914725497365 7.0088974703103304 1.4937043488025663 10.746020033955576 8.1070664748549444
leaf_count=1626 38 35 68 17 53 36 78 35 68 87 109 8 59 51
internal_value=0.000421921 -0.0023391 -0.0284413 0.00799464 0.0123903 0.00845814 0.0345744 -0.000965584 -0.0178067 0.0152781 0.0013914 0.0383748 0.00295974 -0.0225566
internal_weight=344.66 252.572 17.602 92.088 80.5051 75.077 19.9073 55.1697 27.0867 28.0829 21.4941 8.5026 17.1301 11.5829
internal_count=2368 1729 103 639 571 533 131 402 163 239 204 117 95 68
is_linear=0
shrinkage=0.05


Tree=86
num_leaves=15
num_cat=0
split_feature=5 2 0 4 7 7 2 16 1 1 13 5 33 22
split_gain=2.31034 4.83936 3.84036 2.6944 5.44902 5.65755 6.75279 9.19703 6.18016 4.38202 5.11171 3.81142 3.74314 3.39431
threshold=59.299730000000004 3.0969575000000007 2.1632420000000003 -0.3957119999999999 -12.008987499999998 -13.582623499999999 -2.5382514999999999 207.50000000000003 -13.898823999999999 -6.1587109999999994 6.6537680000000012 27.497918500000004 -16.999999999999996 1.0000000180025095e-35
decision_type=2 2 2 2 2 2 2 2 2 2 2 2 2 2
left_child=3 -2 -3 4 5 6 7 12 -9 10 -5 -12 -1 -10
right_child=1 2 -4 9 -6 -7 -8 8 13 -11 11 -13 -14 -15
leaf_value=-0.065060164186216851 0.065724222474446509 0.039045208313990255 -0.036013583582325009 0.066955140695232424 -0.057561995613462147 0.04525685944192584 -0.056338724808526308 0.084183654108722084 0.038563701701470943 -0.00084834814571248338 -0.028494078293989769 0.028454510210107149 -0.00077010329419856271 -0.017408003201177323
leaf_weight=5.6059897541999817 4.0529977306723577 3.0368308126926422 3.8833396323025227 5.1135704107582596 5.8651249073445788 4.7485117986798278 7.0531916320323971 3.3315352797508249 4.7295473814010585 273.86140220053494 4.6167901642620555 8.0801829695701581 3.7979072965681571 6.3391549065709114
leaf_count=40 28 25 28 31 47 24 50 17 29 1902 37 46 30 31
internal_value=-0.000237448 0.0223364 -0.00307497 -0.000980992 -0.0129061 -0.00555018 -0.0133687 -0.000636602 0.0244786 0.000714558 0.0247464 0.00774724 -0.0390956 0.00650815
internal_weight=344.116 10.9732 6.92017 333.143 41.471 35.6058 30.8573 23.8041 14.4002 291.672 17.8105 12.697 9.4039 11.0687
internal_count=2365 81 53 2284 268 221 197 147 77 2016 114 83 70 60
is_linear=0
shrinkage=0.05


Tree=87
num_leaves=15
num_cat=0
split_feature=16 8 2 5 7 7 0 5 5 2 5 7 7 7
split_gain=3.51583 2.57963 3.097 6.3589 2.91455 6.4409 6.78547 5.03831 4.26479 3.16764 5.26787 4.65101 12.8038 9.49124
threshold=61.500000000000007 67.500000000000014 -12.036897999999999 26.828688000000003 -19.595347499999999 -21.153106499999996 -1.5874204999999997 61.281258000000008 51.87092950000001 34.684217000000011 48.197055000000013 -12.790780999999997 -11.295414999999997 -13.389685999999998
decision_type=2 2 2 2 2 2 2 2 2 2 2 2 2 2
left_child=-1 4 3 -3 5 6 -2 -8 9 10 11 13 -13 -6
right_child=1 2 -4 -5 8 -7 7 -9 -10 -11 -12 12 -14 -15
leaf_value=-0.043798268271573536 0.034912155036854152 0.04699165974496905 -0.048396171857996162 -0.038609142857698828 -0.0049719508902990716 0.04940076033793054 -0.019425032312873319 0.036071010700706868 -0.039407903054693758 0.021017445122219695 0.056565445033554457 0.03628261890538801 -0.00338357015164594 -0.054054997794883708
leaf_weight=4.6647411026060572 12.001038227230309 3.810004994273184 5.9526159614324561 5.038760133087635 55.935913547873497 9.3324155639857036 23.740503601729873 4.9409689679741851 7.1076474487781516 16.557375885546207 3.8392497673630706 23.35488111898303 157.81178623065352 11.95403730124235
leaf_count=74 76 24 52 26 351 64 128 28 74 126 25 127 1118 94
internal_value=-0.000683821 -9.4685e-05 -0.0205108 -0.00175208 0.000830632 0.011938 0.00334413 -0.00986471 -0.00117808 -0.000169656 -0.0015568 -0.00245276 0.00172995 -0.0136145
internal_weight=346.042 341.377 14.8014 8.84877 326.576 50.0149 40.6825 28.6815 276.561 269.453 252.896 249.057 181.167 67.89
internal_count=2387 2313 102 50 2211 296 232 156 1915 1841 1715 1690 1245 445
is_linear=0
shrinkage=0.05


Tree=88
num_leaves=15
num_cat=0
split_feature=16 16 16 2 19 5 4 3 5 5 7 8 26 16
split_gain=2.87321 7.24995 4.55676 9.2626 7.31863 9.34024 6.62013 8.18567 6.20084 6.14797 5.91168 5.82934 6.78864 6.83479
threshold=315.50000000000006 324.50000000000006 231.50000000000003 26.972924000000003 1.0000000180025095e-35 37.65539900000001 -0.14075499999999999 5.4738205000000013 14.690737500000003 61.281258000000008 -12.008987499999998 47.500000000000007 1.0000000180025095e-35 105.50000000000001
decision_type=2 2 2 2 2 2 2 2 2 2 2 2 2 2
left_child=2 -2 3 8 5 -4 10 -8 11 -10 -6 -1 -13 -14
right_child=1 -3 4 -5 6 -7 7 -9 9 -11 -12 12 13 -15
leaf_value=-0.041117556464189922 -0.062017784027683855 -0.0022541700888750672 -0.062144211520616791 0.046562125229027668 0.08567744837007954 0.023051917748784911 -0.005761959777476248 0.05411361880037191 -0.025070078447081673 0.034711470414973536 0.010214078323422325 0.084901325226052093 0.056649689513050876 -0.023652918325801086
leaf_weight=3.6494381725788143 5.1967660114169112 215.85546129196882 5.7820631340146047 8.6067841723561269 7.6692221462726593 7.2519110068678856 16.819848820567135 8.6404462009668332 40.384248398244381 4.8132693953812113 3.9226663932204229 4.023758411407468 4.4643013887107372 6.519166748970747
leaf_count=55 33 1408 44 39 39 33 108 56 385 35 26 20 39 60
internal_value=-0.000254837 -0.00365917 0.00588594 -0.00212997 0.0174828 -0.0147423 0.0288187 0.014558 -0.00869309 -0.0187037 0.0601408 0.0155585 0.029341 0.00898659
internal_weight=343.599 221.052 122.547 72.461 50.0862 13.034 37.0522 25.4603 63.8542 45.1975 11.5919 18.6567 15.0072 10.9835
internal_count=2380 1441 939 633 306 77 229 164 594 420 65 174 119 99
is_linear=0
shrinkage=0.05


Tree=89
num_leaves=15
num_cat=0
split_feature=16 16 5 12 5 16 16 8 4 2 16 8 16 16
split_gain=2.458 4.19191 3.06047 2.54724 8.40998 9.01422 7.4681 7.88741 6.767 6.49806 6.09107 5.21924 5.00508 10.4011
threshold=892.50000000000011 865.50000000000011 28.641001000000006 9.057612500000003 36.720007500000001 430.50000000000006 643.50000000000011 42.500000000000007 0.24167200000000003 10.418583000000002 237.50000000000003 42.500000000000007 430.50000000000006 406.50000000000006
decision_type=2 2 2 2 2 2 2 2 2 2 2 2 2 2
left_child=1 3 -3 8 6 9 7 -5 12 -6 -11 -12 13 -1
right_child=-2 2 -4 4 5 -7 -8 -9 -10 10 11 -13 -14 -15
leaf_value=-0.0026382468542464157 -0.040265972859434826 0.071049497691459115 0.003019112136926004 -0.010097630794671665 0.052276172207068733 -0.055310235142286106 0.072221083375544878 0.058720010678952599 -0.020799168774155649 -0.067122371824825111 0.053377515203215931 -0.038502768684755467 0.0084039401737643175 -0.065586231681586699
leaf_weight=119.72656021267176 3.8201285079121581 3.5522849820554248 3.0923180878162384 12.611697278916841 5.765848200768235 7.9416973441839209 7.2919263448566189 6.2157332375645629 43.083892576396465 3.5344985872507078 3.6795246340334415 2.6651371642947197 112.47646989300847 6.9428223855793467
leaf_count=902 36 28 15 78 35 71 90 36 306 21 28 30 651 47
internal_value=-0.0003832 6.67886e-05 0.039389 -0.000720353 0.00971661 -0.011926 0.0292607 0.012622 -0.0025585 0.0100966 -0.014521 0.0147823 0.000727689 -0.00608846
internal_weight=342.401 338.58 6.6446 331.936 49.7061 23.5867 26.1194 18.8274 282.23 15.645 9.87916 6.34466 239.146 126.669
internal_count=2374 2338 43 2295 389 185 204 114 1906 114 79 58 1600 949
is_linear=0
shrinkage=0.05


Tree=90
num_leaves=15
num_cat=0
split_feature=16 16 16 5 13 3 22 19 7 7 8 7 7 7
split_gain=2.61761 2.36488 5.57272 5.06211 4.88938 4.67467 6.07022 3.98569 2.40818 3.98683 3.53029 4.16152 3.38792 7.81952
threshold=43.500000000000007 745.50000000000011 760.50000000000011 29.142815500000005 8.5376030000000025 1.5524870000000004 1.0000000180025095e-35 1.0000000180025095e-35 -3.8766169999999995 -3.9591564999999993 32.500000000000007 -10.042532499999998 -7.2716629999999993 -7.2270284999999985
decision_type=2 2 2 2 2 2 2 2 2 2 2 2 2 2
left_child=-1 8 -3 5 7 -4 -7 -5 9 10 11 -2 -12 -14
right_child=1 2 3 4 -6 6 -8 -9 -10 -11 12 -13 13 -15
leaf_value=-0.053072669603069625 0.02079737597236974 0.064337626759344221 0.054043910709154722 -0.055856905199668717 0.048729653386259598 0.055602916546487684 -0.028565782543649328 0.0083733597343013926 -0.02807490911524517 0.040891896519975525 -0.0026491790576954506 -0.054113072940912645 0.068510731694336621 0.0049248545795000376
leaf_weight=2.293611377477645 2.6319512128829956 4.5799578465521327 7.0678520724177423 6.7589247673749906 2.2216733396053305 3.2627752739936096 6.236724741756916 3.7582473643124104 7.9299382492899886 5.7997707575559607 225.37953700870275 6.2722914181649667 5.3895783945918074 46.990710981190205
leaf_count=46 18 29 49 54 16 77 39 30 45 37 1486 56 29 339
internal_value=0.000159913 0.00052516 0.0130466 0.00503085 -0.0186675 0.0232528 0.000343481 -0.0329046 -0.00088733 -0.000150159 -0.000980519 -0.0319707 1.29451e-05 0.0114674
internal_weight=336.574 334.28 33.8862 29.3062 12.7388 16.5674 9.4995 10.5172 300.394 292.464 286.664 8.90424 277.76 52.3803
internal_count=2350 2304 294 265 100 165 116 84 2010 1965 1928 74 1854 368
is_linear=0
shrinkage=0.05


Tree=91
num_leaves=15
num_cat=0
split_feature=5 6 3 19 16 4 4 7 16 7 13 2 10 7
split_gain=2.20805 2.90001 2.88912 4.35031 4.76825 4.44391 3.71732 5.5713 4.89356 5.73289 4.1653 4.8414 3.54028 3.56259
threshold=10.172116500000001 -22.123105499999998 -5.4916104999999993 1.0000000180025095e-35 207.50000000000003 -0.65556149999999991 -0.15868649999999998 -16.829162499999999 574.50000000000011 -9.3086534999999984 3.2206600000000001 -0.34459949999999995 3.5000000000000004 -7.2716629999999993
decision_type=2 2 2 2 2 2 2 2 2 2 2 2 2 2
left_child=-1 -2 3 -3 5 -5 7 -4 10 -10 11 -9 13 -8
right_child=1 2 6 4 -6 -7 12 8 9 -11 -12 -13 -14 -15
leaf_value=-0.053032987932165265 0.049195540234064139 -0.044441327350517944 0.030493945227898264 -0.064739879805672682 0.028087682543191467 0.020130775985080174 -0.0089121694503119658 0.053987004989210788 -0.046008657884540519 0.025811782627363573 -0.00052911526424829017 -0.0030702774163460793 0.017259818124874576 0.0054054462239253925
leaf_weight=1.9618708360940207 2.9890885800123206 9.0226513221859932 23.623172707855701 3.8829231597483158 7.2506949827075005 2.5587758794426918 139.03507594764233 9.1572473049163801 9.424726337194441 3.9401666522026053 33.874284014105797 6.2589431777596465 20.726132273674011 63.195630246773362
leaf_count=39 20 61 139 26 39 19 957 47 59 23 253 49 140 483
internal_value=-0.000143312 0.000166484 -0.000275004 -0.0174859 0.000276459 -0.0310275 0.000989232 0.00980174 0.00200008 -0.0248349 0.00927628 0.0308219 -0.00242098 -0.00443802
internal_weight=336.901 334.94 331.95 22.715 13.6924 6.4417 309.235 86.2785 62.6554 13.3649 49.2905 15.4162 222.957 202.231
internal_count=2354 2315 2295 145 84 45 2150 570 431 82 349 96 1580 1440
is_linear=0
shrinkage=0.05


Tree=92
num_leaves=15
num_cat=0
split_feature=6 4 12 12 12 3 7 7 5 7 16 3 6 6
split_gain=2.82112 2.46391 3.96131 3.61686 4.24293 3.2388 3.15999 7.64518 4.36931 5.98708 4.80684 3.46138 5.0261 11.6312
threshold=-22.123105499999998 0.90818900000000002 16.163798500000002 9.057612500000003 6.9477460000000013 3.8151460000000004 -23.172414999999997 -19.113004499999999 27.922382000000002 -24.520225499999995 553.50000000000011 -6.8758444999999986 -6.8924969999999997 -6.1392874999999991
decision_type=2 2 2 2 2 2 2 2 2 2 2 2 2 2
left_child=-1 2 3 4 6 -6 8 -8 -2 10 -10 -9 -13 -14
right_child=1 -3 -4 -5 5 -7 7 11 9 -11 -12 12 13 -15
leaf_value=0.048519612941345443 -0.053133348493748178 0.018854624185065408 -0.036067037589500368 0.017553148707195227 -0.0020735955484467352 -0.045574372772119308 0.037340693411858826 0.040071195180030196 0.023658227186486393 -0.062496095246088956 -0.030102061265943215 -0.011726857318094926 0.037776521025872069 -0.0019279667110910113
leaf_weight=3.0249500870704642 6.1655307412147549 16.51185230538249 7.8346800059080115 26.633908959105611 7.86206051334739 9.3885305542498809 14.163381006568668 5.131932705640792 12.625236444175252 3.8475467562675432 6.1997011601924887 77.552179619669914 21.722463078796864 122.26261207088828
leaf_count=21 38 127 60 225 63 67 90 27 65 31 31 524 136 885
internal_value=0.000448237 1.78944e-05 -0.000949869 -7.241e-05 -0.00170853 -0.0257486 -0.000170706 0.00170222 -0.0158119 -0.0056628 0.00595311 -0.00052464 -0.00146505 0.00406209
internal_weight=340.927 337.902 321.39 313.555 286.921 17.2506 269.671 240.833 28.838 22.6725 18.8249 226.669 221.537 143.985
internal_count=2390 2369 2242 2182 1957 130 1827 1662 165 127 96 1572 1545 1021
is_linear=0
shrinkage=0.05


Tree=93
num_leaves=15
num_cat=0
split_feature=4 0 6 0 7 2 3 16 16 7 7 12 16 16
split_gain=2.86309 2.13987 5.78532 5.17159 4.7096 8.35699 7.05635 5.89765 6.21578 5.0985 5.52018 7.26001 5.08539 4.45643
threshold=-1.1119419999999998 0.37907000000000007 -2.0916689999999996 -1.0000000180025095e-35 -14.655997999999999 10.323484000000002 2.8923120000000004 294.50000000000006 517.50000000000011 -19.113004499999999 -22.316093499999997 5.1375905000000008 264.50000000000006 222.50000000000003
decision_type=2 2 2 2 2 2 2 2 2 2 2 2 2 2
left_child=-1 2 3 -2 9 6 -6 12 -9 10 13 -12 -7 -3
right_child=1 4 -4 -5 5 7 -8 8 -10 -11 11 -13 -14 -15
leaf_value=0.047873318166446806 0.0023292271198175727 0.019005390275498944 -0.056646331161748747 0.034742102628217197 0.0030312739832123719 -0.0052573447492179825 0.041668758503128456 -0.056224643845474875 -0.010857865862808378 -0.036569891349191398 0.066195459560466949 -0.030538196400233954 0.069451864158768237 -0.034161433424819664
leaf_weight=3.114140346646308 159.70443036407232 5.5963827520608964 3.9138990230858317 13.333796031773089 40.424737546592951 6.540102541446684 16.697992939502001 10.019418556243179 30.637098660692573 20.395876366645098 5.2450121045112592 3.0778579227626324 3.4950738400220871 13.327486313879488
leaf_count=20 1098 38 43 94 289 44 96 112 239 138 34 22 20 68
internal_value=0.000154086 -0.000292966 0.00346717 0.00482686 -0.00457302 0.00121215 0.0143257 -0.0135651 -0.0220381 -0.0176648 -0.00351311 0.0304226 0.0207625 -0.0184383
internal_weight=335.523 332.409 176.952 173.038 155.457 107.814 57.1227 50.6917 40.6565 47.6426 27.2467 8.32287 10.0352 18.9239
internal_count=2355 2335 1235 1192 1100 800 385 415 351 300 162 56 64 106
is_linear=0
shrinkage=0.05


Tree=94
num_leaves=15
num_cat=0
split_feature=16 5 16 16 3 7 6 0 7 7 16 16 16 8
split_gain=2.45111 4.84141 10.4387 8.35068 6.69559 5.40011 5.34742 4.90941 4.98095 5.72745 5.51295 6.80977 4.63575 7.94242
threshold=505.50000000000006 22.277235500000003 547.50000000000011 574.50000000000011 2.6288345000000004 -7.940078999999999 -6.4499214999999994 -1.2894984999999999 -14.655997999999999 -7.2954159999999995 715.50000000000011 625.50000000000011 315.50000000000006 47.500000000000007
decision_type=2 2 2 2 2 2 2 2 2 2 2 2 2 2
left_child=12 2 -2 -4 6 -6 -5 8 -3 10 11 -10 -1 -14
right_child=1 7 3 4 5 -7 -8 -9 9 -11 -12 -13 13 -15
leaf_value=0.0023354354519379747 0.071379086191470861 0.041738796649881428 -0.064159101960871226 -0.023195553969367184 0.055560963920646182 -0.029853831886183808 0.043671293205991744 -0.010532151114021056 -0.024215262181310756 0.058083599813813371 -0.051840466282741526 0.05176935530454424 0.0089066489720065808 -0.024082049165974714
leaf_weight=118.22161755338311 7.6407666802406302 10.651161182671784 3.6917946413159362 3.6078572943806639 2.2669109795242539 10.072363166138528 17.457460427656773 58.689940147101879 7.052236385643484 3.5319899991154697 5.7651891931891432 5.0673788636922836 27.323160417377949 54.920358769595623
leaf_count=929 40 58 23 22 39 75 133 377 41 19 41 25 185 359
internal_value=-0.000495218 0.00469954 0.0181613 0.00720001 0.0150865 -0.0141618 0.032219 -0.00193615 0.013796 -0.000100679 -0.0115912 0.00755496 -0.00400637 -0.0131225
internal_weight=335.96 135.495 44.7372 37.0964 33.4046 12.3393 21.0653 90.7579 32.068 21.4168 17.8848 12.1196 200.465 82.2435
internal_count=2366 893 332 292 269 114 155 561 184 126 107 66 1473 544
is_linear=0
shrinkage=0.05


Tree=95
num_leaves=15
num_cat=0
split_feature=2 8 5 16 16 5 5 16 0 5 0 16 13 16
split_gain=2.8518 3.72521 13.5403 11.608 6.35835 6.74972 7.73905 5.4143 5.27807 4.97788 4.15221 3.83001 11.8834 6.45243
threshold=5.9682405000000012 62.500000000000007 34.793238000000009 141.50000000000003 228.50000000000003 11.721660000000002 61.281258000000008 105.50000000000001 -0.54212049999999989 13.091287000000001 2.0934385000000004 342.50000000000006 0.37966400000000006 427.50000000000006
decision_type=2 2 2 2 2 2 2 2 2 2 2 2 2 2
left_child=1 4 3 -3 5 -1 7 8 -7 -6 11 12 -11 -13
right_child=-2 2 -4 -5 9 6 -8 -9 -10 10 -12 13 -14 -15
leaf_value=0.036469873092860809 -0.0061406812067069296 0.047401117469363457 0.063649811510586046 -0.040216777179121303 -0.038509497526553603 0.039498167562262293 0.063672571649200663 -0.041983266067935315 -0.053958661197874319 -0.0091117333563190319 -0.0010301248675033169 -0.011420004646257908 0.063528112089527466 0.022656080002331692
leaf_weight=5.9266787376254788 134.04986632242799 4.5193167291581657 4.9841056764125815 23.112945381551981 4.8323220610618582 4.6476024016737938 2.4312536083161822 20.961608834564686 2.2383535392582479 9.0529219359159487 36.668277340009809 19.551316499710083 14.892330870032309 47.992429561913013
leaf_count=56 976 41 28 173 53 40 19 201 36 55 207 115 77 295
internal_value=-0.000487543 0.00326746 -0.0122046 -0.0258867 0.00625007 -0.0123267 -0.021878 -0.029347 0.00911903 0.0113075 0.0131859 0.0188836 0.0360653 0.0127924
internal_weight=335.861 201.811 32.6164 27.6323 169.195 36.2055 30.2788 27.8476 6.88596 132.99 128.157 91.489 23.9453 67.5437
internal_count=2372 1396 242 214 1154 352 296 277 76 802 749 542 132 410
is_linear=0
shrinkage=0.05


Tree=96
num_leaves=15
num_cat=0
split_feature=2 6 4 13 16 0 6 8 2 16 16 4 16 8
split_gain=2.70306 3.45038 2.66208 4.49395 3.20235 3.17046 3.98358 2.70481 3.64212 2.68881 3.20676 10.1674 4.40119 3.22732
threshold=-13.342830999999999 -5.480329499999999 -0.40828149999999996 5.7440250000000006 705.50000000000011 -2.3409884999999995 -7.4768189999999999 62.500000000000007 -0.34459949999999995 67.500000000000014 105.50000000000001 -0.045734999999999991 117.50000000000001 57.500000000000007
decision_type=2 2 2 2 2 2 2 2 2 2 2 2 2 2
left_child=1 -1 4 9 -2 7 -7 8 -5 -4 11 -11 -12 -14
right_child=2 -3 3 5 -6 6 -8 -9 -10 10 12 -13 13 -15
leaf_value=0.020108888465469491 -0.024209891567977544 -0.030410192325541277 -0.053318685496969914 0.061476000376888544 0.031056212994917266 0.019276423001531574 0.089316848728320422 -0.029063319544649188 -0.011909895596233806 0.094351703124998715 -0.055968351422664736 -0.012750379498011359 0.00040565657737714838 -0.017835270753711285
leaf_weight=27.421635597944263 21.335743393749002 3.8549875393509856 2.5186724588274947 3.2846018522977829 2.9882583878934375 5.4031825251877308 3.2519010305404645 3.7880163751542568 3.4841197729110736 3.5304201878607273 3.7902296371757975 5.9513517692685109 213.44671169109643 27.356496166437864
leaf_count=165 152 26 51 19 27 37 19 30 25 19 35 60 1493 196
internal_value=-0.000106018 0.0138822 -0.00156373 -0.0001653 -0.0174203 0.0231597 0.0455921 0.00476817 0.0237015 -0.0019117 -0.0014021 0.0271278 -0.00250807 -0.00166661
internal_weight=331.406 31.2766 300.13 275.806 24.324 19.2118 8.65508 10.5567 6.76872 256.594 254.075 9.48177 244.593 240.803
internal_count=2354 191 2163 1984 179 130 56 74 44 1854 1803 79 1724 1689
is_linear=0
shrinkage=0.05


Tree=97
num_leaves=15
num_cat=0
split_feature=16 16 0 7 2 16 6 3 7 5 1 10 0 16
split_gain=2.37427 5.2999 5.7657 4.39877 5.66196 8.07013 5.03556 8.96241 7.00987 4.03458 3.97154 2.88145 2.83944 2.66537
threshold=637.50000000000011 661.50000000000011 0.53765300000000005 -8.2149594999999973 25.688312000000003 780.50000000000011 -6.4499214999999994 2.4812025000000006 -3.6658359999999997 28.512030500000005 -7.5875249999999994 2.5000000000000004 -2.3409884999999995 865.50000000000011
decision_type=2 2 2 2 2 2 2 2 2 2 2 2 2 2
left_child=-1 2 -2 4 5 12 -5 11 13 -7 -11 -8 -3 -9
right_child=1 3 -4 6 -6 9 7 8 -10 10 -12 -13 -14 -15
leaf_value=-0.0014642498116843967 0.074500100961203561 0.015216757020991968 -0.00051266388234405254 -0.054455114154097019 -0.036244597278900836 0.032801460086922932 0.044812073170326538 -0.069727689162474182 0.052046262288385173 0.025888869639633855 -0.053695368182747387 -0.010947079445238522 0.06255822795138391 -0.017406396884754999
leaf_weight=260.6427556835115 5.8751769475638849 4.4788592718541649 4.5420744493603706 5.3702581971883765 4.4052004590630522 4.1164660640060884 8.7212421111762612 5.9627370461821556 2.1002787947654697 2.2708270251750946 5.0623604729771614 3.1551934778690329 10.81603326462209 4.1132216863334179
leaf_count=1839 36 28 30 42 32 37 54 31 57 17 37 22 79 29
internal_value=0.000743665 0.00885012 0.0417934 0.00318455 0.0162798 0.0249313 -0.0106792 -0.000905338 -0.0310484 -0.00681331 -0.029051 0.0299986 0.0486951 -0.048369
internal_weight=331.633 70.9899 10.4173 60.5727 31.1497 26.7445 29.4229 24.0527 12.1762 11.4497 7.33319 11.8764 15.2949 10.076
internal_count=2370 531 66 465 230 198 235 193 117 91 54 76 107 60
is_linear=0
shrinkage=0.05


Tree=98
num_leaves=15
num_cat=0
split_feature=10 8 0 13 13 4 1 6 1 16 6 5 2 16
split_gain=2.65294 4.2801 3.86876 5.559 3.45137 4.14561 3.67444 5.85799 3.44006 3.41516 3.34611 3.29363 5.94498 3.14832
threshold=3.5000000000000004 62.500000000000007 -0.14179099999999997 3.4648950000000003 11.961474500000003 -0.41825099999999993 -6.1587109999999994 -7.4768189999999999 -6.0938169999999987 207.50000000000003 -9.4787029999999977 24.945697500000005 -2.5382514999999999 195.50000000000003
decision_type=2 2 2 2 2 2 2 2 2 2 2 2 2 2
left_child=4 2 3 -2 5 11 7 10 -5 -6 -7 -1 -13 -3
right_child=1 13 -4 8 9 6 -8 -9 -10 -11 -12 12 -14 -15
leaf_value=-0.053359331659199621 -0.0044015754475241744 0.023294208622560757 0.071384710545788294 0.012540821981067485 -0.010701838867539865 0.028884703128980171 -0.0014626028793495284 0.073437857207916152 0.072976452121159663 0.044871628373043558 -0.031709633228965577 0.02351279746530311 -0.039107485074936693 -0.036091404880918075
leaf_weight=6.2827455662190941 13.408857621252539 3.4798715226352197 3.7075016796588924 4.3059167787432671 4.2546345666050893 5.3138379976153365 246.65894442610443 4.3066196441650382 5.1959006898105127 7.8931596465408802 3.9883416071534148 7.0096589885652074 8.2522343024611438 6.222753643989563
leaf_count=53 96 33 25 25 31 31 1782 26 29 49 33 49 54 41
internal_value=0.000888064 0.0136365 0.0239993 0.0163312 -0.000687098 -0.00181194 -6.71439e-05 0.0252255 0.045589 0.0254076 0.00290467 -0.0228897 -0.0103465 -0.0147926
internal_weight=330.281 36.3208 26.6182 22.9107 293.96 281.812 260.268 13.6088 9.50182 12.1478 9.30218 21.5446 15.2619 9.70263
internal_count=2357 249 175 150 2108 2028 1872 90 54 80 64 156 103 74
is_linear=0
shrinkage=0.05


Tree=99
num_leaves=15
num_cat=0
split_feature=10 8 0 13 16 6 5 1 6 6 16 2 16 3
split_gain=2.61676 4.08328 2.94273 3.88369 2.67051 2.43463 9.0681 6.90329 5.96019 4.88809 4.58133 5.50784 4.60456 4.89204
threshold=3.5000000000000004 62.500000000000007 1.0000000180025095e-35 3.4648950000000003 195.50000000000003 -7.4960949999999995 29.375660000000003 -6.1587109999999994 -9.4787029999999977 -9.5517249999999994 189.50000000000003 48.871490500000007 105.50000000000001 -0.63185299999999989
decision_type=2 2 2 2 2 2 2 2 2 2 2 2 2 2
left_child=5 2 3 -2 -3 6 8 -7 -1 -8 11 12 13 -9
right_child=1 4 -4 -5 -6 7 9 10 -10 -11 -12 -13 -14 -15
leaf_value=-0.010035399723871841 -0.00091954664904038094 0.020848971108757431 0.067789609727812741 0.040140666704489514 -0.03649822349745601 0.063087924996038061 -0.0059471191169900659 0.037359767415724193 -0.054370943384023235 0.025501012778243133 0.0024331395583034876 0.057018860426910657 -0.058713760483190824 -0.040027129767835415
leaf_weight=16.093137580901388 13.787135530263191 3.100680295377968 3.1338587738573542 9.8900220543146116 5.8794317804276943 4.4226964488625518 47.627585303038359 3.618210019543767 14.33079565875232 16.685017982497811 174.03007693774998 1.9016548395156849 8.4679010286927205 4.6884161401540094
leaf_count=108 103 31 23 57 39 27 329 34 114 104 1210 8 110 62
internal_value=-0.000275929 0.0124839 0.0222579 0.0162314 -0.0166972 -0.00184066 -0.00842803 0.00132511 -0.0309191 0.00221166 -9.23738e-05 -0.0236258 -0.0327682 -0.00631885
internal_weight=327.657 35.7911 26.811 23.6772 8.98011 291.865 94.7365 197.129 30.4239 64.3126 192.706 18.6762 16.7745 8.30663
internal_count=2359 253 183 160 70 2106 655 1451 222 433 1424 214 206 96
is_linear=0
shrinkage=0.05


Tree=100
num_leaves=15
num_cat=0
split_feature=2 16 2 6 6 6 16 3 3 3 7 1 2 4
split_gain=2.31745 5.46698 3.22559 6.0517 2.0555 8.72714 4.85221 4.27055 3.00804 2.48344 5.55105 3.77917 2.5537 10.6129
threshold=-15.187401499999998 234.50000000000003 -19.718244499999994 -16.807554499999998 -13.160831 -12.874794499999998 550.50000000000011 -2.7839899999999997 -5.3231604999999993 -4.1080299999999994 -10.042532499999998 -8.6664774999999974 10.037865000000002 0.74530550000000007
decision_type=2 2 2 2 2 2 2 2 2 2 2 2 2 2
left_child=1 2 3 -1 6 -6 -2 -8 -7 10 11 -10 13 -11
right_child=4 -3 -4 -5 5 8 7 -9 9 12 -12 -13 -14 -15
leaf_value=0.024843734717882225 -0.046722422778239715 0.048671259680566459 0.030817191648171524 -0.05426053823241344 0.079400041005274105 -0.028531471063383364 0.055718027559431574 -0.02349328739132274 0.041860470563417754 -0.00025726804727480598 0.074122564780094907 -0.028662705332167339 -0.0084850319052999137 0.063827894376662475
leaf_weight=4.3408213332295418 7.7121060751378518 7.9941908642649642 4.7989165410399446 5.4576065875589848 3.3996805623173705 9.7141943648457509 3.0099184848368168 3.9145243912935257 3.1395715214312077 178.37756771966815 3.5866166055202466 4.8100191876292229 83.147280732169747 6.7031908109784117
leaf_count=23 67 46 34 40 16 62 24 22 20 1277 24 33 646 41
internal_value=-2.20193e-05 0.0154344 -0.00276772 -0.0192164 -0.00115752 -0.000243679 -0.0194436 0.0109383 -0.00117903 -0.000229274 0.0224862 -0.000810636 -0.00120624 0.00206375
internal_weight=330.106 22.5915 14.5973 9.79843 307.515 292.878 14.6365 6.92444 289.478 279.764 11.5362 7.94959 268.228 185.081
internal_count=2375 143 97 63 2232 2119 113 46 2103 2041 77 53 1964 1318
is_linear=0
shrinkage=0.05


Tree=101
num_leaves=15
num_cat=0
split_feature=16 16 19 9 2 2 16 16 22 9 6 2 16 16
split_gain=1.97792 5.1156 4.82027 5.44604 5.61385 4.28629 3.00475 2.58113 8.28568 3.01106 3.97255 2.24783 10.2766 7.52356
threshold=745.50000000000011 760.50000000000011 1.0000000180025095e-35 3.5000000000000004 11.943172500000001 -3.1818529999999994 873.50000000000011 705.50000000000011 1.0000000180025095e-35 5.5000000000000009 -4.7992349999999986 17.105295500000004 640.50000000000011 294.50000000000006
decision_type=2 2 2 2 2 2 2 2 2 2 2 2 2 2
left_child=7 -2 3 4 5 -3 -4 9 -9 11 -11 12 -1 -13
right_child=1 2 6 -5 -6 -7 -8 8 -10 10 -12 13 -14 -15
leaf_value=4.7437926599572637e-05 0.062288170782992529 -0.019316531686114621 0.060824479341338826 -0.067621000808366777 -0.046211494761195383 0.040588955024203011 -0.010999603211743397 -0.065209115239928547 0.018398784738828482 -0.075190604820735044 0.0020727200947296804 0.015353562394664663 0.051304027375591012 -0.028835392521484777
leaf_weight=226.66659620590508 4.328535400331023 4.6375074759125807 4.9434913080185643 3.2607031092047682 4.3746554963290682 8.3847664594650251 2.064179852604866 6.0415077060461027 5.8159227818250656 3.0846245735883713 3.6114351488649836 16.405393339693546 10.21984541416168 23.331547908484936
leaf_count=1586 30 26 101 21 43 69 10 38 36 18 28 105 63 193
internal_value=-6.58139e-05 0.0117427 0.0038343 -0.00832153 0.00279296 0.0192553 0.039668 -0.00134572 -0.0242005 -0.000389209 -0.0335196 0.000412759 0.00225877 -0.010592
internal_weight=327.171 31.9938 27.6653 20.6576 17.3969 13.0223 7.00767 295.177 11.8574 283.319 6.69606 276.623 236.886 39.7369
internal_count=2367 300 270 159 138 95 111 2067 74 1993 46 1947 1649 298
is_linear=0
shrinkage=0.05


Tree=102
num_leaves=15
num_cat=0
split_feature=16 16 16 5 9 16 23 0 8 0 16 5 3 16
split_gain=1.8419 2.46417 3.51003 5.16174 4.29325 3.06903 4.91128 2.61687 2.49918 4.52638 2.94506 8.67927 7.35685 7.27129
threshold=892.50000000000011 745.50000000000011 760.50000000000011 29.052776500000004 3.5000000000000004 710.50000000000011 1.0000000180025095e-35 3.4461865000000005 37.500000000000007 -1.3498699999999999 505.50000000000006 36.720007500000001 -3.0766549999999993 532.50000000000011
decision_type=2 2 2 2 2 2 2 2 2 2 2 2 2 2
left_child=1 5 -3 4 7 8 -7 -4 9 -1 -10 13 -13 -12
right_child=-2 2 3 -5 -6 6 -8 -9 10 -11 11 12 -14 -15
leaf_value=0.035208781499125402 -0.036856834805181649 0.060417476962589728 0.054966073488627865 -0.018293052969205654 -0.036487755774929707 -0.06935631040160127 0.0072448179437302231 -0.0035624022909440441 -0.0018847060880047941 -0.021014658281065815 0.067992295097499655 0.0384924667913841 -0.040330021978665809 0.012577906887639326
leaf_weight=4.1348136141896275 3.3445460125803939 3.6588472388684776 8.3567183017730731 10.495558477938173 2.1023339852690688 4.1495480611920339 4.2210409194231033 2.4755479004234067 179.44038670323789 26.667916033416986 6.6691846624016753 3.8530535772442844 12.775880642235277 52.682715062052011
leaf_count=26 35 25 96 85 28 27 29 21 1335 196 34 22 91 294
internal_value=5.69482e-05 0.000440741 0.0148721 0.00775974 0.0288998 -0.000886272 -0.0307286 0.0415903 -1.3536e-05 -0.0134675 0.00160895 0.00985977 -0.0220662 0.0188046
internal_weight=325.028 321.684 27.089 23.4302 12.9346 294.595 8.37059 10.8323 286.224 30.8027 255.421 75.9808 16.6289 59.3519
internal_count=2344 2309 255 230 145 2054 56 117 1998 222 1776 441 113 328
is_linear=0
shrinkage=0.05


Tree=103
num_leaves=15
num_cat=0
split_feature=16 4 2 6 7 5 5 16 2 16 6 5 7 8
split_gain=2.2618 2.12673 3.55788 4.04914 6.67068 4.95778 10.0805 5.94871 4.38176 6.21373 6.2355 5.72689 3.12373 2.80692
threshold=43.500000000000007 -0.14763499999999999 20.147761500000005 -6.8924969999999997 -11.929959499999997 20.467929000000002 23.553182500000002 207.50000000000003 -2.5382514999999999 442.50000000000006 -9.8821814999999997 30.861102500000005 -24.520225499999995 52.500000000000007
decision_type=2 2 2 2 2 2 2 2 2 2 2 2 2 2
left_child=-1 2 3 4 5 -2 -7 12 9 -9 -11 -10 -8 -13
right_child=1 -3 -4 -5 -6 6 7 8 11 10 -12 13 -14 -15
leaf_value=-0.052864172059077966 0.060364571813416618 -0.003342065107479988 0.043066117994789183 0.018594941315665362 -0.032158287231552146 -0.067349653329708312 0.0085223862917354117 0.051249421854407451 -0.055693820931210142 0.030202990845822217 -0.052138578867097378 0.048500561307382312 -0.043786184312624085 -0.0093008043570299726
leaf_weight=2.0726095121353856 3.7320879623293868 215.29428368620574 5.8802936151623717 29.818920090794563 15.688460662961004 4.9314422383904448 4.737023800611496 14.245034918189043 3.9985527098178926 6.1846028529107571 3.6597069352865201 3.8418235033750516 7.1802325807511789 4.6335814967751503
leaf_count=45 31 1580 32 202 134 35 27 73 26 40 17 22 78 25
internal_value=-0.000798358 -0.000465117 0.00524188 0.00307515 -0.00327892 0.00464968 0.000756686 0.00768446 0.0176836 0.0301391 -0.000408197 -0.00637008 -0.0229939 0.0169
internal_weight=325.899 323.826 108.532 102.651 72.8325 57.1441 53.412 48.4806 36.5633 24.0893 9.84431 12.474 11.9173 8.47541
internal_count=2367 2322 742 710 508 374 343 308 203 130 57 73 105 47
is_linear=0
shrinkage=0.05


Tree=104
num_leaves=15
num_cat=0
split_feature=16 6 3 7 2 5 7 8 7 7 16 5 13 6
split_gain=2.15854 1.9505 1.98278 2.83994 3.37022 3.36732 4.57489 2.26499 5.53687 7.07011 4.99009 4.14277 4.01742 3.17314
threshold=43.500000000000007 -22.123105499999998 -8.571787999999998 -33.728653499999993 -14.113801499999999 23.553182500000002 -17.119512499999995 57.500000000000007 -7.4350499999999995 -14.782782499999998 219.50000000000003 24.945697500000005 6.2953445000000015 -4.3376024999999991
decision_type=2 2 2 2 2 2 2 2 2 2 2 2 2 2
left_child=-1 -2 -3 -4 5 6 -5 12 9 11 -11 -9 -6 -10
right_child=1 2 3 4 7 -7 -8 8 13 10 -12 -13 -14 -15
leaf_value=-0.052770056669909138 0.043859711956364802 -0.029373402504138574 -0.044401776697782142 -0.056189054382632747 -0.000129449536477294 0.03556332885204469 0.03018300695841817 0.053480077248623095 0.042066620974241298 0.018840947404730062 -0.040137236986579228 -0.0088139547064978695 0.031050432845794396 -0.021798636103858418
leaf_weight=1.9574032519012678 2.5032113939523688 5.8172074481844893 3.5468095615506163 2.8276069760322571 231.36626680009067 12.85215802490711 3.3488314896822002 4.3210626989602989 6.8103290647268295 4.1922815740108552 24.818198453634977 6.9804820008575916 10.813765604048966 2.7223730459809286
leaf_count=44 18 38 18 25 1672 88 19 35 46 41 183 50 70 21
internal_value=-0.00042235 -0.000105041 -0.000448509 8.63357e-05 0.000593615 0.0209822 -0.00935859 -0.000734927 -0.0104412 -0.0185449 -0.0316143 0.0150037 0.00126279 0.0238278
internal_weight=324.878 322.921 320.417 314.6 311.053 19.0286 6.17644 292.025 49.8447 40.312 29.0105 11.3015 242.18 9.5327
internal_count=2368 2324 2306 2268 2250 132 44 2118 376 309 224 85 1742 67
is_linear=0
shrinkage=0.05


Tree=105
num_leaves=15
num_cat=0
split_feature=0 7 4 7 5 4 6 6 7 16 5 16 16 0
split_gain=2.003 5.66937 4.52573 3.47975 5.03292 1.61714 4.58616 4.58161 4.48515 4.42983 6.95263 6.43394 5.36941 4.60087
threshold=-5.7934444999999988 -12.441174499999997 -0.37782399999999994 -20.479762999999995 36.720007500000001 -0.098026499999999975 -9.5517249999999994 -8.912688499999998 -6.556462999999999 583.50000000000011 36.281888500000008 547.50000000000011 538.50000000000011 -0.11846799999999999
decision_type=2 2 2 2 2 2 2 2 2 2 2 2 2 2
left_child=1 2 3 4 -1 8 -7 -8 -2 11 13 12 -9 -11
right_child=5 -3 -4 -5 -6 6 7 9 -10 10 -12 -13 -14 -15
leaf_value=-0.057947985489713971 0.0014121932477400671 0.059276249696945296 -0.050911786659123485 0.053767435371510297 0.038324150189360209 -0.029928804767755321 0.059017211673541681 -0.0066153691408841562 0.036554828974015616 0.031934538104813774 -0.054173797051140699 -0.050328212605027324 0.057863827972819651 0.0027418775762268065
leaf_weight=2.66520756483078 105.84345806017518 5.4911376759409896 3.3982029035687455 3.7383602634072304 2.7669376581907272 14.663348846137522 3.1410027462989083 99.174623396247625 9.9311066810041648 20.818373318761587 4.1190189421176902 8.2833279520273191 3.3373438119888297 38.377544175833464
leaf_count=20 738 32 23 24 21 114 18 750 74 138 42 58 16 295
internal_value=0.00070963 0.016893 -0.00162383 0.0166402 -0.00891045 -0.000240254 -0.00305566 -0.000832538 0.00442672 -0.00191225 0.00863791 -0.00794122 -0.00451621 0.0130085
internal_weight=325.749 18.0598 12.5687 9.17051 5.43215 307.689 191.915 177.251 115.775 174.11 63.3149 110.795 102.512 59.1959
internal_count=2363 120 88 65 41 2243 1431 1317 812 1299 475 824 766 433
is_linear=0
shrinkage=0.05


Tree=106
num_leaves=15
num_cat=0
split_feature=16 16 0 7 16 1 7 2 16 5 1 0 6 4
split_gain=2.11652 4.7344 6.17928 4.57666 5.69505 7.75631 6.34034 4.96244 6.13907 4.65737 4.30816 2.92384 3.26196 3.24681
threshold=637.50000000000011 661.50000000000011 2.5397250000000002 -8.4600644999999979 800.50000000000011 4.4193465000000005 -4.5191724999999989 26.4926335 813.50000000000011 28.512030500000005 -1.9940929999999997 7.1620680000000005 -20.264350499999995 0.90818900000000002
decision_type=2 2 2 2 2 2 2 2 2 2 2 2 2 2
left_child=11 2 -2 7 -5 -6 -7 8 10 -10 -3 12 -1 -14
right_child=1 3 -4 4 5 6 -8 -9 9 -11 -12 -13 13 -15
leaf_value=0.05433601716444169 0.061826647303422314 0.0071106159442576259 -0.026921611493674714 -0.035447194157507703 0.058309025566386466 -0.046402640523799971 0.053104131139627468 -0.042344216506294628 0.023636681267335379 -0.061896996468406275 0.054973610030197996 -0.025862492705248697 -0.0033177696759410717 0.030241557117231463
leaf_weight=2.5728930905461302 7.4792552553117257 7.7216373793780884 2.6585440337657928 14.060471687465911 5.1411149054765692 6.0339080020785305 2.1789207011461267 3.3284999728202811 3.1053924411535254 3.2645852081477642 12.02008392103016 13.163132622838019 230.12086885608733 7.4402801841497412
leaf_count=15 46 57 19 95 39 41 59 26 18 27 101 99 1651 60
internal_value=-0.000827673 0.0070757 0.0385532 0.00146291 -0.0132379 0.0101464 -0.0200028 0.0151522 0.0224813 -0.0201989 0.0362528 -0.00291797 -0.00166025 -0.00226671
internal_weight=320.29 66.9924 10.1378 56.8546 27.4144 13.3539 8.21283 29.4402 26.1117 6.36998 19.7417 253.297 240.134 237.561
internal_count=2353 528 65 463 234 139 100 229 203 45 158 1825 1726 1711
is_linear=0
shrinkage=0.05


Tree=107
num_leaves=15
num_cat=0
split_feature=16 16 1 16 6 6 0 7 7 16 13 16 7 16
split_gain=1.88043 1.98747 2.51839 2.34001 1.64562 7.17094 6.31435 5.34674 6.03236 4.61193 7.35368 8.2883 9.04659 6.82715
threshold=892.50000000000011 865.50000000000011 5.0542785000000015 853.50000000000011 -6.1392874999999991 -6.8924969999999997 -0.69221399999999988 -8.5568064999999986 -9.6145504999999982 577.50000000000011 3.0604560000000007 297.50000000000006 -3.9591564999999993 475.50000000000006
decision_type=2 2 2 2 2 2 2 2 2 2 2 2 2 2
left_child=1 3 -3 4 5 7 -7 8 -1 10 11 -6 -13 -14
right_child=-2 2 -4 -5 9 6 -8 -9 -10 -11 -12 12 13 -15
leaf_value=-0.00096671234967855575 -0.036941923763500029 0.062919555643829478 -0.0020359095152792028 -0.046920068113018493 0.0021217443921851087 0.0010004141072174661 0.053167077782327543 -0.045360099918136464 0.048999162842706764 0.0096785350151527977 0.022635655738158695 -0.036160605696867645 0.065819222464620589 -0.026953383111240972
leaf_weight=112.02393436431885 3.3997827097773543 2.8569279201328746 3.12384725920856 2.646694077178835 43.509697422385216 10.620805546641352 12.781609963625668 6.3519755434244862 6.3848912529647341 48.420476609840989 15.961489737033842 44.541536055505269 4.1732870787382188 3.7786199450492859
leaf_count=764 38 23 18 23 361 79 82 67 44 357 115 335 25 28
internal_value=4.57924e-05 0.000442261 0.0289924 -0.000106436 0.000295126 0.00409426 0.0294921 -0.000669816 0.00172757 -0.0032145 -0.00879026 -0.0140151 -0.0273903 0.0217352
internal_weight=320.576 317.176 5.98078 311.195 308.548 148.163 23.4024 124.761 118.409 160.385 111.965 96.0031 52.4934 7.95191
internal_count=2359 2321 41 2280 2257 1036 161 875 808 1221 864 749 388 53
is_linear=0
shrinkage=0.05


Tree=108
num_leaves=15
num_cat=0
split_feature=10 8 8 5 3 6 6 2 2 16 2 2 5 16
split_gain=1.80859 3.24032 2.48696 5.96273 5.50036 7.0344 6.15386 4.75597 7.98646 5.87128 4.60209 5.95214 4.52605 6.91225
threshold=3.5000000000000004 62.500000000000007 52.500000000000007 38.488631500000004 0.12222000000000001 -3.1051594999999996 -4.4087219999999991 -0.34459949999999995 16.051484000000006 327.50000000000006 -9.429212999999999 10.037865000000002 46.055489000000009 294.50000000000006
decision_type=2 2 2 2 2 2 2 2 2 2 2 2 2 2
left_child=2 -2 4 -4 5 6 7 9 -9 -1 -6 -12 13 -13
right_child=1 -3 3 -5 10 -7 -8 8 -10 -11 11 12 -14 -15
leaf_value=-0.019786623100909173 0.018794997806003924 -0.016132074487194861 -0.013008444801924297 0.024462544852747119 -0.036981228466428116 -0.051596669186318389 0.061288557284247681 -0.023693475204542548 0.035063609251205517 0.047100210285818123 0.0091729428469677615 0.027142680883035692 -0.047508628213936428 -0.017573177888777557
leaf_weight=4.2659186609089401 26.734231093898416 8.8351169601082784 84.953191166743636 12.133132640272377 9.7936739325523359 3.7077035270631304 7.5828770529478779 15.567097390070559 9.2017949745058996 14.208668012171982 63.619273053482175 11.216824159026144 8.1734590232372266 37.655871581286192
leaf_count=38 181 70 642 74 66 40 56 131 51 73 447 74 83 324
internal_value=-0.000505225 0.0101194 -0.00184496 -0.0083256 0.00155615 0.0148911 0.0197413 0.0124558 -0.00186486 0.0316555 -0.00401808 -0.00134266 -0.0130699 -0.00731039
internal_weight=317.649 35.5693 282.079 97.0863 184.993 54.5341 50.8264 43.2435 24.7689 18.4746 130.459 120.665 57.0462 48.8727
internal_count=2350 251 2099 716 1383 389 349 293 182 111 994 928 481 398
is_linear=0
shrinkage=0.05


Tree=109
num_leaves=15
num_cat=0
split_feature=5 6 2 4 7 16 7 16 16 34 5 7 6 16
split_gain=1.81058 2.83526 2.02185 6.1366 6.13672 4.32508 5.51636 5.23575 4.55489 6.02855 8.8388 4.16985 3.45502 6.32274
threshold=10.415935000000003 -1.1323529999999999 6.1343225000000006 0.59413250000000006 -3.9591564999999993 297.50000000000006 -12.790780999999997 333.50000000000006 117.50000000000001 12.000000000000002 39.619760500000005 -25.576640499999996 -3.9568059999999998 583.50000000000011
decision_type=2 2 2 2 2 2 2 2 2 2 2 2 2 2
left_child=-1 2 3 4 12 8 11 -8 -4 10 -10 -7 -2 -14
right_child=1 -3 5 -5 -6 6 7 -9 9 -11 -12 -13 13 -15
leaf_value=-0.041581157761992081 0.0023086603551085876 0.050523728035154571 -0.030601621934447428 0.044830918237125011 0.062246765525034609 0.013907778503128597 -0.049762901401859252 -0.0025739069807172478 -0.051298376867117579 0.038984069122827932 0.051046023694808332 -0.060589479880035685 -0.031161799219917304 0.031896189425900931
leaf_weight=2.6292274110019198 155.28160382993519 2.7616059426218262 5.366831976920369 8.3247982598841173 3.9928395450115195 2.4114110730588427 6.3766246475279322 75.187640231102705 5.5592071041464823 15.629825342446564 3.3997863829135895 8.4974103868007642 19.094247393310074 5.0204724408686152
leaf_count=52 1037 53 48 50 29 17 73 550 50 100 17 72 175 48
internal_value=-0.000260219 8.26045e-05 -0.00036082 0.00284468 0.00093875 -0.00538039 -0.0107292 -0.0062631 0.0111314 0.0202402 -0.0124604 -0.0441218 -0.000425787 -0.0180337
internal_weight=319.534 316.904 314.143 191.714 183.389 122.429 92.4731 81.5643 29.9557 24.5888 8.95899 10.9088 179.396 24.1147
internal_count=2371 2319 2266 1339 1289 927 712 623 215 167 67 89 1260 223
is_linear=0
shrinkage=0.05


Tree=110
num_leaves=15
num_cat=0
split_feature=2 18 3 3 8 18 2 1 18 3 2 4 4 7
split_gain=1.97162 4.27896 3.07255 4.10824 2.8296 9.30239 3.34554 3.68456 2.55254 5.38225 3.74939 3.04324 2.67978 2.23313
threshold=-15.187401499999998 234.50000000000003 -2.4453879999999999 -4.8245629999999986 62.500000000000007 141.50000000000003 3.8548485000000006 -9.6901589999999995 117.50000000000001 -1.1219164999999998 -4.9981239999999989 1.4663710000000003 -0.082453499999999985 -13.835873499999998
decision_type=2 2 2 2 2 2 2 2 2 2 2 2 2 2
left_child=1 2 3 -1 8 -6 7 -7 9 10 -2 -11 -12 -10
right_child=4 -3 -4 -5 5 6 -8 -9 13 11 12 -13 -14 -15
leaf_value=-0.014182239860180874 0.07726801437944511 0.04246047097675594 -0.032843660824466742 0.054930808496960595 0.046801596822218544 0.0035902701509522503 0.020186376704677992 -0.057792158223466741 -0.0058916757012605486 -0.057058431181912408 -0.055802438676371018 0.020665588841453312 0.040275016101057576 0.0044500010238336645
leaf_weight=4.9908906556665888 1.873660162091255 8.514884874224661 5.2250095456838634 3.7776988074183455 4.3287821523845222 3.1236375272274044 2.325780749320983 11.248897977173327 71.956037953495979 7.3288898281753045 1.6378833539783952 1.5207317546010015 1.3032482732087367 190.12573541142046
leaf_count=35 11 50 39 23 41 19 17 102 493 102 30 10 14 1390
internal_value=0.000246057 0.0145131 -0.00249245 0.0155932 -0.000836012 -0.0185161 -0.0354487 -0.0444517 0.00051219 -0.0205559 0.0219873 -0.0437022 -0.0132294 0.00161063
internal_weight=319.282 22.5085 13.9936 8.76859 296.773 21.0271 16.6983 14.3725 275.746 13.6644 4.81479 8.84962 2.94113 262.082
internal_count=2376 147 97 58 2229 179 138 121 2050 167 55 112 44 1883
is_linear=0
shrinkage=0.05


Tree=111
num_leaves=15
num_cat=0
split_feature=16 16 4 6 20 5 5 16 1 5 6 1 16 7
split_gain=1.70116 5.47673 5.70033 4.73437 4.11079 7.91193 6.20463 6.10019 4.63776 5.65155 4.37333 6.19736 4.08895 8.82378
threshold=294.50000000000006 282.50000000000006 0.37612450000000003 -2.0916689999999996 1.0000000180025095e-35 12.343194000000002 26.235038500000005 195.50000000000003 1.1408965000000002 17.920064000000004 -7.1188014999999991 -2.2713509999999997 421.50000000000006 -9.5939224999999979
decision_type=2 2 2 2 2 2 2 2 2 2 2 2 2 2
left_child=1 3 -3 4 6 -6 7 10 9 -7 -1 -12 13 -2
right_child=12 2 -4 -5 5 8 -8 -9 -10 -11 11 -13 -14 -15
leaf_value=-0.05452805055842818 -0.0024109311943402408 0.085715178829863473 -0.00032790339259004375 -0.056520190883130463 0.08480807125523078 -0.0097381670279101298 0.0095741250473656142 -0.057094618467235125 -0.044909735775404823 0.064028541246189882 0.031467920341715146 -0.042155789461059509 0.0016315404293934532 -0.048452807723204899
leaf_weight=3.4313023928552893 40.529900226742029 4.1564593166112891 3.5852781757712364 3.3212729059159747 4.2986742258071926 5.7985334917902929 47.164256658405066 8.0469373241066915 3.2683387696743003 4.7019500862807035 9.2585551105439681 4.1348384935408822 159.22889323346317 14.000859934836624
leaf_count=52 244 21 24 45 22 64 346 68 34 39 86 52 1113 153
internal_value=0.000112729 0.00545446 0.0458677 0.00210557 0.00426656 0.0255915 -0.00108199 -0.0212893 0.00710385 0.0232934 -0.00416424 0.00873864 -0.00241536 -0.0142323
internal_weight=314.926 101.166 7.74174 93.4247 90.1034 18.0675 72.0359 24.8716 13.7688 10.5005 16.8247 13.3934 213.76 54.5308
internal_count=2363 853 45 808 763 159 604 258 137 103 190 138 1510 397
is_linear=0
shrinkage=0.05


Tree=112
num_leaves=15
num_cat=0
split_feature=7 7 7 0 6 6 16 16 16 16 5 6 16 0
split_gain=1.62441 7.26463 6.50861 3.74125 3.60611 6.44727 3.29337 5.14278 9.06679 7.64913 7.13966 8.61503 4.30889 10.3094
threshold=-7.2716629999999993 -7.2270284999999985 -8.9462234999999968 5.7823270000000013 -4.8626289999999992 -3.0641699999999994 800.50000000000011 297.50000000000006 445.50000000000006 475.50000000000006 16.927326000000004 -4.3376024999999991 601.50000000000011 -1.0629434999999996
decision_type=2 2 2 2 2 2 2 2 2 2 2 2 2 2
left_child=2 -2 -1 6 -4 -6 7 10 -9 -10 11 -3 -11 -14
right_child=1 3 4 -5 5 -7 -8 8 9 12 -12 -13 13 -15
leaf_value=0.0014830102416838822 0.065493799172567063 0.037066347766462768 -0.043692912394753314 -0.053970892493224579 0.01653743788660153 -0.054483874214401123 0.035546664002543436 -0.061025990997462448 0.064112441983084023 -0.039079363493560969 0.051192643925868503 -0.040748786893463465 0.093180525481225102 -0.013699825382833639
leaf_weight=217.47004413977265 4.9613416343927375 6.7481408081948757 12.853795602917673 2.7799513079226008 9.5487262904643995 4.8027410954236975 7.8943229615688315 7.2447091005742541 4.1850856170058277 7.9627951756119755 9.9729535616934282 7.52125525288284 2.7855896055698404 11.871631689369675
leaf_count=1522 29 51 139 33 73 50 97 63 27 56 65 90 17 73
internal_value=0.000561135 0.0070562 -0.00140133 0.00285229 -0.0244578 -0.00722996 0.00523896 0.00113449 -0.0113967 0.00201672 0.0187353 -0.00394923 -0.00947203 0.00661267
internal_weight=318.603 73.9278 244.675 68.9664 27.2053 14.3515 66.1865 58.2922 34.0498 26.8051 24.2423 14.2694 22.62 14.6572
internal_count=2385 601 1784 572 262 123 539 442 236 173 206 141 146 90
is_linear=0
shrinkage=0.05


Tree=113
num_leaves=15
num_cat=0
split_feature=5 6 16 3 8 2 16 6 5 16 5 16 16 16
split_gain=1.82096 2.1147 1.88471 4.50345 4.45842 4.53944 9.39303 6.70558 5.98865 7.35047 6.88527 7.1475 13.1539 5.13445
threshold=10.705341000000002 -1.4061024999999998 294.50000000000006 2.6288345000000004 67.500000000000014 0.76181300000000018 445.50000000000006 -6.6600519999999994 24.381227500000005 410.50000000000006 20.564629500000002 386.50000000000006 348.50000000000006 406.50000000000006
decision_type=2 2 2 2 2 2 2 2 2 2 2 2 2 2
left_child=-1 2 -2 4 5 8 -7 -8 10 -10 11 12 -4 -13
right_child=1 -3 3 -5 -6 6 7 -9 9 -11 -12 13 -14 -15
leaf_value=-0.037476445902268923 0.0058130540020180418 0.039950591603759751 0.051600649168680193 -0.014371906704081755 -0.052878137559518146 -0.046222377451272799 -0.015414306321859115 0.017472163981591859 0.073381298623822616 0.015760836269586662 -0.029881405416387931 0.075710242491047575 -0.054874366790202314 0.012089596100344064
leaf_weight=3.1772789489477864 99.345125248655677 3.3718168400228015 4.7590985894203204 58.193955134600401 3.6147658303380004 11.849405843764542 28.714978445321314 33.681814700365074 6.8777563050389281 28.345522530376911 13.758059117943047 5.6717529445886594 7.4280922971665859 7.1934541650116444
leaf_count=57 824 66 20 452 26 108 198 218 33 151 82 24 57 59
internal_value=0.000185043 0.000567585 0.000138439 -0.00254493 0.00198623 0.00332371 -0.0054122 0.00233782 0.0120847 0.0270119 -0.00146284 0.0141438 -0.0132959 0.0401374
internal_weight=315.983 312.806 309.434 210.089 151.895 148.28 74.2462 62.3968 74.0337 35.2233 38.8105 25.0524 12.1872 12.8652
internal_count=2375 2318 2252 1428 976 950 524 416 426 184 242 160 77 83
is_linear=0
shrinkage=0.05


Tree=114
num_leaves=15
num_cat=0
split_feature=0 4 4 4 3 2 16 6 4 5 16 16 16 19
split_gain=1.87363 3.7146 3.49841 2.82657 3.19391 3.44847 2.97515 3.04188 2.86752 3.14315 3.72674 3.60234 4.9923 3.39779
threshold=-2.7671254999999992 0.46237650000000002 0.21754250000000003 0.055386500000000012 -2.7180544999999996 -3.1818529999999994 144.50000000000003 -10.647072 -0.12719749999999996 36.720007500000001 430.50000000000006 490.50000000000006 553.50000000000011 1.0000000180025095e-35
decision_type=2 2 2 2 2 2 2 2 2 2 2 2 2 2
left_child=1 2 3 4 6 -6 7 -1 9 10 13 -12 -13 -8
right_child=-2 -3 -4 -5 5 -7 8 -9 -10 -11 11 12 -14 -15
leaf_value=0.079013686522303547 -0.0015951634783813594 0.046938550472313677 -0.031692478360177183 0.042384533232536777 0.013278958938625194 -0.059041777864955937 -0.065920656281301296 0.0089278944705263857 0.033910355318629064 0.028634765088894523 0.051679517052740945 -0.061158494829076274 0.019479031781065324 -0.0091003190745298831
leaf_weight=2.8957457803189754 242.33757545612752 5.5847141817212096 6.0667895041406146 5.4820012152194968 2.9212349206209183 3.7827437594532958 4.4766561500728113 3.3268397040665141 6.5520388484001222 6.253215178847312 3.3794982507824889 2.9972999542951566 5.3372614718973637 6.3817904070019722
leaf_count=18 1883 41 45 35 20 30 34 29 37 46 19 17 30 43
internal_value=0.000432046 0.00793946 0.00430057 0.00836038 0.00449902 -0.0275283 0.00966029 0.0415431 0.00405243 -0.00273422 -0.0114243 0.00813596 -0.00952008 -0.0325259
internal_weight=307.775 65.4378 59.8531 53.7863 48.3043 6.70398 41.6003 6.22259 35.3778 28.8257 22.5725 11.7141 8.33456 10.8584
internal_count=2327 444 403 358 323 50 273 47 226 189 143 66 47 77
is_linear=0
shrinkage=0.05


Tree=115
num_leaves=15
num_cat=0
split_feature=1 2 5 8 6 2 5 5 1 7 7 16 16 3
split_gain=1.76066 5.06543 5.69969 4.95114 3.98913 3.36505 3.25936 3.61692 3.16005 2.58536 5.30376 3.66638 6.46828 7.40082
threshold=8.995096000000002 12.864071000000001 36.720007500000001 42.500000000000007 -2.5795659999999994 19.740774500000004 32.432449000000005 26.029478000000005 6.9979060000000013 -3.8766169999999995 -3.9591564999999993 487.50000000000006 406.50000000000006 -3.1321059999999998
decision_type=2 2 2 2 2 2 2 2 2 2 2 2 2 2
left_child=8 3 5 6 -4 -3 7 -2 9 10 11 12 -1 -14
right_child=1 2 4 -5 -6 -7 -8 -9 -10 -11 -12 -13 13 -15
leaf_value=-0.0016612646843411428 -0.011447351335807364 -0.022010099439787469 -0.042939963925427066 0.050717640704110306 0.021488019405388331 0.037162457311601504 -0.042041679794140863 0.056844920993274019 -0.024731610813612588 -0.032726480141954332 0.061986138372346102 0.0065050430086734147 0.024945362014351564 -0.048125114930115426
leaf_weight=122.53252768702805 4.2809984553605336 3.4363452605903166 10.658326808363197 10.552618291229008 3.101692382246255 7.9872519019991159 2.9698328971862793 3.543726809322834 14.575285505503414 6.1803807429969302 3.4049089699983588 99.679160544648767 4.4351679682731655 15.845909351482986
leaf_count=999 37 34 116 62 22 95 21 19 117 40 24 635 28 117
internal_value=-0.000529432 0.00844509 -0.00674356 0.0263634 -0.028417 0.0193627 0.00255499 0.0194814 -0.00209548 -0.000786645 1.6129e-05 -0.000854009 -0.00599038 -0.0321457
internal_weight=313.184 46.5308 25.1836 21.3472 13.76 11.4236 10.7946 7.82473 266.653 252.078 245.898 242.493 142.814 20.2811
internal_count=2366 406 267 139 138 129 77 56 1960 1843 1803 1779 1144 145
is_linear=0
shrinkage=0.05


Tree=116
num_leaves=15
num_cat=0
split_feature=5 17 6 13 13 16 6 6 8 16 13 5 6 2
split_gain=1.66992 4.90655 4.54951 3.98198 3.28489 3.0019 2.78607 3.10177 2.72654 7.71264 6.49623 6.45604 4.40281 3.79239
threshold=33.18941550000001 -14.453309499999998 -17.603214999999995 11.961474500000003 13.836371000000002 765.50000000000011 -13.874939499999998 -12.874794499999998 62.500000000000007 141.50000000000003 5.1130970000000007 25.539750000000005 -6.8751284999999998 -1.0000000180025095e-35
decision_type=2 2 2 2 2 2 2 2 2 2 2 2 2 2
left_child=1 -1 4 8 -2 6 -4 -8 10 -10 -3 -12 -11 -13
right_child=2 3 5 -5 -6 -7 7 -9 9 12 11 13 -14 -15
leaf_value=-0.063885027622206589 -0.0082666623303476131 0.00066419446137282569 -0.036184203002038007 0.060486783131706162 0.062077967154774261 -0.049422490556489118 0.041876272703701797 -0.0067768286031843475 0.042100282255219397 -0.05798371344127054 -0.0037361772361895439 0.068737705199588758 -0.0070424885640642827 0.01410827233327425
leaf_weight=2.7898003794252864 2.8645512051880351 181.20198901556432 7.5190466344356528 2.9555870331823817 3.9452951960265636 4.5882724635303012 3.4886058904230586 53.723078034818172 4.6833985112607506 7.8114086613059088 9.2675668410956877 9.2580704726278764 9.2814886756241286 4.836501032114028
leaf_count=20 20 1382 64 18 27 45 23 396 40 66 68 50 82 36
internal_value=-8.37706e-05 0.00202409 -0.00650977 0.00282599 0.0324876 -0.0103408 -0.00757064 -0.0038101 0.00207305 -0.0147466 0.00386354 0.0286784 -0.0303225 0.0499918
internal_weight=308.215 232.086 76.1288 229.296 6.80985 69.319 64.7307 57.2117 226.34 21.7763 204.564 23.3621 17.0929 14.0946
internal_count=2337 1762 575 1742 47 528 483 419 1724 188 1536 154 148 86
is_linear=0
shrinkage=0.05


Tree=117
num_leaves=15
num_cat=0
split_feature=16 2 4 7 0 2 6 16 27 1 16 7 16 8
split_gain=1.96451 1.73172 6.03749 5.90871 4.37621 3.36801 3.45603 7.09027 9.23922 8.80098 6.61473 6.07693 5.9488 10.151
threshold=43.500000000000007 6.6265090000000013 0.59413250000000006 -5.7190374999999998 -1.2521049999999998 1.1328295000000002 -5.0945639999999992 577.50000000000011 1.0000000180025095e-35 -2.7006754999999996 234.50000000000003 -7.8486469999999988 345.50000000000006 52.500000000000007
decision_type=2 2 2 2 2 2 2 2 2 2 2 2 2 2
left_child=-1 2 3 5 -5 6 10 8 -8 -10 -2 -11 -12 -14
right_child=1 -3 -4 4 -6 -7 7 -9 9 11 12 -13 13 -15
leaf_value=-0.05266457821771181 -0.013797754122015393 -0.0049804420924943211 0.044907549061518434 0.0014173921577512369 0.064504383076631935 -0.017401996231602771 -0.040736779505909121 0.028485687557516723 0.092603468482065854 -0.051027858420628826 0.035066893114904844 0.045190045746473499 0.030196859457881184 -0.014468090841886039
leaf_weight=1.795598730444907 29.219044461846352 117.89123184233904 8.1220231279730779 4.9872404001653194 6.1247907541692239 27.690954092890024 21.177262967452407 8.8624840565025789 2.81999521702528 4.0868584252893925 23.546255193650723 2.7420372329652327 22.340316716581583 29.542666666209698
leaf_count=43 263 939 50 34 44 224 182 74 14 54 123 20 122 184
internal_value=-0.000516866 -0.000213985 0.00272399 0.000853206 0.03619 -0.00142935 0.00163499 -0.0109283 -0.0222598 0.0182933 0.00639971 -0.012393 0.0142236 0.00476421
internal_weight=310.949 309.153 191.262 183.14 11.112 172.028 144.337 39.6886 30.8262 9.64889 104.648 6.8289 75.4292 51.883
internal_count=2370 2327 1388 1338 78 1260 1036 344 270 88 692 74 429 306
is_linear=0
shrinkage=0.05


Tree=118
num_leaves=15
num_cat=0
split_feature=8 6 16 3 16 16 16 5 6 32 7 7 5 7
split_gain=1.40033 4.02918 3.94258 2.34673 5.89232 4.38204 5.13285 3.58433 7.54483 4.50289 8.78461 4.47983 5.54491 5.84357
threshold=67.500000000000014 -6.494944499999999 61.500000000000007 -0.67263699999999982 109.50000000000001 126.50000000000001 147.50000000000003 26.653723000000003 -6.8924969999999997 13.500000000000002 -12.138221999999999 -8.5568064999999986 31.581298500000006 -12.642641999999999
decision_type=2 2 2 2 2 2 2 2 2 2 2 2 2 2
left_child=2 -2 -1 4 -4 -5 -7 8 -6 10 -10 12 13 -9
right_child=1 -3 3 5 7 6 -8 11 9 -11 -12 -13 -14 -15
leaf_value=-0.053547850860927886 -0.031996550292932427 0.033873249758128159 0.054778710400057509 -0.038322387066674103 -0.031643937518448177 0.054529666580148656 -0.0025199765556056606 0.021017284619475253 0.027334449963343291 0.019465574712692706 -0.04993271148818048 -0.033633070750371169 0.003417670324519854 0.081792215071052499
leaf_weight=3.3838540501892558 9.969328109174965 3.0263305976986876 5.9363031610846511 8.3197926953434926 18.073248464614153 4.0399286299943915 163.80790124833584 13.6939694583416 6.7227905988693228 26.440557448193431 8.1234107166528684 4.6038666218519202 26.873595580458641 5.5615442544221869
leaf_count=69 88 22 37 104 125 18 1245 90 40 183 79 34 187 31
internal_value=-0.000593701 -0.0166573 0.000112559 0.000733986 0.00625531 -0.00290252 -0.00114685 0.00363889 -0.00470162 0.00709236 -0.0149439 0.0133977 0.0180915 0.0385708
internal_weight=308.576 12.9957 295.581 292.197 116.029 176.168 167.848 110.093 59.36 41.2868 14.8462 50.733 46.1291 19.2555
internal_count=2352 110 2242 2173 806 1367 1263 769 427 302 119 342 308 121
is_linear=0
shrinkage=0.05


Tree=119
num_leaves=15
num_cat=0
split_feature=0 7 2 16 0 6 7 16 8 19 0 16 16 2
split_gain=1.51625 4.90975 8.1382 7.27175 6.30514 4.73254 4.3289 4.87579 4.37587 5.1302 4.18844 3.9301 3.8507 3.84017
threshold=0.37907000000000007 -14.655997999999999 10.323484000000002 294.50000000000006 3.7527690000000002 -2.0916689999999996 -7.2716629999999993 625.50000000000011 47.500000000000007 1.0000000180025095e-35 1.0000000180025095e-35 264.50000000000006 517.50000000000011 44.941540500000009
decision_type=2 2 2 2 2 2 2 2 2 2 2 2 2 2
left_child=5 -2 4 11 6 10 8 -8 9 -3 -1 13 -5 -4
right_child=1 2 3 12 -6 -7 7 -9 -10 -11 -12 -13 -14 -15
leaf_value=0.0024355003184809085 -0.017055533345069727 0.074000975218568785 -0.041729516378485224 -0.054940098318300802 0.048496852889650041 -0.054918634832252344 0.032823458812502843 -0.044430103249545078 -0.022942679361014517 -0.013957694705346808 0.033998837064406005 0.066227576757493259 -0.014970492959542933 0.034452024892514012
leaf_weight=150.60718925856054 46.165440848097205 3.0013074800372115 2.9207121133804304 7.749378837645053 11.601611487567423 3.4057407956570378 17.531811643391855 2.311747469007968 15.47257601469755 3.7031337898224592 11.29911409690976 3.5837584584951401 27.093935940414667 3.8148256167769432
leaf_count=1129 315 17 27 109 64 46 139 20 114 35 87 22 237 19
internal_value=0.000138244 -0.00359454 0.00269623 -0.0129414 0.0158669 0.00341126 0.00685792 0.0238235 -0.00832257 0.0254178 0.00463824 0.0239253 -0.02386 0.00141764
internal_weight=310.262 144.95 98.7848 45.1626 53.6222 165.312 42.0206 19.8436 22.177 6.70444 161.906 10.3193 34.8433 6.73554
internal_count=2380 1118 803 414 389 1262 325 159 166 52 1216 68 346 46
is_linear=0
shrinkage=0.05


Tree=120
num_leaves=15
num_cat=0
split_feature=4 2 5 16 12 2 5 16 16 6 3 1 5 5
split_gain=1.73069 4.78311 2.16737 4.37703 2.01499 2.60148 2.51013 2.09347 8.97504 6.00484 4.31254 4.35828 3.90128 4.37116
threshold=0.90818900000000002 9.0390140000000034 36.720007500000001 315.50000000000006 17.995780500000002 44.941540500000009 64.507990000000021 183.50000000000003 141.50000000000003 -11.897619999999998 -0.026886499999999997 0.71264850000000013 15.372130000000002 13.3557085
decision_type=2 2 2 2 2 2 2 2 2 2 2 2 2 2
left_child=4 -2 -3 -4 5 6 7 8 9 -1 11 12 13 -11
right_child=1 2 3 -5 -6 -7 -8 -9 -10 10 -12 -13 -14 -15
leaf_value=0.065354217364456332 0.066028953480429448 0.034883806000310318 0.019048317170148505 -0.056982916727730828 -0.034189512044577153 0.033875263997990644 0.043115698343843177 -0.0003923277622586009 -0.054809766873490796 -0.022808069578207382 -0.055225149692131895 0.063056633376358764 -0.03125789709175416 0.062198993290887176
leaf_weight=3.2971220947802058 3.631662242114543 3.1117975711822492 4.2788978405296803 3.3947124667465687 4.5968612506985655 5.3025483675301066 3.1216742284595957 247.41512283682823 9.4989973120391351 2.8423296641558462 3.8244441747665432 2.6045834757387629 7.6460848301649094 3.2316746972501278
leaf_count=23 28 19 40 41 42 42 23 1711 152 43 68 24 86 20
internal_value=-0.000515111 0.016398 -0.000313708 -0.014587 -0.00134624 -0.000823442 -0.00147248 -0.00196895 -0.0138092 0.00280173 -0.00743412 0.00376207 -0.00749424 0.0224199
internal_weight=307.799 14.4171 10.7854 7.67361 293.381 288.785 283.482 280.36 32.9452 23.4462 20.1491 16.3247 13.7201 6.074
internal_count=2362 128 100 81 2234 2192 2150 2127 416 264 241 173 149 63
is_linear=0
shrinkage=0.05


Tree=121
num_leaves=15
num_cat=0
split_feature=4 2 7 5 16 1 5 5 5 7 16 16 5 16
split_gain=2.03074 3.11082 3.13084 2.67165 5.09682 2.26719 2.18038 2.51426 3.45203 2.26519 2.15695 6.14134 5.81224 7.91851
threshold=0.90818900000000002 9.0390140000000034 -11.935514499999998 37.254839000000011 315.50000000000006 19.923217500000003 59.299730000000004 50.745927500000008 48.197055000000013 -22.489228499999996 505.50000000000006 517.50000000000011 31.700851500000002 562.50000000000011
decision_type=2 2 2 2 2 2 2 2 2 2 2 2 2 2
left_child=5 -2 -3 -4 -5 6 7 8 10 -9 -1 -12 13 -13
right_child=1 2 3 4 -6 -7 -8 9 -10 -11 11 12 -14 -15
leaf_value=-0.0036497432289128232 0.065709819027696403 -0.046631951596647431 0.061024477612489969 0.042188654292563577 -0.055453368029649987 -0.043640479982926597 0.033994560757268664 -0.0049382925089831997 0.050476925540071799 -0.057647810055398756 0.066486685510285068 0.047825038269978103 -0.020330608834295643 0.0029925700031182148
leaf_weight=162.12816416099668 2.9010584689676753 2.1469343565404406 2.783830024302004 3.157933447510004 2.3171474970877171 2.9525121338665477 4.7497461698949328 4.8294656574726105 3.4333331622183314 3.5267904959619027 3.9669622853398314 11.349229447543619 21.173178810626268 74.515334475785494
leaf_count=1296 23 21 15 29 30 28 37 26 23 41 26 65 160 541
internal_value=0.000821161 0.0199242 0.00715957 0.0211429 0.000864888 -4.75366e-05 0.000396789 -0.000163297 0.000653132 -0.0271845 2.6837e-05 0.00539667 0.0031326 0.00891834
internal_weight=305.932 13.3069 10.4058 8.25891 5.47508 292.625 289.672 284.922 276.566 8.35626 273.133 111.005 107.038 85.8646
internal_count=2361 118 95 74 59 2243 2215 2178 2111 67 2088 792 766 606
is_linear=0
shrinkage=0.05


Tree=122
num_leaves=15
num_cat=0
split_feature=12 2 6 0 18 18 7 7 12 7 7 7 22 3
split_gain=1.87113 6.95792 5.48321 4.83259 4.19789 6.85792 3.67489 3.36599 3.11613 2.35049 6.87892 4.42686 3.7492 3.40564
threshold=8.9715800000000012 9.6968755000000026 -4.5179854999999991 -1.0000000180025095e-35 294.50000000000006 745.50000000000011 -14.923908999999998 -19.412206999999999 7.4503575000000009 -23.172414999999997 -19.412206999999999 -26.633228999999996 1.0000000180025095e-35 -1.0000000180025095e-35
decision_type=2 2 2 2 2 2 2 2 2 2 2 2 2 2
left_child=8 6 3 -3 -4 -6 7 -2 9 11 -11 12 -1 -13
right_child=1 2 4 -5 5 -7 -8 -9 -10 10 -12 13 -14 -15
leaf_value=-0.014085435838752675 0.035320246301374723 0.011647078278447872 0.042185953218342148 -0.060714871831144948 -0.038709464027969646 0.038125121449776346 0.06577779859723247 -0.031338162585718803 -0.028783770213106137 0.041390014315042412 -0.00012541459792270754 -0.015075099367088181 0.04276380814838774 -0.063706583555263846
leaf_weight=6.7456656396389025 6.8106151502579442 3.6172755882143974 6.951352082192904 6.3710465207695943 6.9673073105514032 4.9798914324492216 6.4403999783098689 2.6233081351965657 9.7141763083636743 10.474600486457346 210.44024362415075 12.326485298573973 5.0875304192304611 5.085158795118331
leaf_count=41 53 31 39 77 72 84 37 18 90 80 1596 89 31 29
internal_value=0.000626999 0.010069 -0.00454459 -0.034509 0.0112923 -0.00668289 0.0366616 0.0167844 -0.000999306 7.96173e-05 0.00184303 -0.0132411 0.0103562 -0.0292782
internal_weight=304.635 44.7612 28.8869 9.98832 18.8986 11.9472 15.8743 9.43392 259.874 250.16 220.915 29.2448 11.8332 17.4116
internal_count=2367 411 303 108 195 156 108 71 1956 1866 1676 190 72 118
is_linear=0
shrinkage=0.05


Tree=123
num_leaves=15
num_cat=0
split_feature=7 7 7 2 16 0 0 7 7 8 3 16 7 7
split_gain=2.21224 8.26307 3.26558 4.04436 4.35842 2.75604 2.52758 2.28681 4.48838 8.38248 4.32919 6.96347 2.88343 4.68701
threshold=-4.721576999999999 -5.1778004999999991 -4.5191724999999989 7.3703410000000007 800.50000000000011 0.53765300000000005 -0.38193899999999997 -6.1822194999999995 -6.556462999999999 47.500000000000007 2.4812025000000006 646.50000000000011 -7.0844174999999998 -7.2716629999999993
decision_type=2 2 2 2 2 2 2 2 2 2 2 2 2 2
left_child=1 7 -2 5 6 -4 -5 8 12 -10 11 -9 13 -1
right_child=2 -3 3 4 -6 -7 -8 10 9 -11 -12 -13 -14 -15
leaf_value=-0.0011943160122978884 -0.040934201997815889 0.060955324049455521 -0.0071504384388852496 0.010302895127161083 0.052847312428969978 0.065056049834235075 -0.044374866954577367 -0.045899921767511016 -0.030116001456487504 0.06103894657115988 -0.06180009666495706 0.033855985106475951 -0.039483026544946453 0.035578210340350573
leaf_weight=232.8372620344162 7.9682950470596579 5.6247596014291039 2.3297370430082109 2.8702282458543804 1.8605054821819056 3.0537016019225121 8.0178222395479626 5.0298247411847097 3.7377579342573863 7.7540778480470181 4.2692890167236319 6.0031727477908134 4.6721308454871169 9.0003693178296071
leaf_count=1754 57 38 28 17 55 24 71 45 42 60 38 29 40 67
internal_value=-0.000335301 0.000967243 -0.0142553 -0.00253101 -0.0178762 0.033808 -0.0299611 -0.000267349 0.000846508 0.0313905 -0.0190473 -0.00250387 -0.000577397 0.000174232
internal_weight=305.029 278.929 26.1003 18.132 12.7486 5.38344 10.8881 273.304 258.002 11.4918 15.3023 11.033 246.51 241.838
internal_count=2365 2113 252 195 143 52 88 2075 1963 102 112 74 1861 1821
is_linear=0
shrinkage=0.05


Tree=124
num_leaves=15
num_cat=0
split_feature=18 18 12 18 5 8 33 2 4 2 2 18 18 5
split_gain=1.88103 2.67655 3.17232 1.7909 1.85009 1.79297 3.05934 3.26219 2.17424 4.46096 5.09658 4.99698 6.86677 6.33824
threshold=892.50000000000011 865.50000000000011 5.5787640000000005 61.500000000000007 11.029772000000003 67.500000000000014 -14.999999999999998 -11.644047999999998 -0.15868649999999998 1.0000000180025095e-35 13.522269500000002 240.50000000000003 315.50000000000006 25.375767000000007
decision_type=2 2 2 2 2 2 2 2 2 2 2 2 2 2
left_child=1 3 -3 4 -1 8 7 -7 9 11 -11 -5 -13 -14
right_child=-2 2 -4 5 -6 6 -8 -9 -10 10 -12 12 13 -15
leaf_value=0.017707677290935152 -0.037704828966780249 0.071362088987502945 -0.0038317571169283328 -0.0067515610110888483 -0.053857988878993936 0.031587338587410162 -0.046156488988282701 -0.036417266355410219 -0.0015345130206022295 -0.023745141129792813 0.02377343302793283 0.064629482085752296 -0.0099777970472489132 0.036456836432961277
leaf_weight=1.2963321469724167 3.2332661077380171 2.8873589970171443 2.727814169600606 16.46315261349082 2.9768644254654646 4.249679159373045 5.464209817349909 3.0143591463565826 197.33359169028699 17.934493467211727 8.2331885695457441 8.9140796810388547 13.912578653544189 15.577119011431931
leaf_count=24 39 27 17 137 57 26 44 33 1548 138 58 53 95 84
internal_value=0.000228996 0.000636492 0.0348334 -1.36142e-05 -0.0321476 0.000458101 -0.0178931 0.00336746 0.0012972 0.00819292 -0.00879428 0.0162946 0.0261742 0.01455
internal_weight=304.218 300.985 5.61517 295.37 4.2732 291.096 12.7282 7.26404 278.368 81.0346 26.1677 54.8669 38.4038 29.4897
internal_count=2380 2341 44 2297 81 2216 103 59 2113 565 196 369 232 179
is_linear=0
shrinkage=0.05


Tree=125
num_leaves=15
num_cat=0
split_feature=12 2 6 3 7 8 4 5 6 6 4 0 6 7
split_gain=2.12781 5.12405 5.81339 6.24018 4.00373 3.73424 3.7202 2.67995 3.48884 3.38169 3.61474 2.65947 3.43121 3.52905
threshold=8.9715800000000012 10.037865000000002 -4.5179854999999991 2.3839525000000004 -14.923908999999998 42.500000000000007 0.51901050000000015 36.093426000000008 -2.5795659999999994 -3.3817904999999997 0.6480935000000001 7.1620680000000005 -20.264350499999995 -23.172414999999997
decision_type=2 2 2 2 2 2 2 2 2 2 2 2 2 2
left_child=6 4 3 -3 5 -2 11 9 -9 -4 -11 12 -1 -14
right_child=1 2 7 -5 -6 -7 -8 8 -10 10 -12 -13 13 -15
leaf_value=0.052925617821856258 -0.01711885955113767 0.03227467621542978 0.061215326791903071 -0.059496773788282553 0.063669743751820565 0.043035205499168998 -0.038590832971616272 -0.046380605910093027 0.028857751893566735 0.025946414882227587 -0.061733749130887174 -0.03583054491794925 -0.018414126437789616 0.0018655349546950032
leaf_weight=3.0894369669258586 5.1019076332449931 2.5444346964359301 4.6953236348927048 6.8100667782127857 6.3863042071461669 5.2192575931549072 6.4625724740326396 3.383484510704875 2.8291289135813704 5.1061479374766341 1.5270100757479665 5.12386355921626 23.752630122005939 221.52441724017262
leaf_count=24 42 16 44 88 36 36 49 39 22 73 13 35 151 1718
internal_value=0.000585033 0.0108063 -0.00270297 -0.0345348 0.0325535 0.0133001 -0.00112943 0.0142727 -0.0121182 0.0287456 0.00576169 -0.000174377 0.000561219 -9.83475e-05
internal_weight=303.556 43.6031 26.8956 9.3545 16.7075 10.3212 259.953 17.5411 6.21261 11.3285 6.63316 253.49 248.366 245.277
internal_count=2386 409 295 104 114 78 1977 191 61 130 86 1928 1893 1869
is_linear=0
shrinkage=0.05


Tree=126
num_leaves=15
num_cat=0
split_feature=12 3 12 16 16 6 1 2 7 7 5 16 0 1
split_gain=1.95699 4.23059 4.08061 2.92599 6.76071 5.121 4.28877 4.45389 5.49433 4.95498 4.62075 4.54916 4.14869 4.27323
threshold=9.057612500000003 1.5074920000000003 7.3443350000000009 505.50000000000006 529.50000000000011 -3.4492824999999994 1.0000000180025095e-35 21.415068500000004 -23.172414999999997 -7.5782199999999991 15.180705000000001 865.50000000000011 4.0183410000000004 -6.2116864999999999
decision_type=2 2 2 2 2 2 2 2 2 2 2 2 2 2
left_child=2 -2 3 5 -5 -1 12 8 -8 -10 -11 -12 13 -6
right_child=1 -3 -4 4 6 -7 7 -9 9 10 11 -13 -14 -15
leaf_value=-0.00085109350035947979 0.070566322872691906 0.0063703082378415753 -0.030904537923976336 0.052574453932294346 0.025034434176659872 -0.030066315856496439 -0.035351899542731123 -0.023603860307382755 0.045527243336926176 0.047800332059236721 -0.023055596333988158 0.043430574049077575 -0.060900021928240712 -0.01324912104609232
leaf_weight=134.60641126707196 2.751358948647975 38.176450349390507 10.981970490887759 7.510895110666751 9.7098170034587366 16.88051350787282 4.0557738095521918 6.9005608037114134 17.172981318086382 5.4069943055510583 10.454143725335596 3.4126995056867591 3.451478909701108 29.236833669245243
leaf_count=1037 16 370 102 44 66 201 22 43 119 33 61 26 23 196
internal_value=0.000523718 0.0106859 -0.0010773 0.000239271 0.00700455 -0.00410661 0.00319312 0.013527 0.0198532 0.0259963 0.0085943 -0.00669302 -0.00836069 -0.00370462
internal_weight=300.709 40.9278 259.781 248.799 97.3122 151.487 89.8013 47.4032 40.5026 36.4468 19.2738 13.8668 42.3981 38.9467
internal_count=2359 386 1973 1871 633 1238 589 304 261 239 120 87 285 262
is_linear=0
shrinkage=0.05


Tree=127
num_leaves=15
num_cat=0
split_feature=12 2 8 16 16 16 5 4 16 16 8 16 1 3
split_gain=1.82571 4.52842 3.67451 3.34671 5.42658 5.2913 6.01045 2.96165 3.53651 9.22015 4.87952 5.98093 5.25373 4.65437
threshold=9.6930595000000022 9.6968755000000026 42.500000000000007 141.50000000000003 294.50000000000006 643.50000000000011 36.720007500000001 0.24167200000000003 430.50000000000006 406.50000000000006 67.500000000000014 562.50000000000011 1.0000000180025095e-35 2.1211990000000003
decision_type=2 2 2 2 2 2 2 2 2 2 2 2 2 2
left_child=7 2 -2 -3 -5 -6 -7 8 9 -1 11 13 -13 -10
right_child=1 3 -4 4 5 6 -8 -9 10 -11 -12 12 -14 -15
leaf_value=-0.0019278362708921575 0.0052040942678062635 -0.061498646824557496 0.057347898833973843 0.045422070623679686 -0.03937721316387547 0.046130926068677545 -0.042775653199559803 -0.013754027427017288 0.017626218181580319 -0.063072933010339935 -0.051971860852611788 -0.014614306995994593 0.014300348208830006 0.065899096136037283
leaf_weight=107.362036107108 6.3107860144227725 2.2114357165992287 7.2714703418314457 5.6427233964204815 8.3986861966550368 5.7024691849946958 2.8516007903963327 43.006759580224752 29.692576441913843 6.5409246180206528 3.3489457555115214 30.834944725036621 32.027048600837588 6.0028734803199759
leaf_count=907 48 19 45 34 107 82 33 349 186 51 27 218 210 32
internal_value=-0.000263343 0.009912 0.0331201 -0.00279486 0.00295052 -0.0111861 0.0164929 -0.00177261 0.00061506 -0.00543912 0.00738195 0.00939877 0.000117187 0.0257442
internal_weight=297.205 38.3892 13.5823 24.8069 22.5955 16.9528 8.55407 258.816 215.809 113.903 101.906 98.5574 62.862 35.6954
internal_count=2348 368 93 275 256 222 115 1980 1631 958 673 646 428 218
is_linear=0
shrinkage=0.05


Tree=128
num_leaves=15
num_cat=0
split_feature=16 6 7 16 0 2 8 3 16 6 3 4 1 16
split_gain=2.37251 3.92061 5.00794 5.30761 4.17768 4.31116 4.59022 3.53647 3.43079 8.12933 5.23076 3.35055 4.02556 4.02401
threshold=598.50000000000011 -4.5289444999999988 -14.923908999999998 637.50000000000011 -1.0629434999999996 10.323484000000002 32.500000000000007 2.4130750000000005 710.50000000000011 -6.4499214999999994 -1.3579669999999997 -0.098026499999999975 -3.0854239999999993 297.50000000000006
decision_type=2 2 2 2 2 2 2 2 2 2 2 2 2 2
left_child=11 2 -2 -4 -3 -6 -7 8 10 -10 -5 -1 -13 -14
right_child=1 4 3 7 5 6 -8 -9 9 -11 -12 12 13 -15
leaf_value=0.003985918003165531 0.025836282516545211 0.059888409298606796 -0.059624374135510451 0.060913820955531078 0.034379224345956791 0.050203409543107515 -0.017976450791707909 -0.041285253269935561 -0.0554285753448783 0.022893035999509995 -0.011492336074661371 0.026953109982901798 0.0002380846872661764 -0.01898698051283659
leaf_weight=101.30404100194573 11.764650236815212 5.5555246546864501 4.9952324219048014 5.2703254371881485 12.550056878477337 3.0579361617565146 12.810706801712511 5.1469230670481911 5.9810330979526043 7.4272717610001546 4.7355706095695549 7.5448139458894721 47.461983859539032 63.815029673278332
leaf_count=764 82 41 33 23 115 49 102 54 56 51 27 49 420 506
internal_value=-2.35711e-05 0.00739201 -0.00223405 -0.0120753 0.020233 0.0124808 -0.00483798 -0.00375918 0.00448982 -0.0120438 0.0266456 -0.00269486 -0.0083907 -0.0107871
internal_weight=299.421 79.2952 45.321 33.5564 33.9742 28.4187 15.8686 28.5611 23.4142 13.4083 10.0059 220.126 118.822 111.277
internal_count=2372 633 326 244 307 266 151 211 157 107 50 1739 975 926
is_linear=0
shrinkage=0.05


Tree=129
num_leaves=15
num_cat=0
split_feature=0 10 16 4 2 4 16 2 7 5 16 4 7 2
split_gain=1.33116 3.55789 1.55741 1.71271 1.47495 4.1174 3.89164 2.9057 2.83586 2.64809 2.32149 2.23376 8.10909 2.13044
threshold=-5.0044269999999988 2.5000000000000004 544.50000000000011 -0.49357299999999998 -14.113801499999999 -0.41825099999999993 234.50000000000003 -20.745513499999998 -24.520225499999995 24.792079500000003 514.50000000000011 -0.3489934999999999 -10.493961499999999 -1.0000000180025095e-35
decision_type=2 2 2 2 2 2 2 2 2 2 2 2 2 2
left_child=1 2 3 -1 6 9 7 -2 -9 -6 -8 12 -7 -11
right_child=4 -3 -4 -5 5 11 10 8 -10 13 -12 -13 -14 -15
leaf_value=-0.012073777967550037 -0.033052150368041544 -0.0077439649636393245 0.054134468512456541 0.035337753485285735 -0.064136451109915768 -0.010713523802150163 0.062804633130800647 0.050815543198710282 -0.012975722831351004 0.0056378052909296893 0.0094828586969147727 -0.001654301456452452 0.092000390879677804 -0.03556549549592302
leaf_weight=3.1227390691637984 5.5515134334564209 12.820636400952933 4.3064896240830413 4.8840012084692743 3.665535710752013 5.6226310059428215 4.430146783590315 3.1288341730833054 3.9312257990241068 6.0188504979014406 3.7854778319597244 227.89770526811481 2.9192107152193767 6.5527095980942223
leaf_count=20 40 88 27 38 39 47 31 19 35 41 18 1850 20 57
internal_value=-0.000319903 0.0106921 0.0298878 0.0168466 -0.00133186 -0.00238603 0.0114573 -0.00598708 0.0152949 -0.026742 0.0382358 -0.000713422 0.0243894 -0.0158387
internal_weight=298.638 25.1339 12.3132 8.00674 273.504 252.677 20.8272 12.6116 7.06006 16.2371 8.21562 236.44 8.54184 12.5716
internal_count=2370 173 85 58 2197 2054 143 94 54 137 49 1917 67 98
is_linear=0
shrinkage=0.05


Tree=130
num_leaves=15
num_cat=0
split_feature=2 7 6 5 16 8 7 7 5 7 1 5 0 8
split_gain=2.14606 3.40367 4.91843 4.53344 9.96002 3.49731 6.79104 6.52508 6.13268 3.94233 4.14417 4.95446 3.7991 3.64641
threshold=-11.520850499999998 -13.835873499999998 -12.874794499999998 20.217179000000005 300.50000000000006 52.500000000000007 -7.4350499999999995 -10.655084999999998 35.842374500000005 -13.574112999999999 2.4309605000000007 11.721660000000002 -4.7288429999999986 47.500000000000007
decision_type=2 2 2 2 2 2 2 2 2 2 2 2 2 2
left_child=-1 3 -3 4 -2 7 9 8 13 -7 11 -11 -10 -4
right_child=1 2 5 -5 -6 6 -8 -9 12 10 -12 -13 -14 -15
leaf_value=0.0103634198656266 -0.065450039756823258 0.062129836475695879 0.050676767469624739 -0.01714860728215294 0.064677390842045795 0.0398139659649814 0.01657499958226448 -0.0026733922795521472 0.040066750065062544 0.019783419366539139 0.028351475606464491 -0.034164416366086872 -0.022777555564463002 0.010126437672677931
leaf_weight=36.844149591401219 2.1037742141634217 3.2094490379095069 16.094545625150204 57.314629072323442 4.8850002028048038 2.6254102289676657 17.765078337863088 91.4331886889413 3.2552933394908896 4.8277668803930274 3.5777197033166876 35.926370546221733 9.2052539698779565 8.4570257365703601
leaf_count=257 25 16 98 408 54 11 147 804 19 47 32 305 86 56
internal_value=-0.000931933 -0.0025284 0.000740946 -0.0125127 0.0255062 -0.000279021 -0.00975669 0.00449669 0.0222093 -0.0197186 -0.0232442 -0.0277737 -0.00635961 0.0367088
internal_weight=297.525 260.681 196.377 64.3034 6.98877 193.168 64.7223 128.445 37.0121 46.9573 44.3319 40.7541 12.4605 24.5516
internal_count=2365 2108 1621 487 79 1605 542 1063 259 395 384 352 105 154
is_linear=0
shrinkage=0.05


Tree=131
num_leaves=15
num_cat=0
split_feature=4 2 7 5 1 7 5 24 7 7 7 7 16 16
split_gain=1.88572 3.22567 2.68735 1.92009 4.11319 3.58873 3.5081 6.42122 6.28794 7.29203 4.82148 4.20177 5.29714 7.09319
threshold=0.90818900000000002 9.0390140000000034 -11.935514499999998 32.432449000000005 -14.453309499999998 -26.633228999999996 26.029478000000005 1.0000000180025095e-35 -12.790780999999997 -8.2149594999999973 -5.1960904999999995 -23.172414999999997 505.50000000000006 547.50000000000011
decision_type=2 2 2 2 2 2 2 2 2 2 2 2 2 2
left_child=3 -2 -3 4 -1 -5 11 -8 -9 -10 -11 -6 -13 -14
right_child=1 2 -4 5 6 -7 7 8 9 10 -12 12 13 -15
leaf_value=-0.062891685398920386 0.062757500012007292 -0.045468074401111704 0.018777221645218892 0.02061720809399702 -0.046866451983748031 -0.012253121561753852 0.03911110040401241 -0.016763583687311956 0.04154472791956082 -0.037707454892008593 0.039973025285513115 -0.0071077588786292766 0.062319202273427937 0.0061687048150147255
leaf_weight=2.3875498734414569 3.2491201050579539 2.0609095543622962 7.7440056260675183 9.7547845840454084 4.8271722979843608 55.822268282994628 17.17793638817966 21.139032300561666 15.408644896000625 6.6038025915622711 2.8637980297207815 90.543017562478781 6.2830819189548484 53.648291962221265
leaf_count=18 29 24 77 57 33 442 123 138 81 54 24 821 39 430
internal_value=0.000996193 0.0195811 0.00527341 0.000149275 0.00237974 -0.00736356 0.00309297 0.013025 0.00328682 0.020325 -0.0142103 -0.000948434 0.000524602 0.0120554
internal_weight=299.513 13.054 9.80492 286.459 220.882 65.5771 218.495 63.1932 46.0153 24.8762 9.4676 155.302 150.474 59.9314
internal_count=2390 130 101 2260 1761 499 1743 420 297 159 78 1323 1290 469
is_linear=0
shrinkage=0.05


Tree=132
num_leaves=15
num_cat=0
split_feature=0 7 4 6 6 7 7 16 6 4 6 0 7 6
split_gain=1.58497 1.93858 1.98728 1.797 6.57449 5.74375 4.91373 3.8345 3.72004 3.08273 6.7121 5.67969 7.44707 5.3496
threshold=-6.3086619999999991 -12.790780999999997 -0.76117399999999991 -6.8924969999999997 -6.1392874999999991 -8.5568064999999986 -9.6145504999999982 520.50000000000011 -10.758027499999999 -0.17179649999999996 -4.5289444999999988 2.0934385000000004 -19.412206999999999 -4.2854119999999991
decision_type=2 2 2 2 2 2 2 2 2 2 2 2 2 2
left_child=1 2 -1 5 -5 6 7 -2 -9 -6 11 12 -11 -12
right_child=3 -3 -4 4 9 -7 -8 8 -10 10 13 -13 -14 -15
leaf_value=0.034155394821071695 -0.00024007233533358515 0.040997676120635256 -0.014321382548488876 0.027125915640028003 0.019409402626877681 -0.056861197310333227 0.039635383734248797 -0.00040314860919132161 -0.03925437711097915 0.065719109174560572 0.039445913415685513 -0.045645118117943861 -0.016247109854219899 -0.00059570610970350419
leaf_weight=3.2269803937524548 65.222367074340582 4.9853175468742839 6.1304279454052439 22.402933638542891 15.414717847481368 5.3687053285539141 6.1194713879376641 10.526104863733055 14.859017912298439 3.0971650779247275 9.2101920433342439 14.738590523600577 26.323653575032953 88.425595507957041
leaf_count=30 498 27 43 166 117 69 43 69 104 15 66 108 201 826
internal_value=-0.000400145 0.0158135 0.00239624 -0.00122564 0.00178514 -0.00652238 -0.00372839 -0.0066571 -0.0231445 -0.001826 -0.00413453 -0.0203102 -0.00761843 0.00318151
internal_weight=296.051 14.3427 9.35741 281.709 179.613 102.096 96.727 90.6075 25.3851 157.21 141.795 44.1594 29.4208 97.6358
internal_count=2382 100 73 2282 1499 783 714 671 173 1333 1216 324 216 892
is_linear=0
shrinkage=0.05


Tree=133
num_leaves=15
num_cat=0
split_feature=16 16 7 5 7 22 5 5 5 6 6 16 16 16
split_gain=2.02711 2.62075 1.83906 5.00481 4.88059 3.33214 3.04585 3.03978 2.70725 2.82948 3.50575 4.47305 3.64415 3.90597
threshold=61.500000000000007 73.500000000000014 -23.941125499999995 61.281258000000008 -19.412206999999999 1.0000000180025095e-35 51.87092950000001 26.029478000000005 48.197055000000013 -12.874794499999998 -7.4960949999999995 141.50000000000003 710.50000000000011 658.50000000000011
decision_type=2 2 2 2 2 2 2 2 2 2 2 2 2 2
left_child=-1 -2 3 7 5 -4 8 -3 9 -6 11 -11 13 -13
right_child=1 2 4 -5 6 -7 -8 -9 -10 10 -12 12 -14 -15
leaf_value=-0.040085237736577822 0.051221082384174013 -0.061443421353503169 0.050043400863933656 0.036427822038026435 0.034052510287710967 0.0016846100422100861 -0.041117445648421791 -0.014233933905706084 0.040060549909106451 0.035701942927367107 0.00081013853725983229 -0.01796559612582754 -0.061954619105261559 0.041450621629669504
leaf_weight=3.3729612380266181 2.3739110417664042 4.0609066225588384 7.8638572460040432 4.3191343918442717 5.391303375363349 6.5118762068450451 4.8398691974580279 21.264894982799888 3.9382400792092076 4.1718907542526713 174.06250181980431 40.743276737630367 4.342908699065446 2.9675051569938651
leaf_count=69 20 28 70 37 30 42 76 135 31 34 1431 285 42 16
internal_value=-0.00154947 -0.00109634 -0.00153292 -0.0133197 -0.000161752 0.028138 -0.00185365 -0.0218038 -0.00104712 -0.0017459 -0.00259879 -0.0139604 -0.018272 -0.0139319
internal_weight=290.225 286.852 284.478 29.6449 254.833 14.3757 240.457 25.3258 235.618 231.679 226.288 52.2256 48.0537 43.7108
internal_count=2346 2277 2257 200 2057 112 1945 163 1869 1838 1808 377 343 301
is_linear=0
shrinkage=0.05


Tree=134
num_leaves=15
num_cat=0
split_feature=16 16 5 19 5 2 5 16 5 5 3 24 5 8
split_gain=1.655 4.28293 6.03201 4.15664 8.99392 3.99025 4.79125 5.84496 4.30647 4.01303 3.82582 7.07404 3.69693 3.88618
threshold=231.50000000000003 294.50000000000006 16.519088500000006 1.0000000180025095e-35 37.65539900000001 26.972924000000003 12.343194000000002 105.50000000000001 58.054240500000006 18.262194500000003 -3.4543254999999995 1.0000000180025095e-35 32.137669500000008 62.500000000000007
decision_type=2 2 2 2 2 2 2 2 2 2 2 2 2 2
left_child=5 2 -2 4 -4 6 10 9 -9 -8 -1 -12 13 -3
right_child=1 12 3 -5 -6 -7 7 8 -10 -11 11 -13 -14 -15
leaf_value=0.091580974980599569 -0.036974117667273584 0.0054827735324763432 -0.060268387119049506 0.04074159537357714 0.0413975378258713 0.030276014348977916 0.042661619370551088 -0.034973262721371891 0.027601843498605595 -0.014174864628397616 -0.056208357714303117 0.042519765114949086 -0.012646382191133294 -0.027328065684025994
leaf_weight=1.6013911888003347 4.1488129198551169 144.36860539857298 3.6986620910465735 19.189241390675306 5.2821080312132835 6.4803015999495974 5.5655927620828134 29.589395776391029 3.0311987660825244 7.0267033390700817 2.8435372505336982 5.0130027290433645 46.563351081684232 9.6263468675315362
leaf_count=10 35 1042 34 131 26 34 44 324 26 96 53 40 401 80
internal_value=0.000498618 0.00242088 0.0193124 0.0276022 -0.000472803 -0.0068218 -0.0112191 -0.017989 -0.0291586 0.0109459 0.021144 0.00678685 -0.000301095 0.00343174
internal_weight=294.028 232.877 32.3188 28.17 8.98077 61.1511 54.6708 45.2129 32.6206 12.5923 9.45793 7.85654 200.558 153.995
internal_count=2376 1749 226 191 60 627 593 490 350 140 103 93 1523 1122
is_linear=0
shrinkage=0.05


Tree=135
num_leaves=15
num_cat=0
split_feature=4 1 6 5 16 5 5 5 7 7 6 7 0 4
split_gain=1.61852 1.92423 1.79594 3.61995 3.80192 1.39607 3.07496 3.52933 1.93007 5.35438 2.86309 3.04306 3.08844 4.27555
threshold=0.90818900000000002 19.923217500000003 -2.3363894999999997 35.578937500000002 430.50000000000006 59.299730000000004 50.745927500000008 48.197055000000013 -22.489228499999996 -19.412206999999999 -3.9842824999999995 -24.520225499999995 -1.5874204999999997 -0.46579049999999994
decision_type=2 2 2 2 2 2 2 2 2 2 2 2 2 2
left_child=1 5 3 -2 -5 6 7 8 10 -10 11 12 13 -1
right_child=2 -3 -4 4 -6 -7 -8 -9 9 -11 -12 -13 -14 -15
leaf_value=-0.0046944895145283458 0.07907702551303647 -0.044432464019512924 -0.026846100167609979 0.031314821408511495 -0.044016145877253443 0.028151895946975588 -0.033361626024383237 0.04987668535105514 0.035088700870736796 -0.001421906229805571 -0.057811653823009783 -0.041405131915135292 -0.016929769748427841 0.074637812662559921
leaf_weight=4.1524332091212273 2.4086454734206191 2.5688847228884688 1.9618842750787724 5.7171852402389032 2.3689427077770233 4.0582666359841815 7.3186060190200797 3.4308325052261344 10.510363148525355 225.238435796462 3.315299153327941 5.0745210498571405 8.6016474068164808 2.8737443536520049
leaf_count=28 15 27 18 60 30 34 63 23 88 1809 21 51 49 17
internal_value=-0.000567163 -0.00135962 0.017064 0.0252725 0.00924558 -0.00095664 -0.00139333 -0.000504397 -0.0011698 0.000205842 -0.0146726 -0.00776427 0.00315927 0.0277528
internal_weight=289.6 277.143 12.4567 10.4948 8.08613 274.574 270.516 263.197 259.766 235.749 24.0176 20.7023 15.6278 7.02618
internal_count=2333 2210 123 105 90 2183 2149 2086 2063 1897 166 145 94 45
is_linear=0
shrinkage=0.05


Tree=136
num_leaves=15
num_cat=0
split_feature=0 10 12 3 2 6 7 4 8 7 16 4 3 3
split_gain=1.48889 1.583 1.49331 4.81665 3.62857 4.52095 3.65872 2.98556 2.95783 2.45953 3.5664 2.32249 2.25531 3.50607
threshold=-6.3086619999999991 2.5000000000000004 9.057612500000003 1.4753660000000002 12.864071000000001 -4.5179854999999991 -12.790780999999997 0.51901050000000015 42.500000000000007 -11.346329999999998 750.50000000000011 1.0079045000000002 6.3377070000000009 5.5346890000000011
decision_type=2 2 2 2 2 2 2 2 2 2 2 2 2 2
left_child=1 -1 7 -4 6 -6 8 12 -5 -7 11 -11 13 -2
right_child=2 -3 3 4 5 9 -8 -9 -10 10 -12 -13 -14 -15
leaf_value=0.032411945412171232 -0.00062468908220722139 -0.00083860769365232872 0.082025524299466565 -0.025072441926559771 -0.044868927753094194 0.039540337830897734 0.048996812185236861 -0.035434622851802731 0.03107485537792537 -0.064923619292301477 0.030056003773154195 0.00067764551799975739 0.037549263643394365 -0.053157654416765822
leaf_weight=7.4042639899998886 224.79682653397322 6.929506566375494 2.1320448517799369 4.9644813276827353 6.2821313273161659 3.9764776341617116 7.1004197411239138 6.3679438624531022 4.4464721567928791 2.8178116641938669 3.7275194581598043 2.5886169821023941 3.7847314774990073 3.221633303910493
leaf_count=55 1783 47 13 42 88 36 47 52 33 27 75 28 21 22
internal_value=0.000625205 0.0163373 -0.000190175 0.00900954 0.00467371 -0.00999328 0.0219 -0.00165937 0.00145594 0.00671811 -0.0075711 -0.0335135 -0.00073152 -0.00136692
internal_weight=290.541 14.3338 276.207 38.036 35.9039 19.3926 16.5114 238.171 9.41095 13.1104 9.13395 5.40643 231.803 228.018
internal_count=2369 102 2267 389 376 254 122 1878 75 166 130 55 1826 1805
is_linear=0
shrinkage=0.05


Tree=137
num_leaves=15
num_cat=0
split_feature=10 8 7 0 2 2 24 0 6 6 7 6 20 16
split_gain=1.43614 2.68623 2.95091 2.86804 2.17039 3.17891 2.72344 1.75235 1.91691 5.81873 5.33143 4.60643 3.35705 4.33955
threshold=3.5000000000000004 62.500000000000007 -5.9045189999999996 -0.11846799999999999 13.522269500000002 1.4942745000000002 1.0000000180025095e-35 -5.6447874999999987 -8.0663599999999978 -6.1392874999999991 -9.1463144999999972 -6.6600519999999994 1.0000000180025095e-35 574.50000000000011
decision_type=2 2 2 2 2 2 2 2 2 2 2 2 2 2
left_child=7 2 3 4 5 6 -2 -1 -9 10 -10 -12 13 -11
right_child=1 -3 -4 -5 -6 -7 -8 8 9 12 11 -13 -14 -15
leaf_value=0.018575984688801409 -0.0079618904169210664 -0.014289290422224939 -0.019033254966659016 0.070919892881267543 0.060140134880358957 -0.031717829349391373 0.046114090166895765 -0.0096389187557050175 0.024684480872358354 -0.020828003411066363 -0.056447954053586283 0.01717118747826608 0.0044447437458837369 0.0031685519916883269
leaf_weight=10.973196959123014 3.8392403572797829 8.1432106401771289 4.1548977866768864 3.1667936611920586 2.6380718871951094 3.3344505056738845 5.9164501167833805 59.655506618320942 36.325118253007531 46.982934275642037 4.2113974913954735 4.2886020019650442 60.849344813264906 31.452994849532843
leaf_count=85 30 74 30 23 17 28 36 470 249 430 60 33 544 225
internal_value=0.000270233 0.0103966 0.0191178 0.027507 0.0187661 0.0104279 0.0248331 -0.000969756 -0.00184961 0.000674279 0.0163431 -0.019304 -0.0043683 -0.0112053
internal_weight=285.932 31.1931 23.0499 18.895 15.7282 13.0901 9.75569 254.739 243.766 184.11 44.8251 8.5 139.285 78.4359
internal_count=2334 238 164 134 111 94 66 2096 2011 1541 342 93 1199 655
is_linear=0
shrinkage=0.05


Tree=138
num_leaves=15
num_cat=0
split_feature=0 6 16 2 7 32 16 7 2 16 8 16 7 2
split_gain=1.85796 4.25967 4.29342 4.81041 6.26523 4.73346 5.66278 3.78626 7.24646 5.13893 3.74958 3.60682 3.57749 5.31369
threshold=0.37907000000000007 -2.0916689999999996 625.50000000000011 5.9682405000000012 -14.655997999999999 13.500000000000002 466.50000000000006 -14.655997999999999 10.707893 294.50000000000006 57.500000000000007 673.50000000000011 -19.113004499999999 -6.6369869999999986
decision_type=2 2 2 2 2 2 2 2 2 2 2 2 2 2
left_child=1 2 3 -1 -5 6 -6 12 10 -10 -9 -4 -2 -14
right_child=7 -3 11 4 5 -7 -8 8 9 -11 -12 -13 13 -15
leaf_value=0.0065851434855328239 -0.0031385440189925966 -0.05550057419689132 0.048812192990609335 0.063183773028810883 0.024685638126172246 -0.043015546613416868 -0.043760193135849564 0.01890989876726536 0.018807093034775731 -0.025005783126236598 -0.023720454544163289 0.010881843536108132 -0.07010380267272194 -0.014245425242779788
leaf_weight=93.103032452985644 24.112862543202937 2.9489624481648198 8.8946495316922682 2.2709859944880035 7.9834334403276461 14.335737906396387 4.8623609468340874 45.598971607163548 8.7209865152835828 28.778640439733863 5.8159226588904849 21.219001207500696 6.2167604938149479 13.509610397741197
leaf_count=732 168 42 54 17 63 126 38 345 65 320 52 168 43 104
internal_value=0.000313403 0.00402026 0.00516996 0.00101362 -0.0165986 -0.0232644 -0.00122232 -0.00403189 0.00189732 -0.0148166 0.0140877 0.0220853 -0.0160575 -0.0318492
internal_weight=288.372 155.618 152.669 122.556 29.4525 27.1815 12.8458 132.754 88.9145 37.4996 51.4149 30.1137 43.8392 19.7264
internal_count=2337 1240 1198 976 244 227 101 1097 782 385 397 222 315 147
is_linear=0
shrinkage=0.05


Tree=139
num_leaves=15
num_cat=0
split_feature=4 3 20 4 1 7 7 7 18 18 6 26 5 5
split_gain=1.39513 2.31923 5.9145 2.52649 3.67739 3.1917 3.52622 3.25016 5.29232 3.93599 2.67188 6.53497 4.94607 6.04944
threshold=-1.1119419999999998 -5.4916104999999993 1.0000000180025095e-35 -0.14763499999999999 1.0000000180025095e-35 -16.334850999999997 -16.015319999999999 -25.545219999999997 186.50000000000003 141.50000000000003 -9.7310194999999986 1.0000000180025095e-35 23.759666000000006 20.564629500000002
decision_type=2 2 2 2 2 2 2 2 2 2 2 2 2 2
left_child=-1 2 -2 4 5 7 -7 -3 9 -9 11 -8 13 -12
right_child=1 3 -4 -5 -6 6 10 8 -10 -11 12 -13 -14 -15
leaf_value=0.037725734472764533 -0.030431922374390283 -0.0049077077408814646 0.045274168065123174 -0.0019526959770556425 0.050430261190621661 -0.053034951227559003 -0.049872414949430587 0.037561827868095178 0.054627017273297884 -0.055374303012203085 0.0083191541602687224 0.033198180416125156 0.040059674463724874 -0.054236302839247422
leaf_weight=2.4697551578283301 14.942179288715126 7.7154187522828606 3.1182495374232522 191.23335720784962 4.9470886643975964 3.0680878013372412 6.6407809965312463 2.2294112667441359 10.453713048249481 2.3298604600131512 23.447024578228596 3.6791347078979015 9.3118658196181041 4.6275413744151583
leaf_count=20 125 44 17 1601 34 22 56 20 63 31 225 25 58 27
internal_value=0.000306502 -1.46739e-05 -0.0173608 0.00114698 0.00870289 0.00589444 -0.00107649 0.0214673 0.0350218 -0.00993002 0.00226506 -0.0202571 0.00848193 -0.00199189
internal_weight=290.213 287.744 18.0604 269.683 78.4499 73.5028 50.7744 22.7284 15.013 4.55927 47.7063 10.3199 37.3864 28.0746
internal_count=2368 2348 142 2206 605 571 413 158 114 51 391 81 310 252
is_linear=0
shrinkage=0.05


Tree=140
num_leaves=15
num_cat=0
split_feature=5 6 16 16 19 16 5 16 4 16 7 5 5 6
split_gain=1.79818 1.69075 1.89205 2.70587 17.4056 6.64476 2.96261 3.45679 4.34134 9.09591 6.87698 5.20879 3.80358 3.48689
threshold=10.172116500000001 -1.4061024999999998 351.50000000000006 324.50000000000006 1.0000000180025095e-35 315.50000000000006 11.721660000000002 231.50000000000003 -0.11544199999999998 297.50000000000006 -13.773882499999997 20.808717000000005 18.262194500000003 -3.7855874999999997
decision_type=2 2 2 2 2 2 2 2 2 2 2 2 2 2
left_child=-1 2 3 5 -5 6 -2 13 10 12 -9 -12 -10 -8
right_child=1 -3 -4 4 -6 -7 7 8 9 -11 11 -13 -14 -15
leaf_value=-0.052421549133522496 0.038728249050186549 0.039252616080286545 -0.0032231487280975427 0.083947494694323832 -0.044345218570435302 -0.057733506525192116 -0.00042426472009617202 0.067538018798259256 -0.03132172139060705 -0.062083000812593825 0.04563498748059433 -0.044199165721037277 0.024473990793712347 -0.038646433263647945
leaf_weight=1.6089929230511177 6.2119973488152018 2.7992523154243818 165.67396957054734 6.1670587658882123 4.6275859512388706 4.3650065101683131 46.058345586061471 7.8723315224051476 3.6561921983957353 4.5818049404770127 3.0420462638139707 3.4363251402974129 18.558321081101894 6.854938365519053
leaf_count=42 56 62 1218 27 64 33 456 49 27 48 24 21 126 89
internal_value=0.000287199 0.000585918 0.000200875 0.00511521 0.0289493 0.00265643 0.00528529 0.00307663 0.0139463 0.00206095 0.0361392 -0.00201578 0.0152908 -0.00537596
internal_weight=285.514 283.905 281.106 115.432 10.7946 104.637 100.272 94.0603 41.147 26.7963 14.3507 6.47837 22.2145 52.9133
internal_count=2342 2300 2238 1020 91 929 896 840 295 201 94 45 153 545
is_linear=0
shrinkage=0.05


Tree=141
num_leaves=15
num_cat=0
split_feature=3 5 7 3 0 5 1 7 7 3 13 13 16 3
split_gain=1.70902 3.70979 3.87581 2.56258 3.55843 3.88758 3.67637 2.92845 3.4418 2.22937 3.95363 3.40342 3.15594 2.99543
threshold=-5.4916104999999993 36.720007500000001 -24.100376499999996 -3.9338699999999998 -1.4483634999999997 23.977284500000003 -5.6463184999999987 -33.728653499999993 -26.344495999999996 -2.0771589999999995 6.1881655000000011 6.6537680000000012 282.50000000000006 -1.3838489999999999
decision_type=2 2 2 2 2 2 2 2 2 2 2 2 2 2
left_child=1 -1 -3 4 5 6 -2 -5 -9 10 -10 -12 -13 -11
right_child=3 2 -4 7 -6 -7 -8 8 9 13 11 12 -14 -15
leaf_value=-0.0297894629411973 0.032018953330709449 0.060993388230920612 -0.021250450731325282 -0.051697612604701987 -0.031045473167403661 0.044739080590513985 -0.052991113442323816 0.037542525771117469 -0.020705813311556878 0.019962775565657741 0.070788753127569451 -0.042776454482254408 0.026408538637924042 -0.00079942715425304503
leaf_weight=12.863557558506729 2.6926273591816425 2.7766326814889908 2.9591921735554925 2.7691067010164252 3.0490006394684306 10.909133631736038 2.4102037921547952 5.9591869264841071 29.774863602593541 19.247068095952272 2.2170129399746639 2.688658082857728 4.2600305043160915 178.3299229266122
leaf_count=104 24 25 25 16 27 70 18 44 243 149 15 34 32 1506
internal_value=-0.000228617 -0.0148783 0.0185626 0.000802284 0.018462 0.0278892 -0.00813358 -0.000570258 1.3621e-05 -0.00093194 -0.0118664 0.0168486 -0.000361231 0.00122313
internal_weight=282.906 18.5994 5.73582 264.307 19.061 16.012 5.10283 245.246 242.477 236.518 38.9406 9.1657 6.94869 197.577
internal_count=2332 154 50 2178 139 112 42 2039 2023 1979 324 81 66 1655
is_linear=0
shrinkage=0.05


Tree=142
num_leaves=15
num_cat=0
split_feature=2 16 4 0 6 4 6 16 5 2 7 7 0 16
split_gain=1.94048 4.11098 3.12281 2.97781 3.11146 2.87853 3.64262 2.24332 3.05046 2.58877 2.0717 2.60037 3.02789 2.43342
threshold=-11.520850499999998 234.50000000000003 -0.41825099999999993 -2.7671254999999992 -11.407440499999998 -0.3489934999999999 -9.1480694999999983 288.50000000000006 25.593359000000003 0.86410050000000005 -24.957438999999997 -19.595347499999999 2.0412315000000008 813.50000000000011
decision_type=2 2 2 2 2 2 2 2 2 2 2 2 2 2
left_child=1 3 7 -1 -5 6 -4 -2 -9 -10 13 12 -12 -7
right_child=2 -3 5 4 -6 10 -8 8 9 -11 11 -13 -14 -15
leaf_value=0.020575382470659705 -0.047185719682572583 0.030201373256468995 0.048776363617446097 0.013053244153308175 -0.041960034141514439 -0.0034015991216557011 -0.019596977159136008 -0.052880975812130721 0.031139323180497475 -0.022807670078924615 0.060261587108849081 8.3224567784509528e-05 -7.3545059309559151e-05 -0.057553194767347937
leaf_weight=7.2982459850609329 5.4626156743615892 16.810249269008636 6.5750674605369568 4.1849582493305215 6.6612481102347347 5.6047662738710624 2.768028272315858 2.9142118729650965 4.7772199194878322 4.1605828702449799 3.9561279965564591 211.51549451425672 4.3833821266889572 3.293790802359581
leaf_count=55 62 106 42 29 69 39 33 24 33 39 28 1780 31 19
internal_value=0.00133794 0.0123868 -0.000174169 -0.00411777 -0.0207334 0.00131675 0.0285198 -0.020676 -0.00845765 0.00602678 0.00020568 0.00116296 0.0285485 -0.0234458
internal_weight=290.366 34.9547 255.411 18.1445 10.8462 238.097 9.3431 17.3146 11.852 8.9378 228.754 219.855 8.33951 8.89856
internal_count=2389 259 2130 153 98 1972 75 158 96 72 1897 1839 59 58
is_linear=0
shrinkage=0.05


Tree=143
num_leaves=15
num_cat=0
split_feature=2 16 13 7 5 16 0 13 6 6 4 1 16 2
split_gain=1.71796 2.39029 3.94159 3.56956 4.40429 2.84947 2.76559 4.3309 2.38768 3.50535 4.06017 2.67455 4.34815 1.91845
threshold=-11.520850499999998 234.50000000000003 5.140533500000001 -17.119512499999995 37.953338500000008 174.50000000000003 -3.7609864999999996 1.3995960000000003 -13.160831 -12.588751499999999 -0.40828149999999996 -7.8531429999999984 550.50000000000011 -6.6369869999999986
decision_type=2 2 2 2 2 2 2 2 2 2 2 2 2 2
left_child=1 2 -1 4 5 -4 -3 -8 11 -10 13 12 -2 -11
right_child=8 6 3 -5 -6 -7 7 -9 9 10 -12 -13 -14 -15
leaf_value=-0.040249313694305434 -0.050054408433252741 -0.010077370185984364 0.013820773430701309 0.063230270499742017 0.045430064340800672 -0.059187936571856073 -0.0061817123864168653 0.055100085328068628 0.048338495178160398 0.0014662650449031593 -0.0003670749969319033 -0.0648801633232578 0.028903147764148873 -0.051736119399854688
leaf_weight=5.0777414608746794 3.3313962109386921 4.6862065196037319 2.2542403154075146 2.676414713263509 3.0413160175085068 3.2825653292238712 4.3187076076865187 8.6728973910212499 3.565471723675727 2.3938596863299608 227.69313837680966 3.0441775321960431 3.6584725435823202 5.7995665762573463
leaf_count=55 31 34 19 18 17 32 23 53 23 26 1910 31 28 52
internal_value=-0.000431891 0.0101101 -0.0036805 0.0128184 -0.0029104 -0.0294634 0.022851 0.0347286 -0.00186898 -0.000867681 -0.00161144 -0.0257639 -0.0087283 -0.0361921
internal_weight=283.496 34.0101 16.3323 11.2545 8.57812 5.53681 17.6778 12.9916 249.486 239.452 235.887 10.034 6.98987 8.19343
internal_count=2352 251 141 86 68 51 110 76 2101 2011 1988 90 59 78
is_linear=0
shrinkage=0.05


Tree=144
num_leaves=15
num_cat=0
split_feature=5 17 16 7 16 16 16 8 3 6 16 0 17 17
split_gain=1.44011 3.17767 3.64318 3.52497 5.57194 2.5676 6.99129 10.1313 4.1846 5.30033 3.99771 5.03287 6.13506 4.34324
threshold=33.18941550000001 -13.468694999999999 198.50000000000003 -32.354953999999992 294.50000000000006 505.50000000000006 562.50000000000011 42.500000000000007 4.1289080000000009 -3.1051594999999996 577.50000000000011 -0.6709449999999999 -2.4826509999999993 1.0000000180025095e-35
decision_type=2 2 2 2 2 2 2 2 2 2 2 2 2 2
left_child=5 2 -2 -3 -5 8 7 -7 9 -1 -8 13 -13 -12
right_child=1 3 -4 4 -6 6 10 -9 -10 -11 11 12 -14 -15
leaf_value=-0.00088280572636009887 -0.021767016536342443 -0.069307251892710475 0.057944637224575712 0.01398468662929727 -0.018340167248868888 -0.019059022956569027 -0.042013704950030609 0.073022045840028513 0.024766729494468377 -0.033522972964071036 0.0058354431546289495 -0.057700837570583946 0.0024443100077643875 0.047142863306477732
leaf_weight=99.930830772966146 2.2727090436965218 2.3449309989809981 3.8816514238715172 20.755467822775245 37.269992239773273 4.4750227332115164 4.5737315788865081 8.9847002625465375 13.223239157348869 14.205728322267531 14.645383022725584 4.7368956543505183 40.412348041310906 11.25305858068168
leaf_count=844 21 14 32 166 340 31 30 49 83 192 96 29 350 77
internal_value=0.000716564 -0.00571741 0.0285084 -0.0092065 -0.0067777 0.00269409 0.00920569 0.0424074 -0.00186041 -0.00494528 0.00329618 0.00621303 -0.0038659 0.0237838
internal_weight=282.966 66.5248 6.15436 60.3704 58.0255 216.441 89.0811 13.4597 127.36 114.137 75.6214 71.0477 45.1492 25.8984
internal_count=2354 573 53 520 506 1781 662 80 1119 1036 582 552 379 173
is_linear=0
shrinkage=0.05


Tree=145
num_leaves=15
num_cat=0
split_feature=16 16 1 7 7 7 16 16 16 1 4 6 5 7
split_gain=1.70106 1.82863 1.83972 1.75321 7.42034 3.72403 3.67336 5.94995 6.23559 4.79829 3.97986 3.63544 3.77748 3.47674
threshold=892.50000000000011 865.50000000000011 5.5912490000000004 -8.9462234999999968 -7.4270144999999994 -7.2270284999999985 297.50000000000006 445.50000000000006 475.50000000000006 2.9930535000000007 0.065238000000000004 -4.3376024999999991 16.181648000000006 -9.6536394999999988
decision_type=2 2 2 2 2 2 2 2 2 2 2 2 2 2
left_child=1 3 -3 13 -5 -6 9 -8 -9 10 11 -7 -13 -1
right_child=-2 2 -4 4 5 6 7 8 -10 -11 -12 12 -14 -15
leaf_value=0.00064656374401880984 -0.037368464159304435 0.055957660156089342 -0.0017144403394463719 -0.035094128354614701 0.034608421688629092 0.030403221892754587 -0.057937534115420554 0.061135862442936298 -0.01167830327459873 -0.02888041703593959 0.066703427240938293 -0.062682026476983926 0.034153334227033989 0.023931737878574534
leaf_weight=173.99574106000364 2.9583932571113101 2.9735193774104109 2.5848626308143139 17.245001286268234 7.6318067647516719 8.663496511057021 6.0226262770593157 3.3223001882433918 25.569255136884749 5.221600091084837 4.427145989611744 2.6539720259606865 1.6229753904044626 17.657596623525023
leaf_count=1349 38 27 17 201 61 75 73 26 221 54 37 38 13 130
internal_value=0.000346691 0.000745759 0.0291379 0.000169865 -0.00593016 0.00179121 -0.00256427 -0.0127292 -0.00330525 0.0131468 0.0257824 0.0117826 -0.0259359 0.0027919
internal_weight=282.55 279.592 5.55838 274.034 82.3802 65.1352 57.5034 34.9142 28.8916 22.5892 17.3676 12.9404 4.27695 191.653
internal_count=2360 2322 44 2278 799 598 537 320 247 217 163 126 51 1479
is_linear=0
shrinkage=0.05


Tree=146
num_leaves=15
num_cat=0
split_feature=3 2 16 16 16 3 13 2 2 7 7 1 5 3
split_gain=1.3855 3.36117 3.15824 3.87063 4.52294 4.64598 3.86399 3.11455 3.74468 4.2918 4.4447 3.48954 3.28297 3.63966
threshold=0.42119500000000004 26.125278000000005 186.50000000000003 105.50000000000001 93.500000000000014 -3.5051014999999999 9.6354640000000007 11.399295500000003 -2.0585109999999998 -6.4314919999999995 -6.4936539999999985 -1.0303179999999998 17.725153000000002 1.6661595000000002
decision_type=2 2 2 2 2 2 2 2 2 2 2 2 2 2
left_child=1 2 3 4 5 -1 -5 8 12 10 11 -10 -2 -14
right_child=7 -3 -4 6 -6 -7 -8 -9 9 -11 -12 -13 13 -15
leaf_value=0.033100391402716638 -0.057873599472080296 0.040366328723392145 0.0046986749232427166 -0.04724064345166798 0.068651849524338976 -0.03910805377238253 0.026764922318365719 -0.014814883026097229 -0.035771153775051495 -0.014062150767690877 0.066714710216049758 0.017182894085380845 0.018398247069034229 -0.020222514521412632
leaf_weight=3.7432640176266423 3.5326094981282976 5.7735053896903983 123.46955652162433 10.273309566080568 2.2876656316220751 5.5016847811639336 2.1293789483606806 44.405472227372229 3.4406309872865668 14.383679103106259 4.1581902392208567 32.479640267789364 9.4309618510305899 17.274277159944177
leaf_count=37 41 36 883 170 13 90 21 462 23 133 27 241 68 118
internal_value=-0.000273794 0.00294212 0.0014763 -0.0151462 0.00570519 -0.00987098 -0.0345349 -0.00408935 0.00153371 0.00936735 0.0177759 0.0121107 -0.0125757 -0.00658358
internal_weight=282.284 153.178 147.405 23.9353 11.5326 9.24495 12.4027 129.105 84.7 54.4621 40.0785 35.9203 30.2378 26.7052
internal_count=2363 1250 1214 331 140 127 191 1113 651 424 291 264 227 186
is_linear=0
shrinkage=0.05


Tree=147
num_leaves=15
num_cat=0
split_feature=4 2 5 16 3 5 3 7 6 16 2 2 4 1
split_gain=1.87182 3.36261 2.81368 3.03044 2.2409 3.87903 4.5003 3.78563 3.11886 3.02132 4.03667 4.78431 4.0245 4.39405
threshold=0.87874250000000009 9.0390140000000034 35.578937500000002 315.50000000000006 2.6679790000000003 34.793238000000009 3.1293245000000005 -26.344495999999996 -1.9539884999999997 276.50000000000006 -2.2792934999999996 10.323484000000002 0.43973750000000006 5.2485440000000017
decision_type=2 2 2 2 2 2 2 2 2 2 2 2 2 2
left_child=4 -2 -3 -4 -1 6 -6 -7 9 -8 -11 12 13 -12
right_child=1 2 3 -5 5 7 8 -9 -10 10 11 -13 -14 -15
leaf_value=0.0015732135353908596 0.064803426411602805 0.04980202213964087 0.01657158934641919 -0.054311034345767117 -0.041765041950223729 0.01368921785039047 0.025341085046760553 -0.046572513717748502 0.04021908355154892 -0.053116997513902378 0.0071578411573175703 -0.024554593998376888 -0.025986893605121728 0.076353358141956248
leaf_weight=207.75658077932894 3.0365033689886323 2.3672426566481573 3.4535132069140673 2.6764868348836899 6.3280564956367007 3.4293421655893317 8.1290420461446029 10.856563767418264 5.0745538193732491 4.4238953832536891 5.344160459935674 11.559101061895488 3.4985606931149951 4.0202052742242813
leaf_count=1691 29 15 39 44 53 21 56 101 75 28 31 126 23 24
internal_value=-8.51562e-05 0.0196412 0.00350242 -0.0143773 -0.00092651 -0.00921418 -0.00245403 -0.0321066 0.00346191 -0.00158275 -0.00917013 -0.00120944 0.0197694 0.0368641
internal_weight=281.954 11.5337 8.49724 6.13 270.42 62.6635 48.3776 14.2859 42.0495 36.975 28.8459 24.422 12.8629 9.36437
internal_count=2356 127 98 83 2229 538 416 122 363 288 232 204 78 55
is_linear=0
shrinkage=0.05


Tree=148
num_leaves=15
num_cat=0
split_feature=2 18 2 1 10 8 18 18 18 5 2 5 2 18
split_gain=1.9252 3.30066 2.90822 4.1345 1.82855 2.71624 3.30199 6.64181 6.14075 3.64929 4.31741 3.32413 3.08847 4.78168
threshold=-15.187401499999998 234.50000000000003 -20.745513499999998 -13.898823999999999 3.5000000000000004 52.500000000000007 330.50000000000006 424.50000000000006 285.50000000000006 11.123702000000002 15.270728500000002 21.628885000000004 8.2639560000000021 195.50000000000003
decision_type=2 2 2 2 2 2 2 2 2 2 2 2 2 2
left_child=1 2 3 -1 5 12 8 -8 9 -7 -11 -9 13 -2
right_child=4 -3 -4 -5 -6 6 7 11 -10 10 -12 -13 -14 -15
leaf_value=0.01578773277126563 -0.031025052033287454 0.043452326934261126 0.028997995516070386 -0.057832540417945777 0.01052017661795198 0.053345221321249983 -0.047928747735021454 0.028608395519148684 0.042525530819333995 -0.024626642985350083 0.053922150728958354 -0.01403610762829155 -0.0065469950372810809 0.011228334393964064
leaf_weight=3.9724432788789281 7.3477630373090497 6.6529050953686228 5.1715899966657171 3.6679936945438385 28.541972253471613 2.0220139827579322 13.951362829655407 5.5646646618843105 7.1666941083967677 18.272340558469299 1.9345996007323254 25.558745788410306 74.620737168006599 75.453351859934628
leaf_count=29 145 48 39 33 229 19 134 48 41 200 12 177 657 552
internal_value=-0.000288121 0.0148799 4.31019e-05 -0.0195556 -0.00142178 -0.00289163 -0.0107594 -0.0192618 0.00227801 -0.0106979 -0.0171064 -0.00641155 0.000830311 0.00747877
internal_weight=279.899 19.4649 12.812 7.64044 260.434 231.892 74.4704 45.0748 29.3956 22.229 20.2069 31.1234 157.422 82.8011
internal_count=2363 149 101 62 2214 1985 631 359 272 231 212 225 1354 697
is_linear=0
shrinkage=0.05


Tree=149
num_leaves=15
num_cat=0
split_feature=9 5 0 16 16 5 0 16 1 7 0 5 16 16
split_gain=1.5027 2.76944 2.08069 2.49794 1.49515 3.25058 2.59312 2.34118 2.09181 1.53607 1.9664 1.92412 7.07792 13.5898
threshold=4.5000000000000009 15.113609000000002 6.2937895000000008 695.50000000000011 837.50000000000011 30.686849000000006 0.4090160000000001 825.50000000000011 4.4193465000000005 -3.8766169999999995 -0.24927049999999998 20.467929000000002 382.50000000000006 315.50000000000006
decision_type=2 2 2 2 2 2 2 2 2 2 2 2 2 2
left_child=4 -2 3 -3 7 6 -6 9 -8 11 -11 12 13 -1
right_child=1 2 -4 -5 5 -7 8 -9 -10 10 -12 -13 -14 -15
leaf_value=0.008845274982124212 -0.050188415358759356 0.031719529289013004 -0.031889047217474764 -0.027445952786155386 0.059633170490158566 -0.041666604190923003 0.045746531631228493 -0.048429338161687374 -0.022651260525083247 0.01332436963137308 -0.044563361176206989 -0.0029621212827323821 0.025710575234129542 -0.054803219146948162
leaf_weight=38.04791100975126 4.3190691079944399 5.2253417037427408 4.2333690598607063 2.708730660378933 4.1419918388128263 1.8733062893152226 1.8848939426243303 2.5759218782186499 2.746848726645112 2.2431365344673395 4.2400577887892714 163.71246411092579 29.894000611267984 10.757625591009853
leaf_count=389 45 39 31 25 38 26 16 21 34 17 45 1272 244 115
internal_value=-0.00115065 -0.0157925 -0.00358304 0.0115201 -0.000229713 0.0181227 0.0308885 -0.00100674 0.00518331 -0.000515941 -0.0245346 0.000126427 0.00655129 -0.00518401
internal_weight=278.605 16.4865 12.1674 7.93407 262.118 10.647 8.77373 251.471 4.63174 248.895 6.48319 242.412 78.6995 48.8055
internal_count=2357 140 95 64 2217 114 88 2103 50 2082 62 2020 748 504
is_linear=0
shrinkage=0.05


Tree=150
num_leaves=15
num_cat=0
split_feature=5 6 6 4 16 0 2 2 16 5 1 0 0 4
split_gain=1.32851 1.34606 3.13625 3.34981 2.9917 2.41725 2.75572 3.83056 3.13603 2.88383 2.10837 1.86229 3.70152 3.9363
threshold=10.705341000000002 -2.6064839999999996 -3.0641699999999994 0.22618600000000003 562.50000000000011 -1.0115719999999997 10.707893 29.157798500000002 505.50000000000006 16.927326000000004 10.632916000000003 0.37907000000000007 1.0000000180025095e-35 0.46237650000000002
decision_type=2 2 2 2 2 2 2 2 2 2 2 2 2 2
left_child=-1 2 11 -4 10 -3 8 -8 9 -7 -5 12 13 -2
right_child=1 5 3 4 -6 6 7 -9 -10 -11 -12 -13 -14 -15
leaf_value=-0.033445758110964945 4.0241038269179902e-05 -0.040813363315427231 -0.056803109672564946 -0.062392066652014855 0.034514703243399357 -0.024324739041961127 -0.028939533338191954 0.044382026740280182 0.063823177872803963 0.036821932795756462 0.0063188537154300608 -0.004311670469151734 0.03670789723836481 0.034257455645726707
leaf_weight=2.9103335067629805 118.7844563703984 1.9730068929493452 4.9734586868435127 2.3567071408033371 3.0260990764945745 3.1947753895074147 5.5857201907783729 2.6153575088828802 4.7433147383853784 4.8639835063368082 2.1214102767407894 103.91351852193475 8.4092461653053743 9.0450353492051345
leaf_count=61 933 24 48 28 32 53 58 44 61 35 17 831 65 77
internal_value=0.00015896 0.000513817 -0.000539972 -0.0249805 -0.00388982 0.0121006 0.0170712 -0.00555699 0.031567 0.0125812 -0.0298418 0.00072989 0.00457525 0.0024614
internal_weight=278.516 275.606 252.63 12.4777 7.50422 22.9762 21.0032 8.20108 12.8021 8.05876 4.47812 240.152 136.239 127.829
internal_count=2367 2306 2031 125 77 275 251 102 149 88 45 1906 1075 1010
is_linear=0
shrinkage=0.05


Tree=151
num_leaves=15
num_cat=0
split_feature=20 3 16 16 2 16 7 16 7 2 0 2 8 6
split_gain=1.75356 4.95921 3.92643 7.41183 3.6788 6.19601 4.89389 6.6758 6.11868 5.94992 5.20926 4.24599 3.31815 3.20215
threshold=1.0000000180025095e-35 -5.7214169999999998 745.50000000000011 705.50000000000011 -8.4044484999999991 382.50000000000006 -7.940078999999999 598.50000000000011 -7.0844174999999998 8.5836365000000026 1.1795380000000002 6.6265090000000013 42.500000000000007 -5.2984354999999992
decision_type=2 2 2 2 2 2 2 2 2 2 2 2 2 2
left_child=13 -2 3 4 5 -3 7 -6 12 10 11 -10 -8 -1
right_child=1 2 -4 -5 6 -7 8 -9 9 -11 -12 -13 -14 -15
leaf_value=0.0021407411819948869 0.077028519507632093 -0.0050173453410695141 0.043268102885158997 -0.064991319206738965 -0.05414214355784476 0.089904739334993808 0.012553808767553631 0.0249240619013117 0.014623274928267711 -0.024862000363197915 0.056469003110263177 -0.048918008856241181 0.067004604251141381 -0.011510072385661816
leaf_weight=135.45645813830197 2.4238835610449305 3.6550258602946988 5.9873931454494587 4.0021775551140299 7.9341542162001115 3.2458940297365189 5.4384391680359752 4.0235356725752354 11.843461971730003 15.757986366748808 5.7244147434830657 3.3792472686618558 5.7624039053916931 62.912942295894027
leaf_count=1063 13 52 121 30 70 16 44 29 99 122 45 33 37 582
internal_value=0.000322267 0.00661294 0.00438923 0.00109979 0.0050616 0.0396299 0.00107666 -0.0275379 0.00821906 -0.00165206 0.0158082 0.00051792 0.0405667 -0.00218862
internal_weight=277.547 79.178 76.7541 70.7667 66.7646 6.90092 59.8636 11.9577 47.906 36.7051 20.9471 15.2227 11.2008 198.369
internal_count=2356 711 698 577 547 68 479 99 380 299 177 132 81 1645
is_linear=0
shrinkage=0.05


Tree=152
num_leaves=15
num_cat=0
split_feature=4 2 4 2 2 8 2 16 8 7 7 5 1 12
split_gain=1.33175 4.07814 2.29592 2.21071 2.24683 2.15119 1.47333 2.31026 1.45073 2.86578 3.90313 3.32707 4.36863 3.6691
threshold=0.87874250000000009 10.037865000000002 0.68701500000000004 3.6326010000000006 12.670130000000002 42.500000000000007 34.684217000000011 646.50000000000011 52.500000000000007 -33.728653499999993 -26.344495999999996 52.882591000000012 -7.8531429999999984 1.0786370000000003
decision_type=2 2 2 2 2 2 2 2 2 2 2 2 2 2
left_child=2 -2 8 -4 -5 6 7 -3 9 -1 -11 13 -13 -12
right_child=1 5 3 4 -6 -7 -8 -9 -10 10 11 12 -14 -15
leaf_value=-0.060531719486285676 0.064142576691324754 -0.03766916034274384 0.015730220559216492 -0.086501635863164603 -0.019056823979705744 -0.041506251714447578 0.047241738480354317 0.032902721896721325 -0.0045412714569653149 0.059371676305272125 0.014462249155491227 0.02970700233518846 -0.062953741981039035 -0.0021195913500459576
leaf_weight=1.7499462291598309 3.2425133660435668 2.3328908793628198 2.0066907554864875 2.0642772242426872 3.0732758771628141 2.4222324751317501 2.1808115560561419 2.3059871718287468 105.63376869075 3.0973803102970114 53.875197978690267 1.8487897254526613 4.0773489754647008 87.611555375158787
leaf_count=13 32 29 10 11 39 39 22 16 884 22 429 16 41 767
internal_value=-6.17873e-05 0.0158971 -0.000813518 -0.0287735 -0.0461563 -0.00102979 0.0133467 -0.00258786 -3.89646e-05 0.00308461 0.00382426 0.00265712 -0.0340462 0.00419443
internal_weight=277.523 12.4844 265.038 7.14424 5.13755 9.24192 6.81969 4.63888 257.894 152.26 150.51 147.413 5.92614 141.487
internal_count=2370 138 2232 60 50 106 67 45 2172 1288 1275 1253 57 1196
is_linear=0
shrinkage=0.05


Tree=153
num_leaves=15
num_cat=0
split_feature=7 7 16 7 16 16 5 3 16 6 16 0 5 24
split_gain=1.18513 6.08867 6.9137 5.62793 4.86192 5.15949 4.74823 6.27162 7.80586 4.16175 3.64434 3.61457 4.43917 4.0137
threshold=-12.790780999999997 -11.346329999999998 261.50000000000006 -12.973799999999999 144.50000000000003 186.50000000000003 20.864860000000004 -1.4532424999999998 583.50000000000011 -9.7310194999999986 120.50000000000001 8.6517215000000025 38.488631500000004 1.0000000180025095e-35
decision_type=2 2 2 2 2 2 2 2 2 2 2 2 2 2
left_child=3 2 -2 4 10 -6 7 -7 -9 -4 -1 12 13 -8
right_child=1 -3 9 -5 5 6 11 8 -10 -11 -12 -13 -14 -15
leaf_value=-0.00076925604858458238 -0.043750389616678306 -0.0015017480799577425 -0.0061598124075308257 -0.057203258462540034 -0.046449321377506021 0.071697458184625515 0.0076825803756878754 -0.067274098658296685 0.056226374492449861 0.04760328838318182 0.057184672217962675 -0.054257557454410292 0.015915136473031583 -0.021209451018101733
leaf_weight=5.1342509686946851 3.1281991712749031 140.54636260867119 4.6017324086278704 4.7912336476147166 7.0929307509213677 4.7789246812462807 18.185758780688047 2.66246449947357 2.4630903042852879 16.527985200285912 5.751312006264925 3.7346545811742535 20.549820944666862 35.45855725556612
leaf_count=58 35 1306 45 52 126 25 124 16 47 102 35 29 146 217
internal_value=-0.00019605 0.00249093 0.0256238 -0.00419979 -0.00179975 -0.00542919 -0.00211663 0.0304925 -0.00792583 0.0358945 0.0298503 -0.00626114 -0.00384518 -0.0114149
internal_weight=275.407 164.804 24.2579 110.603 105.812 94.9262 87.8333 9.90448 5.12555 21.1297 10.8856 77.9288 74.1941 53.6443
internal_count=2363 1488 182 875 823 730 604 88 63 147 93 516 487 341
is_linear=0
shrinkage=0.05


Tree=154
num_leaves=15
num_cat=0
split_feature=16 8 19 2 3 17 4 4 4 4 5 2 2 17
split_gain=1.33595 2.05251 3.20637 3.64557 1.65932 1.64007 1.83389 1.81892 1.66284 2.49709 3.16169 2.00705 3.01451 2.856
threshold=67.500000000000014 67.500000000000014 1.0000000180025095e-35 -12.036897999999999 -3.5051014999999999 -11.904943999999999 -0.79894549999999986 -0.59509099999999993 -0.15868649999999998 -0.18141049999999997 22.393342000000001 20.147761500000005 0.76181300000000018 -1.7014794999999998
decision_type=2 2 2 2 2 2 2 2 2 2 2 2 2 2
left_child=4 5 -3 -4 -1 6 -2 -7 9 11 -11 12 13 -9
right_child=1 2 3 -5 -6 7 -8 8 -10 10 -12 -13 -14 -15
leaf_value=0.0069427639034562814 0.0042675920593867296 -0.055098636063787579 0.030310723297284584 -0.045365576116481392 -0.054152489745700486 -0.032307616258123131 0.055539136893326138 0.0042673938320211303 -0.0013491225843672377 0.0016714411701863449 0.075093346438325229 0.036699719282394988 -0.018910031275298948 0.047677398248429141
leaf_weight=1.9896932560950515 4.4131760783493519 4.2212050370872003 4.0510949939489365 2.6210807990282774 2.5175614040344945 4.1590738277882329 2.8836582805961362 34.77499723620712 184.54389315377921 2.8730417098850003 2.9944624863564968 4.553230855613946 12.866885572671888 4.2522596865892472
leaf_count=25 38 42 27 36 61 38 21 257 1606 23 19 28 123 26
internal_value=-0.000186245 0.000265743 -0.0209942 0.000582236 -0.0271825 0.0011623 0.0245298 0.000483028 0.00103548 0.00809744 0.0391421 0.00487045 0.00207773 0.00899718
internal_weight=273.715 269.208 10.8934 6.67218 4.50725 258.315 7.29683 251.018 246.859 62.3149 5.8675 56.4474 51.8941 39.0273
internal_count=2370 2284 105 63 86 2179 59 2120 2082 476 42 434 406 283
is_linear=0
shrinkage=0.05


Tree=155
num_leaves=15
num_cat=0
split_feature=0 10 10 0 13 0 0 16 6 1 5 2 7 5
split_gain=1.62951 2.33245 1.65431 1.87035 2.56307 3.16372 2.50618 1.56389 1.56171 5.1579 3.23296 3.38625 4.56764 4.27048
threshold=-5.7934444999999988 2.5000000000000004 3.5000000000000004 -0.14179099999999997 3.4648950000000003 -2.6449274999999997 -2.9948039999999998 362.50000000000006 -7.4960949999999995 -6.1587109999999994 25.375767000000007 0.86410050000000005 -13.582623499999999 29.375660000000003
decision_type=2 2 2 2 2 2 2 2 2 2 2 2 2 2
left_child=1 -1 8 4 6 -6 -4 -8 10 -10 -2 12 -12 -13
right_child=2 -3 3 -5 5 -7 7 -9 9 -11 11 13 -14 -15
leaf_value=0.034540338071316422 -0.031851207360714055 -0.0042915166465659757 -0.039737961088611072 0.043092964694413871 0.040788169447804945 -0.016710784836817632 -0.017916736401229261 0.029761344993500638 0.054113123426642151 -0.00060788394761540274 0.0011441570413955231 -0.060067371989564383 0.059600827044493758 -0.006935325371968639
leaf_weight=8.2097892817109805 11.861515028402208 7.310417912900447 4.5220713987946537 3.9572740457952014 7.685243159532547 3.4735951982438547 3.1517167706042555 3.7859665118157864 4.4271489791572085 157.76711693406105 24.080368988215927 4.4718961864709881 3.8801229894161215 24.508503010496497
leaf_count=60 116 58 34 34 49 38 32 31 28 1404 172 41 29 221
internal_value=0.000515343 0.0162495 -0.000432732 0.011381 0.00583279 0.0228895 -0.0107761 0.00810169 -0.00179189 0.000885745 -0.00810412 -0.0031573 0.00925628 -0.015134
internal_weight=273.093 15.5202 257.573 26.5759 22.6186 11.1588 11.4598 6.93768 230.997 162.194 68.8024 56.9409 27.9605 28.9804
internal_count=2347 118 2229 218 184 87 97 63 2011 1432 579 463 201 262
is_linear=0
shrinkage=0.05


Tree=156
num_leaves=15
num_cat=0
split_feature=20 2 16 16 16 16 5 7 16 5 5 12 16 3
split_gain=1.77762 4.93579 4.31337 3.45669 13.151 5.67691 4.64721 5.52715 4.06272 3.45333 3.51216 3.28548 6.07407 3.39034
threshold=1.0000000180025095e-35 -5.4480614999999988 386.50000000000006 297.50000000000006 445.50000000000006 547.50000000000011 16.519088500000006 -6.1822194999999995 574.50000000000011 14.347610500000002 20.076146000000005 3.7516950000000002 661.50000000000011 1.5074920000000003
decision_type=2 2 2 2 2 2 2 2 2 2 2 2 2 2
left_child=-1 2 9 6 -5 -6 7 -3 -7 -2 -11 12 -10 -13
right_child=1 3 -4 4 5 8 -8 -9 11 10 -12 13 -14 -15
leaf_value=-0.0018169314269988815 0.055635403094483775 0.028954588154839284 0.077846430368072247 -0.058924406236741333 0.038592920985483919 -0.060060198856174529 0.044984736966775851 -0.057245971481645556 0.022460512481284556 -0.056260551304087428 0.049945282904521292 0.077836549214877565 -0.040670139358665876 0.0094050053115517594
leaf_weight=193.18313837423921 2.6209305860102159 4.4041558802127847 4.2629694789648056 9.0661338772624713 10.869219694286583 2.8738970085978535 9.487837076187132 3.2186441291123646 6.795948468148711 2.3029919173568492 1.1758843977004287 2.2069446807727209 8.6721300631761533 10.062187905423341
leaf_count=1635 18 42 33 102 88 23 63 42 40 39 15 13 62 138
internal_value=0.000755598 0.00712538 0.0392593 0.00220354 -0.00437199 0.00755124 0.0216283 -0.00744266 -0.00347087 0.012292 -0.0203622 0.00239244 -0.0129335 0.0217143
internal_weight=271.203 78.0199 10.3628 67.6571 50.5465 41.4803 17.1106 7.6228 30.6111 6.09981 3.47888 27.7372 15.4681 12.2691
internal_count=2353 718 105 613 466 364 147 84 276 72 54 253 102 151
is_linear=0
shrinkage=0.05


Tree=157
num_leaves=15
num_cat=0
split_feature=2 2 1 5 0 6 5 5 1 5 2 0 0 6
split_gain=1.5489 2.65154 2.34069 2.70572 3.12298 4.16381 2.87621 3.00472 2.72654 2.04685 1.88375 2.11284 1.76612 1.96576
threshold=-11.520850499999998 -12.036897999999999 3.8133195000000009 34.793238000000009 1.3962815000000002 -13.874939499999998 24.945697500000005 22.499035000000003 -5.8570344999999993 28.952797500000006 -10.214234499999998 -2.7861114999999996 -5.7934444999999988 -6.8924969999999997
decision_type=2 2 2 2 2 2 2 2 2 2 2 2 2 2
left_child=1 2 3 4 5 -1 7 8 -7 -8 11 -2 -12 -14
right_child=10 -3 -4 -5 -6 6 9 -9 -10 -11 12 -13 13 -15
leaf_value=-0.041990826326797986 0.01358472876394419 0.052008106176439875 -0.041355910335256783 0.038497427792298256 -0.046543358667502636 0.076671733737738709 0.079195665221746855 -0.028831797088505053 0.0015148911353808255 0.018056507588972991 0.01984691840378032 -0.038967455283529205 -0.0082849917341709222 0.001993141759212952
leaf_weight=3.2790861427784064 2.7242983728647232 3.4431833941489449 2.4307708255946627 6.3314328454434863 2.9439179189503184 1.8781806714832852 2.7755941078066817 4.0742284245789051 3.3755533304065413 2.7012134827673435 10.517365811392663 6.4193451609462482 66.791141228750348 153.28077565040439
leaf_count=30 19 27 17 42 20 11 17 29 36 25 79 51 584 1381
internal_value=0.000350099 0.010466 0.00566449 0.00984209 0.001214 0.00898855 0.0202799 0.00339299 0.028383 0.0490413 -0.00105223 -0.0233098 -0.000169637 -0.00112624
internal_weight=272.966 33.2332 29.79 27.3592 21.0278 18.0839 14.8048 9.32796 5.25373 5.47681 239.733 9.14364 230.589 220.072
internal_count=2368 254 227 210 168 148 118 76 47 42 2114 70 2044 1965
is_linear=0
shrinkage=0.05


Tree=158
num_leaves=15
num_cat=0
split_feature=6 1 13 3 19 3 5 6 6 7 1 6 6 16
split_gain=1.18131 1.62687 2.19682 1.80341 3.84253 2.50739 3.44151 2.4826 1.324 1.22511 1.19267 1.02442 6.20672 5.7561
threshold=-22.123105499999998 -16.261996999999997 11.961474500000003 -5.4916104999999993 1.0000000180025095e-35 -4.1080299999999994 23.977284500000003 -9.8821814999999997 -17.168640499999995 -13.189665 -6.1587109999999994 -4.4087219999999991 -4.2854119999999991 586.50000000000011
decision_type=2 2 2 2 2 2 2 2 2 2 2 2 2 2
left_child=-1 -2 3 4 -3 6 10 -8 -4 -6 -5 -7 -13 -14
right_child=1 2 8 5 9 11 7 -9 -10 -11 -12 12 13 -15
leaf_value=0.038695953864320273 -0.037808538475900634 -0.059297105726630717 0.0023735246797860609 0.0099684209603673433 -0.015990188640648519 -0.0038623506923793488 0.0084735764913045075 0.059014966613715282 0.047466770354195713 0.030477753463424368 -0.042007180587423094 0.050407187569899703 -0.011738945334278904 0.015373728735806025
leaf_weight=1.925840526819228 2.9065962284803382 4.0470241084694845 2.8444968573749065 2.1735211350023746 3.2557958606630564 148.33130114898086 4.3515823353081933 5.5013954266905776 3.8056758623570195 2.513449139893055 2.2424459662288418 6.3889633677899829 48.408739455975592 32.867121707648039
leaf_count=19 25 35 19 20 32 1203 38 30 32 13 20 47 516 308
internal_value=-0.000324932 -0.000603632 -0.000198207 -0.000923798 -0.0219466 -9.9212e-05 0.0202542 0.0366933 0.0281789 0.0042542 -0.016425 -0.00132983 0.00295526 -0.000774859
internal_weight=271.564 269.638 266.732 260.081 9.81627 250.265 14.2689 9.85298 6.65017 5.76925 4.41597 235.996 87.6648 81.2759
internal_count=2357 2338 2313 2262 80 2182 108 68 51 45 40 2074 871 824
is_linear=0
shrinkage=0.05


Tree=159
num_leaves=15
num_cat=0
split_feature=2 6 6 16 13 0 2 2 4 6 2 5 13 2
split_gain=1.28172 2.42259 4.27883 3.44442 3.44051 2.30934 2.143 1.89629 2.57623 1.868 2.11342 2.43756 3.54398 1.50658
threshold=-13.342830999999999 -13.160831 -12.874794499999998 550.50000000000011 9.7593560000000021 -7.0117959999999995 -12.258998499999999 -11.520850499999998 -0.47912849999999996 -5.480329499999999 -20.745513499999998 31.374794500000004 13.836371000000002 -9.429212999999999
decision_type=2 2 2 2 2 2 2 2 2 2 2 2 2 2
left_child=9 3 -3 -2 -5 -4 -7 -8 -9 10 11 -1 -13 -10
right_child=1 2 5 4 -6 6 7 8 13 -11 -12 12 -14 -15
leaf_value=-0.046524368448715686 -0.05453294126682276 0.065282317272753645 0.038778515724117495 -0.039478319363664853 0.04350361652549431 -0.04415533475012131 0.031259207808383892 -0.038478592738743628 -0.018298512132101093 -0.025398037478131682 0.027500864317316628 -0.025834603085559224 0.052635856273987085 6.6728910701214448e-05
leaf_weight=2.428372628986839 5.0417000576853734 2.4615649618208399 3.5962580740451804 2.3833879176527262 2.6246213093400002 2.9208622109144917 4.4517232645303002 4.6615293156355611 11.799025591462849 3.1686284728348246 13.927007313817739 2.8917414397001266 2.8638328723609447 208.50266578607261
leaf_count=29 59 15 21 17 24 22 36 53 95 26 99 20 20 1850
internal_value=-0.000220253 -0.00131165 -0.000297913 -0.025359 0.00401125 -0.000982136 -0.00159758 -0.00105574 -0.00169521 0.0105058 0.015651 -0.00451435 0.0132104 -0.000916886
internal_weight=273.723 248.443 238.394 10.0497 5.00801 235.932 232.336 229.415 224.963 25.2796 22.111 8.18395 5.75557 220.302
internal_count=2386 2192 2092 100 41 2077 2056 2034 1998 194 168 69 40 1945
is_linear=0
shrinkage=0.05


end of trees

feature_importances:
navSampleSize=504
maxDrawdown60d=341
volatility20d=248
return60d=244
maxDrawdown20d=206
trendSlope20d=117
return5d=98
lossDayRatio20d=95
ma20Deviation=91
return20d=71
holdingDays=55
lossPressure=43
isActiveFund=23
profitBuffer=22
isActiveQdii=22
consecutiveDownDays=14
isEtfFund=11
holdingProfitRate=8
profileStableDrawdownFloor=7
isQdiiFund=5
consecutiveUpDays=4
typeActiveEquity=3
profileStableBenchmarkGap=3
typeActiveQdii=2
profileStableAnnualReturn=2
isEtfQdii=1

parameters:
[boosting: gbdt]
[objective: binary]
[metric: auc]
[tree_learner: serial]
[device_type: cpu]
[data_sample_strategy: bagging]
[data: ]
[valid: ]
[num_iterations: 160]
[learning_rate: 0.05]
[num_leaves: 15]
[num_threads: 8]
[seed: 0]
[deterministic: 0]
[force_col_wise: 0]
[force_row_wise: 0]
[histogram_pool_size: -1]
[max_depth: -1]
[min_data_in_leaf: 20]
[min_sum_hessian_in_leaf: 0.001]
[bagging_fraction: 0.9]
[pos_bagging_fraction: 1]
[neg_bagging_fraction: 1]
[bagging_freq: 1]
[bagging_seed: 3]
[bagging_by_query: 0]
[feature_fraction: 0.9]
[feature_fraction_bynode: 1]
[feature_fraction_seed: 2]
[extra_trees: 0]
[extra_seed: 6]
[early_stopping_round: 0]
[early_stopping_min_delta: 0]
[first_metric_only: 0]
[max_delta_step: 0]
[lambda_l1: 0]
[lambda_l2: 0]
[linear_lambda: 0]
[min_gain_to_split: 0]
[drop_rate: 0.1]
[max_drop: 50]
[skip_drop: 0.5]
[xgboost_dart_mode: 0]
[uniform_drop: 0]
[drop_seed: 4]
[top_rate: 0.2]
[other_rate: 0.1]
[min_data_per_group: 100]
[max_cat_threshold: 32]
[cat_l2: 10]
[cat_smooth: 10]
[max_cat_to_onehot: 4]
[top_k: 20]
[monotone_constraints: ]
[monotone_constraints_method: basic]
[monotone_penalty: 0]
[feature_contri: ]
[forcedsplits_filename: ]
[refit_decay_rate: 0.9]
[cegb_tradeoff: 1]
[cegb_penalty_split: 0]
[cegb_penalty_feature_lazy: ]
[cegb_penalty_feature_coupled: ]
[path_smooth: 0]
[interaction_constraints: ]
[verbosity: -1]
[saved_feature_importance_type: 0]
[use_quantized_grad: 0]
[num_grad_quant_bins: 4]
[quant_train_renew_leaf: 0]
[stochastic_rounding: 1]
[linear_tree: 0]
[max_bin: 255]
[max_bin_by_feature: ]
[min_data_in_bin: 3]
[bin_construct_sample_cnt: 200000]
[data_random_seed: 1]
[is_enable_sparse: 1]
[enable_bundle: 1]
[use_missing: 1]
[zero_as_missing: 0]
[feature_pre_filter: 1]
[pre_partition: 0]
[two_round: 0]
[header: 0]
[label_column: ]
[weight_column: ]
[group_column: ]
[ignore_column: ]
[categorical_feature: ]
[forcedbins_filename: ]
[precise_float_parser: 0]
[parser_config_file: ]
[objective_seed: 5]
[num_class: 1]
[is_unbalance: 0]
[scale_pos_weight: 1]
[sigmoid: 1]
[boost_from_average: 1]
[reg_sqrt: 0]
[alpha: 0.9]
[fair_c: 1]
[poisson_max_delta_step: 0.7]
[tweedie_variance_power: 1.5]
[lambdarank_truncation_level: 30]
[lambdarank_norm: 1]
[label_gain: ]
[lambdarank_position_bias_regularization: 0]
[eval_at: ]
[multi_error_top_k: 1]
[auc_mu_weights: ]
[num_machines: 1]
[local_listen_port: 12400]
[time_out: 120]
[machine_list_filename: ]
[machines: ]
[gpu_platform_id: -1]
[gpu_device_id: -1]
[gpu_use_dp: 0]
[num_gpu: 1]

end of parameters

pandas_categorical:[]
