tree
version=v4
num_class=1
num_tree_per_iteration=1
label_index=0
max_feature_idx=38
objective=regression
feature_names=return5d return20d return60d ma20Deviation trendSlope20d volatility20d maxDrawdown20d maxDrawdown60d lossDayRatio20d consecutiveUpDays consecutiveDownDays positionToSingleLimit profitBuffer lossPressure themeRate estimateGrowthRate navSampleSize holdingProfitRate holdingDays isActiveFund isActiveQdii isIndexFund isEtfFund isEtfQdii isQdiiFund isPassiveFund typeActiveEquity typeActiveQdii typeIndex typeIndexQdii typeEtf typeEtfQdii profileStableAnnualReturn profileStableDrawdownFloor profileStableBenchmarkGap profileMaxAnnualTrades profileDefensiveAnnualReturn profileDefensiveDrawdownFloor profileDefensiveBenchmarkGap
feature_infos=[-18.602474999999998:35.835351000000003] [-25.483103:47.490637] [-34.982695:106.18034400000001] [-20.443919999999999:35.679302999999997] [-1.282003:2.0631849999999998] [8.2914999999999992:84.913120000000006] [-26.317771:-0.68485600000000002] [-39.054544999999997:-1.0902670000000001] [15:75] [0:9] [0:8] none [0:47.490637] [0:25.483103] none none [20:932] [-25.483103:47.490637] [20:932] [0:1] [0:1] none [0:1] [0:1] [0:1] [0:1] [0:1] [0:1] none none none [0:1] [12:18] [-18:-14] [6:20] [4.5:6] none none none
tree_sizes=1353 1403 1386 1407 1394 1405 1388 1407 1399 1394 1408 1406 1420 1422 1394 1405 1394 1419 1415 1405 1419 1422 1401 1419 1422 1418 1414 1418 1413 1428 1424 1409 1419 1405 1401 1418 1435 1420 1415 1401 1422 1426 1419 1416 1404 1431 1410 1399 1404 1409 1439 1422 1398 1419 1414 1417 1419 1413 1410 1424 1415 1408 1418 1414 1427 1421 1398 1407 1411 1426 1424 1428 1424 1407 1424 1410 1422 1430 1406 1429 1409 1417 1405 1419 1435 1433 1422 1415 1408 1415 1425 1417 1430 1409 1427 1425 1422 1416 1433 1423 1426 1431 1411 1427 1426 1419 1422 1421 1426 1423 1416 1421 1426 1402 1413 1415 1423 1425 1419 1436 1423 1437 1428 1418 1417 1404 1438 1428 1438 1423 1430 1426 1430 1404 1401 1417 1424 1419 1433 1422 1403 1413 1419 1414 1420 1428 1416 1419 1411 1427 1415 1408 1404 1417 1413 1417 1430 1420 1440 1430

Tree=0
num_leaves=15
num_cat=0
split_feature=7 16 16 2 6 2 7 16 5 6 7 2 19 16
split_gain=9533.65 14396.9 13936.3 5933.05 7315.27 3969.32 5161.19 5015.77 5377.56 3923.35 3127.69 2760.05 2578.44 2470.39
threshold=-24.464679999999998 225.50000000000003 89.500000000000014 35.873079000000011 -2.6064839999999996 8.8535505000000025 -3.6658359999999997 541.50000000000011 21.494803000000005 -14.111805499999997 -4.5191724999999989 0.38060550000000004 1.0000000180025095e-35 213.50000000000003
decision_type=2 2 2 2 2 2 2 2 2 2 2 2 2 2
left_child=2 9 -1 5 10 7 -7 -3 -9 -2 -5 -10 -11 -4
right_child=1 3 13 4 -6 6 -8 8 11 12 -12 -13 -14 -15
leaf_value=3.3203524736411532 1.0350129826608563 1.796990556985681 2.3394269924773368 1.7575275785843418 3.0124135641105134 1.6807287010960636 2.3245469211296488 2.2658321468930849 2.0582814527688775 1.2695487530661052 2.3473889621964181 1.6847516706559886 1.624359031489826 1.8898051915358449
leaf_weight=22 35 612 39 55 22 549 33 146 96 58 38 102 437 141
leaf_count=22 35 612 39 55 22 549 33 146 96 58 38 102 437 141
internal_value=1.80379 1.77338 2.13242 1.84608 2.1925 1.82018 1.71723 1.88286 2.03561 1.54661 1.99855 1.86586 1.58279 1.98722
internal_weight=2385 2183 202 1653 115 1538 582 956 344 530 93 198 495 180
internal_count=2385 2183 202 1653 115 1538 582 956 344 530 93 198 495 180
is_linear=0
shrinkage=1


Tree=1
num_leaves=15
num_cat=0
split_feature=16 7 2 6 2 7 16 5 2 4 2 7 19 5
split_gain=9216.83 17504.8 5479.42 6567.59 3321.6 4722.3 4099.22 5562.81 3133.83 2609.97 2547.64 2439.82 2400.68 2275.96
threshold=186.50000000000003 -24.464679999999998 37.363762500000007 -2.7565659999999998 6.6265090000000013 -3.6658359999999997 481.50000000000006 21.494803000000005 -14.860059499999998 0.60796900000000009 26.972924000000003 -4.5191724999999989 1.0000000180025095e-35 22.831983500000003
decision_type=2 2 2 2 2 2 2 2 2 2 2 2 2 2
left_child=1 -1 4 11 6 -6 8 -8 12 -10 13 -4 -2 -3
right_child=2 10 3 -5 5 -7 7 -9 9 -11 -12 -13 -14 -15
leaf_value=1.2121835331122082 0.74269924461841585 -0.20803970684064554 -0.0083407721519470224 1.2203829261660577 -0.085104889712423429 0.48810138514167384 0.47887894946508686 0.087692315073141111 -0.061108054440870169 0.39698884423935055 0.12576509753340168 0.55076787103898828 0.13209872176249823 -0.4526590296890467
leaf_weight=21 22 246 50 20 660 38 130 302 538 33 38 32 60 155
leaf_count=21 22 246 50 20 660 38 130 302 538 33 38 32 60 155
internal_value=0.00260809 -0.198054 0.0515761 0.407992 0.0311866 -0.0538988 0.0859236 0.205411 0.00687566 -0.0346331 -0.265514 0.209848 0.295918 -0.302593
internal_weight=2345 460 1885 102 1783 698 1085 432 653 571 439 82 82 401
internal_count=2345 460 1885 102 1783 698 1085 432 653 571 439 82 82 401
is_linear=0
shrinkage=0.05


Tree=2
num_leaves=15
num_cat=0
split_feature=16 7 2 16 2 7 16 5 5 2 7 7 5 16
split_gain=7726.88 18632.1 3865.03 4555.85 3466.59 4651.64 3634.37 5303.98 3018.15 2552.86 2224.93 5428.11 2192.12 2656.89
threshold=183.50000000000003 -23.941125499999995 37.363762500000007 309.50000000000006 8.8535505000000025 -3.6658359999999997 490.50000000000006 21.494803000000005 47.575063500000006 26.972924000000003 -8.9238344999999981 -11.788986 22.831983500000003 162.50000000000003
decision_type=2 2 2 2 2 2 2 2 2 2 2 2 2 2
left_child=1 -1 4 -4 6 -6 8 10 -2 12 11 -8 -3 -14
right_child=2 9 3 -5 5 -7 7 -9 -10 -11 -12 -13 13 -15
leaf_value=1.2321973888034172 -0.02095236023144556 -0.20635613496761676 0.83861995637416842 0.11341623461235371 -0.10688065669986596 0.46458682198273515 0.33349981881037821 0.064684549766093863 0.39316215895591899 0.12570731807977728 0.2080916729031338 1.1902201305215176 -0.32740611239857631 -0.81777039339413526
leaf_weight=22 689 242 32 67 566 38 64 323 47 39 72 26 109 37
leaf_count=22 689 242 32 67 566 38 64 323 47 39 72 26 109 37
internal_value=-2.93243e-05 -0.186797 0.0435564 0.347826 0.0270508 -0.0709274 0.0755183 0.181784 0.00549245 -0.259907 0.415261 0.580997 -0.298667 -0.451677
internal_weight=2373 449 1924 99 1825 604 1221 485 736 427 162 90 388 146
internal_count=2373 449 1924 99 1825 604 1221 485 736 427 162 90 388 146
is_linear=0
shrinkage=0.05


Tree=3
num_leaves=15
num_cat=0
split_feature=7 16 16 6 2 16 6 7 2 16 5 2 6 19
split_gain=7044.51 11623 10899.2 4810.7 6326.98 3597.83 3463.57 2890.14 3954.95 2604.95 3042.78 2216.21 2113.17 1971.57
threshold=-24.464679999999998 225.50000000000003 198.50000000000003 -2.6064839999999996 35.873079000000011 610.50000000000011 -14.111805499999997 -5.0636754999999996 6.1343225000000006 541.50000000000011 20.808717000000005 32.607265500000004 -11.164909999999997 1.0000000180025095e-35
decision_type=2 2 2 2 2 2 2 2 2 2 2 2 2 2
left_child=2 6 -1 7 5 -5 -2 8 9 12 -11 -9 -3 -8
right_child=1 3 -4 4 -6 -7 13 11 -10 10 -12 -13 -14 -15
leaf_value=1.060022630723747 -0.67826392263174062 0.32585179407236192 0.10944332692520752 -0.036588282600383867 1.054643495838073 0.36873638082739957 -0.48782289527794892 0.094671007328644752 -0.12103281448016297 0.5339618700126616 0.096887426648069833 0.51365009663360461 -0.041768005279672532 -0.15894337932532437
leaf_weight=37 40 43 163 110 22 109 51 127 555 52 170 42 430 428
leaf_count=37 40 43 163 110 22 109 51 127 555 52 170 42 430 428
internal_value=0.00130479 -0.0247618 0.2853 0.039808 0.246347 0.165149 -0.231286 0.00472979 -0.021508 0.0579687 0.199265 0.198796 -0.00834802 -0.19396
internal_weight=2379 2179 200 1660 241 219 519 1419 1250 695 222 169 473 479
internal_count=2379 2179 200 1660 241 219 519 1419 1250 695 222 169 473 479
is_linear=0
shrinkage=0.05


Tree=4
num_leaves=15
num_cat=0
split_feature=18 7 2 6 2 7 18 5 18 19 2 2 7 5
split_gain=6402.17 16744.9 3703.68 4759.65 2625.59 3794.11 2994.36 4840.9 3168 3747.04 2744.02 2257.71 1953.21 1810.18
threshold=186.50000000000003 -24.464679999999998 37.363762500000007 -2.7565659999999998 8.8535505000000025 -3.6658359999999997 613.50000000000011 22.393342000000001 760.50000000000011 1.0000000180025095e-35 -14.860059499999998 26.972924000000003 -4.5191724999999989 22.831983500000003
decision_type=2 2 2 2 2 2 2 2 2 2 2 2 2 2
left_child=1 -1 4 12 6 -6 10 8 9 -8 -2 13 -4 -3
right_child=2 11 3 -5 5 -7 7 -9 -10 -11 -12 -13 -14 -15
leaf_value=1.0988883774280549 0.26649435695640195 -0.18526301659041722 -0.053185797985209976 1.035039371997118 -0.088228116739887452 0.42791181551782709 1.1408138837133135 0.030201027265439429 0.2181067400146276 0.31528107203819133 -0.0016572562073673917 0.13262757192819546 0.46271525579504669 -0.40368965961535769
leaf_weight=25 108 258 43 20 565 38 28 150 64 27 818 39 32 150
leaf_count=25 108 258 43 20 565 38 28 150 64 27 818 39 32 150
internal_value=0.00435347 -0.160395 0.0454319 0.349691 0.0293559 -0.0557019 0.0722762 0.219124 0.457262 0.735552 0.0296174 -0.230825 0.166932 -0.265567
internal_weight=2365 472 1893 95 1798 603 1195 269 119 55 926 447 75 408
internal_count=2365 472 1893 95 1798 603 1195 269 119 55 926 447 75 408
is_linear=0
shrinkage=0.05


Tree=5
num_leaves=15
num_cat=0
split_feature=4 7 16 16 16 7 2 16 6 6 19 2 8 19
split_gain=5602.26 6206.45 9076.78 7832.55 5362.78 4548.76 4200.3 3363.19 3085 2995.31 2638.71 2256.62 2031.24 1808.35
threshold=0.46237650000000002 -24.464679999999998 198.50000000000003 261.50000000000006 303.50000000000006 -11.670829499999998 6.6265090000000013 541.50000000000011 -14.111805499999997 -6.8924969999999997 1.0000000180025095e-35 1.0000000180025095e-35 42.500000000000007 1.0000000180025095e-35
decision_type=2 2 2 2 2 2 2 2 2 2 2 2 2 2
left_child=1 2 -1 8 5 12 7 -5 -3 11 -6 -9 -2 -11
right_child=4 3 -4 6 10 -7 -8 9 -10 13 -12 -13 -14 -15
leaf_value=1.0435954497257869 -0.086987625724739503 -0.63100852181271816 0.08273591330250972 0.0023558223079022706 -0.1686523104554605 0.78894545073216815 -0.10397641818621675 0.23646487248673417 -0.18136036552261073 0.49283011947215227 0.1547181510872653 -0.25361182918853087 0.42771020353567313 0.17310329566187249
leaf_weight=30 36 41 136 451 96 53 486 48 548 96 184 46 41 82
leaf_count=30 36 41 136 451 96 53 486 48 548 96 184 46 41 82
internal_value=-0.00104483 -0.0361388 0.256385 -0.063146 0.167064 0.432451 0.00969418 0.0861035 -0.21266 0.224964 0.0438483 -0.0033599 0.187072 0.34554
internal_weight=2374 1964 166 1798 410 130 1209 723 589 272 280 94 77 178
internal_count=2374 1964 166 1798 410 130 1209 723 589 272 280 94 77 178
is_linear=0
shrinkage=0.05


Tree=6
num_leaves=15
num_cat=0
split_feature=4 7 16 16 16 16 5 2 7 16 5 6 7 7
split_gain=5018.45 5555.81 8658.81 6957.24 5387.14 5119.31 5031.8 3960.89 3021.01 2845.98 3576.37 2148.82 2008.66 3326.11
threshold=0.46237650000000002 -24.464679999999998 198.50000000000003 261.50000000000006 300.50000000000006 255.50000000000003 30.052143500000003 8.8535505000000025 -4.5191724999999989 490.50000000000006 21.818471500000005 -14.111805499999997 -7.4350499999999995 -11.788986
decision_type=2 2 2 2 2 2 2 2 2 2 2 2 2 2
left_child=1 2 -1 11 5 -2 -7 9 -6 -5 12 -3 13 -11
right_child=4 3 -4 7 8 6 -8 -9 -10 10 -12 -13 -14 -15
leaf_value=0.98430732488632211 0.13133620758039447 -0.58594619211028609 0.066165170354338804 -0.0090222741332050271 -0.0487649348602033 0.15935069546103478 1.1283764903609819 -0.12106414661236385 0.32374545306277774 0.30054155389964582 0.041914030878341259 -0.17630674056260573 0.17847258023917678 0.98922017293947728
leaf_weight=32 65 34 130 462 223 21 37 389 72 50 203 548 75 27
leaf_count=32 65 34 130 462 223 21 37 389 72 50 203 548 75 27
internal_value=0.00084335 -0.032857 0.247527 -0.0582609 0.158058 0.436042 0.777522 0.0102552 0.0421529 0.0727806 0.179239 -0.200238 0.362641 0.542026
internal_weight=2368 1950 162 1788 418 123 58 1206 295 817 355 582 152 77
internal_count=2368 1950 162 1788 418 123 58 1206 295 817 355 582 152 77
is_linear=0
shrinkage=0.05


Tree=7
num_leaves=15
num_cat=0
split_feature=16 7 2 16 16 5 2 2 2 5 16 19 2 16
split_gain=4452.9 12587 2667.63 3560.13 2124.31 7506.46 3674.36 2568.63 1885.65 1822.6 2681.04 1508.47 1461.93 1917.61
threshold=186.50000000000003 -23.941125499999995 37.363762500000007 309.50000000000006 601.50000000000011 21.818471500000005 -4.403154999999999 -14.860059499999998 26.972924000000003 22.831983500000003 162.50000000000003 1.0000000180025095e-35 9.8918605000000017 297.50000000000006
decision_type=2 2 2 2 2 2 2 2 2 2 2 2 2 2
left_child=1 -1 4 -4 7 6 -6 11 9 -3 -11 -2 -9 -14
right_child=2 8 3 -5 5 -7 -8 12 -10 10 -12 -13 13 -15
leaf_value=0.95044250869750968 0.46489150602566576 -0.15553778801688703 0.71667176820337775 0.075598152382160305 0.89005562734603894 -0.045740761309247292 0.2478214888769549 -0.014530010182789699 0.11657818804184597 -0.24316649877659555 -0.71930754039345723 0.070521616207352325 0.15718101259411835 -0.21818239683471621
leaf_weight=25 38 259 32 67 25 373 204 835 42 106 41 67 41 200
leaf_count=25 38 259 32 67 25 373 204 835 42 106 41 67 41 200
internal_value=-0.00428185 -0.141425 0.0301862 0.282814 0.0161592 0.0926008 0.317934 -0.0228059 -0.202355 -0.235349 -0.375968 0.213246 -0.0458407 -0.154324
internal_weight=2355 473 1882 99 1783 602 229 1181 448 406 147 105 1076 241
internal_count=2355 473 1882 99 1783 602 229 1181 448 406 147 105 1076 241
is_linear=0
shrinkage=0.05


Tree=8
num_leaves=15
num_cat=0
split_feature=16 7 2 16 2 7 16 5 5 2 5 16 16 7
split_gain=4205.77 12608.4 2654.34 3046.67 1992.59 2814.72 2112.03 3482.88 2263.84 1677.54 1691.91 2140.46 1541 3878.95
threshold=186.50000000000003 -23.359291499999994 37.363762500000007 309.50000000000006 8.8535505000000025 -3.6658359999999997 493.50000000000006 22.134738500000001 49.534786500000003 26.972924000000003 22.831983500000003 162.50000000000003 294.50000000000006 -10.783019999999999
decision_type=2 2 2 2 2 2 2 2 2 2 2 2 2 2
left_child=1 -1 4 -4 6 12 8 -8 -2 10 -3 -12 13 -6
right_child=2 9 3 -5 5 -7 7 -9 -10 -11 11 -13 -14 -15
leaf_value=0.84214880629893285 -0.017989852243917161 -0.15453815865437037 0.68670733422040942 0.092211478497042809 0.56024233061691808 0.37261912624041238 0.31617323822748644 0.035329495840366709 0.3687746968492866 0.11269461894646669 -0.2493369945590736 -0.67859333038330083 -0.1101729102090384 -0.30925015321244365
leaf_weight=31 699 262 32 66 29 36 174 302 40 39 106 40 506 23
leaf_count=31 699 262 32 66 29 36 174 302 40 39 106 40 506 23
internal_value=-0.000351931 -0.132972 0.0328901 0.286333 0.0191602 -0.0558905 0.0558516 0.137991 0.00294463 -0.200598 -0.230545 -0.366941 -0.0835362 0.175659
internal_weight=2385 478 1907 98 1809 594 1215 476 739 447 408 146 558 52
internal_count=2385 478 1907 98 1809 594 1215 476 739 447 408 146 558 52
is_linear=0
shrinkage=0.05


Tree=9
num_leaves=15
num_cat=0
split_feature=16 7 2 6 2 7 6 6 16 16 5 5 7 7
split_gain=3942.26 10366.1 2335.29 3405.84 2393.8 2299.09 2001.67 2335.55 1753.18 1578.06 3455.35 1995.36 1630.06 3677.87
threshold=186.50000000000003 -23.359291499999994 34.684217000000011 -2.5795659999999994 8.8535505000000025 -4.5191724999999989 -4.6736219999999991 -4.2854119999999991 601.50000000000011 481.50000000000006 21.494803000000005 49.534786500000003 -8.9238344999999981 -11.788986
decision_type=2 2 2 2 2 2 2 2 2 2 2 2 2 2
left_child=1 -1 4 5 9 -4 -6 -8 -9 11 12 -2 13 -11
right_child=2 -3 3 -5 6 -7 7 8 -10 10 -12 -13 -14 -15
leaf_value=0.78731058165431023 -0.0090824392907221073 -0.18915095847039798 -0.055373318175620891 0.80576790137724452 -0.16525919429536137 0.41513267258803055 0.44199444363514584 -0.16416601846071563 0.092813894869189492 0.24303092787988853 0.03579797425703285 0.35027219870286747 0.14321419170277347 0.93521138046469021
leaf_weight=29 668 433 68 22 265 42 30 121 147 61 334 41 74 28
leaf_count=29 668 433 68 22 265 42 30 121 147 61 334 41 74 28
internal_value=0.00314502 -0.127858 0.0349827 0.237857 0.0198445 0.124274 -0.0652829 0.0236221 -0.0232106 0.0595848 0.127898 0.0116983 0.316618 0.460796
internal_weight=2363 462 1901 132 1769 110 563 298 268 1206 497 709 163 89
internal_count=2363 462 1901 132 1769 110 563 298 268 1206 497 709 163 89
is_linear=0
shrinkage=0.05


Tree=10
num_leaves=15
num_cat=0
split_feature=4 2 16 16 19 16 5 16 2 16 5 6 6 7
split_gain=3947.76 4135.05 4800.82 4508.45 3831.77 2481.65 4614.57 6776.5 2457.52 2833.74 3113.21 2068.01 1975.85 1687.83
threshold=0.46237650000000002 -14.860059499999998 267.50000000000006 168.50000000000003 1.0000000180025095e-35 306.50000000000006 29.717849000000005 255.50000000000003 0.76181300000000018 601.50000000000011 21.494803000000005 -14.111805499999997 -14.678177999999997 -5.1960904999999995
decision_type=2 2 2 2 2 2 2 2 2 2 2 2 2 2
left_child=1 3 11 -1 -2 6 -6 -8 9 -4 -11 -3 -5 -10
right_child=4 2 8 12 5 -7 7 -9 13 10 -12 -13 -14 -15
leaf_value=0.88649700568480927 -0.091508579332261322 -0.55466494758923846 0.022291910552933392 0.35486254638433457 -0.094122742662827177 0.12970744968061484 0.065503922585518126 1.0219451686610348 -0.089856102864252496 0.61737121869909006 0.10464925355627203 -0.14660258822817179 -0.049844327980750489 0.10428867167590752
leaf_weight=22 124 33 388 50 30 186 31 46 593 47 80 525 76 138
leaf_count=22 124 33 388 50 30 186 31 46 593 47 80 525 76 138
internal_value=0.00182666 -0.0280059 -0.04885 0.226067 0.141475 0.240075 0.431929 0.636884 0.0057342 0.0893935 0.294397 -0.170735 0.110754 -0.053205
internal_weight=2369 1952 1804 148 417 293 107 77 1246 515 127 558 126 731
internal_count=2369 1952 1804 148 417 293 107 77 1246 515 127 558 126 731
is_linear=0
shrinkage=0.05


Tree=11
num_leaves=15
num_cat=0
split_feature=7 16 16 19 5 4 16 7 7 6 7 16 5 16
split_gain=3395.79 5768.53 5022.35 2586.62 4653.26 3540.72 5705.19 4504.31 3012.32 2248.71 1519.54 2491.26 1474.39 2203.42
threshold=-24.100376499999996 228.50000000000003 89.500000000000014 1.0000000180025095e-35 21.494803000000005 0.41852800000000007 279.50000000000006 -13.364189499999997 -7.4350499999999995 -14.111805499999997 -12.008987499999998 306.50000000000006 32.137669500000008 210.50000000000003
decision_type=2 2 2 2 2 2 2 2 2 2 2 2 2 2
left_child=2 9 -1 4 8 7 -7 -5 -3 -2 -8 -12 -4 -14
right_child=1 3 12 5 -6 6 10 -9 -10 -11 11 -13 13 -15
leaf_value=0.89193004525226094 -0.54327333737876171 0.74936677968060528 -0.087811662200565771 0.25553309346238773 -0.10850015760647254 1.000668306242336 -0.053884761690372422 -0.040318439420685172 0.037239875926664383 -0.13369794062338769 0.61239557002271927 0.14669942113338039 0.63938067009051647 0.10318299334692327
leaf_weight=23 36 27 63 162 496 22 62 625 33 485 35 160 24 95
leaf_count=23 36 27 63 162 496 22 62 625 33 485 35 160 24 95
internal_value=0.00134204 -0.0172556 0.195755 0.0292372 -0.0581911 0.0748377 0.227884 0.0205811 0.357697 -0.161999 0.161731 0.230286 0.107777 0.211324
internal_weight=2348 2143 205 1622 556 1066 279 787 60 521 257 195 182 119
internal_count=2348 2143 205 1622 556 1066 279 787 60 521 257 195 182 119
is_linear=0
shrinkage=0.05


Tree=12
num_leaves=15
num_cat=0
split_feature=7 16 16 16 1 7 6 5 16 7 19 7 7 5
split_gain=2787.26 4979.17 4383.13 2862.31 6904.01 2733.9 1825.71 1777.09 2352.65 4232.45 2057.02 1768.72 1734.71 1260.61
threshold=-24.100376499999996 255.50000000000003 89.500000000000014 297.50000000000006 10.632916000000003 -5.0636754999999996 -14.111805499999997 32.137669500000008 640.50000000000011 -8.2149594999999973 1.0000000180025095e-35 -13.364189499999997 -11.935514499999998 32.137669500000008
decision_type=2 2 2 2 2 2 2 2 2 2 2 2 2 2
left_child=2 6 -1 4 -3 7 -2 8 -5 -10 -9 -12 -13 -4
right_child=1 3 13 5 -6 -7 -8 10 9 -11 11 12 -14 -15
leaf_value=0.84336854815483098 -0.48996803726468774 0.053501876365362105 -0.09146143525683631 -0.035940878780643906 0.85236720561981194 0.17021161228116416 -0.11773365182086959 -0.26506783904271647 0.3701870742262201 -0.052053634893894196 0.25379882367684486 -0.3927715945485476 0.018884220636303885 0.1884624490254849
leaf_weight=22 35 119 60 634 35 219 560 142 113 125 47 37 83 122
leaf_count=22 35 119 60 634 35 219 560 142 113 125 47 37 83 122
internal_value=0.000134596 -0.016632 0.176759 0.0304618 0.235062 0.00795572 -0.13963 -0.0221324 0.0143783 0.148422 -0.125166 -0.00620727 -0.108043 0.0961798
internal_weight=2353 2149 204 1554 154 1400 595 1181 872 238 309 167 120 182
internal_count=2353 2149 204 1554 154 1400 595 1181 872 238 309 167 120 182
is_linear=0
shrinkage=0.05


Tree=13
num_leaves=15
num_cat=0
split_feature=7 18 18 19 5 4 18 7 7 6 19 7 18 18
split_gain=2515.66 5409.6 4274.7 2281.22 3094.84 2921.71 4726.02 3877.36 2574.81 1933.63 1372.51 1257.84 2299.58 1257.24
threshold=-24.100376499999996 183.50000000000003 225.50000000000003 1.0000000180025095e-35 21.494803000000005 0.41852800000000007 279.50000000000006 -13.364189499999997 -7.4350499999999995 -14.111805499999997 1.0000000180025095e-35 -12.008987499999998 297.50000000000006 386.50000000000006
decision_type=2 2 2 2 2 2 2 2 2 2 2 2 2 2
left_child=1 -1 9 4 8 7 -7 -5 -4 -2 -11 -8 -13 -9
right_child=2 -3 3 5 -6 6 11 13 -10 10 -12 12 -14 -15
leaf_value=0.89137141497238825 -0.47899476941077951 0.076783458059445531 0.67144753551483161 0.24133315640649977 -0.095623734216686879 0.91111559894951899 -0.052869859561324117 -0.13049451157556835 0.0070705611897366391 -0.34304577947447173 -0.081573963045541736 0.70317846261674455 0.14893740582561424 0.016498397670134349
leaf_weight=23 39 179 25 157 513 22 60 227 35 57 420 21 172 405
leaf_count=23 39 179 25 157 513 22 60 227 35 57 420 21 172 405
internal_value=0.000821329 0.169534 -0.0150077 0.0245473 -0.0558836 0.0678621 0.208205 0.0189466 0.283894 -0.140495 -0.112819 0.147082 0.209243 -0.0362981
internal_weight=2355 202 2153 1637 573 1064 275 789 60 516 477 253 193 632
internal_count=2355 202 2153 1637 573 1064 275 789 60 516 477 253 193 632
is_linear=0
shrinkage=0.05


Tree=14
num_leaves=15
num_cat=0
split_feature=2 4 16 16 16 5 16 2 16 5 16 2 7 16
split_gain=2973.15 3440.11 3731.38 3176.89 3013.58 2822.07 4597.34 1931.79 2514.93 2383.07 1847.77 1471.48 1456.27 4145.38
threshold=-14.860059499999998 0.46237650000000002 267.50000000000006 171.50000000000003 306.50000000000006 26.5249275 255.50000000000003 1.2342505000000001 601.50000000000011 21.494803000000005 183.50000000000003 4.394867500000001 -14.245439499999998 481.50000000000006
decision_type=2 2 2 2 2 2 2 2 2 2 2 2 2 2
left_child=3 2 -2 -1 5 -3 11 8 12 -10 -5 -7 -4 -14
right_child=1 4 7 10 -6 6 -8 -9 9 -11 -12 -13 13 -15
leaf_value=0.769130196354606 -0.14779244602166006 -0.14967951421384459 -0.092493998010243689 -0.29795225973833694 0.022606661303670728 0.45141286538994835 0.78224663783092896 -0.047732518729389481 0.54843914501058566 0.10774835974306746 0.20184374251563489 -0.052837543122661423 0.029868496582807543 0.75159573284062475
leaf_weight=22 569 27 175 22 276 23 49 703 48 85 116 39 208 22
leaf_count=22 569 27 175 22 276 23 49 703 48 85 116 39 208 22
internal_value=0.0029467 -0.0120301 -0.0417706 0.211124 0.117995 0.308772 0.420288 0.00684048 0.0781505 0.266795 0.122166 0.134223 0.0162008 0.0989033
internal_weight=2384 2224 1810 160 414 138 111 1241 538 133 138 62 405 230
internal_count=2384 2224 1810 160 414 138 111 1241 538 133 138 62 405 230
is_linear=0
shrinkage=0.05


Tree=15
num_leaves=15
num_cat=0
split_feature=16 16 2 5 6 6 2 16 5 2 2 5 1 8
split_gain=2210.66 1866.76 4668.16 1949.6 1460.33 1804.97 2116.32 1827.15 1372.93 1350.35 1684.46 1400.54 1711.91 1366.25
threshold=186.50000000000003 156.50000000000003 -14.450003499999999 28.135441000000004 -12.874794499999998 -2.6064839999999996 31.139238500000001 505.50000000000006 37.034252500000008 6.6265090000000013 67.633209000000008 37.034252500000008 11.8977345 62.500000000000007
decision_type=2 2 2 2 2 2 2 2 2 2 2 2 2 2
left_child=1 2 -1 -3 -2 9 7 -7 -4 13 11 12 -11 -6
right_child=4 3 8 -5 5 6 -8 -9 -10 10 -12 -13 -14 -15
leaf_value=0.6781301861717588 0.17532373343470631 -0.10478976347025425 -0.12964666491603233 -0.53853878792036658 0.051408061188681492 -0.082940724874009386 0.47315595449927533 0.2164647248476034 0.16698177410496606 -0.080497308028506409 0.26540292549309219 -0.22078813998199698 0.21049989299800506 -0.14318241659077066
leaf_weight=21 143 63 293 44 780 99 39 105 45 393 36 147 58 102
leaf_count=21 143 63 293 44 780 99 39 105 45 393 36 147 58 102
internal_value=-0.00224709 -0.0998477 -0.0452133 -0.283154 0.0216656 0.00917375 0.135682 0.071165 -0.0901547 -0.0111043 -0.0667631 -0.0867597 -0.0430742 0.0289044
internal_weight=2368 466 359 107 1902 1759 243 204 338 1516 634 598 451 882
internal_count=2368 466 359 107 1902 1759 243 204 338 1516 634 598 451 882
is_linear=0
shrinkage=0.05


Tree=16
num_leaves=15
num_cat=0
split_feature=2 16 16 16 1 1 5 16 7 7 6 2 16 0
split_gain=2186.15 2970.78 2348.98 2117.56 3294.7 2068.53 1561.53 4249.15 2869.09 2189.5 1478.73 1304.35 1230.37 1204.93
threshold=-14.860059499999998 168.50000000000003 261.50000000000006 294.50000000000006 10.632916000000003 9.5695715000000003 21.628885000000004 394.50000000000006 -8.9238344999999981 -11.788986 -13.643390499999997 4.394867500000001 183.50000000000003 -6.3086619999999991
decision_type=2 2 2 2 2 2 2 2 2 2 2 2 2 2
left_child=1 -1 5 4 -4 10 7 -5 9 -9 -2 -7 -3 -8
right_child=2 12 3 6 -6 11 13 8 -10 -11 -12 -13 -14 -15
leaf_value=0.72787775879814509 -0.44290825559033292 -0.26325345961820512 0.057363379575750412 -0.1537809409805094 0.65952986603783026 0.43199905540656164 0.19597650748126361 0.16033062406239057 0.064255318871850306 0.59867949236470919 -0.11154942046215113 -0.027731544115684098 0.15380240992942296 -0.059070902265064763
leaf_weight=21 36 21 85 165 31 27 49 63 296 52 520 36 112 843
leaf_count=21 36 21 85 165 31 27 49 63 296 52 520 36 112 843
internal_value=-0.00691409 0.175214 -0.0196457 0.0126296 0.218287 -0.102237 -0.00362128 0.0605519 0.146598 0.358541 -0.133004 0.169296 0.0879515 -0.0450605
internal_weight=2357 154 2203 1584 116 619 1468 576 411 115 556 63 133 892
internal_count=2357 154 2203 1584 116 619 1468 576 411 115 556 63 133 892
is_linear=0
shrinkage=0.05


Tree=17
num_leaves=15
num_cat=0
split_feature=16 7 6 5 16 2 16 24 2 6 5 16 2 16
split_gain=1855.93 4190.79 1401.27 1866.91 1762.24 1425.06 1487.51 4725.99 1370.97 1189.19 1183.59 1299.94 1248.81 1079.02
threshold=186.50000000000003 -23.359291499999994 -2.6064839999999996 41.744158500000005 505.50000000000006 8.8535505000000025 318.50000000000006 1.0000000180025095e-35 30.061026500000001 -3.3719439999999996 22.671966500000003 162.50000000000003 0.22734500000000002 628.50000000000011
decision_type=2 2 2 2 2 2 2 2 2 2 2 2 2 2
left_child=1 -1 5 4 -4 9 7 -7 10 -2 -3 12 -12 -8
right_child=2 8 3 -5 -6 6 13 -9 -10 -11 11 -13 -14 -15
leaf_value=0.49370667844496929 0.054508907106759909 -0.087425843754959279 -0.060354676712485192 0.59659851025789978 0.21896176489442587 0.6459306236741873 -0.16680530339222532 -0.19239326061215253 0.16881568887167508 -0.14699207103893727 -0.35595168791926257 -0.51288125377434957 -0.019863992279111328 -0.020023559545413318
leaf_weight=29 1001 254 103 20 125 29 232 40 36 79 52 39 59 272
leaf_count=29 1001 254 103 20 125 29 232 40 36 79 52 39 59 272
internal_value=0.000604465 -0.0884758 0.0225817 0.13341 0.0927793 0.00595406 -0.0577818 0.159946 -0.126847 0.0397695 -0.153193 -0.264559 -0.17731 -0.0875898
internal_weight=2370 469 1901 248 228 1653 573 69 440 1080 404 150 111 504
internal_count=2370 469 1901 248 228 1653 573 69 440 1080 404 150 111 504
is_linear=0
shrinkage=0.05


Tree=18
num_leaves=15
num_cat=0
split_feature=5 7 7 6 16 5 19 6 7 16 16 7 2 5
split_gain=1742.1 1616.09 2297.6 3210.17 1524.13 2659.61 1740.03 1904.98 1474.03 1316.3 1347.99 1345.99 1291.02 1266.35
threshold=59.299730000000004 -5.3596829999999995 -9.1463144999999972 -6.7229154999999992 640.50000000000011 26.029478000000005 1.0000000180025095e-35 -6.1392874999999991 -15.220165999999997 180.50000000000003 370.50000000000006 -17.933947499999999 3.0969575000000007 46.055489000000009
decision_type=2 2 2 2 2 2 2 2 2 2 2 2 2 2
left_child=1 2 4 -4 6 8 7 9 -6 -1 -11 -12 -2 -8
right_child=12 -3 3 -5 5 -7 13 -9 -10 10 11 -13 -14 -15
leaf_value=-0.27543581543862822 0.51355793453179877 0.093216306109679861 -0.37118450357070704 -0.058198274041280945 0.098084601389653081 -0.024926229064166548 0.049681507091996056 -0.29540803602651544 0.49416677232831718 0.14355946050069873 0.17338353701327977 -0.16707146788485411 0.089549094939540178 -0.16278852327989463
leaf_weight=50 26 320 99 475 41 125 695 95 55 105 38 123 58 78
leaf_count=50 26 320 99 475 41 125 695 95 55 105 38 123 58 78
internal_value=-0.00286315 -0.0110349 -0.0278921 -0.11218 0.00654304 0.127081 -0.015956 -0.0990828 0.325007 -0.040061 0.00418243 -0.0867156 0.22079 0.0282421
internal_weight=2383 2299 1979 574 1405 221 1184 411 96 316 266 161 84 773
internal_count=2383 2299 1979 574 1405 221 1184 411 96 316 266 161 84 773
is_linear=0
shrinkage=0.05


Tree=19
num_leaves=15
num_cat=0
split_feature=2 7 16 6 7 2 24 7 16 16 16 3 6 16
split_gain=2059.97 1861.86 2529.69 2583.35 2070.37 1920.15 1397.78 2180.1 1331.58 2951.38 1448.8 1194.87 1190.52 1165.87
threshold=34.978512500000008 -19.595347499999999 601.50000000000011 -6.2390754999999993 -9.241877999999998 -1.0014244999999997 1.0000000180025095e-35 -11.015853999999999 171.50000000000003 73.500000000000014 192.50000000000003 5.9792780000000008 -6.0492539999999986 183.50000000000003
decision_type=2 2 2 2 2 2 2 2 2 2 2 2 2 2
left_child=1 8 13 4 -4 -5 7 11 9 -1 -10 -2 -12 -3
right_child=6 2 3 5 -6 -7 -8 -9 10 -11 12 -13 -14 -15
leaf_value=-0.025779632975657781 0.35159363855381276 -0.13928387188023647 0.036335807408798826 0.46248579602688555 -0.32879303430517515 0.1016669368443838 -0.014274536425417121 0.71404311669369536 -0.295419683192785 0.78587870824904682 0.16547683738472482 -0.069233004220070379 -0.063210856668628398 -0.035136530157787602
leaf_weight=24 37 368 110 42 60 302 55 24 26 21 186 31 82 996
leaf_count=24 37 368 110 42 60 302 55 24 26 21 186 31 82 996
internal_value=0.00387421 -0.00814436 -0.027612 0.0669206 -0.0925332 0.14572 0.185134 0.304345 0.0997027 0.352994 0.0609336 0.159746 0.0955052 -0.0632349
internal_weight=2364 2217 1878 514 170 344 147 92 339 45 294 68 268 1364
internal_count=2364 2217 1878 514 170 344 147 92 339 45 294 68 268 1364
is_linear=0
shrinkage=0.05


Tree=20
num_leaves=15
num_cat=0
split_feature=2 16 16 1 7 2 16 7 16 6 7 6 6 16
split_gain=1811.26 2121.08 1785.82 4650.33 1580.43 1463.1 1813.8 5023.91 1488.83 1244.41 1708.1 1195.31 1120.19 1085.37
threshold=-15.956467499999999 258.50000000000006 300.50000000000006 10.632916000000003 -5.0636754999999996 0.58536050000000006 484.50000000000006 -13.835873499999998 445.50000000000006 -15.494007499999999 -19.595347499999999 -1.0896519999999998 -11.897619999999998 398.50000000000006
decision_type=2 2 2 2 2 2 2 2 2 2 2 2 2 2
left_child=-1 9 3 -3 5 6 8 -8 13 -2 -11 -7 -12 -4
right_child=1 2 4 -5 -6 11 7 -9 -10 10 12 -13 -14 -15
leaf_value=0.17709436963046238 -0.39019266702234745 0.016894891959215914 -0.067945083966115857 0.65628508528073626 0.13181342935444401 -0.071745484358974737 0.014555007111739349 0.52779099717736244 -0.35793733524553706 0.19013261176122909 0.26938687235116959 0.26704044960163259 -0.11199305970077367 0.18125742176761395
leaf_weight=140 32 105 154 39 212 729 187 64 33 57 20 27 516 61
leaf_count=140 32 105 154 39 212 729 187 64 33 57 20 27 516 61
internal_value=0.00262909 -0.00829449 0.0220377 0.190063 0.00554446 -0.0157854 0.0506646 0.14542 -0.045237 -0.0864789 -0.0700896 -0.059646 -0.0977625 0.00275888
internal_weight=2376 2236 1611 144 1467 1255 499 251 248 625 593 756 536 215
internal_count=2376 2236 1611 144 1467 1255 499 251 248 625 593 756 536 215
is_linear=0
shrinkage=0.05


Tree=21
num_leaves=15
num_cat=0
split_feature=2 18 4 18 19 18 5 18 2 3 8 20 18 2
split_gain=1616.11 2178.96 1884.66 2111.87 1890.75 1292.15 3154.51 2461.01 1259.43 1206.21 1199.58 1138.37 1184.97 1390.58
threshold=-14.860059499999998 168.50000000000003 0.46237650000000002 267.50000000000006 1.0000000180025095e-35 309.50000000000006 29.717849000000005 255.50000000000003 8.8535505000000025 6.7232870000000009 67.500000000000014 1.0000000180025095e-35 159.50000000000003 20.528792500000005
decision_type=2 2 2 2 2 2 2 2 2 2 2 2 2 2
left_child=1 -1 3 11 -4 6 -6 -8 10 -7 -5 12 13 -2
right_child=2 -3 4 8 5 9 7 -9 -10 -11 -12 -13 -14 -15
leaf_value=0.63156386897677474 -0.12834468793890408 0.083793673997939522 -0.082801290761614063 0.050292903743485773 -0.096535394844763422 0.17755970854922076 0.10482853510631965 0.71839615716175598 -0.067677158392968728 -0.088958469142808638 -0.30129026806354525 -0.0081539389026411748 -0.27213353104635973 0.30806842058897022
leaf_weight=21 209 134 114 821 34 113 26 44 401 68 25 179 147 20
leaf_count=21 209 134 114 821 34 113 26 44 401 68 25 179 147 20
internal_value=0.0019582 0.158008 -0.00903121 -0.0308025 0.0892945 0.158133 0.298584 0.4905 0.00530848 0.0774313 0.0399033 -0.111938 -0.161347 -0.09023
internal_weight=2356 155 2201 1802 399 285 104 70 1247 181 846 555 376 229
internal_count=2356 155 2201 1802 399 285 104 70 1247 181 846 555 376 229
is_linear=0
shrinkage=0.05


Tree=22
num_leaves=15
num_cat=0
split_feature=4 16 16 16 5 7 16 8 6 5 7 7 19 19
split_gain=1523.77 2588.97 2025.59 1652.43 3736.9 2341.18 2706.12 1449.6 1418.88 1460.17 1115.22 1900.35 1100.66 1076.29
threshold=0.60796900000000009 309.50000000000006 255.50000000000003 601.50000000000011 25.692416500000004 -24.464679999999998 198.50000000000003 57.500000000000007 -12.588751499999999 43.681862500000008 -7.940078999999999 -11.788986 1.0000000180025095e-35 1.0000000180025095e-35
decision_type=2 2 2 2 2 2 2 2 2 2 2 2 2 2
left_child=3 2 -2 5 7 6 -1 10 -6 -10 11 -5 -8 -7
right_child=1 -3 -4 4 8 13 12 -9 9 -11 -12 -13 -14 -15
leaf_value=0.53355134046740005 0.10963233135283945 -0.0036296299622430432 0.58745513785453074 0.17020048329872745 0.23067399062987032 -0.13153829765376016 0.30174547823575826 -0.088856422687147538 -0.084684197692109692 -0.45886862720212629 0.13039132139948739 0.58953775716098877 -0.079976581531050417 -0.031512685914099163
leaf_weight=36 47 154 42 70 29 358 26 47 164 31 172 44 69 1081
leaf_count=36 47 154 42 70 29 358 26 47 164 31 172 44 69 1081
internal_value=0.00182572 0.12044 0.335122 -0.0117254 0.0622642 -0.0379752 0.164388 0.168483 -0.095641 -0.14417 0.210773 0.33205 0.0244947 -0.0563974
internal_weight=2370 243 89 2127 557 1570 131 333 224 195 286 114 95 1439
internal_count=2370 243 89 2127 557 1570 131 333 224 195 286 114 95 1439
is_linear=0
shrinkage=0.05


Tree=23
num_leaves=15
num_cat=0
split_feature=16 2 8 16 16 5 12 16 16 7 7 16 16 19
split_gain=1392.98 1277.68 1315.29 1039.68 1198.05 1752.47 1449.55 1392.21 1305.48 866.617 1107.26 822.429 806.765 1215.81
threshold=43.500000000000007 -15.956467499999999 52.500000000000007 900.50000000000011 601.50000000000011 25.692416500000004 19.868209500000003 309.50000000000006 282.50000000000006 -6.556462999999999 -8.4600644999999979 174.50000000000003 186.50000000000003 1.0000000180025095e-35
decision_type=2 2 2 2 2 2 2 2 2 2 2 2 2 2
left_child=-1 11 3 4 6 -6 -3 8 -8 10 -4 -2 -13 -14
right_child=1 2 9 -5 5 -7 7 -9 -10 -11 -12 12 13 -15
leaf_value=-0.28894727462675512 0.43176237412474372 -0.023539045074959096 -0.045935318546899417 -0.28342365089941912 0.18812805457431594 -0.0046447968598471463 0.14639919662020273 -0.097479052309479036 0.63528342247009284 0.097509003612212847 -0.21147383245969975 -0.18224499555570739 0.39037653058767319 0.025059774157501036
leaf_weight=41 22 834 545 27 243 229 36 28 22 80 124 21 36 62
leaf_count=41 22 834 545 27 243 229 36 28 22 80 124 21 36 62
internal_value=-5.96102e-05 0.00507005 -0.00441519 0.0238792 0.0298399 0.0946005 -0.00338519 0.19206 0.331838 -0.0580197 -0.0766181 0.150914 0.0989926 0.159258
internal_weight=2350 2309 2168 1419 1392 472 920 86 58 749 669 141 119 98
internal_count=2350 2309 2168 1419 1392 472 920 86 58 749 669 141 119 98
is_linear=0
shrinkage=0.05


Tree=24
num_leaves=15
num_cat=0
split_feature=2 16 16 8 2 0 2 7 7 2 24 2 16 16
split_gain=1318.09 1488.67 991.195 1086.88 1028.4 843.046 838.046 806.09 2427.45 1440.17 1424.67 1805.64 1607.43 1689.28
threshold=-17.818881499999996 186.50000000000003 900.50000000000011 52.500000000000007 15.748768000000002 -6.3086619999999991 30.061026500000001 -12.790780999999997 -10.621294499999999 17.105295500000004 1.0000000180025095e-35 37.363762500000007 730.50000000000011 760.50000000000011
decision_type=2 2 2 2 2 2 2 2 2 2 2 2 2 2
left_child=-1 6 3 7 5 -5 -2 9 -9 -3 11 -10 -12 -14
right_child=1 2 -4 4 -6 -7 -8 8 10 -11 12 -13 13 -15
leaf_value=0.1724132077289221 -0.11529892882289441 0.0093123685186527003 -0.27583560903867083 0.27289450894231382 -0.28299277344854867 -0.036329743592936441 0.14347836243755677 0.24327599164564165 0.08896839306024569 -0.34746465493113765 -0.054607274222023355 0.58123624609864277 0.54375923384319658 0.065546149099650591
leaf_weight=103 392 323 30 23 41 529 34 160 98 31 425 23 22 115
leaf_count=103 392 323 30 23 41 529 34 160 98 31 425 23 22 115
internal_value=-0.00248599 -0.0105067 0.00918724 0.0139642 -0.0413905 -0.0234454 -0.0946453 0.0413871 0.0679762 -0.0219308 0.0269103 0.18254 -0.00659712 0.142339
internal_weight=2349 2246 1820 1790 593 552 426 1197 843 354 683 121 562 137
internal_count=2349 2246 1820 1790 593 552 426 1197 843 354 683 121 562 137
is_linear=0
shrinkage=0.05


Tree=25
num_leaves=15
num_cat=0
split_feature=16 7 16 16 7 7 6 2 16 26 5 16 8 3
split_gain=1096.68 1049.71 1053.78 2044.56 1734.77 1144.33 959.538 887.067 1623.29 3967.69 2059.74 1518.21 1414.38 1071.97
threshold=43.500000000000007 -3.2281234999999993 101.50000000000001 183.50000000000003 -23.359291499999994 -18.602939499999994 -22.123105499999998 9.8918605000000017 342.50000000000006 1.0000000180025095e-35 38.488631500000004 306.50000000000006 47.500000000000007 2.0056050000000005
decision_type=2 2 2 2 2 2 2 2 2 2 2 2 2 2
left_child=-1 2 4 5 -2 -4 -5 -8 9 -9 -10 -11 13 -12
right_child=1 -3 3 6 -6 -7 7 8 10 11 12 -13 -14 -15
leaf_value=-0.26303843447031122 0.48641575782426766 0.2550725529833538 -0.43944813076938899 0.33831259066408337 0.042573177154420078 -0.10196228916833149 0.029777766365274655 -0.1934533641914484 -0.025036569568957834 0.60537007481736305 0.082483210150272615 0.13946916585167249 -0.51855383301643954 -0.28898210238951905
leaf_weight=39 28 41 28 22 103 244 1256 58 333 34 31 36 38 52
leaf_count=39 28 41 28 22 103 244 1256 58 333 34 31 36 38 52
internal_value=-0.000112922 0.00433764 -0.000205061 -0.00866263 0.13744 -0.136703 0.0100616 0.00613261 -0.0448954 0.112369 -0.0892342 0.365764 -0.26591 -0.150242
internal_weight=2343 2304 2263 2132 131 272 1860 1838 582 128 454 70 121 83
internal_count=2343 2304 2263 2132 131 272 1860 1838 582 128 454 70 121 83
is_linear=0
shrinkage=0.05


Tree=26
num_leaves=15
num_cat=0
split_feature=5 16 16 1 2 16 16 5 5 2 2 20 4 0
split_gain=1282.99 1330.3 1413.18 1897.52 1174.79 1910.87 968.873 2382.47 1453.58 1445.44 956.606 939.216 824.307 809.377
threshold=61.281258000000008 258.50000000000006 294.50000000000006 10.632916000000003 -14.860059499999998 168.50000000000003 604.50000000000011 22.393342000000001 45.253410500000008 -4.2742644999999992 6.2719460000000007 1.0000000180025095e-35 -0.86457699999999982 -7.0117959999999995
decision_type=2 2 2 2 2 2 2 2 2 2 2 2 2 2
left_child=1 4 3 -3 5 -1 13 9 -9 -8 -2 -6 -7 -4
right_child=10 2 6 -5 11 12 7 8 -10 -11 -12 -13 -14 -15
leaf_value=0.51324528285435267 0.44002033196113727 0.06566491860262666 0.26913966834545139 0.50967918476089835 -0.13585071980453148 0.24638253988867459 0.53306744480133061 0.0032796738313182316 -0.33595090917178561 0.13166927237868942 0.069370823323118447 0.0041326551599537627 -0.10770137957655466 -0.038015050009144929
leaf_weight=21 27 97 22 32 406 22 25 323 35 218 49 170 65 854
leaf_count=21 27 97 22 32 406 22 25 323 35 218 49 170 65 854
internal_value=-0.00106004 -0.00776759 0.0171028 0.175808 -0.0661621 0.0851665 0.00324161 0.0521325 -0.0298853 0.172965 0.201049 -0.0945362 -0.0181629 -0.0303011
internal_weight=2366 2290 1606 129 684 108 1477 601 358 243 76 576 87 876
internal_count=2366 2290 1606 129 684 108 1477 601 358 243 76 576 87 876
is_linear=0
shrinkage=0.05


Tree=27
num_leaves=15
num_cat=0
split_feature=5 2 16 5 2 19 16 5 7 16 5 2 3 19
split_gain=1079.73 1032.98 1013.66 949.31 1187.66 1725.99 1208.14 1633.61 1325.23 1745.91 1143.99 1100.11 1099.03 1087.2
threshold=59.299730000000004 3.0969575000000007 37.500000000000007 46.055489000000009 32.607265500000004 1.0000000180025095e-35 607.50000000000011 22.393342000000001 -24.464679999999998 198.50000000000003 38.775022000000007 -4.2742644999999992 -4.715190999999999 1.0000000180025095e-35
decision_type=2 2 2 2 2 2 2 2 2 2 2 2 2 2
left_child=2 -2 -1 4 6 -6 8 11 9 -4 -7 -8 -5 -10
right_child=1 -3 3 12 5 10 7 -9 13 -11 -12 -13 -14 -15
leaf_value=-0.27684108081054604 0.43175450596544479 0.055242084761682367 0.49649356338712902 0.18884470935748973 -0.27421290762722494 0.11827274160207929 0.51163288354873659 -0.015229037153933731 -0.11332307959631296 0.015931016253307461 0.46191750158452333 0.13075254452062579 -0.18897121414163356 -0.01176884174228574
leaf_weight=34 27 56 27 23 20 74 21 280 355 63 36 195 118 1023
leaf_count=34 27 56 27 23 20 74 21 280 355 63 36 195 118 1023
internal_value=0.000593869 0.177722 -0.00588548 -0.00176356 0.00669227 0.153053 -0.00299559 0.0644696 -0.0257904 0.1601 0.230738 0.167783 -0.127342 -0.0379312
internal_weight=2352 83 2269 2235 2094 130 1964 496 1468 90 110 216 141 1378
internal_count=2352 83 2269 2235 2094 130 1964 496 1468 90 110 216 141 1378
is_linear=0
shrinkage=0.05


Tree=28
num_leaves=15
num_cat=0
split_feature=16 16 2 5 16 0 8 2 16 0 2 16 5 5
split_gain=1097.33 1171.34 1938.75 1141.37 926.106 858.738 900.435 876.391 637.275 790.708 605.49 892.729 806.699 751.752
threshold=186.50000000000003 156.50000000000003 -15.956467499999999 30.052143500000003 900.50000000000011 -7.4057129999999995 52.500000000000007 15.748768000000002 43.500000000000007 -5.121310499999999 -8.2785889999999984 487.50000000000006 20.564629500000002 31.981687000000004
decision_type=2 2 2 2 2 2 2 2 2 2 2 2 2 2
left_child=1 2 -1 -3 5 -2 -7 10 -4 -10 12 -12 -8 -14
right_child=4 3 8 -5 -6 6 7 -9 9 -11 11 -13 13 -15
leaf_value=0.4562094008922577 0.2416280944916335 -0.086927548832156587 -0.22562426457802456 -0.4174213781952858 -0.25218883272140258 0.043040132475416056 0.25232751428016592 -0.27812808138482714 0.27995949685573579 -0.045862403187762808 -0.10653605746967783 0.04761975907871651 -0.089822018850056168 0.16216845823370893
leaf_weight=20 44 72 45 41 31 1211 42 34 20 270 257 148 83 46
leaf_count=20 44 72 45 41 31 1211 42 34 20 270 257 148 83 46
internal_value=0.00193047 -0.0666359 -0.0220072 -0.206841 0.0188551 0.0233604 0.0180865 -0.0314527 -0.0505575 -0.0233919 -0.016892 -0.0502026 0.0620016 3.50505e-05
internal_weight=2364 468 355 113 1896 1865 1821 610 335 290 576 405 171 129
internal_count=2364 468 355 113 1896 1865 1821 610 335 290 576 405 171 129
is_linear=0
shrinkage=0.05


Tree=29
num_leaves=15
num_cat=0
split_feature=2 7 4 5 19 7 7 7 7 2 8 7 12 6
split_gain=889.049 905.142 801.624 975.735 1248.09 1845.85 1230.52 1757.49 1504.39 2011.17 1905.86 1458.44 1151.11 882.992
threshold=-14.860059499999998 -3.2281234999999993 0.66954650000000016 21.494803000000005 1.0000000180025095e-35 -7.4350499999999995 -9.1463144999999972 -7.2954159999999995 -14.092502499999998 1.7425030000000004 57.500000000000007 -18.736676499999998 10.842833500000003 -12.874794499999998
decision_type=2 2 2 2 2 2 2 2 2 2 2 2 2 2
left_child=-1 2 3 4 5 -2 8 -8 11 10 -10 -5 13 -11
right_child=1 -3 -4 6 -6 -7 7 -9 9 12 -12 -13 -14 -15
leaf_value=0.11077556004005601 0.51977994400879435 0.22147842165900442 0.078698244723765298 -0.00732864601138447 -0.0045574933009283293 -0.0099013474083652631 -0.33246777533747995 -0.040034080492490437 0.39016014575958252 0.2415413225474565 -0.045170556136020806 -0.20147294164863805 0.29048704459117008 -0.080777715057081229
leaf_weight=160 29 41 204 196 874 38 91 118 65 23 41 191 26 279
leaf_count=160 29 41 204 196 874 38 91 118 65 23 41 191 26 279
internal_value=-0.00304862 -0.011267 -0.0156544 -0.0254199 0.0113859 0.219364 -0.0590454 -0.167362 -0.0314716 0.0324414 0.221778 -0.103147 -0.0287466 -0.0562302
internal_weight=2376 2216 2175 1971 941 67 1030 209 821 434 106 387 328 302
internal_count=2376 2216 2175 1971 941 67 1030 209 821 434 106 387 328 302
is_linear=0
shrinkage=0.05


Tree=30
num_leaves=15
num_cat=0
split_feature=18 7 18 4 18 22 18 6 6 6 20 2 2 3
split_gain=887.601 1825.09 815.995 800.312 2104.45 1264.3 835.271 1406.44 2206.83 1211.85 1039.71 1013.02 988.407 795.133
threshold=186.50000000000003 -23.941125499999995 900.50000000000011 0.60796900000000009 309.50000000000006 1.0000000180025095e-35 601.50000000000011 -4.2854119999999991 -4.4087219999999991 -3.8058764999999997 1.0000000180025095e-35 21.415068500000004 8.2639560000000021 9.7327610000000018
decision_type=2 2 2 2 2 2 2 2 2 2 2 2 2 2
left_child=1 -1 3 6 5 13 7 8 12 11 -9 -8 -2 -5
right_child=2 -3 -4 4 -6 -7 9 10 -10 -11 -12 -13 -14 -15
leaf_value=0.35545143896341325 0.038401455205450415 -0.083648653599616513 -0.2513684406876564 0.72900462491171703 0.0068349435081084577 0.062356556326150892 0.050911949910787929 -0.1982024793456485 0.54144886463880537 0.15888998323051629 -0.027114112778390584 -0.15122399301624592 -0.10408857255881908 0.29389849184524447
leaf_weight=25 595 443 28 21 150 25 264 148 20 197 222 81 153 21
leaf_count=25 595 443 28 21 150 25 264 148 20 197 222 81 153 21
internal_value=0.00156651 -0.0601925 0.0165812 0.0205361 0.110899 0.343879 0.00886424 -0.0154666 0.023115 0.0599501 -0.0955495 0.00345395 0.00925577 0.511452
internal_weight=2393 468 1925 1897 217 67 1680 1138 768 542 370 345 748 42
internal_count=2393 468 1925 1897 217 67 1680 1138 768 542 370 345 748 42
is_linear=0
shrinkage=0.05


Tree=31
num_leaves=15
num_cat=0
split_feature=5 16 5 6 8 24 5 16 2 5 6 2 2 16
split_gain=823.421 1050.93 913.147 1005.68 1391.76 1376.99 1291.69 1283.09 1596.16 1394.74 949.219 888.533 877.376 1362.05
threshold=59.299730000000004 228.50000000000003 54.91555300000001 -12.874794499999998 52.500000000000007 1.0000000180025095e-35 32.137669500000008 273.50000000000006 33.609642000000008 18.052533 -10.066412999999999 3.0969575000000007 0.76181300000000018 740.50000000000011
decision_type=2 2 2 2 2 2 2 2 2 2 2 2 2 2
left_child=1 -1 3 -3 5 7 12 -5 9 -9 -11 -2 -7 -14
right_child=11 2 -4 4 -6 6 -8 8 -10 10 -12 -13 13 -15
leaf_value=-0.065067935186927328 0.41753389262796747 0.19597354536503553 -0.31477068173033851 0.43115882918690196 -0.05788567010823828 0.13700050494101432 -0.12605724637332846 0.3637989188730717 0.43904080624381703 0.23667998241655752 -0.06081837764224754 0.052849193796759744 -0.045106062026493053 0.13752156687596589
leaf_weight=577 23 75 21 33 529 168 146 30 30 33 143 61 370 141
leaf_count=577 23 75 21 33 529 168 146 30 30 33 143 61 370 141
internal_value=-0.00105502 -0.00668032 0.0129181 0.0169708 0.00869892 0.0408957 0.00886427 0.139133 0.0982992 0.0486766 -0.00503744 0.152703 0.0378754 0.0052863
internal_weight=2380 2296 1719 1698 1623 1094 825 269 236 206 176 84 679 511
internal_count=2380 2296 1719 1698 1623 1094 825 269 236 206 176 84 679 511
is_linear=0
shrinkage=0.05


Tree=32
num_leaves=15
num_cat=0
split_feature=16 16 16 7 16 7 2 16 16 5 0 16 1 7
split_gain=698.852 695.375 1488.69 1075.75 1014.3 1727.61 746.204 711.511 588.145 1518.53 963.21 872.264 2109.36 1803.52
threshold=43.500000000000007 101.50000000000001 186.50000000000003 -18.602939499999994 67.500000000000014 -19.595347499999999 30.061026500000001 900.50000000000011 607.50000000000011 24.539844000000006 -6.0699539999999992 303.50000000000006 10.632916000000003 -14.923908999999998
decision_type=2 2 2 2 2 2 2 2 2 2 2 2 2 2
left_child=-1 4 3 -3 -2 -6 -5 8 11 -10 -11 12 -4 -14
right_child=1 2 7 6 5 -7 -8 -9 9 10 -12 -13 13 -15
leaf_value=-0.20004587727820589 -0.076326252457996221 -0.37019214695867375 0.0099920282142352927 -0.10453008616591493 0.53980492143226522 0.064164299120505655 0.14364618957042694 -0.22644319529334705 0.14198999118626396 0.28588013524810474 -0.044218690547838439 -0.028574004354999238 -0.0031995800358277783 0.52307307952787818
leaf_weight=42 45 34 353 225 28 60 35 30 290 24 279 869 27 41
leaf_count=42 45 34 353 225 28 60 35 30 290 24 279 869 27 41
internal_value=0.00210474 0.00573309 -0.000957994 -0.105708 0.116765 0.215504 -0.0711217 0.0151406 0.0189895 0.0602044 -0.0180722 4.33983e-05 0.0591135 0.314112
internal_weight=2382 2340 2207 294 133 88 260 1913 1883 593 303 1290 421 68
internal_count=2382 2340 2207 294 133 88 260 1913 1883 593 303 1290 421 68
is_linear=0
shrinkage=0.05


Tree=33
num_leaves=15
num_cat=0
split_feature=5 16 3 7 16 7 16 1 7 5 16 7 7 7
split_gain=1076.9 723.012 987.718 936.527 1670.09 1498.09 842.425 2469.39 1340.68 1128.04 2612.88 1272.59 1820.32 1031.75
threshold=65.365225000000024 228.50000000000003 -8.086018499999998 -24.464679999999998 198.50000000000003 -18.706199499999997 306.50000000000006 10.632916000000003 -19.113004499999999 22.277235500000003 394.50000000000006 -8.9238344999999981 -10.9414605 -6.8462449999999988
decision_type=2 2 2 2 2 2 2 2 2 2 2 2 2 2
left_child=1 3 -3 4 -1 -5 7 8 -4 10 -8 12 -12 -10
right_child=-2 2 6 5 -6 -7 9 -9 13 -11 11 -13 -14 -15
leaf_value=0.37889508761352664 0.22723446581877915 0.32973289017875995 0.28801896870136262 -0.31633270170282701 -0.091651486088151379 -0.046643486794912155 -0.13227189958985872 0.39370373852972718 -0.13221150955891814 -0.046546507969453754 0.10884998541635771 0.046315568422491932 0.49361368471925915 0.11423164858315976
leaf_weight=33 51 24 37 58 44 459 159 53 116 830 102 316 44 67
leaf_count=33 51 24 37 58 44 459 159 53 116 830 102 316 44 67
internal_value=-6.2961e-05 -0.00501265 0.011182 -0.0526697 0.110011 -0.0768988 0.00674743 0.087326 0.0135168 -0.0084131 0.0425542 0.102722 0.224806 -0.0419837
internal_weight=2393 2342 1748 594 77 517 1724 273 220 1451 621 462 146 183
internal_count=2393 2342 1748 594 77 517 1724 273 220 1451 621 462 146 183
is_linear=0
shrinkage=0.05


Tree=34
num_leaves=15
num_cat=0
split_feature=8 7 5 16 16 16 16 7 2 5 7 7 7 2
split_gain=689.169 1071.42 791.032 1224.72 752.117 1662.81 1127.25 690.734 690.656 671.246 638.588 1412.18 1333.18 1156.37
threshold=57.500000000000007 -24.957438999999997 21.628885000000004 410.50000000000006 246.50000000000003 463.50000000000006 496.50000000000006 -15.412226999999998 -2.9308654999999999 33.586008000000014 -9.1463144999999972 -7.4270144999999994 -9.5939224999999979 16.051484000000006
decision_type=2 2 2 2 2 2 2 2 2 2 2 2 2 2
left_child=10 9 3 -3 -4 7 -7 -6 -8 -2 12 -12 -1 -14
right_child=1 2 4 -5 5 6 8 -9 -10 -11 11 -13 13 -15
leaf_value=0.027920944309446978 -0.063783384098306958 -0.057428282619762606 -0.31337180152535438 0.26150928991713696 0.32221398544311525 -0.46833365460236864 0.080620266695817316 -0.02621342508602097 -0.22399781825287002 0.27844830061260023 -0.14413464435925816 0.018437483480330995 0.42726239688694484 -0.01767004658670529
leaf_weight=1035 23 215 50 35 25 30 30 33 49 38 172 598 40 23
leaf_count=1035 23 215 50 35 25 30 30 33 49 38 172 598 40 23
internal_value=0.00277584 -0.0476625 -0.0734044 -0.012777 -0.143252 -0.0923173 -0.207406 0.123971 -0.10832 0.14941 0.0170325 -0.0178773 0.0415139 0.264827
internal_weight=2396 528 467 250 217 167 109 58 79 61 1868 770 1098 63
internal_count=2396 528 467 250 217 167 109 58 79 61 1868 770 1098 63
is_linear=0
shrinkage=0.05


Tree=35
num_leaves=15
num_cat=0
split_feature=5 18 5 2 2 19 2 18 18 18 18 18 5 18
split_gain=804.423 751.981 768.003 1163.01 808.602 717.335 1394.45 1460.9 2522.37 1532.99 1818.38 1243.45 4029.3 1668.06
threshold=61.281258000000008 231.50000000000003 25.009628000000003 26.972924000000003 -17.818881499999996 1.0000000180025095e-35 30.061026500000001 496.50000000000006 445.50000000000006 760.50000000000011 730.50000000000011 309.50000000000006 25.784961500000005 390.50000000000006
decision_type=2 2 2 2 2 2 2 2 2 2 2 2 2 2
left_child=1 2 4 -4 -1 6 7 8 -3 10 -9 12 -7 -13
right_child=-2 5 3 -5 -6 11 -8 9 -10 -11 -12 13 -14 -15
leaf_value=0.2910936946315425 0.15990802026788395 -0.025342094096853292 -0.17391339683360374 0.14716929630799727 -0.028497683689496373 -0.045660844182626149 -0.3305732333982313 0.075623381377806012 -0.43526356670384603 -0.089014642818383588 0.51330147275218263 -0.13230012716150238 0.39258480731235901 0.04218593934194205
leaf_weight=21 75 172 194 33 344 122 37 196 48 127 27 170 92 705
leaf_count=21 75 172 194 33 344 122 37 196 48 127 27 170 92 705
internal_value=-0.00122249 -0.0065043 -0.0550217 -0.127236 -0.0101102 0.010431 -0.033124 -0.0138158 -0.11478 0.049647 0.128616 0.0347082 0.142744 0.00828579
internal_weight=2363 2288 592 227 365 1696 607 570 220 350 223 1089 214 875
internal_count=2363 2288 592 227 365 1696 607 570 220 350 223 1089 214 875
is_linear=0
shrinkage=0.05


Tree=36
num_leaves=15
num_cat=0
split_feature=5 5 16 2 24 16 2 5 2 5 2 6 19 16
split_gain=594.122 697.608 1072.38 895.854 867.997 810.7 947.858 865.419 1024.14 781.303 692.642 687.426 795.549 1991.01
threshold=59.299730000000004 46.055489000000009 679.50000000000011 32.607265500000004 1.0000000180025095e-35 604.50000000000011 10.037865000000002 22.277235500000003 -4.2742644999999992 38.488631500000004 3.0969575000000007 -3.3719439999999996 1.0000000180025095e-35 402.50000000000006
decision_type=2 2 2 2 2 2 2 2 2 2 2 2 2 2
left_child=1 3 -3 5 -5 6 11 8 -7 -8 -2 12 -1 -14
right_child=10 2 -4 4 -6 7 9 -9 -10 -11 -12 -13 13 -15
leaf_value=-0.05456007076212184 0.34877733238614522 -0.043433094349774451 -0.40048427833960609 0.28063814631397171 0.021211026947161087 0.43964182501253879 -0.070147948569776325 -0.0072590669702019611 0.087948423150728872 -0.30389579544926804 0.03466435993711154 -0.083564676441722094 -9.6313994436059158e-05 0.20550854638520932
leaf_weight=303 26 110 26 56 76 23 212 285 207 43 54 222 576 148
leaf_count=303 26 110 26 56 76 23 212 285 207 43 54 222 576 148
internal_value=0.00281526 -0.00186986 -0.111693 0.00507386 0.131271 -0.00317677 -0.0217169 0.0509675 0.123118 -0.109564 0.136751 -0.00378164 0.0134645 0.0419334
internal_weight=2367 2287 136 2151 132 2019 1504 515 230 255 80 1249 1027 724
internal_count=2367 2287 136 2151 132 2019 1504 515 230 255 80 1249 1027 724
is_linear=0
shrinkage=0.05


Tree=37
num_leaves=15
num_cat=0
split_feature=7 6 7 7 7 6 16 2 2 6 19 2 16 16
split_gain=608.649 2252.61 1166.5 853.175 2240.11 914.687 1488.58 3196.91 883.441 814.461 1378.62 815.496 907.444 1267.32
threshold=-8.9462234999999968 -6.7229154999999992 -7.4270144999999994 -11.788986 -11.595308999999999 -7.4960949999999995 394.50000000000006 18.698480000000004 3.8548485000000006 -6.1392874999999991 1.0000000180025095e-35 -1.0000000180025095e-35 138.50000000000003 192.50000000000003
decision_type=2 2 2 2 2 2 2 2 2 2 2 2 2 2
left_child=3 -2 -3 9 -5 -6 -7 8 -8 11 -11 12 -1 -14
right_child=1 2 -4 4 5 6 7 -9 -10 10 -12 -13 13 -15
leaf_value=0.33834961190305912 -0.26873150349973324 -0.12520483752517145 0.025578842567417517 0.38995646813511853 -0.066764142771717161 -0.031412826327788128 0.49265685363249345 -0.10560342350311705 0.2022632697224617 -0.22731413763388991 -0.0029304076981846641 -0.042984346277590325 -0.13720400087736748 0.094059322311257576
leaf_weight=29 91 162 616 50 144 144 55 59 50 100 217 274 74 297
leaf_count=29 91 162 616 50 144 144 55 59 50 100 217 274 74 297
internal_value=-8.15059e-05 -0.03335 -0.00581827 0.0192824 0.0723885 0.0372593 0.0858936 0.188894 0.354374 -0.00761893 -0.0737139 0.0234673 0.0689867 0.0479313
internal_weight=2362 869 778 1493 502 452 308 164 105 991 317 674 400 371
internal_count=2362 869 778 1493 502 452 308 164 105 991 317 674 400 371
is_linear=0
shrinkage=0.05


Tree=38
num_leaves=15
num_cat=0
split_feature=0 7 16 4 7 6 7 7 16 2 16 20 2 7
split_gain=756.04 635.854 584.356 611.792 641.92 2696.54 1095.25 2094.96 923.645 997.917 761.7 730.982 919.536 897.227
threshold=-5.121310499999999 -3.2281234999999993 900.50000000000011 0.60796900000000009 -9.1463144999999972 -6.7229154999999992 -11.788986 -11.595308999999999 655.50000000000011 18.698480000000004 720.50000000000011 1.0000000180025095e-35 -14.860059499999998 -32.354953999999992
decision_type=2 2 2 2 2 2 2 2 2 2 2 2 2 2
left_child=-1 2 3 4 6 10 11 -8 -9 -10 -6 12 13 -2
right_child=1 -3 -4 -5 5 -7 7 8 9 -11 -12 -13 -14 -15
leaf_value=0.1083781940237649 -0.17547989073726866 0.1845433064411546 -0.25497473527987802 0.072311279324487221 -0.21514099129197894 -0.018462446835084061 0.45793100189078939 -0.0016282327352468307 0.35787409004710974 -0.012749831622932107 -0.53753156948972636 0.090244431417516396 -0.073704454387565274 0.15153535761612846
leaf_weight=155 27 43 24 219 57 679 33 272 42 32 27 115 549 94
leaf_count=155 27 43 24 219 57 679 33 272 42 32 27 115 549 94
internal_value=0.00162612 -0.00585086 -0.00962365 -0.00687974 -0.0158797 -0.0515234 0.00748479 0.0772864 0.0409822 0.197604 -0.318767 -0.0262156 -0.046205 0.078565
internal_weight=2368 2213 2170 2146 1927 763 1164 379 346 74 84 785 670 121
internal_count=2368 2213 2170 2146 1927 763 1164 379 346 74 84 785 670 121
is_linear=0
shrinkage=0.05


Tree=39
num_leaves=15
num_cat=0
split_feature=0 16 7 0 3 7 6 7 7 6 7 16 16 7
split_gain=738.261 562.227 541.985 515.961 664.196 603.899 2108.83 1228.19 1254.08 1464.87 1019.06 773.027 729.468 665.444
threshold=-5.121310499999999 900.50000000000011 -3.2281234999999993 13.26993 11.593763000000001 -9.1463144999999972 -6.7229154999999992 -11.935514499999998 -11.595308999999999 -4.339736499999999 -10.9414605 720.50000000000011 324.50000000000006 -7.4270144999999994
decision_type=2 2 2 2 2 2 2 2 2 2 2 2 2 2
left_child=-1 2 3 4 5 7 11 -2 9 12 -10 -7 -9 -8
right_child=1 -3 -4 -5 -6 6 13 8 10 -11 -12 -13 -14 -15
leaf_value=0.10958163674945146 -0.021296462962535182 -0.23075818747833923 0.17456573984953902 -0.23053971633315085 0.17619597712422119 -0.17271961460928206 -0.097588041004573189 -0.12142112446017564 -0.1059091217037948 0.57466907868018513 0.090959505863354245 -0.49405736812838807 0.29580506289547143 0.015290384909620928
leaf_weight=153 814 27 43 25 51 61 172 20 85 26 290 27 22 542
leaf_count=153 814 27 43 25 51 61 172 20 85 26 290 27 22 542
internal_value=0.00337256 -0.00399705 -0.00118596 -0.00472569 -0.00205017 -0.0064652 -0.0403656 0.0151642 0.0821595 0.279716 0.046336 -0.271312 0.0971259 -0.0119016
internal_weight=2358 2205 2178 2135 2110 2059 802 1257 443 68 375 88 42 714
internal_count=2358 2205 2178 2135 2110 2059 802 1257 443 68 375 88 42 714
is_linear=0
shrinkage=0.05


Tree=40
num_leaves=15
num_cat=0
split_feature=2 8 7 7 7 0 2 7 20 16 16 16 16 16
split_gain=579.164 531.151 639.195 690.042 912.92 821.544 626.187 520.769 504.868 413.631 553.933 1111.27 618.729 770.541
threshold=-15.956467499999999 52.500000000000007 -6.556462999999999 -9.1463144999999972 -10.364562499999998 -7.4057129999999995 -5.8548209999999985 -6.3269884999999997 1.0000000180025095e-35 900.50000000000011 598.50000000000011 550.50000000000011 664.50000000000011 730.50000000000011
decision_type=2 2 2 2 2 2 2 2 2 2 2 2 2 2
left_child=-1 9 3 4 5 -3 -6 -4 -5 10 11 -2 -12 -14
right_child=1 2 7 8 6 -7 -8 -9 -10 -11 12 -13 13 -15
leaf_value=0.10299676742128752 0.012865013346843319 0.23831028110263022 0.30582039242699033 -0.2040288236606311 0.3089326587638685 -0.075324321266767011 0.030271388852674542 0.021453155623074028 0.016656914002755107 -0.18343415703443147 0.16115685061598986 -0.17568205303490858 -0.066172758136924956 0.086014971649588878
leaf_weight=135 856 22 21 109 28 410 72 69 34 26 118 86 133 222
leaf_count=135 856 22 21 109 28 410 72 69 34 26 118 86 133 222
internal_value=0.00246438 -0.00368787 -0.0373605 -0.0540493 -0.0278393 -0.0593522 0.108297 0.0878055 -0.151558 0.0141883 0.0178195 -0.00434841 0.061968 0.0289982
internal_weight=2341 2206 765 675 532 432 100 90 143 1441 1415 942 473 355
internal_count=2341 2206 765 675 532 432 100 90 143 1441 1415 942 473 355
is_linear=0
shrinkage=0.05


Tree=41
num_leaves=15
num_cat=0
split_feature=16 5 2 5 3 4 16 22 6 2 5 6 6 16
split_gain=527.633 487.339 636.138 479.574 644.22 1025.89 552.538 964.464 1387.98 1143.32 1555.91 1567.92 1692.61 1626.62
threshold=37.500000000000007 59.299730000000004 3.0969575000000007 46.055489000000009 1.8080535000000004 0.59413250000000006 613.50000000000011 1.0000000180025095e-35 -6.1392874999999991 30.061026500000001 38.775022000000007 -4.2854119999999991 -4.339736499999999 402.50000000000006
decision_type=2 2 2 2 2 2 2 2 2 2 2 2 2 2
left_child=-1 3 -3 6 -5 -6 7 9 -9 10 11 12 13 -2
right_child=1 2 -4 4 5 -7 -8 8 -10 -11 -12 -13 -14 -15
leaf_value=-0.19983087673105979 0.0022050529061223619 0.33171751423925167 0.028381446981802585 0.017629568594006394 -0.44182995050041768 -0.044912170309845997 0.046830905141215948 -0.02082078485720458 -0.22729566934625658 0.23789875238149799 -0.34904933840997759 -0.059718213899495567 0.44875541505990207 0.20474434112310413
leaf_weight=33 479 25 56 65 27 41 536 291 113 53 31 463 27 125
leaf_count=33 479 25 56 65 27 41 536 291 113 53 31 463 27 125
internal_value=-0.00130007 0.00150933 0.122004 -0.00282654 -0.094924 -0.202512 0.00295672 -0.0119084 -0.0785724 0.0109544 0.000262753 0.010161 0.0614353 0.0441213
internal_weight=2365 2332 81 2251 133 68 2118 1582 404 1178 1125 1094 631 604
internal_count=2365 2332 81 2251 133 68 2118 1582 404 1178 1125 1094 631 604
is_linear=0
shrinkage=0.05


Tree=42
num_leaves=15
num_cat=0
split_feature=16 16 16 16 7 7 6 16 7 7 7 5 16 7
split_gain=510.213 498.354 1005.37 786.967 1137.44 719.561 837.525 579.961 542.908 896.656 811.986 889.025 886.443 797.133
threshold=37.500000000000007 105.50000000000001 180.50000000000003 67.500000000000014 -19.595347499999999 -18.602939499999994 -7.705491499999999 150.50000000000003 -5.2088734999999993 -8.9238344999999981 -10.033946999999998 37.254839000000011 410.50000000000006 -7.2954159999999995
decision_type=2 2 2 2 2 2 2 2 2 2 2 2 2 2
left_child=-1 3 5 -2 -5 -3 7 -7 9 10 -4 12 -12 -11
right_child=1 2 8 4 -6 6 -8 -9 -10 13 11 -13 -14 -15
leaf_value=-0.19055428838028629 -0.05746978041216997 -0.34948103864490987 0.0082840472609122806 0.46087278715119917 0.074323198870873783 0.14681336724937991 -0.1383889461313752 -0.14127424708008768 0.077112228177571893 -0.13465442425392646 -0.014179620810694273 -0.08469077634679921 0.30495199873431089 -0.0026754708946905895
leaf_weight=34 56 25 1054 26 71 58 148 25 266 198 31 34 73 271
leaf_count=34 56 25 1054 26 71 58 148 25 266 198 31 34 73 271
internal_value=0.00174104 0.00453986 -0.00157408 0.0917734 0.177934 -0.094669 -0.067092 0.06004 0.0107935 0.000172907 0.0232163 0.137264 0.209826 -0.0583937
internal_weight=2370 2336 2183 153 97 256 231 83 1927 1661 1192 138 104 469
internal_count=2370 2336 2183 153 97 256 231 83 1927 1661 1192 138 104 469
is_linear=0
shrinkage=0.05


Tree=43
num_leaves=15
num_cat=0
split_feature=0 16 16 16 6 16 5 2 7 16 7 7 2 7
split_gain=574.67 494.508 685.331 438.158 435.164 400.613 1098.94 622.454 818.292 805.734 504.452 2138.55 764.152 760.529
threshold=-5.121310499999999 207.50000000000003 168.50000000000003 900.50000000000011 -12.874794499999998 613.50000000000011 25.539750000000005 -8.1293654999999969 -10.9414605 129.50000000000003 -13.835873499999998 -13.389685999999998 48.871490500000007 -12.790780999999997
decision_type=2 2 2 2 2 2 2 2 2 2 2 2 2 2
left_child=1 2 -1 5 -3 7 -7 8 9 -2 -9 -12 13 -13
right_child=3 4 -4 -5 -6 6 -8 10 -10 -11 11 12 -14 -15
leaf_value=0.13618111511071523 0.30102323899450512 0.31101377368904654 -0.21454396098852158 -0.21003898491079989 0.088440697727991013 0.10108763386749409 -0.041231343767681533 -0.096978185337083481 0.25714527211892302 -0.0054964382941738851 0.42174858136309523 -0.18257983314937778 0.17188287179503178 -0.024847310423926128
leaf_weight=30 23 32 26 26 70 286 258 247 39 316 27 84 45 847
leaf_count=30 23 32 26 26 70 286 258 247 39 316 27 84 45 847
internal_value=0.000621486 0.0927252 -0.0266555 -0.00599925 0.158268 -0.00355679 0.0335908 -0.0159697 0.0402522 0.0152999 -0.0329712 -0.0172088 -0.0293521 -0.0390788
internal_weight=2356 158 56 2198 102 2172 544 1628 378 339 1250 1003 976 931
internal_count=2356 158 56 2198 102 2172 544 1628 378 339 1250 1003 976 931
is_linear=0
shrinkage=0.05


Tree=44
num_leaves=15
num_cat=0
split_feature=6 8 2 6 5 18 18 2 5 18 5 18 6 6
split_gain=560.112 460.431 403.125 1138.9 881.186 929.246 967.861 808.648 724.293 655.419 614.627 722.654 541.597 801.081
threshold=-22.123105499999998 57.500000000000007 -0.65202049999999989 -6.0492539999999986 37.65539900000001 481.50000000000006 607.50000000000011 -15.956467499999999 59.299730000000004 246.50000000000003 28.512030500000005 394.50000000000006 -4.8626289999999992 -4.2854119999999991
decision_type=2 2 2 2 2 2 2 2 2 2 2 2 2 2
left_child=-1 2 3 4 5 7 -7 -2 -6 -9 11 -5 -4 -14
right_child=1 -3 12 10 8 6 -8 9 -10 -11 -12 -13 13 -15
leaf_value=0.25785880191695121 0.3951893962564923 -0.043780042312091455 -0.041380186787545715 -0.048979446375605598 -0.10636189988601888 0.63821454524993904 0.19208007012644124 -0.15147522961986917 0.24335776010528207 0.13306902470960194 -0.15905050768471155 0.11459905963357804 0.16675332833168122 0.0038148174386210621
leaf_weight=21 21 507 584 170 57 20 31 28 20 73 61 112 86 614
leaf_count=21 21 507 584 170 57 20 31 28 20 73 61 112 86 614
internal_value=0.000763878 -0.0015008 0.00991932 0.044016 0.12518 0.187806 0.367035 0.112883 -0.0155256 0.0541855 -0.0151414 0.0159879 -0.00582784 0.023833
internal_weight=2405 2384 1877 593 250 173 51 122 77 101 343 282 1284 700
internal_count=2405 2384 1877 593 250 173 51 122 77 101 343 282 1284 700
is_linear=0
shrinkage=0.05


Tree=45
num_leaves=15
num_cat=0
split_feature=0 5 16 16 5 2 8 2 6 19 6 5 16 5
split_gain=510.6 406.743 389.114 442.785 902.247 781.268 549.104 502.4 806.987 738.689 1034.04 977.422 2883.29 1340.08
threshold=-5.121310499999999 36.720007500000001 900.50000000000011 601.50000000000011 22.277235500000003 -4.2742644999999992 52.500000000000007 -14.860059499999998 -15.494007499999999 1.0000000180025095e-35 -6.1392874999999991 29.052776500000004 511.50000000000006 46.055489000000009
decision_type=2 2 2 2 2 2 2 2 2 2 2 2 2 2
left_child=1 -1 3 7 5 -5 -6 -2 -9 10 -10 -11 13 -13
right_child=2 -3 -4 4 6 -7 -8 8 9 11 -12 12 -14 -15
leaf_value=0.015564523752974839 0.078388700189820512 0.17863550984766335 -0.20385285425358096 0.37282127874592941 0.010741128072922313 0.072183938167371231 -0.13991572417648909 -0.28721558713354173 -0.026926661251733704 -0.029454794413547588 -0.20745306575360398 0.25165550916135543 -0.37207506716251376 -0.013401046446769647
leaf_weight=95 114 64 26 24 258 217 79 30 234 874 120 128 30 76
leaf_count=95 114 64 26 24 258 217 79 30 234 874 120 128 30 76
internal_value=-0.00533856 0.0812032 -0.0115649 -0.00927573 0.0282517 0.102123 -0.0245761 -0.0227819 -0.0305121 -0.0252445 -0.0881221 -0.00515552 0.0856033 0.152909
internal_weight=2369 159 2210 2184 578 241 337 1606 1492 1462 354 1108 234 204
internal_count=2369 159 2210 2184 578 241 337 1606 1492 1462 354 1108 234 204
is_linear=0
shrinkage=0.05


Tree=46
num_leaves=15
num_cat=0
split_feature=5 7 16 2 16 16 6 24 16 7 2 16 5 2
split_gain=442.758 429.808 411.975 439.068 635.827 759.712 1102.82 881.133 1326.49 803.265 791.95 707.376 622.442 790.955
threshold=65.365225000000024 -3.2281234999999993 37.500000000000007 6.6265090000000013 252.50000000000003 105.50000000000001 -10.035755499999999 1.0000000180025095e-35 180.50000000000003 -16.829162499999999 -8.6574629999999981 291.50000000000006 56.435234500000007 48.871490500000007
decision_type=2 2 2 2 2 2 2 2 2 2 2 2 2 2
left_child=1 2 -1 4 5 6 -4 -7 9 -9 -8 -6 13 -5
right_child=-2 -3 3 12 11 7 10 8 -10 -11 -12 -13 -14 -15
leaf_value=-0.18218695806960267 0.13834234151457037 0.15852560019120576 -0.22748078405857086 -0.0354659489447334 0.1740680415247535 -0.13664231869031437 0.43795101016759874 -0.37215950636841033 0.15322605080567719 -0.033856696575074584 0.081749781929481208 0.023896983370613953 -0.27344271618729604 0.20421389887730279
leaf_weight=33 56 40 23 785 87 204 20 23 89 74 71 795 26 36
leaf_count=33 56 40 23 785 87 204 20 23 89 74 71 795 26 36
internal_value=-0.00057253 -0.003946 -0.00681399 -0.00422228 0.0131098 -0.03169 0.0818526 -0.0648794 0.0138282 -0.114073 0.160036 0.0387098 -0.0325839 -0.0249562
internal_weight=2362 2306 2266 2233 1386 504 114 390 186 97 91 882 847 821
internal_count=2362 2306 2266 2233 1386 504 114 390 186 97 91 882 847 821
is_linear=0
shrinkage=0.05


Tree=47
num_leaves=15
num_cat=0
split_feature=6 16 16 7 7 5 1 16 7 5 5 16 16 7
split_gain=429.171 452.467 570.714 1775.62 1781.3 1383.61 759.257 469.427 574.929 469.313 839.282 1267.5 818.289 536.253
threshold=-22.123105499999998 231.50000000000003 294.50000000000006 -9.8848719999999997 -6.4936539999999985 25.784961500000005 1.6090845000000003 273.50000000000006 -21.479470499999998 58.054240500000006 25.009628000000003 159.50000000000003 67.500000000000014 -19.113004499999999
decision_type=2 2 2 2 2 2 2 2 2 2 2 2 2 2
left_child=-1 9 3 5 -5 -3 -6 8 -7 10 13 12 -12 -2
right_child=1 2 -4 4 6 7 -8 -9 -10 -11 11 -13 -14 -15
leaf_value=0.23392083406448366 0.24442325216673672 -0.16729914985951924 0.0030597639747653072 -0.32057902495421114 0.26503320643396089 0.15675078760022704 -0.088958700001239788 0.15321328250017574 0.4652287475087426 0.12430809297880462 -0.2123089111535936 -0.26050265277444851 0.070422515849840925 -0.015775092537624737
leaf_weight=20 21 21 1511 42 33 23 28 47 44 43 37 96 83 347
leaf_count=20 21 21 1511 42 33 23 28 47 44 43 37 96 83 347
internal_value=0.00327266 0.00133118 0.0143953 0.0863614 -0.0699909 0.205652 0.102545 0.274354 0.359333 -0.0351107 -0.0468488 -0.125086 -0.016753 -0.000926817
internal_weight=2396 2376 1749 238 103 135 61 114 67 627 584 216 120 368
internal_count=2396 2376 1749 238 103 135 61 114 67 627 584 216 120 368
is_linear=0
shrinkage=0.05


Tree=48
num_leaves=15
num_cat=0
split_feature=0 16 16 5 5 16 7 0 2 5 2 16 2 16
split_gain=444.61 374.647 990.299 888.468 735.859 634.396 485.747 427.504 676.338 382.498 587.913 351.247 325.505 590.043
threshold=-7.4057129999999995 67.500000000000014 97.500000000000014 23.553182500000002 13.567731 183.50000000000003 -18.602939499999994 13.26993 52.573757000000008 41.744158500000005 26.972924000000003 908.50000000000011 10.037865000000002 790.50000000000011
decision_type=2 2 2 2 2 2 2 2 2 2 2 2 2 2
left_child=-1 4 3 -3 -2 6 -4 8 11 10 -8 12 -7 -14
right_child=1 2 5 -5 -6 7 9 -9 -10 -11 -12 -13 13 -15
leaf_value=0.13497835198196315 0.058178463578224184 0.075920352416819548 -0.26543299848834673 0.46238447546958927 -0.23158583816140893 0.01986795536979595 -0.061943226920486233 -0.20978731623162394 0.22805004083715819 -0.22768035962113312 0.17858077082943558 -0.19561275274238804 -0.051441136129404777 0.079216360601935987
leaf_weight=59 39 58 30 20 50 1219 205 23 34 28 29 22 449 107
leaf_count=59 39 58 30 20 50 1219 205 23 34 28 29 22 449 107
internal_value=-0.000560652 -0.00401798 7.5276e-06 0.175014 -0.10461 -0.00635337 -0.0748547 0.0044354 0.00712635 -0.0530327 -0.0321347 0.00294638 0.00540739 -0.0262966
internal_weight=2372 2313 2224 78 89 2146 292 1854 1831 262 234 1797 1775 556
internal_count=2372 2313 2224 78 89 2146 292 1854 1831 262 234 1797 1775 556
is_linear=0
shrinkage=0.05


Tree=49
num_leaves=15
num_cat=0
split_feature=16 16 16 7 5 6 16 7 5 0 2 2 16 24
split_gain=355.768 439.414 696.845 494.945 543.386 780.895 491.109 873.519 351.47 350.551 500.082 368.324 625.175 1706.75
threshold=43.500000000000007 101.50000000000001 186.50000000000003 -18.602939499999994 41.744158500000005 -9.1480694999999983 67.500000000000014 -19.595347499999999 24.853323000000003 13.26993 67.633209000000008 8.8535505000000025 300.50000000000006 1.0000000180025095e-35
decision_type=2 2 2 2 2 2 2 2 2 2 2 2 2 2
left_child=-1 6 3 -3 5 -5 8 -8 -2 10 11 -4 13 -13
right_child=1 2 9 4 -6 -7 7 -9 -10 -11 -12 12 -14 -15
leaf_value=-0.14758408181482882 0.093741528098689741 -0.26139027026365513 0.022759250136508428 0.16857613369024227 -0.24632127543445678 -0.069660688963179535 0.40961756986379627 0.057838564853494367 -0.17978114521373875 -0.18717531723820646 0.21523542610651428 0.39767220404840287 -0.042120051892298969 -0.074534188924473707
leaf_weight=41 24 32 1175 42 32 190 25 60 23 23 29 31 579 50
leaf_count=41 24 32 1175 42 32 190 25 60 23 23 29 31 579 50
internal_value=-0.00158529 0.00100044 -0.00435619 -0.0756828 -0.0531728 -0.0265316 0.0895878 0.161303 -0.04011 0.00683229 0.00922616 0.00597043 -0.0239188 0.106187
internal_weight=2356 2315 2183 296 264 232 132 85 47 1887 1864 1835 660 81
internal_count=2356 2315 2183 296 264 232 132 85 47 1887 1864 1835 660 81
is_linear=0
shrinkage=0.05


Tree=50
num_leaves=15
num_cat=0
split_feature=0 16 4 5 6 2 6 6 7 16 6 3 5 1
split_gain=524.535 406.01 353.833 492.348 897.847 600.303 690.166 1291.64 873.33 562.339 959.487 858.205 740.748 934.552
threshold=-5.121310499999999 908.50000000000011 0.60796900000000009 31.013985000000002 -6.7884124999999989 -17.447814999999995 -6.8959089999999987 -6.8751284999999998 -8.9462234999999968 398.50000000000006 -4.2343734999999993 2.8923120000000004 25.784961500000005 1.2377820000000004
decision_type=2 2 2 2 2 2 2 2 2 2 2 2 2 2
left_child=-1 2 3 5 -5 -2 8 -8 -7 10 11 -9 -11 -14
right_child=1 -3 -4 4 -6 6 7 9 -10 12 -12 -13 13 -15
leaf_value=0.085227802584342885 0.21199037789395364 -0.23143698066473006 0.055482504919411681 -0.015595736294254613 -0.18196571379782514 -0.033201491887141998 0.39372224618088114 0.011045674201906533 -0.25975678265094759 0.064091160069905173 -0.094769502482560594 0.34945949643850327 -0.36066382998445384 0.012257484978597079
leaf_weight=165 33 20 217 301 111 285 22 296 50 507 279 20 24 56
leaf_count=165 33 20 217 301 111 285 22 296 50 507 279 20 24 56
internal_value=-0.000783289 -0.00717313 -0.00513529 -0.0117654 -0.0604187 0.000986025 -0.00353843 0.0141234 -0.0670157 0.00705814 -0.0271966 0.0324643 0.0417797 -0.0996189
internal_weight=2386 2221 2201 1984 412 1572 1539 1204 335 1182 595 316 587 80
internal_count=2386 2221 2201 1984 412 1572 1539 1204 335 1182 595 316 587 80
is_linear=0
shrinkage=0.05


Tree=51
num_leaves=15
num_cat=0
split_feature=0 4 16 16 5 16 2 16 16 16 16 19 16 2
split_gain=404.059 349.021 630.826 825.413 432.36 1036.34 1701.43 754.329 948.339 680.951 655.712 576.765 524.647 650.442
threshold=-6.3086619999999991 0.66954650000000016 309.50000000000006 255.50000000000003 21.160390000000003 398.50000000000006 -5.5781019999999986 67.500000000000014 147.50000000000003 321.50000000000006 198.50000000000003 1.0000000180025095e-35 273.50000000000006 25.060005000000004
decision_type=2 2 2 2 2 2 2 2 2 2 2 2 2 2
left_child=-1 4 3 -3 5 9 -7 -6 11 -2 -10 -9 13 -12
right_child=1 2 -4 -5 7 6 -8 8 10 -11 12 -13 -14 -15
leaf_value=0.097513153228294291 -0.0017573440745305103 0.014052367573365188 -0.010884150960879732 0.34852088191679548 -0.25950268127231135 0.34926405942865779 0.034683809871053593 -0.043813817432293525 -0.1788565486096419 -0.13073021881492403 0.12516909849772365 0.24858667222239697 -0.042509157758406121 -0.18174716759295692
leaf_weight=97 444 39 129 35 36 49 350 26 78 133 97 48 787 21
leaf_count=97 444 39 129 35 36 49 350 26 78 133 97 48 787 21
internal_value=-0.00242424 -0.00669093 0.055873 0.172247 -0.0128294 0.0113585 0.0733165 -0.0344281 -0.0267624 -0.0314859 -0.0397567 0.145851 -0.027768 0.0705484
internal_weight=2369 2272 203 74 2069 976 399 1093 1057 577 983 74 905 118
internal_count=2369 2272 203 74 2069 976 399 1093 1057 577 983 74 905 118
is_linear=0
shrinkage=0.05


Tree=52
num_leaves=15
num_cat=0
split_feature=6 8 7 2 7 0 7 3 16 16 5 8 16 7
split_gain=382.794 312.182 566.641 618.945 586.511 495.937 430.705 397.16 363.622 644.007 894.479 572.215 441.94 331.738
threshold=-22.123105499999998 52.500000000000007 -6.556462999999999 -8.2785889999999984 -10.9414605 2.4343250000000003 -6.3269884999999997 -4.6230259999999994 499.50000000000006 466.50000000000006 29.375660000000003 62.500000000000007 141.50000000000003 -7.2270284999999985
decision_type=2 2 2 2 2 2 2 2 2 2 2 2 2 2
left_child=-1 7 3 4 5 8 -4 -2 9 10 12 -12 -3 -5
right_child=1 2 6 13 -6 -7 -8 -9 -10 -11 11 -13 -14 -15
leaf_value=0.20800611429255117 0.18689930866821669 0.24679224775596098 0.29841499745845795 -0.063125215055695891 0.26001774124477223 0.18953279872735343 0.035317313969135282 0.0087747023244846845 0.11691422801660865 -0.32106354996562003 -0.3611508696167558 -0.02176897299030553 0.0031707863454237457 -0.23479808603723842
leaf_weight=22 32 22 20 454 23 30 70 1418 38 20 27 23 121 30
leaf_count=22 32 22 20 454 23 30 70 1418 38 20 27 23 121 30
internal_value=0.000419727 -0.001542 -0.0250718 -0.0386467 0.0172671 -0.00260218 0.0937835 0.0127057 -0.0255665 -0.0509856 -0.0229983 -0.205035 0.040651 -0.0737661
internal_weight=2350 2328 878 788 304 281 90 1450 251 213 193 50 143 484
internal_count=2350 2328 878 788 304 281 90 1450 251 213 193 50 143 484
is_linear=0
shrinkage=0.05


Tree=53
num_leaves=15
num_cat=0
split_feature=0 16 16 7 2 6 6 4 7 2 2 6 19 6
split_gain=355.193 320.592 609.841 574.708 662.909 498.159 1130.89 607.021 455.007 655.544 356.68 546.773 484.91 814.263
threshold=-7.4057129999999995 613.50000000000011 664.50000000000011 -11.788986 11.605264000000002 -4.2854119999999991 -4.339736499999999 0.90818900000000002 -3.9591564999999993 7.4952845000000012 -15.956467499999999 -15.494007499999999 1.0000000180025095e-35 -6.1392874999999991
decision_type=2 2 2 2 2 2 2 2 2 2 2 2 2 2
left_child=-1 5 3 -3 -5 6 10 8 -7 -10 -2 -12 13 -13
right_child=1 2 -4 4 -6 7 -8 -9 9 -11 11 12 -14 -15
leaf_value=0.11473078134336644 0.076602292951228557 -0.045460227282868852 -0.0012405882591280915 0.33491318416559984 0.067837311750134605 -0.087408627974159561 0.29483499923785533 0.15110867655638494 0.24782381648054491 -0.092616416706192889 -0.21611519147726624 -0.015645786436220659 0.016643424491846318 -0.19769909048004997
leaf_weight=63 116 37 446 42 52 443 32 33 26 31 33 276 643 79
leaf_count=63 116 37 446 42 52 443 32 33 26 31 33 276 643 79
internal_value=-0.00239051 -0.00561403 0.026618 0.121465 0.187169 -0.0164773 0.00165737 -0.0565912 -0.0702994 0.0626721 -0.00652195 -0.0158744 -0.00925325 -0.0561591
internal_weight=2352 2289 577 131 94 1712 1179 533 500 57 1147 1031 998 355
internal_count=2352 2289 577 131 94 1712 1179 533 500 57 1147 1031 998 355
is_linear=0
shrinkage=0.05


Tree=54
num_leaves=15
num_cat=0
split_feature=5 2 6 7 3 7 0 16 6 24 7 7 7 16
split_gain=379.103 347.107 307.852 925.342 976.885 897.999 743.955 538.642 840.449 865.161 684.918 459.916 1155.45 832.946
threshold=65.365225000000024 15.748768000000002 -7.4960949999999995 -13.130407 4.8039590000000008 -13.922680499999998 -0.80617799999999995 231.50000000000003 -10.035755499999999 1.0000000180025095e-35 -17.933947499999999 -12.790780999999997 -9.1463144999999972 735.50000000000011
decision_type=2 2 2 2 2 2 2 2 2 2 2 2 2 2
left_child=2 -2 3 4 5 7 -5 8 9 -1 -9 -4 13 -13
right_child=1 -3 11 6 -6 -7 -8 10 -10 -11 -12 12 -14 -15
leaf_value=-0.2299954300091879 0.29016213253850032 0.021249427167432652 -0.038856694477849785 -0.031654579869725488 -0.20223905792499478 0.23462087507816218 -0.20330946457333271 0.15072031603194774 0.13484558344818651 0.071709066778421413 -0.046750060990942942 0.076307251995134356 -0.010283802528701286 0.40740716993808751
leaf_weight=74 21 28 402 143 47 51 113 104 40 35 76 378 850 20
leaf_count=74 21 28 402 143 47 51 113 104 40 35 76 378 850 20
internal_value=-0.00113989 0.136498 -0.00403069 -0.032261 0.0128017 0.0393988 -0.107424 0.00913643 -0.0611813 -0.133118 0.0673439 0.00765495 0.0226371 0.0929454
internal_weight=2382 49 2333 683 427 380 256 329 149 109 180 1650 1248 398
internal_count=2382 49 2333 683 427 380 256 329 149 109 180 1650 1248 398
is_linear=0
shrinkage=0.05


Tree=55
num_leaves=15
num_cat=0
split_feature=0 2 6 7 7 7 4 4 7 5 16 2 5 16
split_gain=382.587 419.426 377.297 334.53 343.117 985.773 468.835 418.887 412.028 645.565 701.77 824.2 343.154 302.486
threshold=13.26993 67.633209000000008 -22.123105499999998 -3.2281234999999993 -8.9462234999999968 -7.5554604999999997 -0.010566499999999998 -0.072534499999999988 -10.033946999999998 37.254839000000011 410.50000000000006 8.5836365000000026 23.326012500000001 643.50000000000011
decision_type=2 2 2 2 2 2 2 2 2 2 2 2 2 2
left_child=1 2 -1 4 8 6 12 -7 13 10 -10 -12 -6 -4
right_child=-2 -3 3 -5 5 7 -8 -9 9 -11 11 -13 -14 -15
leaf_value=0.21362395701929926 -0.18967376530722335 0.19932700877006237 -0.011317235548940903 0.13534215234574817 -0.14421390683855861 0.070746529718834758 -0.06106570308878162 -0.02654185930272553 -0.0033245756575951777 -0.09038426660001278 0.42505850347154067 0.081360174433605104 -0.35559388939291242 0.059686903228089651
leaf_weight=20 27 26 1128 42 48 142 87 501 49 40 33 37 32 173
leaf_count=20 27 26 1128 42 48 142 87 501 49 40 33 37 32 173
internal_value=-0.0025276 -0.000384701 -0.00261133 -0.00448188 -0.00706893 -0.0331672 -0.141401 -0.00505671 0.00741026 0.0833898 0.141801 0.243389 -0.228766 -0.00187549
internal_weight=2385 2358 2332 2312 2270 810 167 643 1460 159 119 70 80 1301
internal_count=2385 2358 2332 2312 2270 810 167 643 1460 159 119 70 80 1301
is_linear=0
shrinkage=0.05


Tree=56
num_leaves=15
num_cat=0
split_feature=7 7 7 2 4 4 7 5 16 4 16 5 0 2
split_gain=285.211 361.023 873.612 438.761 471.501 431.56 429.355 669.146 655.96 496.318 690.154 331.595 319.722 332.532
threshold=-3.2281234999999993 -8.9462234999999968 -7.5554604999999997 42.698430500000008 -0.072534499999999988 -0.010566499999999998 -10.033946999999998 37.254839000000011 735.50000000000011 -0.028966499999999996 406.50000000000006 14.243292500000001 9.7421325000000021 48.871490500000007
decision_type=2 2 2 2 2 2 2 2 2 2 2 2 2 2
left_child=1 6 5 4 -4 11 12 8 9 10 -8 -3 13 -1
right_child=-2 2 3 -5 -6 -7 7 -9 -10 -11 -12 -13 -14 -15
leaf_value=0.0002878682075454809 0.12648870718576724 -0.087944978172890848 0.068020786640254113 0.22527312405407429 -0.035689370661606427 -0.054738243876678076 0.033014281535787247 -0.098489933682454608 0.39144470800052988 -0.05223452895879746 0.37309907376766205 -0.29327533115066734 -0.14061998282141316 0.15040379937149978
leaf_weight=1264 42 32 141 20 492 87 35 37 22 38 26 51 39 38
leaf_count=1264 42 32 141 20 492 87 35 37 22 38 26 51 39 38
internal_value=-0.00264379 -0.00497952 -0.0315872 -0.00530287 -0.0125881 -0.13255 0.00962899 0.0875875 0.144487 0.0896077 0.177968 -0.214112 0.000443721 0.00466913
internal_weight=2364 2322 823 653 633 170 1499 158 121 99 61 83 1341 1302
internal_count=2364 2322 823 653 633 170 1499 158 121 99 61 83 1341 1302
is_linear=0
shrinkage=0.05


Tree=57
num_leaves=15
num_cat=0
split_feature=6 16 1 16 7 7 5 1 16 24 8 7 16 5
split_gain=313.542 342.27 456.51 456.32 1410.54 1772.04 1100.5 657.885 467.535 452.637 364.217 762.263 995.594 408.689
threshold=-22.123105499999998 234.50000000000003 -9.6901589999999995 294.50000000000006 -9.8848719999999997 -6.4936539999999985 25.784961500000005 1.6090845000000003 273.50000000000006 1.0000000180025095e-35 42.500000000000007 -24.100376499999996 207.50000000000003 14.690737500000003
decision_type=2 2 2 2 2 2 2 2 2 2 2 2 2 2
left_child=-1 2 9 4 6 -6 -3 -7 -8 -2 -4 12 -12 -13
right_child=1 3 10 -5 5 7 8 -9 -10 -11 11 13 -14 -15
leaf_value=0.19209714038741021 -0.23201379299748182 -0.14969790816307069 -0.093853556499966698 -0.00038655949394322104 -0.31048504965645929 0.26775434166193007 0.35130680653086882 -0.070853865375885602 0.13702786059483238 0.04864221972879023 0.42836944901424912 0.053051808271412704 -0.036854715078421266 -0.056016497447672724
leaf_weight=21 51 20 124 1485 42 32 57 26 46 20 23 129 23 257
leaf_count=21 51 20 124 1485 42 32 57 26 46 20 23 129 23 257
internal_value=-0.000240255 -0.00197006 -0.0335653 0.00962842 0.0763201 -0.0631443 0.189706 0.115964 0.255609 -0.152956 -0.0183194 0.00336176 0.195757 -0.0195662
internal_weight=2356 2335 627 1708 223 100 123 58 103 71 556 432 46 386
internal_count=2356 2335 627 1708 223 100 123 58 103 71 556 432 46 386
is_linear=0
shrinkage=0.05


Tree=58
num_leaves=15
num_cat=0
split_feature=16 7 7 6 16 16 16 16 2 16 8 4 6 6
split_gain=273.089 257.714 291.362 1515.67 649.59 596.717 686.92 577.715 1230.76 1034.01 771.708 791.043 859.411 666.012
threshold=908.50000000000011 -3.2281234999999993 -9.241877999999998 -6.7229154999999992 720.50000000000011 643.50000000000011 664.50000000000011 342.50000000000006 16.394403500000003 324.50000000000006 42.500000000000007 0.41852800000000007 -5.2159194999999992 -2.5191829999999995
decision_type=2 2 2 2 2 2 2 2 2 2 2 2 2 2
left_child=1 2 5 4 -4 7 -7 9 -9 10 13 -12 -13 -1
right_child=-2 -3 3 -5 -6 6 -8 8 -10 -11 11 12 -14 -15
leaf_value=-0.17349023802671582 -0.17038537680130939 0.12700369688795834 -0.11806587753678435 0.0014275627873644077 -0.39190464424900712 0.29726818138185668 0.052326026247063062 -0.012000279410427061 -0.26058247681368479 0.31472790024934283 0.018850737341416745 0.075011015660129493 0.44145751123627025 0.14289557422910418
leaf_weight=80 23 41 67 759 32 34 181 526 55 31 457 48 24 21
leaf_count=80 23 41 67 759 32 34 181 526 55 31 457 48 24 21
internal_value=0.00106887 0.00274266 0.000541923 -0.0225732 -0.206579 0.014154 0.0910611 0.000840794 -0.0355322 0.0328116 0.0189395 0.0431197 0.19716 -0.107707
internal_weight=2379 2356 2315 858 99 1457 215 1242 581 661 630 529 72 101
internal_count=2379 2356 2315 858 99 1457 215 1242 581 661 630 529 72 101
is_linear=0
shrinkage=0.05


Tree=59
num_leaves=15
num_cat=0
split_feature=0 5 16 2 7 3 8 5 16 16 4 16 16 16
split_gain=297.66 336.223 305.443 288.642 837.732 436.108 357.942 664.124 863.431 474.593 409.916 366.218 769.388 507.596
threshold=-5.121310499999999 34.638742000000008 900.50000000000011 -17.818881499999996 -32.354953999999992 -3.7108214999999993 57.500000000000007 21.628885000000004 410.50000000000006 120.50000000000001 -0.11544199999999998 601.50000000000011 664.50000000000011 559.50000000000011
decision_type=2 2 2 2 2 2 2 2 2 2 2 2 2 2
left_child=1 -1 3 4 -2 -6 11 8 9 -8 -11 13 -13 -5
right_child=2 -3 -4 6 5 -7 7 -9 -10 10 -12 12 -14 -15
leaf_value=0.00066610357554798777 -0.13042746643639275 0.1447466522107522 -0.1768433266878128 -0.00015888207872660881 0.078904184526591398 0.37518681320159336 0.14276745444003611 -0.12559837973184931 0.23530024884002551 -0.032527084228523233 -0.24197305568626951 0.14812233722399151 0.0055947178754750205 -0.12124547934595575
leaf_weight=88 27 75 25 1092 27 23 32 161 35 141 28 126 381 94
leaf_count=88 27 75 25 1092 27 23 32 161 35 141 28 126 381 94
internal_value=0.0017738 0.0669608 -0.0030736 -0.00106887 0.0940022 0.215194 -0.00457149 -0.0473019 0.0061123 -0.033796 -0.0672282 0.00544857 0.0410158 -0.00975596
internal_weight=2355 163 2192 2167 77 50 2090 397 236 201 169 1693 507 1186
internal_count=2355 163 2192 2167 77 50 2090 397 236 201 169 1693 507 1186
is_linear=0
shrinkage=0.05


Tree=60
num_leaves=15
num_cat=0
split_feature=6 4 2 7 16 7 7 6 0 7 2 16 2 3
split_gain=244.34 239.285 568.539 366.224 477.186 252.936 335.494 940.253 700.943 574.451 620.937 767.726 455.561 538.778
threshold=-22.123105499999998 0.66954650000000016 9.8918605000000017 -9.9768264999999978 568.50000000000011 -3.6658359999999997 -9.1463144999999972 -6.7229154999999992 1.2398425000000002 -9.6536394999999988 10.188336500000002 406.50000000000006 30.061026500000001 0.67613150000000011
decision_type=2 2 2 2 2 2 2 2 2 2 2 2 2 2
left_child=-1 5 -3 -4 -5 6 9 8 -8 12 11 -11 -2 -14
right_child=1 2 3 4 -6 -7 7 -9 -10 10 -12 -13 13 -15
leaf_value=0.16695379025879362 -0.011843797458945879 0.19004957727872984 -0.075217804471030839 0.28081903159618377 -0.0015805741986976221 0.10065716450084367 -0.10855241540137311 -0.017626727839700717 -0.42615362328031792 -0.0051675493405623878 -0.034648336146615055 0.37176642409392768 0.34374362826347354 -0.0076393632063021261
leaf_weight=21 1154 52 80 21 52 51 71 685 23 22 38 35 20 24
leaf_count=21 1154 52 80 21 52 51 71 685 23 22 38 35 20 24
internal_value=-0.00283443 -0.00436602 0.0472203 -0.00132297 0.0796577 -0.00934727 -0.0120549 -0.0379757 -0.186263 0.00356171 0.121911 0.226283 -0.00582322 0.15208
internal_weight=2349 2328 205 153 73 2123 2072 779 94 1293 95 57 1198 44
internal_count=2349 2328 205 153 73 2123 2072 779 94 1293 95 57 1198 44
is_linear=0
shrinkage=0.05


Tree=61
num_leaves=15
num_cat=0
split_feature=0 8 7 5 16 16 16 16 16 3 7 2 0 2
split_gain=267.502 255.136 507.982 617.844 653.82 427.549 885.825 796.077 387.149 403.43 321.315 695.847 346.056 433.712
threshold=-7.4057129999999995 57.500000000000007 -26.633228999999996 21.628885000000004 410.50000000000006 246.50000000000003 463.50000000000006 493.50000000000006 120.50000000000001 -1.7903419999999997 -32.209499499999993 -17.277555999999997 13.26993 67.633209000000008
decision_type=2 2 2 2 2 2 2 2 2 2 2 2 2 2
left_child=-1 10 -3 4 8 -5 -7 -8 -4 -10 -2 -12 13 -13
right_child=1 2 3 5 -6 6 7 -9 9 -11 11 12 -14 -15
leaf_value=0.10852576063480229 -0.19279963647946718 0.1579113494604826 0.13188445349223912 -0.24120741103376664 0.20548750316458092 0.091703249086384428 -0.39758225263884439 -0.076518752258620232 -0.014136418726827419 -0.19031394470569701 0.2948519746462504 0.0048533721401915744 -0.17937526375055313 0.20681781007183925
leaf_weight=56 20 32 32 49 35 54 26 75 133 43 21 1718 25 27
leaf_count=56 20 32 32 49 35 54 26 75 133 43 21 1718 25 27
internal_value=0.000558306 -0.00208195 -0.0345331 -0.0483099 0.0055503 -0.112467 -0.0717682 -0.159169 -0.028093 -0.0571798 0.00650121 0.00872679 0.00533209 0.00797832
internal_weight=2346 2290 479 447 243 204 155 101 208 176 1811 1791 1770 1745
internal_count=2346 2290 479 447 243 204 155 101 208 176 1811 1791 1770 1745
is_linear=0
shrinkage=0.05


Tree=62
num_leaves=15
num_cat=0
split_feature=0 6 2 6 0 2 5 16 24 6 2 5 16 16
split_gain=298.21 275.077 722.84 696.973 465.859 482.166 464.831 556.073 849.16 399.941 353.456 313.533 284.416 688.928
threshold=-5.121310499999999 -9.5517249999999994 6.1343225000000006 -10.219042999999997 4.4640295000000014 10.418583000000002 53.168174000000008 240.50000000000003 1.0000000180025095e-35 -10.727540499999998 58.936081000000009 31.013985000000002 174.50000000000003 105.50000000000001
decision_type=2 2 2 2 2 2 2 2 2 2 2 2 2 2
left_child=-1 2 6 4 5 -4 7 11 -9 -10 12 -2 13 -3
right_child=1 10 3 -5 -6 -7 -8 8 9 -11 -12 -13 -14 -15
leaf_value=0.064428927045986517 0.020560372889041903 0.043663824991063971 -0.16231083463538776 -0.34000359879386044 -0.22354773058480509 0.080279936517278355 0.23009469813921235 0.25638916765650116 0.074899909563362607 -0.12315314188599587 0.21113114304840566 -0.19780428977683187 0.0089831086694350023 -0.1055327055119985
leaf_weight=161 25 133 33 31 37 54 22 36 50 52 20 48 1481 185
leaf_count=161 25 133 33 31 37 54 22 36 50 52 20 48 1481 185
internal_value=-0.00126545 -0.00605784 -0.0442783 -0.127952 -0.0749388 -0.0117373 0.0113842 -0.0114197 0.0476162 -0.0260683 0.00209475 -0.123022 -0.000229171 -0.0431329
internal_weight=2368 2207 388 155 124 87 233 211 138 102 1819 73 1799 318
internal_count=2368 2207 388 155 124 87 233 211 138 102 1819 73 1799 318
is_linear=0
shrinkage=0.05


Tree=63
num_leaves=15
num_cat=0
split_feature=16 16 8 2 24 7 7 19 16 16 16 3 0 1
split_gain=220.11 265.644 514.78 410.701 776.903 510.885 928.631 647.761 471.204 416.847 545.509 337.287 324.141 497.688
threshold=908.50000000000011 616.50000000000011 32.500000000000007 20.528792500000005 1.0000000180025095e-35 -7.8904974999999995 -11.788986 1.0000000180025095e-35 881.50000000000011 800.50000000000011 760.50000000000011 1.8080535000000004 12.141447500000002 10.632916000000003
decision_type=2 2 2 2 2 2 2 2 2 2 2 2 2 2
left_child=1 2 -1 4 -3 6 -6 -8 -7 10 11 -5 13 -4
right_child=-2 3 12 9 5 8 7 -9 -10 -11 -12 -13 -14 -15
leaf_value=-0.16273177029937508 -0.15389428121799775 0.2853895572324594 -0.0058191301119011121 0.095738352277443151 0.0097277214153316527 -0.090975604457876738 0.31065622237992696 0.0017940627411007883 0.15246798965334893 0.069522393241317745 -0.32107245320454242 -0.10003733089701697 -0.1751991270754773 0.088713637476458274
leaf_weight=50 22 36 1547 33 145 97 58 24 25 72 20 66 26 153
leaf_count=50 22 36 1547 33 145 97 58 24 25 72 20 66 26 153
internal_value=0.00352458 0.00499703 -0.00457251 0.0345031 0.0642409 0.041429 0.0857781 0.220258 -0.0410896 -0.0254395 -0.0828954 -0.0347788 9.16277e-06 0.00268882
internal_weight=2374 2352 1776 576 385 349 227 82 122 191 119 99 1726 1700
internal_count=2374 2352 1776 576 385 349 227 82 122 191 119 99 1726 1700
is_linear=0
shrinkage=0.05


Tree=64
num_leaves=15
num_cat=0
split_feature=16 16 16 16 6 7 5 6 3 7 0 6 7 6
split_gain=205.054 315.065 424.642 361.926 581.612 356.936 432.01 579.244 271.736 265.736 247.18 339.255 760.789 575.172
threshold=37.500000000000007 101.50000000000001 186.50000000000003 67.500000000000014 -7.1188014999999991 -18.602939499999994 42.085787000000003 -9.1480694999999983 -0.39514549999999998 -9.0357934999999987 -2.7671254999999992 -7.4960949999999995 -12.973799999999999 -6.8751284999999998
decision_type=2 2 2 2 2 2 2 2 2 2 2 2 2 2
left_child=-1 3 5 -2 -5 -3 7 -7 -6 -9 -4 12 -12 -13
right_child=1 2 10 4 8 6 -8 9 -10 -11 11 13 -14 -15
leaf_value=-0.12117377858170693 -0.028176206698710168 -0.21522775517078119 0.045115946344157297 0.34051132246851923 0.18193974560843065 0.1464919276866648 -0.20803350142457266 -0.010552662463178712 -0.026740479177962514 -0.1350241452914018 0.013799069794337371 0.13552742901333978 -0.13452623472352263 0.0013271011659069479
leaf_weight=34 54 32 341 25 26 45 33 126 39 65 221 86 142 1115
leaf_count=34 54 32 341 25 26 45 33 126 39 65 221 86 142 1115
internal_value=0.000737809 0.00250164 -0.00217587 0.0741585 0.135559 -0.0573637 -0.0385843 -0.0148901 0.0567316 -0.0529121 0.00654409 -0.00186576 -0.0442235 0.0109368
internal_weight=2384 2350 2206 144 90 301 269 236 65 191 1905 1564 363 1201
internal_count=2384 2350 2206 144 90 301 269 236 65 191 1905 1564 363 1201
is_linear=0
shrinkage=0.05


Tree=65
num_leaves=15
num_cat=0
split_feature=0 7 2 8 7 5 16 3 1 16 5 2 7 5
split_gain=296.997 235.18 318.885 297.97 530.643 287.487 504.971 423.211 385.299 636.048 452.982 238.773 548.91 1272.29
threshold=-5.121310499999999 -33.728653499999993 -20.745513499999998 57.500000000000007 -6.4936539999999985 21.628885000000004 410.50000000000006 -1.7903419999999997 -4.2006844999999995 246.50000000000003 23.759666000000006 6.6265090000000013 -14.943362999999998 29.946946500000003
decision_type=2 2 2 2 2 2 2 2 2 2 2 2 2 2
left_child=-1 -2 -3 11 5 6 7 -5 9 -7 -11 12 -4 -14
right_child=1 2 3 4 -6 8 -8 -9 -10 10 -12 -13 13 -15
leaf_value=0.065270766524218357 -0.17659704834222795 0.14988922926061082 -0.031144559260226301 -0.010643432584625703 0.14705933964613713 -0.24792710428728776 0.17523175488625253 -0.19406317479726745 -0.23180158913452575 -0.19741540749867759 0.067799133586062904 -0.017688605872380844 0.030034010051146483 0.3368163132005268
leaf_weight=157 20 33 338 135 33 34 28 41 47 21 69 798 552 36
leaf_count=157 20 33 338 135 33 34 28 41 47 21 69 798 552 36
internal_value=-0.00115375 -0.00592659 -0.00434995 -0.00673733 -0.0451612 -0.0620767 -0.0219949 -0.0533719 -0.109893 -0.0636863 0.00591574 0.00235603 0.0196299 0.0488166
internal_weight=2342 2185 2165 2132 408 375 204 176 171 124 90 1724 926 588
internal_count=2342 2185 2165 2132 408 375 204 176 171 124 90 1724 926 588
is_linear=0
shrinkage=0.05


Tree=66
num_leaves=15
num_cat=0
split_feature=0 2 2 3 7 3 4 5 16 2 16 16 16 16
split_gain=269.831 268.398 287.139 368.369 344.467 451.412 496.433 421.666 325.645 321.201 406.695 637.24 325.888 303.266
threshold=13.26993 48.871490500000007 10.037865000000002 8.2317095000000027 -3.2281234999999993 0.28352100000000008 0.90818900000000002 38.488631500000004 511.50000000000006 26.972924000000003 637.50000000000011 517.50000000000011 710.50000000000011 398.50000000000006
decision_type=2 2 2 2 2 2 2 2 2 2 2 2 2 2
left_child=1 2 3 13 5 9 7 -7 -9 10 11 -4 -12 -1
right_child=-2 -3 4 -5 -6 6 -8 8 -10 -11 12 -13 -14 -15
leaf_value=-0.012214077722820033 -0.1551646239922515 0.1111539997091448 0.014132335866001293 0.1832289539029201 0.10725282596121 -0.062356496206118397 0.055107762696487567 -0.075444337409554113 -0.28322444014589893 0.20190896981436277 0.19910092800855639 -0.27940135765075685 -0.035888262100517751 0.031959606580323117
leaf_weight=923 28 54 71 30 43 286 70 33 44 23 36 25 25 671
leaf_count=923 28 54 71 30 43 286 70 33 44 23 36 25 25 671
internal_value=-0.000871088 0.000979906 -0.00162948 0.00964789 -0.0295478 -0.039144 -0.0668082 -0.0903182 -0.194176 0.0274039 0.00183942 -0.0623087 0.102794 0.00638099
internal_weight=2362 2334 2280 1624 656 613 433 363 77 180 157 96 61 1594
internal_count=2362 2334 2280 1624 656 613 433 363 77 180 157 96 61 1594
is_linear=0
shrinkage=0.05


Tree=67
num_leaves=15
num_cat=0
split_feature=19 2 7 7 2 6 8 13 3 7 2 7 3 2
split_gain=233.66 637.142 691.016 1148.11 1113.94 753.216 687.528 473.62 448.946 487.394 399.087 393.774 385.116 346.652
threshold=1.0000000180025095e-35 29.157798500000002 -12.790780999999997 -15.306550999999997 1.0148380000000004 -11.103275499999999 57.500000000000007 4.1670410000000011 1.6031030000000002 -19.412206999999999 -6.3893369999999994 -27.131888499999999 9.5749070000000014 28.646576500000005
decision_type=2 2 2 2 2 2 2 2 2 2 2 2 2 2
left_child=1 2 3 5 6 11 -4 -5 10 -10 -7 -1 -6 -2
right_child=13 -3 4 7 12 8 -8 -9 9 -11 -12 -13 -14 -15
leaf_value=0.31176097705250694 0.0014053494721352569 -0.2113530447663263 0.29183895101064239 -0.31310935097818193 -0.031646811087673483 -0.074548648646367441 -0.042052271500939417 -0.082608868303493815 -0.068152081816658092 -0.34139555543661121 0.11381569520590154 0.054505102135304954 0.19219984185127986 0.075506761295478897
leaf_weight=21 1457 43 58 52 226 70 21 39 51 24 47 51 21 177
leaf_count=21 1457 43 58 52 226 70 21 39 51 24 47 51 21 177
internal_value=-0.00104466 -0.0246901 -0.0129037 -0.061169 0.0396551 -0.00837718 0.203083 -0.214323 -0.0600954 -0.15559 0.00111908 0.129538 -0.0126153 0.00943225
internal_weight=2358 724 681 355 326 264 79 91 192 75 117 72 247 1634
internal_count=2358 724 681 355 326 264 79 91 192 75 117 72 247 1634
is_linear=0
shrinkage=0.05


Tree=68
num_leaves=15
num_cat=0
split_feature=0 2 4 4 2 3 5 16 24 16 16 7 16 4
split_gain=237.1 269.024 372.022 315.814 352.621 468.914 576.904 391.523 1496.61 3072.83 838.84 1126.82 771.535 814.168
threshold=13.26993 48.871490500000007 0.9561845000000001 0.90818900000000002 10.037865000000002 -0.13460649999999999 38.488631500000004 398.50000000000006 1.0000000180025095e-35 499.50000000000006 499.50000000000006 -3.9591564999999993 574.50000000000011 0.16985150000000002
decision_type=2 2 2 2 2 2 2 2 2 2 2 2 2 2
left_child=1 3 -3 4 7 -6 -7 -1 9 -9 11 -10 13 -12
right_child=-2 2 -4 -5 5 6 -8 8 10 -11 12 -13 -14 -15
leaf_value=-0.013750428538246496 -0.14126394557734501 0.2140606262282852 -0.053601338962713879 0.087778220693485787 0.037740234878367272 -0.035552388450241071 -0.1820473523350323 0.52314892808596303 -0.16199801832691674 0.0089538932709795679 0.31357497897871001 0.14416513878565571 0.0055550411402661461 0.002334751355412759
leaf_weight=926 29 34 21 98 148 321 85 45 131 82 47 39 331 38
leaf_count=926 29 34 21 98 148 321 85 45 131 82 47 39 331 38
internal_value=0.000827977 0.00258444 0.111862 -3.89934e-05 -0.00396334 -0.0384491 -0.0662225 0.00769322 0.0355429 0.191149 0.00181939 -0.0917606 0.0400612 0.174432
internal_weight=2375 2346 55 2291 2193 554 406 1639 713 127 586 170 416 85
internal_count=2375 2346 55 2291 2193 554 406 1639 713 127 586 170 416 85
is_linear=0
shrinkage=0.05


Tree=69
num_leaves=15
num_cat=0
split_feature=16 16 10 16 7 7 16 0 0 16 6 6 4 20
split_gain=242.605 428.176 319.714 316.502 447.75 397.713 326.459 247.96 208.708 303.761 543.828 831.566 784.656 445.508
threshold=43.500000000000007 101.50000000000001 2.5000000000000004 180.50000000000003 -18.602939499999994 -12.228303499999997 162.50000000000003 13.26993 -2.7671254999999992 294.50000000000006 -4.2723209999999989 -4.5289444999999988 0.57361200000000012 1.0000000180025095e-35
decision_type=2 2 2 2 2 2 2 2 2 2 2 2 2 2
left_child=-1 2 -2 4 -3 6 -6 8 -5 10 11 -10 13 -12
right_child=1 3 -4 7 5 -7 -8 -9 9 -11 12 -13 -14 -15
leaf_value=-0.11946760176052883 0.043799660753722144 -0.24898081179018372 0.22559957355260851 0.038686905199599067 0.074499866662807362 -0.10956777705266925 -0.089550088072816544 -0.16101118646886037 0.053230286790274611 -0.015037202312702218 -0.20345367774367334 0.3674087675928604 0.24686833232641223 0.00020873117549666042
leaf_weight=43 99 27 32 356 93 101 45 23 172 1236 50 24 20 58
leaf_count=43 99 27 32 356 93 101 45 23 172 1236 50 24 20 58
internal_value=-0.00178156 0.000384746 0.0882088 -0.00483292 -0.0559778 -0.0341741 0.0210053 0.00218335 0.00414236 -0.00374088 0.0393525 0.0917011 -0.0408063 -0.0940794
internal_weight=2379 2336 131 2205 266 239 138 1939 1916 1560 324 196 128 108
internal_count=2379 2336 131 2205 266 239 138 1939 1916 1560 324 196 128 108
is_linear=0
shrinkage=0.05


Tree=70
num_leaves=15
num_cat=0
split_feature=6 7 2 1 19 7 2 5 4 2 16 4 16 0
split_gain=231.44 217.141 270.279 278.559 262.361 626.625 1137.7 711.573 663.04 638.79 448.689 798.335 531.309 401.092
threshold=-20.264350499999995 -32.354953999999992 -22.284218999999997 -14.453309499999998 1.0000000180025095e-35 -12.790780999999997 1.3152125000000001 37.254839000000011 -0.20851749999999997 29.157798500000002 496.50000000000006 -0.21597049999999998 601.50000000000011 12.141447500000002
decision_type=2 2 2 2 2 2 2 2 2 2 2 2 2 2
left_child=-1 -2 -3 -4 5 7 8 10 -7 -8 11 -5 -12 -6
right_child=1 2 3 4 13 6 9 -9 -10 -11 12 -13 -14 -15
leaf_value=0.14027344548496709 -0.14282373268916101 0.14186394948399428 -0.1753876217033552 -0.059448049641731719 0.013898184790999009 -0.066080249361693863 0.0014862356569617988 0.051730381951201714 0.26566330190083837 -0.21371655471622947 0.13329515317755361 -0.29573249994304923 -0.11764882044358688 -0.20111493630842731
leaf_weight=29 27 33 23 72 1538 20 250 80 61 40 31 71 66 22
leaf_count=29 27 33 23 72 1538 20 250 80 61 40 31 71 66 22
internal_value=-0.000107741 -0.00185198 -0.000202116 -0.00226376 -0.000494836 -0.0261429 0.0180775 -0.077411 0.183751 -0.0281969 -0.120458 -0.176764 -0.0374502 0.0108659
internal_weight=2363 2334 2307 2274 2251 691 371 320 81 290 240 143 97 1560
internal_count=2363 2334 2307 2274 2251 691 371 320 81 290 240 143 97 1560
is_linear=0
shrinkage=0.05


Tree=71
num_leaves=15
num_cat=0
split_feature=16 16 16 5 2 5 2 6 32 16 5 6 6 16
split_gain=203.69 310.12 279.454 275.737 480.604 277.968 270.874 856.672 757.584 579.208 582.989 530.614 549.056 424.353
threshold=43.500000000000007 101.50000000000001 186.50000000000003 41.744158500000005 20.528792500000005 31.013985000000002 1.2342505000000001 -5.0822129999999994 16.500000000000004 402.50000000000006 22.499035000000003 -4.7268684999999993 -4.2854119999999991 745.50000000000011
decision_type=2 2 2 2 2 2 2 2 2 2 2 2 2 2
left_child=-1 -2 3 4 5 -3 7 -4 9 -9 -11 -8 -13 -14
right_child=1 2 6 -5 -6 -7 11 8 -10 10 -12 12 13 -15
leaf_value=-0.11158023558202244 0.074849078410066841 -0.037823024318811106 0.062761082308700297 -0.18718384089456364 0.14751827152213082 -0.20413325891412537 -0.05212065406204202 -0.17540605001084442 0.074050976475700733 0.13732690969482064 -0.12113154303951888 0.15751286837316694 -0.026085130796479797 0.076283620648841935
leaf_weight=42 129 188 514 33 32 29 500 111 92 40 48 63 380 138
leaf_count=42 129 188 514 33 32 29 500 111 92 40 48 63 380 138
internal_value=-0.0024624 -0.000467215 -0.00494867 -0.0513726 -0.0333735 -0.0600488 0.00199276 0.023951 -0.0446001 -0.0994538 -0.00365043 -0.0143591 0.0181379 0.00118685
internal_weight=2339 2297 2168 282 249 217 1886 805 291 199 88 1081 581 518
internal_count=2339 2297 2168 282 249 217 1886 805 291 199 88 1081 581 518
is_linear=0
shrinkage=0.05


Tree=72
num_leaves=15
num_cat=0
split_feature=6 24 8 6 13 5 16 4 2 16 0 5 22 22
split_gain=213.327 207.345 200.498 410.432 457.84 340.746 514.045 353.46 337.675 416.675 380.506 311.727 592.417 245.922
threshold=-17.603214999999995 1.0000000180025095e-35 57.500000000000007 -15.494007499999999 6.0768290000000009 21.628885000000004 410.50000000000006 -0.052280499999999987 -12.481103999999997 180.50000000000003 0.53765300000000005 32.432449000000005 1.0000000180025095e-35 1.0000000180025095e-35
decision_type=2 2 2 2 2 2 2 2 2 2 2 2 2 2
left_child=1 -1 3 -2 -5 6 7 -4 9 -7 13 12 -6 -10
right_child=2 -3 5 4 11 8 -8 -9 10 -11 -12 -13 -14 -15
leaf_value=-0.027160142750843715 -0.18249937098087937 0.16304675663306722 0.0035816334393855773 0.0018466750267165381 0.39859507211617062 -0.16931006923317909 0.19609789237147199 -0.20395232451998671 -0.16960850570096889 0.10405739044451721 -0.25386558904035672 -0.036655960764203757 0.060829017924911834 -0.025372429684632353
leaf_weight=23 29 38 190 1738 21 20 32 23 44 46 37 21 34 90
leaf_count=23 29 38 190 1738 21 20 32 23 44 46 37 21 34 90
internal_value=-0.000971124 0.0913294 -0.00339277 0.00411609 0.00709946 -0.032104 0.00924383 -0.0188281 -0.0748476 0.0212188 -0.111926 0.127222 0.189794 -0.0727335
internal_weight=2386 61 2325 1843 1814 482 245 213 237 66 171 76 55 134
internal_count=2386 61 2325 1843 1814 482 245 213 237 66 171 76 55 134
is_linear=0
shrinkage=0.05


Tree=73
num_leaves=15
num_cat=0
split_feature=0 2 7 6 5 0 2 16 6 2 16 5 16 16
split_gain=212.712 223.102 497.236 338.127 599.72 389.002 319.554 300.844 300.683 348.519 320.466 570.627 473.353 821.915
threshold=-5.121310499999999 -8.0741974999999986 -10.9414605 -7.4960949999999995 28.563098500000006 4.3688530000000005 17.587627500000004 129.50000000000003 -7.2234564999999993 21.415068500000004 616.50000000000011 42.085787000000003 556.50000000000011 520.50000000000011
decision_type=2 2 2 2 2 2 2 2 2 2 2 2 2 2
left_child=-1 2 7 4 -3 -6 -7 -2 9 -5 12 -12 13 -10
right_child=1 3 -4 8 5 6 -8 -9 10 -11 11 -13 -14 -15
leaf_value=0.0577132924204799 0.17652523797005415 -0.15265374546343427 0.19556542084347914 0.23002804418404899 0.019246773935250334 -0.017085621165247953 -0.22278023528201241 0.0003435279696910339 -0.021997047518922855 -0.03555344634611781 0.046491664616933354 -0.22725986767560247 -0.1392034042504077 0.17977820934244881
leaf_weight=157 26 106 41 30 222 41 35 356 772 21 395 20 76 54
leaf_count=157 26 106 41 30 222 41 35 356 772 21 395 20 76 54
internal_value=0.00149016 -0.00253126 0.0300949 -0.0103196 -0.0505107 -0.014178 -0.111813 0.012335 0.00154976 0.120671 -0.00306313 0.0332988 -0.0197929 -0.00880593
internal_weight=2352 2195 423 1772 404 298 76 382 1368 51 1317 415 902 826
internal_count=2352 2195 423 1772 404 298 76 382 1368 51 1317 415 902 826
is_linear=0
shrinkage=0.05


Tree=74
num_leaves=15
num_cat=0
split_feature=16 16 8 16 2 7 20 16 16 19 19 16 6 3
split_gain=209.76 184.161 489.279 371.797 493.255 676.741 418.166 403.428 656.3 497.576 359.093 388.966 309.398 278.308
threshold=908.50000000000011 613.50000000000011 32.500000000000007 676.50000000000011 20.528792500000005 -11.965576499999999 1.0000000180025095e-35 735.50000000000011 755.50000000000011 1.0000000180025095e-35 1.0000000180025095e-35 881.50000000000011 -6.0656054999999993 0.037786000000000007
decision_type=2 2 2 2 2 2 2 2 2 2 2 2 2 2
left_child=1 2 -1 4 5 -3 -7 9 -9 13 11 -10 -11 -5
right_child=-2 3 -4 7 -6 6 -8 8 10 12 -12 -13 -14 -15
leaf_value=-0.15086987352198256 -0.14924327429869902 -0.043106717248824811 -0.00069138654973425562 0.16854634671895341 -0.067952641491827212 0.28195712209812235 0.049728622061333494 0.22253106924203725 -0.093880286752669656 -0.31740168295800686 0.064732994671818631 0.12828496632476646 -0.084316234826775541 -0.073086006681506457
leaf_weight=56 23 37 1721 22 38 63 28 39 110 24 121 24 35 26
leaf_count=56 23 37 1721 22 38 63 28 39 110 24 121 24 35 26
internal_value=0.0010181 0.00249251 -0.00542408 0.0273034 0.0902322 0.137193 0.210502 0.00125308 0.0315082 -0.0818778 0.00229294 -0.0540895 -0.179131 0.0376622
internal_weight=2367 2344 1777 567 166 128 91 401 294 107 255 134 59 48
internal_count=2367 2344 1777 567 166 128 91 401 294 107 255 134 59 48
is_linear=0
shrinkage=0.05


Tree=75
num_leaves=15
num_cat=0
split_feature=7 7 7 7 5 7 7 7 7 16 6 2 16 5
split_gain=225.394 635.998 353.561 427.541 362.989 340.305 1468.51 536.412 517.271 967.082 560.122 512.704 1080.67 1179.53
threshold=-8.9462234999999968 -7.2954159999999995 -7.2270284999999985 -6.556462999999999 12.550727000000002 -13.835873499999998 -13.574112999999999 -14.782782499999998 -12.790780999999997 159.50000000000003 -7.4960949999999995 23.786204000000005 402.50000000000006 23.326012500000001
decision_type=2 2 2 2 2 2 2 2 2 2 2 2 2 2
left_child=5 -2 -3 4 -4 7 -7 -1 9 -8 -10 12 13 -12
right_child=1 2 3 -5 -6 6 8 -9 10 -11 11 -13 -14 -15
leaf_value=0.0012795964194937488 -0.088522298295685309 0.13629103030450643 0.039192683435976511 0.015147378183604475 -0.18196171188219029 0.35967560140963867 0.13626160534883017 -0.18276605127113207 -0.026953544818470017 -0.16947031552776881 -0.03683361675401655 -0.049474664385814 0.21623514035320657 0.23574941282002435
leaf_weight=690 229 50 28 502 55 34 38 42 197 81 158 68 127 53
leaf_count=690 229 50 28 502 55 34 38 42 197 81 158 68 127 53
internal_value=0.00322523 -0.0170875 0.00867407 -0.00223336 -0.107355 0.0150197 0.0385484 -0.0092804 0.023426 -0.0718416 0.0422268 0.0757946 0.100997 0.0316351
internal_weight=2352 864 635 585 83 1488 756 732 722 119 603 406 338 211
internal_count=2352 864 635 585 83 1488 756 732 722 119 603 406 338 211
is_linear=0
shrinkage=0.05


Tree=76
num_leaves=15
num_cat=0
split_feature=18 18 8 18 7 4 18 18 5 2 18 5 0 18
split_gain=205.632 221.749 410.829 485.086 332.397 268.578 477.909 644.572 374.95 275.44 261.565 623.289 300.001 341.094
threshold=908.50000000000011 610.50000000000011 37.500000000000007 556.50000000000011 -13.582623499999999 0.59413250000000006 306.50000000000006 234.50000000000003 54.346298000000012 4.7637405000000008 664.50000000000011 22.134738500000001 -6.0699539999999992 735.50000000000011
decision_type=2 2 2 2 2 2 2 2 2 2 2 2 2 2
left_child=1 2 3 4 -1 8 7 9 -4 -7 11 -3 -12 -14
right_child=-2 10 5 -5 -6 6 -8 -9 -10 -11 12 -13 13 -15
leaf_value=-0.23033455918942181 -0.16141311556100846 0.19209646317401038 -0.011066355089248791 -0.28867743963003162 -0.013090716436539496 0.15659440357238055 -0.046556668589738281 0.30941354531575654 0.19241149794796242 -0.094646066737671702 0.19584387935698033 -0.013421314056867209 -0.066878413763848968 0.029747178159436605
leaf_weight=21 20 70 1447 25 109 20 55 34 23 24 20 78 137 274
leaf_count=21 20 70 1447 25 109 20 55 34 23 24 20 78 137 274
internal_value=-0.00176991 -0.00040369 -0.00924265 -0.0869732 -0.048184 -0.00172659 0.0663145 0.145903 -0.00788269 0.0195541 0.0264338 0.083783 0.00674075 -0.00246135
internal_weight=2357 2337 1758 155 130 1603 133 78 1470 44 579 148 431 411
internal_count=2357 2337 1758 155 130 1603 133 78 1470 44 579 148 431 411
is_linear=0
shrinkage=0.05


Tree=77
num_leaves=15
num_cat=0
split_feature=0 16 16 6 24 7 7 6 13 7 7 6 16 16
split_gain=232.522 217.301 412.028 255.567 218.522 207.632 288.89 341.491 330.848 249.517 420.897 480.257 527.831 506.813
threshold=-5.121310499999999 207.50000000000003 165.50000000000003 -11.164909999999997 1.0000000180025095e-35 -33.728653499999993 -26.633228999999996 -11.897619999999998 13.621481000000001 -24.520225499999995 -19.595347499999999 -7.4960949999999995 520.50000000000011 478.50000000000006
decision_type=2 2 2 2 2 2 2 2 2 2 2 2 2 2
left_child=1 2 -1 4 -3 -2 7 -7 9 -8 -11 12 13 -12
right_child=5 3 -4 -5 -6 6 8 -9 -10 10 11 -13 -14 -15
leaf_value=0.12449858492612841 -0.16334648296236992 0.30227551297707994 -0.1547702647213425 0.030328613683452896 0.088164033798071056 0.27717832473106679 -0.093843498137883022 0.012176511622965337 -0.20179594018097435 0.095099941986596354 -0.033066488924321895 0.0087350419174642476 -0.13719369939395362 0.22145375297183084
leaf_weight=25 20 22 28 58 26 20 72 31 21 112 285 1507 126 21
leaf_count=25 20 22 28 58 26 20 72 31 21 112 285 1507 126 21
internal_value=0.00121947 0.0596244 -0.0230397 0.100956 0.186298 -0.00297303 -0.00151177 0.116099 -0.00430941 -0.00235594 0.000855717 -0.00458799 -0.0510644 -0.0155994
internal_weight=2374 159 53 106 48 2215 2195 51 2144 2123 2051 1939 432 306
internal_count=2374 159 53 106 48 2215 2195 51 2144 2123 2051 1939 432 306
is_linear=0
shrinkage=0.05


Tree=78
num_leaves=15
num_cat=0
split_feature=0 2 4 4 12 4 9 16 7 2 0 7 16 24
split_gain=178.696 216.403 360.679 284.521 216.487 269.273 188.926 199.1 169.017 217.709 286.703 897.274 507.719 392.962
threshold=13.26993 52.573757000000008 0.9561845000000001 0.90818900000000002 13.115964500000002 0.66954650000000016 2.5000000000000004 505.50000000000006 -3.6658359999999997 8.8535505000000025 3.4461865000000005 -13.582623499999999 294.50000000000006 1.0000000180025095e-35
decision_type=2 2 2 2 2 2 2 2 2 2 2 2 2 2
left_child=1 3 -3 4 5 8 7 -5 9 10 -1 12 -12 -13
right_child=-2 2 -4 6 -6 -7 -8 -9 -10 -11 11 13 -14 -15
leaf_value=0.00076421278568930497 -0.12029686173873728 0.23475690895261675 -0.047671230410342103 0.2151016142767142 -0.071257771336961359 0.18045942212144536 -0.039936874632257972 0.047493721997818435 0.10229028806556016 -0.028899302873899985 0.14104178884337026 0.40140858180820943 -0.10548981077736244 0.13314214845209621
leaf_weight=1336 29 26 20 34 105 21 22 37 40 534 31 20 64 43
leaf_count=1336 29 26 20 34 105 21 22 37 40 534 31 20 64 43
internal_value=0.00305501 0.00458832 0.111962 0.00242864 -0.00120229 0.00231893 0.0880872 0.127757 0.000509963 -0.00149754 0.00829667 0.0719888 -0.0250427 0.218306
internal_weight=2362 2333 46 2287 2194 2089 93 71 2068 2028 1494 158 95 63
internal_count=2362 2333 46 2287 2194 2089 93 71 2068 2028 1494 158 95 63
is_linear=0
shrinkage=0.05


Tree=79
num_leaves=15
num_cat=0
split_feature=6 7 2 0 5 7 7 5 16 5 4 5 6 6
split_gain=154.21 157.155 179.715 546.99 357.401 257.317 406.543 373.95 425.472 280.429 266.769 338.057 907.452 651.258
threshold=-22.123105499999998 -32.354953999999992 -15.956467499999999 -3.2391894999999997 24.539844000000006 -23.941125499999995 -19.412206999999999 52.423532000000002 342.50000000000006 22.393342000000001 0.90818900000000002 31.374794500000004 -10.035755499999999 -9.5517249999999994
decision_type=2 2 2 2 2 2 2 2 2 2 2 2 2 2
left_child=-1 -2 3 -3 -5 -4 9 10 -9 -7 11 -8 -13 -14
right_child=1 2 5 4 -6 6 7 8 -10 -11 -12 12 13 -15
leaf_value=0.13285499561045852 -0.11694812253117562 -0.090344941993621558 -0.080773811678419696 0.0068862987252382131 0.24621001970118439 -0.074149808790534733 0.00403906273021566 -0.04103952143341303 -0.31470305440947416 0.13370997551828623 0.087491642413660892 0.076789559439445543 -0.35874893872634228 -0.078158359273177824
leaf_weight=21 30 37 106 26 39 20 1535 49 20 86 80 96 23 205
leaf_count=21 30 37 106 26 39 20 1535 49 20 86 80 96 23 205
internal_value=-0.00203691 -0.0032413 -0.00177222 0.0631223 0.150481 -0.00475386 -0.000942069 -0.00597988 -0.120362 0.0944911 -0.00190954 -0.00575682 -0.0521663 -0.106464
internal_weight=2373 2352 2322 102 65 2220 2114 2008 69 106 1939 1859 324 228
internal_count=2373 2352 2322 102 65 2220 2114 2008 69 106 1939 1859 324 228
is_linear=0
shrinkage=0.05


Tree=80
num_leaves=15
num_cat=0
split_feature=16 24 16 16 16 7 16 2 7 16 3 16 16 8
split_gain=180.524 318.58 474.504 1462.37 1123.18 572.605 1130.19 779.682 710.024 1521.89 625.062 535.595 578.053 348.188
threshold=234.50000000000003 1.0000000180025095e-35 511.50000000000006 541.50000000000011 475.50000000000006 -9.4651874999999972 273.50000000000006 16.394403500000003 -10.523427999999997 421.50000000000006 2.3839525000000004 342.50000000000006 321.50000000000006 67.500000000000014
decision_type=2 2 2 2 2 2 2 2 2 2 2 2 2 2
left_child=-1 2 4 -4 5 6 10 -7 11 -10 -2 12 -8 -3
right_child=1 13 3 -5 -6 7 8 -9 9 -11 -12 -13 -14 -15
leaf_value=-0.022227951322708772 0.13724909102724445 -0.0011238021812417013 -0.3814552562236786 0.036903850493703302 0.34692464161883385 -0.17349734130230818 -0.046735815018896135 0.19105762774124743 0.48612616995106572 -0.008533462632719117 0.48126919580542521 -0.18920911942110508 0.26240042820572856 -0.19348529962201913
leaf_weight=631 31 1187 25 127 34 55 62 20 23 48 23 43 20 24
leaf_count=631 31 1187 25 127 34 55 62 20 23 48 23 43 20 24
internal_value=0.000650579 0.00903406 0.0421414 -0.0319052 0.0734926 0.0448874 0.0812384 -0.0762827 0.0254372 0.151708 0.283776 -0.0462848 0.0286633 -0.00493609
internal_weight=2353 1722 511 152 359 325 250 75 196 71 54 125 82 1211
internal_count=2353 1722 511 152 359 325 250 75 196 71 54 125 82 1211
is_linear=0
shrinkage=0.05


Tree=81
num_leaves=15
num_cat=0
split_feature=0 2 2 4 4 1 6 6 5 6 3 7 0 16
split_gain=170.256 553.223 411.566 324.844 262.947 346.258 294.679 447.629 253.445 319.484 232.479 648.847 574.962 510.432
threshold=0.16439900000000005 30.061026500000001 11.943172500000001 0.68701500000000004 0.42442400000000008 1.1408965000000002 -4.5179854999999991 -3.6075409999999994 34.793238000000009 -4.1905444999999988 1.4208880000000004 -14.923908999999998 4.0183410000000004 207.50000000000003
decision_type=2 2 2 2 2 2 2 2 2 2 2 2 2 2
left_child=1 3 10 -1 5 -4 -6 -8 9 -7 -2 13 -13 -12
right_child=2 -3 4 -5 6 8 7 -9 -10 -11 11 12 -14 -15
leaf_value=0.0019856747237711465 -0.02085839094845264 0.17562287124056442 -0.0005167092926179369 0.14053287130187861 -0.10372164767009742 0.016255673892138636 0.17655302797340686 -0.027032558666542174 -0.26812618040712549 -0.17940315124061373 0.17473024937013787 0.039909921928042817 0.21309372972358359 -0.073618811895449957
leaf_weight=1100 356 51 60 44 66 34 36 108 32 54 24 175 66 150
leaf_count=1100 356 51 60 44 66 34 36 108 32 54 24 175 66 150
internal_value=0.001249 0.0144975 -0.0123874 0.00731441 -0.0542445 -0.0985895 -0.0162345 0.0238638 -0.147626 -0.103808 0.00878539 0.0342148 0.0873379 -0.0393638
internal_weight=2356 1195 1161 1144 390 180 210 144 120 88 771 415 241 174
internal_count=2356 1195 1161 1144 390 180 210 144 120 88 771 415 241 174
is_linear=0
shrinkage=0.05


Tree=82
num_leaves=15
num_cat=0
split_feature=16 3 2 3 7 6 3 2 5 3 0 16 16 0
split_gain=173.447 168.204 154.823 392.482 309.248 664.101 214.228 190.755 416.807 321.409 283.635 362.636 246.734 254.75
threshold=900.50000000000011 15.874378500000002 34.978512500000008 1.0887285000000002 -4.5191724999999989 -2.7096619999999993 5.8879105000000012 14.614225000000003 38.488631500000004 8.7832775000000023 -0.80617799999999995 750.50000000000011 765.50000000000011 0.19571150000000001
decision_type=2 2 2 2 2 2 2 2 2 2 2 2 2 2
left_child=1 2 7 -4 5 6 -5 9 10 -1 -9 -12 13 -10
right_child=-2 -3 3 4 -6 -7 -8 8 12 -11 11 -13 -14 -15
leaf_value=0.004368626411295028 -0.11780660015220444 -0.11861755658007628 0.2602674864046276 -0.026048090888985565 0.13462613559350736 0.21939017379656436 -0.20813150058190028 0.10173000260256232 0.041347618555200513 0.147673246297054 -0.07464808591842477 0.095152054008009829 -0.26604748303917319 -0.14425665778564473
leaf_weight=1793 30 28 20 35 41 20 30 56 29 40 117 43 22 51
leaf_count=1793 30 28 20 35 41 20 30 56 29 40 117 43 22 51
internal_value=0.00164973 0.00319111 0.00467593 0.0545013 0.0218401 -0.0325626 -0.110087 0.00129401 -0.0344543 0.00749584 0.00488237 -0.0290143 -0.117755 -0.0769751
internal_weight=2355 2325 2297 146 126 85 65 2151 318 1833 216 160 102 80
internal_count=2355 2325 2297 146 126 85 65 2151 318 1833 216 160 102 80
is_linear=0
shrinkage=0.05


Tree=83
num_leaves=15
num_cat=0
split_feature=16 16 1 7 16 7 7 16 5 6 0 16 24 16
split_gain=185.806 332.989 280.273 507.448 266.262 222.82 254.008 304.447 274.538 202.628 191.592 174.284 379.005 1134.33
threshold=43.500000000000007 101.50000000000001 -8.6664774999999974 -19.595347499999999 186.50000000000003 -18.602939499999994 -11.929959499999997 162.50000000000003 18.150422500000005 -11.320911999999998 -1.0888449999999998 294.50000000000006 1.0000000180025095e-35 243.50000000000003
decision_type=2 2 2 2 2 2 2 2 2 2 2 2 2 2
left_child=-1 2 -2 -4 5 -3 7 9 -9 -7 -5 12 13 -6
right_child=1 4 3 10 11 6 -8 8 -10 -11 -12 -13 -14 -15
leaf_value=-0.098248800270907266 -0.082135254889726644 -0.17770171007462618 0.31126375830173497 0.16437323496297554 -0.13317429663575428 0.20423575099557639 -0.093885524455923589 0.015985043708122138 -0.1989997045033508 0.025845651734524813 0.0026848514752233765 -0.0022945360606384832 0.084874699415380894 0.11060776680067022
leaf_weight=46 22 29 25 27 98 20 100 33 27 78 57 1499 193 93
leaf_count=46 22 29 25 27 98 20 100 33 27 78 57 1499 193 93
internal_value=0.0012511 0.00324023 0.0806544 0.113511 -0.00143316 -0.0462952 -0.0315247 0.00794424 -0.0807581 0.0622518 0.0546561 0.00540454 0.035459 -0.0144741
internal_weight=2347 2301 131 109 2170 287 258 158 60 98 84 1883 384 191
internal_count=2347 2301 131 109 2170 287 258 158 60 98 84 1883 384 191
is_linear=0
shrinkage=0.05


Tree=84
num_leaves=15
num_cat=0
split_feature=10 3 6 7 8 3 6 7 6 19 3 4 5 18
split_gain=131.791 281.568 217.651 264.191 231.717 387.358 282.42 315.704 276.932 245.728 342.087 428.551 317.676 266.13
threshold=3.5000000000000004 1.2961040000000004 -17.603214999999995 -32.354953999999992 52.500000000000007 0.42119500000000004 -15.284406499999998 -10.655084999999998 -6.8959089999999987 1.0000000180025095e-35 1.7659505000000002 -0.12719749999999996 33.739208500000011 496.50000000000006
decision_type=2 2 2 2 2 2 2 2 2 2 2 2 2 2
left_child=2 -2 -1 -4 5 6 -5 -8 -9 13 11 12 -11 -6
right_child=1 -3 3 4 9 -7 7 8 -10 10 -12 -13 -14 -15
leaf_value=0.096199159299568182 0.016410265096424636 0.19053016402400458 -0.16797093458101153 -0.12769561172886329 -0.11412570583397874 -0.010705982790082488 0.10796164218819707 -0.069106569003600335 0.052136841307704657 0.027669971664263694 0.14693222145347937 -0.10720683890763708 -0.16215274470547836 -0.010641234056546099
leaf_weight=53 217 26 25 22 138 923 171 65 171 270 34 101 24 113
leaf_count=53 217 26 25 22 138 923 171 65 171 270 34 101 24 113
internal_value=0.000171401 0.0350404 -0.00384432 -0.006422 -0.00443444 0.00753993 0.0467963 0.0562283 0.0187435 -0.0282423 -0.00525168 -0.018351 0.0121742 -0.0675371
internal_weight=2353 243 2110 2057 2032 1352 429 407 236 680 429 395 294 251
internal_count=2353 243 2110 2057 2032 1352 429 407 236 680 429 395 294 251
is_linear=0
shrinkage=0.05


Tree=85
num_leaves=15
num_cat=0
split_feature=5 4 5 19 2 3 7 7 16 16 2 19 7 16
split_gain=169.051 199.211 174.189 325.157 236.602 185.317 167.911 436.914 361.067 1006.46 461.301 356.323 331.341 581.227
threshold=65.365225000000024 0.80265700000000006 52.423532000000002 1.0000000180025095e-35 52.573757000000008 0.037786000000000007 -8.9462234999999968 -7.5554604999999997 643.50000000000011 760.50000000000011 25.060005000000004 1.0000000180025095e-35 -10.523427999999997 568.50000000000011
decision_type=2 2 2 2 2 2 2 2 2 2 2 2 2 2
left_child=2 -2 4 -4 6 -5 8 -8 12 10 -10 -11 -1 -14
right_child=1 -3 3 5 -6 -7 7 -9 9 11 -12 -13 13 -15
leaf_value=-0.01247172294687056 0.18828972790103693 -0.0023100022868863469 0.051726616566118447 -0.043971575796604156 0.17325301617383959 -0.2130015881622539 -0.08701509707713162 0.0013998736960763266 0.20995951960338097 -0.11600111336870628 -0.042482526478124782 0.074625054040016278 0.10483694415967409 -0.11917416043579579
leaf_weight=923 26 29 38 31 20 34 176 678 102 66 22 39 148 36
leaf_count=923 26 29 38 31 20 34 176 678 102 66 22 39 148 36
internal_value=0.00115636 0.0877917 -0.000903713 -0.0644618 0.0020585 -0.132387 0.000495075 -0.0168215 0.0115642 0.0687142 0.165171 -0.0451971 -0.000258177 0.0610087
internal_weight=2368 55 2313 103 2210 65 2190 854 1336 229 124 105 1107 184
internal_count=2368 55 2313 103 2210 65 2190 854 1336 229 124 105 1107 184
is_linear=0
shrinkage=0.05


Tree=86
num_leaves=15
num_cat=0
split_feature=16 16 16 16 4 7 7 5 0 5 2 7 7 1
split_gain=131.81 249.437 361.942 241.428 364.587 218.952 222.249 318.805 192.701 178.549 163.249 359.716 1022.43 788.745
threshold=37.500000000000007 101.50000000000001 189.50000000000003 77.500000000000014 -0.052280499999999987 -19.113004499999999 -7.9901614999999984 41.744158500000005 -8.4099069999999987 24.853323000000003 8.8535505000000025 -13.835873499999998 -13.574112999999999 8.0777825000000014
decision_type=2 2 2 2 2 2 2 2 2 2 2 2 2 2
left_child=-1 3 5 9 -5 -3 7 -7 -4 -2 11 -10 -13 -14
right_child=1 2 8 4 -6 6 -8 -9 10 -11 -12 12 13 -15
leaf_value=-0.10001036839094013 0.057780196593004346 -0.20434248776215577 0.13575096681576085 0.31211226820945742 0.055542358176575768 0.0057455824242884316 -0.12706493638576039 -0.16771689526015712 -0.021105029269162939 -0.10983863004172843 -0.017973313439870253 0.33136769059513299 0.011728146073192742 0.28280154115387374
leaf_weight=34 47 23 27 20 45 182 62 31 473 24 696 28 645 28
leaf_count=34 47 23 27 20 45 182 62 31 473 24 696 28 645 28
internal_value=-0.00227316 -0.000847565 -0.00491885 0.0648617 0.134487 -0.0561457 -0.0437511 -0.0195001 0.00312839 0.00112031 0.00121352 0.0125883 0.035323 0.0230061
internal_weight=2365 2331 2195 136 65 298 275 213 1897 71 1870 1174 701 673
internal_count=2365 2331 2195 136 65 298 275 213 1897 71 1870 1174 701 673
is_linear=0
shrinkage=0.05


Tree=87
num_leaves=15
num_cat=0
split_feature=16 16 5 5 16 7 0 7 5 16 24 7 7 16
split_gain=137.189 378.355 431.854 281.398 242.76 246.763 245.944 223.89 287.24 197.322 870.91 187.252 364.209 489.783
threshold=67.500000000000014 101.50000000000001 23.553182500000002 13.567731 186.50000000000003 -18.602939499999994 -2.7671254999999992 -9.0357934999999987 41.744158500000005 207.50000000000003 1.0000000180025095e-35 -23.172414999999997 -19.710702499999996 439.50000000000006
decision_type=2 2 2 2 2 2 2 2 2 2 2 2 2 2
left_child=3 2 -2 -1 5 -3 -6 8 -7 10 -8 -11 13 -13
right_child=1 4 -4 -5 6 7 9 -9 -10 11 -12 12 -14 -15
leaf_value=0.041540574165363164 0.038406239269721892 -0.17533458578400316 0.29625852070748809 -0.14113525867709245 0.043064684932155969 0.022654142609813757 -0.13700697490324576 -0.10822611821984703 -0.14752659733118167 -0.069213553061461555 0.26418428776725644 0.2795889717455094 -0.0085440827996665827 0.01544956878103592
leaf_weight=37 62 32 22 49 338 171 24 66 29 113 31 26 1333 54
leaf_count=37 62 32 22 49 338 171 24 66 29 113 31 26 1333 54
internal_value=-0.00053925 0.00177811 0.105939 -0.0625422 -0.00216844 -0.0441545 0.00435154 -0.0283734 -0.00202206 -0.00392489 0.089119 -0.00727838 -0.00232532 0.101295
internal_weight=2387 2301 84 86 2217 298 1919 266 200 1581 55 1526 1413 80
internal_count=2387 2301 84 86 2217 298 1919 266 200 1581 55 1526 1413 80
is_linear=0
shrinkage=0.05


Tree=88
num_leaves=15
num_cat=0
split_feature=2 8 5 5 2 6 13 10 7 16 16 0 2 3
split_gain=139.718 149.859 377.729 540.893 248.876 451.564 439.752 335.648 326.999 380.947 410.199 221.461 297.888 294.993
threshold=-27.750579499999997 62.500000000000007 33.739208500000011 21.628885000000004 -4.2742644999999992 -4.6712559999999987 10.019063000000001 3.5000000000000004 -16.719693499999995 402.50000000000006 201.50000000000003 13.26993 34.978512500000008 1.0887285000000002
decision_type=2 2 2 2 2 2 2 2 2 2 2 2 2 2
left_child=-1 4 3 -3 5 6 7 -2 -7 10 -10 12 -6 -14
right_child=1 2 -4 -5 11 8 -8 -9 9 -11 -12 -13 13 -15
leaf_value=0.12731296193032038 0.059160630896178991 0.0062327290729930008 0.16339312664100103 -0.15220935474876518 -0.01288645837025679 -0.12424397210662182 -0.1608586759794326 0.22649809104023558 0.079433899590881873 0.17647236080041953 -0.13806437804647115 -0.15585618868470194 0.24113714031875136 0.033967980639398342
leaf_weight=21 326 132 21 91 1388 65 21 33 41 28 46 25 20 122
leaf_count=21 326 132 21 91 1388 65 21 33 41 28 46 25 20 122
internal_value=-0.00108635 -0.00222937 -0.0393323 -0.058423 0.00205106 0.0306321 0.0615336 0.0745426 -0.0346045 0.0160613 -0.0355652 -0.00824178 -0.00582978 0.0631467
internal_weight=2380 2359 244 223 2115 560 380 359 180 115 87 1555 1530 142
internal_count=2380 2359 244 223 2115 560 380 359 180 115 87 1555 1530 142
is_linear=0
shrinkage=0.05


Tree=89
num_leaves=15
num_cat=0
split_feature=3 8 7 16 16 16 16 5 5 3 3 2 2 16
split_gain=148.055 180.611 267.105 301.16 538.347 970.308 676.372 348.487 381.905 333.966 197.687 428.708 339.528 594.478
threshold=-10.954998999999999 57.500000000000007 -6.4936539999999985 586.50000000000011 508.50000000000006 472.50000000000006 410.50000000000006 33.586008000000014 29.946946500000003 -1.7903419999999997 -2.7180544999999996 20.528792500000005 -0.81050199999999994 430.50000000000006
decision_type=2 2 2 2 2 2 2 2 2 2 2 2 2 2
left_child=-1 10 3 4 5 6 7 8 9 -3 11 12 13 -2
right_child=1 2 -4 -5 -6 -7 -8 -9 -10 -11 -12 -13 -14 -15
leaf_value=0.13713193200528623 -0.0033189181165367947 -0.0057500339198271336 0.11887757976849873 -0.13074979877897672 0.16613164832298127 -0.29518951143730771 0.23386366476233189 0.09897744029718028 -0.25753463350591205 -0.14820779903003803 0.0022443842875304858 0.27506324082612993 -0.038685304354662185 0.27160773039795461
leaf_weight=20 51 197 30 70 36 33 26 44 21 52 1655 20 87 32
leaf_count=20 51 197 30 70 36 33 26 44 21 52 1655 20 87 32
internal_value=0.00166635 0.000515413 -0.0258527 -0.0349172 -0.0185155 -0.0363367 -0.0112127 -0.0315057 -0.0527696 -0.0355002 0.00778985 0.0560938 0.0303327 0.102677
internal_weight=2374 2354 509 479 409 373 340 314 270 249 1845 190 170 83
internal_count=2374 2354 509 479 409 373 340 314 270 249 1845 190 170 83
is_linear=0
shrinkage=0.05


Tree=90
num_leaves=15
num_cat=0
split_feature=16 8 16 5 16 2 2 3 2 6 16 19 6 5
split_gain=169.785 332.586 294.033 517.149 313.156 210.227 205.097 201.278 189.774 272.019 217.786 161.217 527.874 461.74
threshold=607.50000000000011 32.500000000000007 664.50000000000011 21.818471500000005 643.50000000000011 11.605264000000002 12.248602000000002 9.5749070000000014 -20.745513499999998 -17.168640499999995 201.50000000000003 1.0000000180025095e-35 -6.1392874999999991 23.673373000000002
decision_type=2 2 2 2 2 2 2 2 2 2 2 2 2 2
left_child=1 6 3 5 -5 -2 -1 -4 10 -10 -3 12 13 -11
right_child=2 8 7 4 -6 -7 -8 -9 9 11 -12 -13 -14 -15
leaf_value=-0.051591075367554473 0.24037798097793092 0.17488049821507545 -0.0060245259698214274 -0.071750109163778164 0.14412162750959398 0.067309738429529337 -0.24751763221892445 0.14272324492534003 -0.15730107003202043 -0.20760731749857464 -0.0047822483991448944 0.0037708162197796439 -0.12906964617825689 0.021641247117223081
leaf_weight=34 47 31 434 56 24 28 22 24 30 24 37 1195 105 259
leaf_count=34 47 31 434 56 24 28 22 24 30 24 37 1195 105 259
internal_value=-0.000707992 -0.00869191 0.0219153 0.081441 -0.00698859 0.175766 -0.128562 0.00177012 -0.00469861 -0.00814799 0.0771228 -0.00532134 -0.0333242 0.00219967
internal_weight=2350 1737 613 155 80 75 56 458 1681 1613 68 1583 388 283
internal_count=2350 1737 613 155 80 75 56 458 1681 1613 68 1583 388 283
is_linear=0
shrinkage=0.05


Tree=91
num_leaves=15
num_cat=0
split_feature=7 2 3 7 8 4 5 4 24 5 6 16 6 5
split_gain=143.225 199.034 408.676 329.95 302.844 271.649 267.708 203.293 571.504 195.824 223.329 242.655 220.195 180.586
threshold=-3.2281234999999993 10.037865000000002 -0.073136999999999994 -12.973799999999999 47.500000000000007 0.41852800000000007 31.374794500000004 0.60796900000000009 1.0000000180025095e-35 39.880193500000011 -4.1905444999999988 469.50000000000006 -3.9275259999999999 30.686849000000006
decision_type=2 2 2 2 2 2 2 2 2 2 2 2 2 2
left_child=1 7 3 -3 -5 9 -6 -1 -9 10 11 -4 -12 -13
right_child=-2 2 5 4 6 -7 -8 8 -10 -11 12 13 -14 -15
leaf_value=0.0042124335269997544 0.094926953201110553 0.18679379932582379 -0.10959622047438816 0.09340171811403708 0.030787683074318228 -0.011439849479836138 -0.15366649124771359 0.30099931792779405 -0.017714585483265231 -0.18793609203436437 -0.23243000651228019 0.11828438010385359 -0.071873384153033487 -0.067333351075649264
leaf_weight=1584 39 32 37 60 42 255 37 22 39 39 29 38 81 20
leaf_count=1584 39 32 37 60 42 255 37 22 39 39 29 38 81 20
internal_value=-9.39316e-05 -0.00169472 -0.024667 0.0420405 0.00871601 -0.0475267 -0.0556022 0.00766177 0.0972314 -0.0852403 -0.0657031 -0.00954653 -0.114202 0.0542783
internal_weight=2354 2315 670 171 139 499 79 1645 61 244 205 95 110 58
internal_count=2354 2315 670 171 139 499 79 1645 61 244 205 95 110 58
is_linear=0
shrinkage=0.05


Tree=92
num_leaves=15
num_cat=0
split_feature=16 16 16 16 19 5 1 3 3 6 16 19 16 16
split_gain=150.675 357.442 338.574 422.379 1489.45 275.955 242.86 310.003 239.634 234.744 627.421 375.686 1038.45 1000.45
threshold=598.50000000000011 676.50000000000011 562.50000000000011 541.50000000000011 1.0000000180025095e-35 42.464622000000013 -2.0811799999999994 1.1327935000000002 3.4039395000000003 -3.8619294999999996 523.50000000000011 1.0000000180025095e-35 442.50000000000006 478.50000000000006
decision_type=2 2 2 2 2 2 2 2 2 2 2 2 2 2
left_child=2 6 3 9 -5 -3 -2 -8 -7 10 11 12 -1 -13
right_child=1 5 -4 4 -6 8 7 -9 -10 -11 -12 13 -14 -15
leaf_value=0.011320463244638016 -0.03580488329054788 0.011986571791714326 -0.097111924532024815 0.48166062235832219 -0.049055627981821698 -0.031454526487217853 0.18941329951797214 0.050547311387889017 -0.2452759367786348 -0.039728571202957363 -0.20323394541229522 0.017569605747002597 -0.20406912507223232 0.27392526976764203
leaf_weight=279 40 376 96 20 39 38 63 111 20 379 35 784 70 40
leaf_count=279 40 376 96 20 39 38 63 111 20 379 35 784 70 40
internal_value=0.00182004 0.0224039 -0.00583689 -0.00051344 0.130848 -0.00367244 0.0752878 0.100826 -0.105186 -0.00539708 0.00537414 0.0115986 -0.0318809 0.0300141
internal_weight=2390 648 1742 1646 59 434 214 174 58 1587 1208 1173 349 824
internal_count=2390 648 1742 1646 59 434 214 174 58 1587 1208 1173 349 824
is_linear=0
shrinkage=0.05


Tree=93
num_leaves=15
num_cat=0
split_feature=12 12 7 6 6 24 16 16 7 2 3 2 0 16
split_gain=134.948 130.237 204.552 139.709 352.49 457.116 378.284 445.511 321.682 209.385 208.318 149.563 362.593 359.98
threshold=32.651457500000006 23.413509500000004 -9.9768264999999978 -12.874794499999998 -13.160831 1.0000000180025095e-35 207.50000000000003 180.50000000000003 -27.131888499999999 58.936081000000009 -4.6230259999999994 11.943172500000001 4.316625000000001 601.50000000000011
decision_type=2 2 2 2 2 2 2 2 2 2 2 2 2 2
left_child=1 3 -3 4 5 6 7 -1 -7 11 -8 -5 13 -13
right_child=-2 2 -4 9 -6 8 10 -9 -10 -11 -12 12 -14 -15
leaf_value=-0.015255063281140544 -0.1206273147593374 0.0035471238882133836 0.1951244523579424 0.0013068981285073928 0.23864472977817061 0.27662796444026755 0.15306097362855717 -0.34131495177745824 0.04601708897632395 0.15639541625976563 -0.056911679838473596 -0.060037210545886094 -0.10843833637374796 0.038812091120574349
leaf_weight=22 23 38 22 1575 20 20 21 20 62 20 27 170 114 201
leaf_count=22 23 38 22 1575 20 20 21 20 62 20 27 170 114 201
internal_value=-0.000107611 0.00108105 0.0737921 -0.000839139 0.0399701 0.0168685 -0.0609361 -0.170522 0.102264 -0.00460615 0.0349514 -0.00616927 -0.0304476 -0.00648274
internal_weight=2355 2332 60 2272 192 172 90 42 82 2080 48 2060 485 371
internal_count=2355 2332 60 2272 192 172 90 42 82 2080 48 2060 485 371
is_linear=0
shrinkage=0.05


Tree=94
num_leaves=15
num_cat=0
split_feature=16 16 6 5 7 16 6 16 5 7 7 16 16 19
split_gain=156.825 129.595 243.683 381.845 380.264 454.716 357.263 223.482 345.498 289.875 411.817 239.345 290.095 501.596
threshold=900.50000000000011 613.50000000000011 -4.2343734999999993 41.32675050000001 -3.9591564999999993 472.50000000000006 -4.339736499999999 676.50000000000011 42.464622000000013 -4.6788879999999997 -11.965576499999999 735.50000000000011 755.50000000000011 1.0000000180025095e-35
decision_type=2 2 2 2 2 2 2 2 2 2 2 2 2 2
left_child=1 2 6 4 -4 -6 -1 9 11 10 -3 -9 13 -13
right_child=-2 7 3 -5 5 -7 -8 8 -10 -11 -12 12 -14 -15
leaf_value=0.00050050483473979977 -0.11670486204454611 -0.042173224256226896 -0.061912424418461481 0.12000601126535521 0.24716842718746351 -0.048328772512419772 0.14400913056594114 -0.046643065387555929 -0.11241211698486889 -0.070069945519489626 0.15016146608507441 0.34639918506145478 0.021898792729717658 -0.0077179446816444397
leaf_weight=1196 29 38 437 37 23 30 45 97 58 31 104 20 201 20
leaf_count=1196 29 38 437 37 23 30 45 97 58 31 104 20 201 20
internal_value=-0.00114661 0.000287361 -0.00639224 -0.0348776 -0.0465729 0.0799059 0.00570428 0.0210423 0.000330813 0.0684511 0.0986916 0.0196772 0.0463705 0.169341
internal_weight=2366 2337 1768 527 490 53 1241 569 396 173 142 338 241 40
internal_count=2366 2337 1768 527 490 53 1241 569 396 173 142 338 241 40
is_linear=0
shrinkage=0.05


Tree=95
num_leaves=15
num_cat=0
split_feature=3 5 5 2 16 24 1 8 6 5 0 2 6 6
split_gain=167.465 130.486 131.479 209.433 135.173 437.999 319.611 280.177 258.095 331.342 240.285 201.797 201.171 168.571
threshold=15.874378500000002 61.281258000000008 56.435234500000007 48.871490500000007 613.50000000000011 1.0000000180025095e-35 4.7119715000000006 32.500000000000007 -4.0516824999999992 18.695065000000003 4.7565030000000013 11.777837000000002 -1.1323529999999999 -4.2854119999999991
decision_type=2 2 2 2 2 2 2 2 2 2 2 2 2 2
left_child=1 2 3 4 7 6 -6 11 10 12 -7 -1 -10 -9
right_child=-2 -3 -4 -5 5 8 -8 13 9 -11 -12 -13 -14 -15
leaf_value=-0.045354264147360539 -0.12789141410589219 0.073190133933288368 -0.11616608935097855 0.13990300367413849 0.28983771918962398 -0.014388040572544196 0.05427867950250706 0.0067459403609921968 -0.07804212643979834 0.094303441701112725 -0.19438997864723206 -0.2455107043311 0.062356631236062166 -0.02892994433726009
leaf_weight=34 25 63 24 27 24 254 36 1132 65 138 20 20 42 468
leaf_count=34 25 63 24 27 24 254 36 1132 65 138 20 20 42 468
internal_value=0.000833015 0.00220417 0.000246155 0.00148239 -0.000191302 0.0206008 0.148502 -0.00746981 0.00581455 0.0431025 -0.0275269 -0.119486 -0.0229323 -0.00368926
internal_weight=2372 2347 2284 2260 2233 579 60 1654 519 245 274 54 107 1600
internal_count=2372 2347 2284 2260 2233 579 60 1654 519 245 274 54 107 1600
is_linear=0
shrinkage=0.05


Tree=96
num_leaves=15
num_cat=0
split_feature=2 8 3 2 16 2 5 5 24 8 1 16 5 16
split_gain=121.133 117.206 219.672 353.988 279.651 451.043 230.712 288.834 746.109 423.294 235.852 226.333 214.685 343.693
threshold=-27.750579499999997 57.500000000000007 -3.0766549999999993 20.147761500000005 336.50000000000006 -0.18949199999999997 32.307914500000003 29.052776500000004 1.0000000180025095e-35 47.500000000000007 8.515366000000002 765.50000000000011 20.934260500000004 410.50000000000006
decision_type=2 2 2 2 2 2 2 2 2 2 2 2 2 2
left_child=-1 2 3 4 -2 -6 7 -4 9 -9 -10 -8 13 -3
right_child=1 12 6 -5 5 -7 11 8 10 -11 -12 -13 -14 -15
leaf_value=0.12162864991929384 -0.049081699759317719 -0.012804093028900763 0.00043998381128987162 0.25645333006978038 0.24650262564420702 0.0021733044573635451 -0.022398740184116403 0.076956193716753107 -0.031581666230084633 0.381458354011178 0.15431353444943119 -0.16239819250880713 -0.053549724571901713 0.16142316032765491
leaf_weight=20 61 199 1060 20 30 51 420 21 91 25 21 31 271 33
leaf_count=20 61 199 1060 20 30 51 420 21 91 25 21 31 271 33
internal_value=-0.000898765 -0.0019487 0.00392395 0.0595123 0.0317742 0.0926656 -0.00147168 0.00984037 0.0729063 0.242446 0.00327368 -0.0320218 -0.0233261 0.0119782
internal_weight=2354 2334 1831 162 142 81 1669 1218 158 46 112 451 503 232
internal_count=2354 2334 1831 162 142 81 1669 1218 158 46 112 451 503 232
is_linear=0
shrinkage=0.05


Tree=97
num_leaves=15
num_cat=0
split_feature=16 16 16 16 7 3 6 7 7 16 7 6 16 6
split_gain=133.981 240.144 262.868 230.505 530.296 179.714 164.23 148.353 458.586 350.669 325.01 599.873 488.921 540.983
threshold=43.500000000000007 105.50000000000001 120.50000000000001 73.500000000000014 -19.595347499999999 -0.39514549999999998 -7.1188014999999991 -12.790780999999997 -12.973799999999999 147.50000000000003 -9.2818959999999979 -7.4960949999999995 643.50000000000011 -4.3376024999999991
decision_type=2 2 2 2 2 2 2 2 2 2 2 2 2 2
left_child=-1 3 -3 6 -5 -6 -2 8 9 -4 11 -9 13 -13
right_child=1 2 7 4 5 -7 -8 10 -10 -11 -12 12 -14 -15
leaf_value=-0.086507598592377291 -0.1083708243444562 -0.11904688788784874 0.13158708582321804 0.33621221454370592 0.16719895926388828 -0.005951920016965968 0.066502880150901861 -0.026229818211362249 -0.15865515173211986 -0.012165062362191196 -0.0059946606727201424 0.10780472548769625 0.23258314455042084 -0.047938765997532759
leaf_weight=41 25 45 45 21 22 47 29 184 51 741 806 184 49 80
leaf_count=41 25 45 45 21 22 47 29 184 51 741 806 184 49 80
internal_value=0.00309272 0.00467005 0.00054835 0.0672112 0.116212 0.0492556 -0.0144572 0.0030632 -0.0133624 -0.00393498 0.0136144 0.045415 0.0875321 0.0606097
internal_weight=2370 2329 2185 144 90 69 54 2140 837 786 1303 497 313 264
internal_count=2370 2329 2185 144 90 69 54 2140 837 786 1303 497 313 264
is_linear=0
shrinkage=0.05


Tree=98
num_leaves=15
num_cat=0
split_feature=6 2 5 7 6 6 0 2 24 0 7 16 16 16
split_gain=133.044 173.017 253.904 242.802 211.913 801.667 353.791 386.583 269.174 246.239 230.466 186.41 756.202 500.649
threshold=-1.0896519999999998 6.1343225000000006 64.507990000000021 -3.9591564999999993 -9.5517249999999994 -10.035755499999999 6.9063810000000005 11.122799500000001 1.0000000180025095e-35 9.0285240000000027 -3.2281234999999993 484.50000000000006 445.50000000000006 559.50000000000011
decision_type=2 2 2 2 2 2 2 2 2 2 2 2 2 2
left_child=1 2 3 11 5 6 7 -3 -6 10 -10 12 -1 -13
right_child=-2 4 -4 -5 8 -7 -8 -9 9 -11 -12 13 -14 -15
leaf_value=0.00074839185860093693 0.078126782590066501 -0.10517434836007084 0.18608778301626444 0.15507003267606101 0.043084181059296969 -0.3572057428814116 -0.19178414162514468 0.066779684817249135 -0.040554214662810679 0.1388439752161503 0.097993787474115385 0.12989947755604681 -0.22982776028078958 -0.00079487080434799623
leaf_weight=913 53 52 20 27 199 21 28 88 484 22 32 99 37 282
leaf_count=913 53 52 20 27 199 21 28 88 484 22 32 99 37 282
internal_value=-0.000196408 -0.00199811 0.00923381 0.00662919 -0.0187126 -0.0659457 -0.0295382 0.00291104 -0.00659989 -0.0249775 -0.0319621 0.00361799 -0.00823194 0.0331651
internal_weight=2357 2304 1378 1358 926 189 168 140 737 538 516 1331 950 381
internal_count=2357 2304 1378 1358 926 189 168 140 737 538 516 1331 950 381
is_linear=0
shrinkage=0.05


Tree=99
num_leaves=15
num_cat=0
split_feature=10 13 8 13 2 3 6 8 5 16 5 1 24 8
split_gain=134.576 282.518 191.008 290.112 355.292 265.78 147.124 170.351 175.352 238.661 225.655 552.229 344.544 250.593
threshold=3.5000000000000004 10.019063000000001 62.500000000000007 3.6713140000000002 -2.0585109999999998 1.2961040000000004 -17.603214999999995 57.500000000000007 32.432449000000005 765.50000000000011 28.563098500000006 9.1773940000000014 1.0000000180025095e-35 47.500000000000007
decision_type=2 2 2 2 2 2 2 2 2 2 2 2 2 2
left_child=6 2 3 5 -5 -2 -1 8 10 -10 -8 12 13 -12
right_child=1 -3 -4 4 -6 -7 7 -9 9 -11 11 -13 -14 -15
leaf_value=0.081642511085374292 -0.0033115835133939982 -0.12950577203494806 -0.035592560722492637 0.27825876043643805 0.020623673223282981 0.18197174337692559 -7.4900447436174257e-05 -0.037994470387522759 -0.014913462445139886 -0.14092286521705186 0.0033819459378719332 0.24463008639938907 -0.023541880070808388 0.21711301803588867
leaf_weight=48 100 24 50 32 23 24 989 363 450 41 24 33 126 32
leaf_count=48 100 24 50 32 23 24 989 363 450 41 24 33 126 32
internal_value=-0.00075193 0.0337036 0.0508086 0.074943 0.17052 0.0325497 -0.00489118 -0.00690946 -0.000252314 -0.0254356 0.0100176 0.0564433 0.0223215 0.125514
internal_weight=2359 253 229 179 55 124 2106 2058 1695 491 1204 215 182 56
internal_count=2359 253 229 179 55 124 2106 2058 1695 491 1204 215 182 56
is_linear=0
shrinkage=0.05


Tree=100
num_leaves=15
num_cat=0
split_feature=16 16 7 7 7 2 16 2 6 7 7 16 16 2
split_gain=111.323 163.619 134.801 440.058 330.259 368.115 437.89 659.265 286.057 281.647 270.44 240.504 333.469 776.537
threshold=900.50000000000011 881.50000000000011 -8.9462234999999968 -7.4270144999999994 -10.523427999999997 14.332724000000002 402.50000000000006 -5.3125169999999988 -3.6881239999999997 -7.2270284999999985 -9.6145504999999982 643.50000000000011 342.50000000000006 17.105295500000004
decision_type=2 2 2 2 2 2 2 2 2 2 2 2 2 2
left_child=1 2 4 -4 11 6 -6 -8 -7 -5 -9 12 -1 -14
right_child=-2 -3 3 9 5 8 7 10 -10 -11 -12 -13 13 -15
leaf_value=0.012928471145319609 -0.099639475957623555 0.13636688217520715 -0.077581922381480553 0.10167671663325224 0.00043442588713434006 -0.069412884615095594 0.42547600150108339 0.016513203454780436 0.14099326841533186 -0.0068598539389868266 0.19703432481463365 0.051201007413214816 -0.029865645930214332 -0.3485847905278206
leaf_weight=599 28 22 219 67 63 70 20 42 21 554 41 179 430 20
leaf_count=599 28 22 219 67 63 70 20 42 21 554 41 179 430 20
internal_value=-0.000531484 0.000650886 -0.000633308 -0.016641 0.00842156 0.0599642 0.10427 0.167781 -0.0208576 0.00485021 0.105686 -0.00236546 -0.011506 -0.0440309
internal_weight=2375 2347 2325 840 1485 257 166 103 91 621 83 1228 1049 450
internal_count=2375 2347 2325 840 1485 257 166 103 91 621 83 1228 1049 450
is_linear=0
shrinkage=0.05


Tree=101
num_leaves=15
num_cat=0
split_feature=12 16 16 7 7 16 16 16 16 2 6 6 2 16
split_gain=139.001 101.723 103.523 109.666 469.269 276.072 276.068 260.513 363.18 374.725 258.377 337.104 325.851 543.365
threshold=33.372135000000007 908.50000000000011 881.50000000000011 -8.9462234999999968 -7.5554604999999997 715.50000000000011 358.50000000000006 643.50000000000011 760.50000000000011 20.147761500000005 -4.2343734999999993 -4.339736499999999 1.1328295000000002 517.50000000000011
decision_type=2 2 2 2 2 2 2 2 2 2 2 2 2 2
left_child=1 2 3 7 5 6 -5 10 9 -9 11 12 -1 -14
right_child=-2 -3 -4 4 -6 -7 -8 8 -10 -11 -12 -13 13 -15
leaf_value=0.026366917720727929 -0.13016197040677072 -0.10479640334167264 0.098786119744181639 -0.10871488522811264 0.0062636621328879538 -0.26208393419161441 0.042337474937355797 0.17516400089790657 -0.010004367585386243 0.0030319068133831026 -0.052281160739014038 0.17591336867461604 0.0051412356275605132 -0.13618531334114836
leaf_weight=657 20 22 28 102 665 20 43 86 111 50 193 30 246 94
leaf_count=657 20 22 28 102 665 20 43 86 111 50 193 30 246 94
internal_value=0.00109474 0.00221324 0.00322581 0.00206095 -0.0124636 -0.0879399 -0.06392 0.0102786 0.0571061 0.11188 0.000797973 0.0107729 0.0058038 -0.0339314
internal_weight=2367 2347 2325 2297 830 165 145 1467 247 136 1220 1027 997 340
internal_count=2367 2347 2325 2297 830 165 145 1467 247 136 1220 1027 997 340
is_linear=0
shrinkage=0.05


Tree=102
num_leaves=15
num_cat=0
split_feature=0 12 16 16 6 6 16 6 16 16 0 4 0 5
split_gain=132.792 108.326 304.103 254.475 124.744 592.4 325.593 423.412 352.607 330.437 256.722 210.85 240.036 238.08
threshold=12.141447500000002 19.868209500000003 309.50000000000006 264.50000000000006 -4.2854119999999991 -4.339736499999999 448.50000000000006 -3.9275259999999999 574.50000000000011 472.50000000000006 4.5512120000000005 0.071578500000000017 5.6854545000000014 41.32675050000001
decision_type=2 2 2 2 2 2 2 2 2 2 2 2 2 2
left_child=1 4 3 -3 5 10 -6 8 -8 -9 -1 12 -12 -14
right_child=-2 2 -4 -5 6 -7 7 9 -10 -11 11 -13 13 -15
leaf_value=0.011034631875785655 -0.094625990382499178 0.033157095960948783 -0.02581907607191666 0.27101839597929611 -0.052345108726422562 0.23617609473211423 -0.26441402675672654 0.22184802235468576 -0.02735918435838915 0.025291407984791715 -0.10413969019427896 -0.12247473959021433 0.19667508101889067 -0.041412739721792088
leaf_weight=1281 36 23 55 22 346 28 21 23 62 304 32 69 21 21
leaf_count=1281 36 23 55 22 346 28 21 23 62 304 32 69 21 21
internal_value=0.000663281 0.0021496 0.0530497 0.149445 -0.000155663 0.00841982 -0.016626 0.0135174 -0.0873369 0.0391165 0.00394146 -0.0595994 -0.000972445 0.0776312
internal_weight=2344 2308 100 45 2208 1452 756 410 83 327 1424 143 74 42
internal_count=2344 2308 100 45 2208 1452 756 410 83 327 1424 143 74 42
is_linear=0
shrinkage=0.05


Tree=103
num_leaves=15
num_cat=0
split_feature=12 5 3 2 7 7 16 16 16 6 16 16 2 6
split_gain=118.294 150.465 105.781 312.12 269.932 533.002 364.547 824.225 588.608 306.773 348.681 675.259 354.843 293.471
threshold=33.372135000000007 65.365225000000024 -0.073136999999999994 26.125278000000005 -13.835873499999998 -13.389685999999998 273.50000000000006 511.50000000000006 234.50000000000003 -7.4960949999999995 261.50000000000006 306.50000000000006 8.2639560000000021 -2.5795659999999994
decision_type=2 2 2 2 2 2 2 2 2 2 2 2 2 2
left_child=1 2 3 -1 6 -6 8 -8 -4 -7 -11 13 -13 -12
right_child=-2 -3 4 -5 5 9 7 -9 -10 10 11 12 -14 -15
leaf_value=0.0042269822533473099 -0.12339987289160491 0.096108531598479319 -0.045261567377795776 0.18651358134423693 0.2436184774406932 -0.10368428968007944 -0.22786216969851036 -0.020856698608688461 0.25708370056341995 -0.06284179316903904 0.28629584391911828 0.06158720824601395 -0.02390758194678435 0.075855604785721051
leaf_weight=1090 20 39 60 24 22 73 71 149 22 159 30 175 396 37
leaf_count=1090 20 39 60 24 22 73 71 149 22 159 30 175 396 37
internal_value=-0.00231392 -0.00128208 -0.00292776 0.00815416 -0.0132672 0.000565807 -0.0541249 -0.087663 0.0358555 -0.00558035 0.00340533 0.0199152 0.00229485 0.170083
internal_weight=2367 2347 2308 1114 1194 892 302 220 82 870 797 638 571 67
internal_count=2367 2347 2308 1114 1194 892 302 220 82 870 797 638 571 67
is_linear=0
shrinkage=0.05


Tree=104
num_leaves=15
num_cat=0
split_feature=2 16 4 16 3 7 7 7 5 5 6 16 1 6
split_gain=133.728 197.42 270.512 211.358 280.924 193.599 308.551 197.219 192.559 150.125 289.581 201.897 197.98 191.766
threshold=-14.860059499999998 168.50000000000003 -0.90438549999999995 237.50000000000003 -4.3563739999999997 -23.941125499999995 -19.412206999999999 -24.957438999999997 23.553182500000002 52.423532000000002 -11.897619999999998 342.50000000000006 -9.6901589999999995 -7.4960949999999995
decision_type=2 2 2 2 2 2 2 2 2 2 2 2 2 2
left_child=1 -1 -3 4 -4 7 8 -2 -7 10 12 -11 -8 -12
right_child=5 2 3 -5 -6 6 9 -9 -10 11 13 -13 -14 -15
leaf_value=0.18667444535309363 -0.036732146264678175 0.1709486328661442 -0.21794384602634681 0.07482316689459946 0.0013157098321244121 -0.050923365168273449 -0.019249636001186447 -0.21014038369059565 0.11876572222653321 -0.019480508809186975 -0.037591939377346756 -0.20180898877707396 0.17510165254536428 0.0026098091089923714
leaf_weight=21 91 25 21 44 48 21 20 20 82 49 370 22 38 1496
leaf_count=21 91 25 21 44 48 21 20 20 82 49 370 22 38 1496
internal_value=-0.000436579 0.0438518 0.0221179 -0.0108093 -0.0654155 -0.00362438 -0.000219646 -0.0679769 0.0841689 -0.00457655 -0.00194172 -0.0759767 0.108084 -0.0053616
internal_weight=2368 159 138 113 69 2209 2098 111 103 1995 1924 71 58 1866
internal_count=2368 159 138 113 69 2209 2098 111 103 1995 1924 71 58 1866
is_linear=0
shrinkage=0.05


Tree=105
num_leaves=15
num_cat=0
split_feature=0 5 16 16 19 16 6 16 5 16 16 16 1 13
split_gain=139.107 180.047 250.496 359.047 347.512 438.612 361.997 322.397 303.858 297.744 314.814 351.631 259.369 229.282
threshold=0.35566250000000005 35.842374500000005 541.50000000000011 568.50000000000011 1.0000000180025095e-35 402.50000000000006 -3.8619294999999996 315.50000000000006 24.539844000000006 448.50000000000006 324.50000000000006 374.50000000000006 -9.6901589999999995 9.1162775000000007
decision_type=2 2 2 2 2 2 2 2 2 2 2 2 2 2
left_child=1 2 4 -4 9 7 8 13 -7 10 12 -12 -1 -6
right_child=-2 -3 3 -5 5 6 -8 -9 -10 -11 11 -13 -14 -15
leaf_value=0.053550578430294996 -0.011302618271754002 0.055715958373756737 0.24449408735547748 0.029240355611965058 0.023259356289713068 0.32800389411656755 -0.005691215795065676 -0.089220582567227702 0.091260299587509405 -0.18895157569247048 0.22102053865790366 -0.033703512050921008 -0.15480332181362783 -0.10312309263274073
leaf_weight=20 1114 206 21 250 349 23 42 103 33 41 20 42 59 40
leaf_count=20 1114 206 21 250 349 23 42 103 33 41 20 42 59 40
internal_value=0.00154288 0.0129999 0.00456323 0.0459205 -0.00995468 0.00867715 0.105272 -0.0105633 0.188494 -0.0703546 -0.0358689 0.0484655 -0.102055 0.0102637
internal_weight=2363 1249 1043 271 772 590 98 492 56 182 141 62 79 389
internal_count=2363 1249 1043 271 772 590 98 492 56 182 141 62 79 389
is_linear=0
shrinkage=0.05


Tree=106
num_leaves=15
num_cat=0
split_feature=0 7 2 13 2 16 16 24 16 16 6 16 10 0
split_gain=130.63 110.756 284.295 206.964 322.73 138.156 409.488 250.195 183.487 191.969 187.698 163.465 142.485 138.084
threshold=-7.4057129999999995 -32.354953999999992 -20.745513499999998 9.9539965000000024 -4.8947199999999986 180.50000000000003 207.50000000000003 1.0000000180025095e-35 105.50000000000001 43.500000000000007 -7.4768189999999999 156.50000000000003 2.5000000000000004 13.26993
decision_type=2 2 2 2 2 2 2 2 2 2 2 2 2 2
left_child=-1 -2 -3 5 -5 8 7 -7 9 -4 11 -10 -11 -8
right_child=1 2 3 4 -6 6 13 -9 10 12 -12 -13 -14 -15
leaf_value=0.072086567396362281 -0.096262933104299009 0.13679967618793146 -0.076766569946299906 -0.20358267462614812 0.0032654225892408497 0.017501239707836739 0.0011422075602093259 0.2248931099068035 0.037824247756611501 0.016844641920793189 -0.093388217644013005 -0.12204951984541756 0.15161430644989016 -0.12494033165276051
leaf_weight=58 32 36 44 33 44 26 1680 33 67 91 141 21 25 22
leaf_count=58 32 36 44 33 44 26 1680 33 67 91 141 21 25 22
internal_value=-0.00202018 -0.00389303 -0.00258687 -0.00484009 -0.0853838 -0.00195551 0.00400155 0.1335 -0.028923 0.0121593 -0.0576269 -0.000327447 0.0458898 -0.000487531
internal_weight=2353 2295 2263 2227 77 2150 1761 59 389 160 229 88 116 1702
internal_count=2353 2295 2263 2227 77 2150 1761 59 389 160 229 88 116 1702
is_linear=0
shrinkage=0.05


Tree=107
num_leaves=15
num_cat=0
split_feature=3 4 10 6 6 3 3 2 2 0 1 2 0 2
split_gain=120.6 97.2703 281.646 168.491 356.354 135.201 129.913 380.358 167.839 322.668 356.423 284.707 311.582 279.279
threshold=15.874378500000002 0.59413250000000006 2.5000000000000004 -3.6075409999999994 -4.0490489999999992 5.6064415000000007 0.12222000000000001 29.157798500000002 14.187886000000001 5.9586790000000009 8.0777825000000014 -1.5473544999999997 5.9586790000000009 -3.5429419999999996
decision_type=2 2 2 2 2 2 2 2 2 2 2 2 2 2
left_child=1 6 3 4 5 -3 7 -1 11 10 -10 13 -13 -8
right_child=-2 2 -4 -5 -6 -7 8 -9 9 -11 -12 12 -14 -15
leaf_value=0.0034432598119924873 -0.10483032015285321 0.10287241203089555 0.15896236311851278 -0.053174426295628699 0.22003483315524847 -0.034648491452847208 -0.0237754463213425 0.21334347941658716 -0.082838792527763883 -0.19347014712435862 0.048322981212759158 0.0071429875482176873 0.17135239557152795 -0.16442148359709008
leaf_weight=1138 28 24 36 73 23 70 197 22 128 35 87 424 31 43
leaf_count=1138 28 24 36 73 23 70 197 22 128 35 87 424 31 43
internal_value=-0.00167955 -0.000440504 0.0307312 0.0064348 0.0436269 0.000463229 -0.00378721 0.00742413 -0.0175493 -0.0526829 -0.029764 -0.00491127 0.0183309 -0.0489745
internal_weight=2359 2331 226 190 117 94 2105 1160 945 250 215 695 455 240
internal_count=2359 2331 226 190 117 94 2105 1160 945 250 215 695 455 240
is_linear=0
shrinkage=0.05


Tree=108
num_leaves=15
num_cat=0
split_feature=10 13 1 3 1 1 8 16 6 8 4 6 2 3
split_gain=103.719 217.933 171.796 296.813 218.127 153.923 135.289 128.107 124.808 160.299 243.934 297.514 345.593 220.392
threshold=3.5000000000000004 10.019063000000001 -3.6225979999999995 1.2961040000000004 -4.3893309999999994 -1.9082634999999997 62.500000000000007 592.50000000000011 -17.603214999999995 52.500000000000007 -0.14253199999999996 -6.8924969999999997 -10.632797499999999 0.42119500000000004
decision_type=2 2 2 2 2 2 2 2 2 2 2 2 2 2
left_child=8 2 4 5 6 -4 -2 -7 -1 13 11 12 -11 -10
right_child=1 -3 3 -5 -6 7 -8 -9 9 10 -12 -13 -14 -15
leaf_value=0.073334170702625726 0.12443736878534158 -0.1014015088589596 -0.13694170051813126 0.16008323832737426 0.23579046848992055 -0.038382196343802619 -0.012639804350005258 0.098925557406619194 0.033696163501992109 0.048489304694571883 -0.065097000359007756 0.052769091154460782 -0.071935669994770135 -0.0095528972931850226
leaf_weight=51 36 28 25 26 22 53 36 25 429 87 249 154 189 940
leaf_count=51 36 28 25 26 22 53 36 25 429 87 249 154 189 940
internal_value=-0.000295169 0.0300811 0.0465902 0.00912794 0.0980011 -0.0289773 0.0558988 0.0056267 -0.00392759 -0.00585159 -0.0257143 -0.00290891 -0.0339756 0.00399995
internal_weight=2350 251 223 129 94 103 72 78 2099 2048 679 430 276 1369
internal_count=2350 251 223 129 94 103 72 78 2099 2048 679 430 276 1369
is_linear=0
shrinkage=0.05


Tree=109
num_leaves=15
num_cat=0
split_feature=6 12 5 12 7 24 2 3 8 16 7 2 16 4
split_gain=118.538 99.3785 212.784 104.581 202.974 340.355 156.584 230.003 272.88 352.087 236.142 221.346 275.205 189.255
threshold=-1.0896519999999998 33.372135000000007 65.365225000000024 16.807458000000004 -9.9768264999999978 1.0000000180025095e-35 8.7079995000000014 0.28352100000000008 52.500000000000007 523.50000000000011 -3.6658359999999997 26.972924000000003 637.50000000000011 0.59413250000000006
decision_type=2 2 2 2 2 2 2 2 2 2 2 2 2 2
left_child=1 2 3 6 -5 -6 13 8 11 -10 -9 12 -8 -1
right_child=-2 -3 -4 4 5 -7 7 10 9 -11 -12 -13 -14 -15
leaf_value=0.0011355863956701345 0.073528262020813098 -0.11238358199596406 0.11244097486047484 -0.01539241752276818 0.27875204902142287 0.017354131947186862 -0.035406741319280684 -0.060747586285507228 0.016289493130586512 -0.20352577546404468 0.053925356223686216 0.1910789992946845 0.12715004193921423 0.12046756323646098
leaf_weight=1459 54 20 41 66 20 33 66 375 56 27 51 26 43 34
leaf_count=1459 54 20 41 66 20 33 66 375 56 27 51 26 43 34
internal_value=0.000296501 -0.00141024 -0.000443992 -0.00249554 0.0431246 0.115995 -0.00503592 -0.0256436 0.016127 -0.0552167 -0.0470191 0.0599901 0.0287212 0.00385313
internal_weight=2371 2317 2297 2256 119 53 2137 644 218 83 426 135 109 1493
internal_count=2371 2317 2297 2256 119 53 2137 644 218 83 426 135 109 1493
is_linear=0
shrinkage=0.05


Tree=110
num_leaves=15
num_cat=0
split_feature=0 6 5 4 5 18 7 7 3 5 0 4 18 7
split_gain=85.036 126.723 183.015 177.426 141.002 124.496 127.048 171.049 126.122 124.26 255.505 135.532 307.195 298.245
threshold=-5.121310499999999 -11.164909999999997 30.132607000000004 -0.18141049999999997 50.745927500000008 900.50000000000011 -32.354953999999992 -29.518501999999994 -6.5463774999999993 52.423532000000002 6.9063810000000005 0.63834750000000018 433.50000000000006 -10.042532499999998
decision_type=2 2 2 2 2 2 2 2 2 2 2 2 2 2
left_child=1 2 -1 -3 -4 6 -2 -8 -9 11 -11 -10 13 -13
right_child=5 3 4 -5 -6 -7 7 8 9 10 -12 12 -14 -15
leaf_value=-0.043413717575047334 -0.1089331113629871 -0.13966176055371762 0.17569456140442594 0.034672562160563691 0.016372090365205493 -0.10916860325744859 0.13890940337018534 -0.11767740361392498 -0.00077132294768462561 0.0010462034260854125 -0.16327223861856122 0.035258317280274169 -0.0025815978471655401 0.2824329162745372
leaf_weight=23 27 20 41 54 21 27 22 23 1865 73 35 26 96 23
leaf_count=23 27 20 41 54 21 27 22 23 1865 73 35 26 96 23
internal_value=7.43712e-05 0.0353953 0.0770444 -0.0124448 0.12173 -0.0024588 -0.0011432 0.000202309 -0.00122299 4.16275e-05 -0.0522051 0.00284892 0.0494127 0.151279
internal_weight=2376 159 85 74 62 2217 2190 2163 2141 2118 108 2010 145 49
internal_count=2376 159 85 74 62 2217 2190 2163 2141 2118 108 2010 145 49
is_linear=0
shrinkage=0.05


Tree=111
num_leaves=15
num_cat=0
split_feature=10 6 7 3 13 1 1 16 13 8 16 2 3 3
split_gain=105.059 155.773 151.051 130.551 156.978 300.456 145.212 127.095 135.047 158.177 116.193 114.571 199.716 173.266
threshold=3.5000000000000004 -17.603214999999995 -32.354953999999992 1.2961040000000004 3.6713140000000002 -4.3893309999999994 -2.0811799999999994 490.50000000000006 9.9539965000000024 62.500000000000007 43.500000000000007 10.037865000000002 7.4870725000000009 0.28352100000000008
decision_type=2 2 2 2 2 2 2 2 2 2 2 2 2 2
left_child=1 -1 -3 4 6 7 -2 8 9 -6 -4 12 -12 -13
right_child=3 2 10 -5 5 -7 -8 -9 -10 -11 11 13 -14 -15
leaf_value=0.0790989012316069 -0.13289369379635901 -0.13883114725883519 -0.09710379491249721 0.14208256516916057 0.20136363392784482 0.23059692822751546 0.006939760613732221 -0.086915221455551334 -0.055339470931461882 0.025825323616013387 0.0025383355966137754 0.026901527193164632 0.11597074783407152 -0.033422496412757269
leaf_weight=56 24 21 33 24 21 21 82 21 21 33 1298 155 40 513
leaf_count=56 24 21 33 24 21 21 82 21 21 33 1298 155 40 513
internal_value=0.000420185 -0.00318183 -0.00541859 0.0312779 0.0193528 0.0592826 -0.0247206 0.0218075 0.0522499 0.0940902 -0.00404455 -0.00251367 0.00592944 -0.0194252
internal_weight=2363 2116 2060 247 223 117 106 96 75 54 2039 2006 1338 668
internal_count=2363 2116 2060 247 223 117 106 96 75 54 2039 2006 1338 668
is_linear=0
shrinkage=0.05


Tree=112
num_leaves=15
num_cat=0
split_feature=7 7 7 8 16 6 16 16 16 16 16 7 0 7
split_gain=104.514 133.392 173.822 135.22 159.653 112.486 110.83 378.664 248.036 294.158 210.544 209.631 176.76 169.896
threshold=-3.2281234999999993 -3.8766169999999995 -3.9591564999999993 32.500000000000007 622.50000000000011 -1.0896519999999998 710.50000000000011 643.50000000000011 735.50000000000011 755.50000000000011 785.50000000000011 -7.5782199999999991 0.37907000000000007 -6.4499214999999994
decision_type=2 2 2 2 2 2 2 2 2 2 2 2 2 2
left_child=1 2 3 4 -1 6 7 -5 11 -10 -11 -8 13 -12
right_child=-2 -3 -4 5 -6 -7 8 -9 9 10 12 -13 -14 -15
leaf_value=-0.12954013638553166 0.085646349581814302 -0.073931685006567119 0.11034320441854967 0.0003449078184024222 -0.0062315339328987262 0.09278644002707942 -0.033380349928682503 0.088507587411476463 0.123195680975914 -0.17490923173887574 -0.0046963979281028929 -0.25704426534473895 -0.066561746641915914 0.16823460232466458
leaf_weight=42 37 58 37 1733 70 35 22 131 36 23 49 20 72 20
leaf_count=42 37 58 37 1733 70 35 22 131 36 23 49 20 72 20
internal_value=0.00226643 0.000952519 0.00284915 0.00108382 -0.0524723 0.00388545 0.00240799 0.00654089 -0.0294256 -0.00622873 -0.034639 -0.139887 -0.011758 0.0454285
internal_weight=2385 2348 2290 2253 112 2141 2106 1864 242 200 164 42 141 69
internal_count=2385 2348 2290 2253 112 2141 2106 1864 242 200 164 42 141 69
is_linear=0
shrinkage=0.05


Tree=113
num_leaves=15
num_cat=0
split_feature=0 2 6 2 19 0 2 6 6 16 3 6 16 5
split_gain=96.9551 257.465 223.133 222.603 417.028 211.176 131.213 220.515 130.796 126.325 123.766 181.997 108.677 107.679
threshold=4.7565030000000013 17.587627500000004 -5.1298004999999991 32.607265500000004 1.0000000180025095e-35 5.6854545000000014 7.9370950000000002 -9.8821814999999997 -20.264350499999995 345.50000000000006 4.2030475000000012 -3.5330739999999996 309.50000000000006 31.981687000000004
decision_type=2 2 2 2 2 2 2 2 2 2 2 2 2 2
left_child=3 5 9 8 -5 -2 7 -7 -1 -3 -6 -12 -4 -8
right_child=1 2 12 4 10 6 13 -9 -10 -11 11 -13 -14 -15
leaf_value=0.12004400103945623 -0.072892860294953774 -0.08638027726140407 0.050456587430732003 -0.13566601322963834 0.18385362380590195 0.14564314126968383 0.19555618102135866 -0.055317177883414337 -0.0025531431990998906 -0.24101386238634587 -0.052515635918825868 0.13863168862281425 -0.07262631363651538 0.036924062184989455
leaf_weight=22 47 28 29 20 39 20 23 43 1959 25 20 33 47 20
leaf_count=22 47 28 29 20 39 20 23 43 1959 25 20 33 47 20
internal_value=-0.00102265 -0.0285449 -0.0805751 0.00268555 0.0712634 0.0153237 0.0544387 0.00847975 -0.00119164 -0.159321 0.116248 0.0665006 -0.0256605 0.121774
internal_weight=2375 282 129 2093 112 153 106 63 1981 53 92 53 76 43
internal_count=2375 282 129 2093 112 153 106 63 1981 53 92 53 76 43
is_linear=0
shrinkage=0.05


Tree=114
num_leaves=15
num_cat=0
split_feature=16 16 16 4 5 3 2 5 7 1 5 16 16 16
split_gain=129.324 240.528 235.5 230.185 214.059 127.127 222.975 171.852 210.45 119.237 120.752 388.061 779.391 606.295
threshold=67.500000000000014 105.50000000000001 186.50000000000003 -0.098026499999999975 13.567731 4.7323575000000009 20.528792500000005 31.013985000000002 -9.1463144999999972 29.600102000000003 28.563098500000006 514.50000000000011 538.50000000000011 475.50000000000006
decision_type=2 2 2 2 2 2 2 2 2 2 2 2 2 2
left_child=4 3 5 -2 -1 6 7 8 -3 10 -4 13 -13 -12
right_child=1 2 9 -5 -6 -7 -8 -9 -10 -11 11 12 -14 -15
leaf_value=0.03572158187744208 0.20449997281225829 0.0077071709573889773 -0.005001362063801142 0.032148455556384042 -0.1319373312564765 -0.16814890097826721 0.11870150881863775 -0.13896883870164553 -0.11040413480252027 -0.11777516033500433 0.031931409747094706 -0.22595999106764794 0.0099341239194382404 0.22527775348204637
leaf_weight=32 26 120 1156 76 47 20 21 45 55 20 342 40 281 46
leaf_count=32 26 120 1156 76 47 20 21 45 55 20 342 40 281 46
internal_value=-0.00114721 0.00106246 -0.00250321 0.0760812 -0.0640249 -0.0470161 -0.0369636 -0.0518226 -0.0294135 0.00366012 0.00496238 0.0212079 -0.0194608 0.0548539
internal_weight=2327 2248 2146 102 79 261 241 220 175 1885 1865 709 321 388
internal_count=2327 2248 2146 102 79 261 241 220 175 1885 1865 709 321 388
is_linear=0
shrinkage=0.05


Tree=115
num_leaves=15
num_cat=0
split_feature=16 16 2 16 7 16 5 7 6 5 7 7 7 3
split_gain=101.184 220.394 306.116 198.84 147.689 222.283 403.06 197.468 177.583 130.776 111.389 863.7 762.512 445.139
threshold=105.50000000000001 77.500000000000014 6.2719460000000007 186.50000000000003 -7.4661974999999989 162.50000000000003 28.135441000000004 -12.874794499999998 -9.7310194999999986 15.910226000000002 -12.790780999999997 -13.389685999999998 -13.582623499999999 1.2254860000000003
decision_type=2 2 2 2 2 2 2 2 2 2 2 2 2 2
left_child=1 9 -3 4 5 7 -7 8 -2 -1 11 12 13 -5
right_child=3 2 -4 10 -6 6 -8 -9 -10 -11 -12 -13 -14 -15
leaf_value=0.051551286250035813 0.17020021925369899 0.18558401478962466 -0.017660401132889091 0.030189645362689217 -0.12680848109779286 0.0027115772313931409 -0.21081834978973257 -0.06502614409331918 0.013683048238021299 -0.059425296922992976 0.010822863374025205 -0.18196139509209258 0.30852518597617751 -0.061087321553760288
leaf_weight=47 24 44 32 340 44 51 39 57 74 61 1244 69 20 220
leaf_count=47 24 44 32 340 44 51 39 57 74 61 1244 69 20 220
internal_value=-0.000832514 0.0347746 0.100007 -0.00383513 -0.0424648 -0.0273174 -0.0898181 0.00897329 0.0520138 -0.0111299 0.00206238 -0.0147297 0.00516512 -0.00566916
internal_weight=2366 184 76 2182 289 245 90 155 98 108 1893 649 580 560
internal_count=2366 184 76 2182 289 245 90 155 98 108 1893 649 580 560
is_linear=0
shrinkage=0.05


Tree=116
num_leaves=15
num_cat=0
split_feature=10 13 13 3 2 8 13 4 6 16 16 8 16 16
split_gain=107.166 168.245 165.859 216.38 212.276 223.829 137.63 99.9897 264.607 325.996 300.397 236.758 200.839 334.79
threshold=3.5000000000000004 10.019063000000001 3.6713140000000002 1.2961040000000004 -2.0585109999999998 62.500000000000007 2.2381715000000004 -0.14075499999999999 -6.8924969999999997 398.50000000000006 315.50000000000006 52.500000000000007 195.50000000000003 156.50000000000003
decision_type=2 2 2 2 2 2 2 2 2 2 2 2 2 2
left_child=7 2 3 6 5 -4 -2 8 12 10 -10 -9 13 -1
right_child=1 -3 4 -5 -6 -7 -8 11 9 -11 -12 -13 -14 -15
leaf_value=-0.0093390745551524944 0.0077692847803569921 -0.089760263149554917 0.24311645790003242 0.13970415875888789 -0.0027687519569607345 0.045610425879175853 -0.12943782119647315 -0.0017999729349835907 0.073630823184336933 0.17549013264001687 -0.074280096371384233 -0.056451583877361725 0.014331770814016726 -0.17346560414447343
leaf_weight=112 89 26 32 26 34 26 23 1160 105 47 51 239 324 43
leaf_count=112 89 26 32 26 34 26 23 1160 105 47 51 239 324 43
internal_value=0.000271282 0.0307984 0.0444268 0.00975873 0.0964289 0.154579 -0.0204072 -0.0034841 0.0122133 0.0600541 0.0252753 -0.0111365 -0.00806159 -0.054871
internal_weight=2337 256 230 138 92 58 112 2081 682 203 156 1399 479 155
internal_count=2337 256 230 138 92 58 112 2081 682 203 156 1399 479 155
is_linear=0
shrinkage=0.05


Tree=117
num_leaves=15
num_cat=0
split_feature=5 5 16 6 5 2 16 7 7 16 16 3 6 5
split_gain=88.0739 184.586 107.428 133.303 97.5376 117.365 114.454 107.228 494.033 314.888 227.703 298.276 206.085 178.909
threshold=59.299730000000004 77.871963500000007 348.50000000000006 -9.8821814999999997 52.423532000000002 52.573757000000008 342.50000000000006 -22.316093499999997 -21.087831499999997 171.50000000000003 207.50000000000003 -1.2430724999999996 -11.897619999999998 32.137669500000008
decision_type=2 2 2 2 2 2 2 2 2 2 2 2 2 2
left_child=4 2 3 -2 5 7 -6 9 -9 -1 -11 -12 -10 -14
right_child=1 -3 -4 -5 6 -7 -8 8 12 10 11 -13 13 -15
leaf_value=0.097499674920524873 0.22401210022243589 -0.081438081320375208 0.00057605893484183725 0.045656054436185513 0.0033400003896339944 0.1209430805966258 -0.12020454370995631 0.24385128305071879 0.082512122820680073 -0.17478523081854772 0.076103690075688069 -0.095054114115025318 0.0039146761756610367 -0.036455536712555733
leaf_weight=35 22 20 21 20 38 20 37 21 73 38 40 70 1583 332
leaf_count=35 22 20 21 20 38 20 37 21 73 38 40 70 1583 332
internal_value=0.0003046 0.0509003 0.0929125 0.139081 -0.00153162 0.000369723 -0.0576086 -0.000730399 0.00260725 -0.0373715 -0.0692668 -0.0328149 5.88929e-05 -0.00308423
internal_weight=2370 83 63 42 2287 2212 75 2192 2009 183 148 110 1988 1915
internal_count=2370 83 63 42 2287 2212 75 2192 2009 183 148 110 1988 1915
is_linear=0
shrinkage=0.05


Tree=118
num_leaves=15
num_cat=0
split_feature=8 5 7 8 5 13 9 7 7 7 16 16 7 6
split_gain=99.6094 303.127 227.623 206.817 170.296 296.888 255.217 191.531 344.332 217.913 398.589 356.794 299.628 279.178
threshold=57.500000000000007 36.720007500000001 -6.4936539999999985 62.500000000000007 32.307914500000003 6.4620935000000008 3.5000000000000004 -7.8904974999999995 -7.5554604999999997 -16.719693499999995 643.50000000000011 270.50000000000006 -9.2818959999999979 -8.912688499999998
decision_type=2 2 2 2 2 2 2 2 2 2 2 2 2 2
left_child=4 2 -2 -3 5 7 -6 9 -9 11 13 -1 -12 -11
right_child=1 3 -4 -5 6 -7 -8 8 -10 10 12 -13 -14 -15
leaf_value=0.13123910087160767 -0.041578997342965045 -3.3788153758415806e-05 0.092753273599288047 0.20350904619942109 -0.005258450247731198 0.14755932615115874 -0.10969542377253078 -0.13274965462489771 0.0019560250767821689 -0.091950766645992804 0.24174445191534555 -0.05381736779733079 0.053876724526476627 0.039963421519835632
leaf_weight=32 435 26 34 24 461 41 67 52 541 45 41 140 44 369
leaf_count=32 435 26 34 24 461 41 67 52 541 45 41 140 44 369
internal_value=-2.65548e-05 -0.019364 -0.0318406 0.0976668 0.00544869 0.0151427 -0.0185109 0.0108475 -0.00985628 0.0291446 0.0458734 -0.0193883 0.144495 0.0256249
internal_weight=2352 519 469 50 1833 1305 528 1264 593 671 499 172 85 414
internal_count=2352 519 469 50 1833 1305 528 1264 593 671 499 172 85 414
is_linear=0
shrinkage=0.05


Tree=119
num_leaves=15
num_cat=0
split_feature=6 2 7 8 7 7 16 16 16 16 16 19 3 2
split_gain=105.286 113.745 92.0237 187.829 112.559 267.624 106.83 269.157 234.676 201.86 344.754 293.42 167.137 179.982
threshold=-1.0896519999999998 6.3974525000000009 -3.2281234999999993 32.500000000000007 -3.8766169999999995 -3.9591564999999993 760.50000000000011 785.50000000000011 740.50000000000011 710.50000000000011 643.50000000000011 1.0000000180025095e-35 4.2517015000000011 3.1915600000000004
decision_type=2 2 2 2 2 2 2 2 2 2 2 2 2 2
left_child=2 -2 3 -1 5 6 8 -8 9 10 -5 -11 13 -9
right_child=1 -3 -4 4 -6 -7 7 12 -10 11 -12 -13 -14 -15
leaf_value=-0.067724501089680769 0.0049255505718033893 0.15381872407768085 0.078165750691874161 -0.0012314543653146853 -0.06680154380698998 0.15349360500173323 -0.21012187317013742 -0.068290642652984554 0.15920807992418606 0.01678327161532182 0.085062200538513655 -0.22838387696639351 -0.13776099951127949 0.057654344924801107
leaf_weight=105 29 23 36 1738 60 29 20 46 24 26 124 23 23 74
leaf_count=105 29 23 36 1738 60 29 20 46 24 26 124 23 23 74
internal_value=0.000417174 0.0707821 -0.00115455 -0.00240042 0.000735852 0.002641 0.000555809 -0.0383183 0.00383048 0.00187911 0.00451528 -0.0982952 -0.0142899 0.00937543
internal_weight=2380 52 2328 2292 2187 2127 2098 163 1935 1911 1862 49 143 120
internal_count=2380 52 2328 2292 2187 2127 2098 163 1935 1911 1862 49 143 120
is_linear=0
shrinkage=0.05


Tree=120
num_leaves=15
num_cat=0
split_feature=0 2 4 2 16 16 16 3 3 2 16 8 16 16
split_gain=85.9364 221.297 164.219 149.91 208.433 340.086 177.797 251.583 162.963 268.294 256.584 321.091 201.153 239.034
threshold=0.16439900000000005 28.646576500000005 0.68701500000000004 13.522269500000002 342.50000000000006 586.50000000000011 267.50000000000006 12.160391500000001 2.1211990000000003 -1.5473544999999997 273.50000000000006 47.500000000000007 490.50000000000006 532.50000000000011
decision_type=2 2 2 2 2 2 2 2 2 2 2 2 2 2
left_child=1 2 -1 8 6 -6 -5 -8 -2 10 11 -10 -11 -14
right_child=3 -3 -4 4 5 -7 7 -9 9 12 -12 -13 13 -15
leaf_value=-0.00011942482683090883 -0.019141679896483667 0.1044620889810878 0.10301936161427877 -0.039857521072650948 -0.16201451097543423 -0.027975180564212734 0.17632080167231542 -0.051136408811435108 -0.077029952912458358 0.0058945868669425033 -0.09840800112545274 0.20290131434798242 0.22823497239086363 0.062354185598323481
leaf_weight=1098 451 57 40 60 65 174 31 20 21 118 69 20 27 111
leaf_count=1098 451 57 40 60 65 174 31 20 21 118 69 20 27 111
internal_value=-0.00110343 0.00832133 0.00350584 -0.0107543 -0.0381339 -0.0644294 0.0184844 0.0871219 0.000974991 0.0257636 -0.0395432 0.0595219 0.0538251 0.0948091
internal_weight=2362 1195 1138 1167 350 239 111 51 817 366 110 41 256 138
internal_count=2362 1195 1138 1167 350 239 111 51 817 366 110 41 256 138
is_linear=0
shrinkage=0.05


Tree=121
num_leaves=15
num_cat=0
split_feature=6 7 6 6 7 5 2 16 16 16 19 16 4 16
split_gain=76.3557 80.8838 132.197 187.864 217.82 187.163 214.085 157.547 337.808 326.68 267.379 222.471 155.974 148.969
threshold=-1.0896519999999998 -3.2281234999999993 -3.3016709999999994 -2.7707174999999995 -4.6964894999999993 18.605278000000002 5.4195675000000003 765.50000000000011 740.50000000000011 710.50000000000011 1.0000000180025095e-35 790.50000000000011 0.20668500000000004 601.50000000000011
decision_type=2 2 2 2 2 2 2 2 2 2 2 2 2 2
left_child=1 2 7 -4 5 -5 -7 8 9 13 -11 -9 -6 -1
right_child=-2 -3 3 4 12 6 -8 11 -10 10 -12 -13 -14 -15
leaf_value=0.0042581552799025226 0.06167839914649869 0.072756115513804717 -0.080734061081452174 -0.021036335826744287 -0.0076833575060873327 0.21557739124234235 0.032286478996728409 -0.18631848006144813 0.15456339587003759 -0.0017335156244891034 -0.2183506133227513 -0.018692866207795665 -0.1626079414971173 0.050836767563835178
leaf_weight=1434 52 38 116 113 33 21 66 23 39 28 29 142 32 195
leaf_count=1434 52 38 116 113 33 21 66 23 39 28 29 142 32 195
internal_value=0.00176099 0.000411616 -0.000798904 -0.0276673 -0.00443803 0.0214046 0.0765291 0.00461742 0.0090821 0.00571688 -0.111942 -0.0420589 -0.0839539 0.00983386
internal_weight=2361 2309 2271 381 265 200 87 1890 1725 1686 57 165 65 1629
internal_count=2361 2309 2271 381 265 200 87 1890 1725 1686 57 165 65 1629
is_linear=0
shrinkage=0.05


Tree=122
num_leaves=15
num_cat=0
split_feature=10 4 18 18 0 8 6 6 2 7 7 0 7 2
split_gain=81.2891 175.667 196.478 300.437 154.57 119.763 146.042 197.897 145.357 153.657 153.043 123.882 157.273 139.567
threshold=1.0000000180025095e-35 0.63834750000000018 309.50000000000006 231.50000000000003 5.5105220000000008 52.500000000000007 -6.0656054999999993 -6.8959089999999987 -20.745513499999998 -6.4936539999999985 -7.2270284999999985 -7.4057129999999995 -23.359291499999994 -6.6369869999999986
decision_type=2 2 2 2 2 2 2 2 2 2 2 2 2 2
left_child=-1 4 3 -3 5 6 7 -2 -7 10 11 -10 -13 -14
right_child=1 2 -4 -5 -6 8 -8 -9 9 -11 -12 12 13 -15
leaf_value=-0.0079491557468191875 0.038769842542614785 0.027948004428459253 0.014639370000710892 0.28952479447637286 -0.095905155154901583 0.093001064573499298 0.007742312024275136 0.18374595454540746 0.10235112845897675 0.061071270095296851 -0.16065839575603605 -0.16181651204824449 0.01825083438008546 -0.043576715405268425
leaf_weight=1189 125 23 62 21 37 33 354 29 20 58 20 20 156 220
leaf_count=1189 125 23 62 21 37 33 354 29 20 58 20 20 156 220
internal_value=0.00127377 0.0105828 0.0719855 0.152791 0.00451128 0.00810105 0.0254245 0.0660705 -0.00859783 -0.0153848 -0.0255556 -0.0190602 -0.0251921 -0.0179249
internal_weight=2367 1178 106 44 1072 1035 508 154 527 494 436 416 396 376
internal_count=2367 1178 106 44 1072 1035 508 154 527 494 436 416 396 376
is_linear=0
shrinkage=0.05


Tree=123
num_leaves=15
num_cat=0
split_feature=0 5 4 7 7 2 16 3 2 16 2 5 6 5
split_gain=77.2385 97.3581 121.759 120.617 346.38 164.097 194.294 184.537 329.248 153.585 98.7999 155.971 140.962 136.538
threshold=13.26993 59.299730000000004 0.74530550000000007 -22.316093499999997 -21.087831499999997 -22.284218999999997 201.50000000000003 -2.0414974999999997 -4.068132499999999 517.50000000000011 48.871490500000007 52.423532000000002 -11.897619999999998 32.137669500000008
decision_type=2 2 2 2 2 2 2 2 2 2 2 2 2 2
left_child=1 3 -3 5 -5 6 -1 8 -7 -9 11 12 -6 -14
right_child=-2 2 -4 4 10 7 -8 9 -10 -11 -12 -13 13 -15
leaf_value=0.13998285178095102 -0.087145417901100947 0.11495974474610426 -0.015536411908088308 0.19719174924221905 0.063692492731393144 -0.22779691626091264 -0.037598312169659975 0.078721839422360065 0.020079500769220649 -0.064156985359595103 0.082234561563852962 -0.13041644576781738 0.0010243272844407067 -0.035412476401577374
leaf_weight=24 27 39 33 22 78 37 43 26 21 68 34 24 1582 307
leaf_count=24 27 39 33 22 78 37 43 26 21 68 34 24 1582 307
internal_value=-0.00306173 -0.0020907 0.055149 -0.00390944 -0.000136263 -0.0391775 0.0260129 -0.0679127 -0.138049 -0.0246373 -0.00228007 -0.00372332 -0.00217749 -0.00489738
internal_weight=2365 2338 72 2266 2047 219 67 152 58 94 2025 1991 1967 1889
internal_count=2365 2338 72 2266 2047 219 67 152 58 94 2025 1991 1967 1889
is_linear=0
shrinkage=0.05


Tree=124
num_leaves=15
num_cat=0
split_feature=4 1 2 7 20 7 18 18 6 22 18 2 4 7
split_gain=82.2449 89.908 69.1296 295.195 150.291 186.499 162.214 370.027 280.076 490.747 247.304 245.155 239.855 142.049
threshold=1.7582275000000001 29.600102000000003 -8.0741974999999986 -10.9414605 1.0000000180025095e-35 -16.226709499999995 237.50000000000003 267.50000000000006 -10.035755499999999 1.0000000180025095e-35 162.50000000000003 -25.442755499999993 -0.23397249999999997 -14.655997999999999
decision_type=2 2 2 2 2 2 2 2 2 2 2 2 2 2
left_child=1 2 3 4 5 6 8 -8 9 11 -10 -1 -9 -7
right_child=-2 -3 -4 -5 -6 13 7 12 10 -11 -12 -13 -14 -15
leaf_value=-0.072035385034978403 0.10082931125536561 -0.10398837690729471 -0.0044416453385391283 0.14514369815587999 0.075058309240983084 -0.15268391839721626 0.23210747529874032 0.099071148224174982 0.18850250088033224 0.058407786969215642 -0.015369290989987992 -0.30906147503604497 -0.041934820135295592 -0.017271793306701713
leaf_weight=20 20 21 1858 41 65 34 23 50 21 31 51 24 76 45
leaf_count=20 20 21 1858 41 65 34 23 50 21 31 51 24 76 45
internal_value=-0.000137138 -0.000992786 -6.80715e-05 0.0168261 0.00486924 -0.00729686 0.0109195 0.0476844 -0.0263457 -0.0939672 0.0440933 -0.201322 0.0140199 -0.0755504
internal_weight=2380 2360 2339 481 440 375 296 149 147 75 72 44 126 79
internal_count=2380 2360 2339 481 440 375 296 149 147 75 72 44 126 79
is_linear=0
shrinkage=0.05


Tree=125
num_leaves=15
num_cat=0
split_feature=8 5 5 6 2 6 5 16 3 16 16 7 5 16
split_gain=103.278 438.174 351.921 187.154 114.422 276.119 258.009 311.242 225.147 202.678 264.76 288.406 184.266 337.711
threshold=62.500000000000007 33.586008000000014 17.614488500000004 -4.9639874999999991 -3.5429419999999996 -4.6712559999999987 30.342203000000001 198.50000000000003 -0.39514549999999998 201.50000000000003 402.50000000000006 -11.788986 23.553182500000002 402.50000000000006
decision_type=2 2 2 2 2 2 2 2 2 2 2 2 2 2
left_child=4 2 3 -2 5 6 12 -8 -9 -7 -11 -12 13 -1
right_child=1 -3 -4 -5 -6 9 7 8 -10 10 11 -13 -14 -15
leaf_value=0.0086684870196936225 0.051597386603302597 0.14645070566405213 -0.10832063004143477 -0.11962403871119023 -0.0035900403110496882 0.069521895276252618 -0.15822266350899425 0.13739046459509568 -0.021399027757022696 -0.12287073947696224 -0.055315892260383685 0.15009272193908693 0.12892613014671953 0.20299798033579633
leaf_weight=130 79 31 129 20 1546 43 28 33 69 72 54 25 100 27
leaf_count=130 79 31 129 20 1546 43 28 33 69 72 54 25 100 27
internal_value=-0.000110767 -0.0299215 -0.053902 0.0170072 0.00351922 0.0224365 0.0468413 -0.0105606 0.029974 -0.0262474 -0.0535194 0.00968683 0.0758773 0.0420882
internal_weight=2386 259 228 99 2127 581 387 130 102 194 151 79 257 157
internal_count=2386 259 228 99 2127 581 387 130 102 194 151 79 257 157
is_linear=0
shrinkage=0.05


Tree=126
num_leaves=15
num_cat=0
split_feature=16 16 12 5 7 6 7 7 16 20 16 16 16 7
split_gain=74.0906 83.6078 72.7279 109.955 78.2133 250.809 249.838 109.552 433.735 309.55 292.136 292.3 251.248 218.831
threshold=908.50000000000011 881.50000000000011 32.651457500000006 65.365225000000024 -5.1960904999999995 -2.0492264999999996 -5.5999814999999993 -8.467530499999997 705.50000000000011 1.0000000180025095e-35 109.50000000000001 294.50000000000006 237.50000000000003 -11.788986
decision_type=2 2 2 2 2 2 2 2 2 2 2 2 2 2
left_child=1 2 3 4 6 -6 7 13 9 10 -9 12 -12 -1
right_child=-2 -3 -4 -5 5 -7 -8 8 -10 -11 11 -13 -14 -15
leaf_value=-0.010959258480835213 -0.090234341573618038 0.085827409768743188 -0.093719779540385517 0.078032193472608924 0.044035677207489909 -0.07518371280144763 -0.1657387253517906 0.08776745423674584 -0.14328022358769721 0.036039897643473588 -0.067825077583150165 -0.013345724127337902 -0.25165676603860715 0.029578065574268814
leaf_weight=945 23 28 21 44 241 54 24 31 66 214 41 79 34 514
leaf_count=945 23 28 21 44 241 54 24 31 66 214 41 79 34 514
internal_value=-0.000932591 -5.33359e-05 -0.00109522 -0.000244707 -0.00178023 0.0222125 -0.00541362 -0.00341373 -0.0245476 -0.00490762 -0.0522739 -0.0804641 -0.151162 0.00332188
internal_weight=2359 2336 2308 2287 2243 295 1948 1924 465 399 185 154 75 1459
internal_count=2359 2336 2308 2287 2243 295 1948 1924 465 399 185 154 75 1459
is_linear=0
shrinkage=0.05


Tree=127
num_leaves=15
num_cat=0
split_feature=6 6 6 16 6 6 6 5 16 6 2 16 5 7
split_gain=65.7919 92.2366 380.91 237.54 266.048 256.187 243.418 198.644 667.016 317.348 289.704 308.62 346.883 762.302
threshold=-1.0896519999999998 -4.2854119999999991 -4.339736499999999 592.50000000000011 -4.0103009999999992 -3.8619294999999996 -4.1072144999999987 18.469526500000004 406.50000000000006 -6.1392874999999991 1.1328295000000002 237.50000000000003 23.759666000000006 -13.582623499999999
decision_type=2 2 2 2 2 2 2 2 2 2 2 2 2 2
left_child=1 2 7 4 6 -6 -3 8 -1 10 11 -9 -13 -14
right_child=-2 3 -4 -5 5 -7 -8 9 -10 -11 -12 12 13 -15
leaf_value=0.0095114282127397864 0.05730265895448005 -0.049383258447051048 0.17589646521955729 0.021453346970501424 0.086926217083918289 -0.036763843572054145 -0.25490754350274802 -0.015555356714773823 0.23383482327488694 -0.052826052798079462 -0.02152534557202011 -0.039118722844868899 0.044493381309284437 0.26182794694498818
leaf_weight=259 48 34 32 271 47 383 25 185 38 292 452 60 169 53
leaf_count=259 48 34 32 271 47 383 25 185 38 292 452 60 169 53
internal_value=-0.000633624 -0.00184273 0.0051913 -0.0160959 -0.0369054 -0.0232442 -0.13647 0.00156891 0.0382127 -0.00741806 0.00700973 0.0346283 0.0675501 0.0963796
internal_weight=2348 2300 1540 760 489 430 59 1508 297 1211 919 467 282 222
internal_count=2348 2300 1540 760 489 430 59 1508 297 1211 919 467 282 222
is_linear=0
shrinkage=0.05


Tree=128
num_leaves=15
num_cat=0
split_feature=16 16 16 7 3 7 1 7 7 16 16 27 7 16
split_gain=85.7493 117.207 151.188 212.602 277.337 162.308 128.778 211.729 126.394 113.707 97.7278 292.105 782.014 652.867
threshold=37.500000000000007 105.50000000000001 180.50000000000003 -16.829162499999999 -4.8245629999999986 -12.228303499999997 -8.6664774999999974 -19.595347499999999 -10.241358999999997 162.50000000000003 294.50000000000006 1.0000000180025095e-35 -9.3348469999999981 234.50000000000003
decision_type=2 2 2 2 2 2 2 2 2 2 2 2 2 2
left_child=-1 6 3 -3 -5 9 -2 -8 -9 -6 11 12 13 -4
right_child=1 2 10 4 5 -7 7 8 -10 -11 -12 -13 -14 -15
leaf_value=-0.078985611168558123 -0.063676227334265909 -0.1561877974958131 -0.041709514395018715 0.14834612167694353 0.036393785586749966 -0.08750008529713077 0.19009533111865706 -0.072846751465745596 0.059612902859786911 -0.06839519647033647 -0.0030285112429379278 0.096910347048049947 -0.17887126604715986 0.11744217406250537
leaf_weight=34 24 33 133 22 77 93 26 23 83 39 1505 104 51 125
leaf_count=34 24 33 133 22 77 93 26 23 83 39 1505 104 51 125
internal_value=-0.000152112 0.000994312 -0.00199906 -0.0374742 -0.0205151 -0.0382899 0.0428631 0.0622339 0.0308717 0.00116301 0.00288386 0.0244289 3.38892e-05 0.0353989
internal_weight=2372 2338 2182 264 231 209 156 132 106 116 1918 413 309 258
internal_count=2372 2338 2182 264 231 209 156 132 106 116 1918 413 309 258
is_linear=0
shrinkage=0.05


Tree=129
num_leaves=15
num_cat=0
split_feature=10 2 7 4 4 7 2 7 16 1 20 16 16 0
split_gain=84.5624 161.148 134.149 96.7527 119.079 217.533 199.911 238.288 185.431 205.826 110.421 136.836 167.3 109.556
threshold=1.0000000180025095e-35 34.978512500000008 -9.9768264999999978 -0.068239999999999981 0.086787500000000004 -13.582623499999999 14.614225000000003 -10.732265999999997 406.50000000000006 3.6174000000000004 1.0000000180025095e-35 282.50000000000006 514.50000000000011 2.6389020000000003
decision_type=2 2 2 2 2 2 2 2 2 2 2 2 2 2
left_child=3 -2 -3 -1 -5 10 7 -7 -9 -10 11 -6 -13 -11
right_child=1 2 -4 4 5 6 -8 8 9 13 -12 12 -14 -15
leaf_value=0.0082250928518432485 0.005344432072239072 0.014710574994484586 0.16423715869585676 -0.056540706902954055 -0.02711881204505473 0.155151099672443 -0.027841622922569517 -0.052651489994698958 0.19209009524096143 -0.025577883081914821 0.0097944813807095809 -0.24916493672391643 -0.068590420282221051 0.081833592178516615
leaf_weight=478 1109 30 30 176 42 38 200 62 22 53 35 23 29 43
leaf_count=478 1109 30 30 176 42 38 200 62 22 53 35 23 29 43
internal_value=8.94353e-05 0.00966245 0.0894739 -0.00922851 -0.0207677 -0.00925754 0.00825891 0.0413787 0.01736 0.0541458 -0.0660163 -0.0942437 -0.14846 0.0225335
internal_weight=2370 1169 60 1201 723 547 418 218 180 118 129 94 52 96
internal_count=2370 1169 60 1201 723 547 418 218 180 118 129 94 52 96
is_linear=0
shrinkage=0.05


Tree=130
num_leaves=15
num_cat=0
split_feature=0 4 2 6 7 7 6 6 5 8 1 4 2 7
split_gain=75.0368 181.173 193.128 113.871 268.452 287.709 218.25 317.167 206.39 202.837 185.055 176.478 265.441 169.83
threshold=-0.28199549999999995 0.60796900000000009 26.125278000000005 -7.4960949999999995 -12.973799999999999 -13.582623499999999 -6.8751284999999998 -6.9740904999999991 46.055489000000009 47.500000000000007 2.6808590000000003 -0.14253199999999996 -0.34459949999999995 -14.943362999999998
decision_type=2 2 2 2 2 2 2 2 2 2 2 2 2 2
left_child=1 2 -1 4 5 13 7 10 11 -6 -5 -8 -13 -2
right_child=3 -3 -4 6 9 -7 8 -9 -10 -11 -12 12 -14 -15
leaf_value=-0.00040936706378503248 -0.0061184884694160365 0.093260220829397444 0.11446645812768685 -0.058539362207931635 -0.026860187297264634 0.15985019225627184 0.06436024617490381 0.24497772976756096 -0.14928841878473761 -0.16674821822988717 0.11339095954237313 -0.06461757607823447 0.0052122829725231874 -0.14524057430028917
leaf_weight=984 179 60 38 34 49 24 86 21 25 55 29 178 578 25
leaf_count=984 179 60 38 34 49 24 86 21 25 55 29 178 578 25
internal_value=-0.000878869 0.00881934 0.00386195 -0.00905771 -0.0342684 -0.00390272 -0.000256495 0.0766968 -0.00771218 -0.100839 0.0206032 -0.00350861 -0.0112291 -0.0231678
internal_weight=2365 1082 1022 1283 332 228 951 84 867 104 63 842 756 204
internal_count=2365 1082 1022 1283 332 228 951 84 867 104 63 842 756 204
is_linear=0
shrinkage=0.05


Tree=131
num_leaves=15
num_cat=0
split_feature=6 7 16 16 0 6 16 16 16 6 6 16 2 7
split_gain=74.1347 249.402 149.085 488.677 149.487 141.286 254.537 498.863 404.045 207.571 235.743 207.088 192.636 163.131
threshold=-7.4960949999999995 -7.8904974999999995 73.500000000000014 101.50000000000001 9.7421325000000021 -6.1392874999999991 270.50000000000006 568.50000000000011 520.50000000000011 -5.864346499999999 -5.7309919999999996 89.500000000000014 0.22734500000000002 -15.220165999999997
decision_type=2 2 2 2 2 2 2 2 2 2 2 2 2 2
left_child=1 2 -1 -4 -5 6 11 8 -8 -7 -11 -2 -9 -12
right_child=5 -3 3 4 -6 9 7 12 -10 10 13 -13 -14 -15
leaf_value=-0.099490528553156418 0.10084104693748736 -0.18594501104205849 0.2361190201271148 -0.004250904707131303 -0.13139908793382346 -0.074522321902472405 0.084876941572321521 0.089698987202076572 0.30262140731016796 0.1487984700128436 -0.044500041620497324 -0.075024464058556728 -0.063553697195436284 0.0092318930802119305
leaf_weight=41 22 20 21 628 24 87 101 29 27 28 163 70 70 1059
leaf_count=41 22 20 21 628 24 87 101 29 27 28 163 70 70 1059
internal_value=0.00142509 -0.011802 -0.00692403 -0.00128476 -0.00893121 0.00728782 0.037187 0.0656205 0.130807 0.000154064 0.00535154 -0.0329697 -0.0186615 0.0020647
internal_weight=2390 734 714 673 652 1656 319 227 128 1337 1250 92 99 1222
internal_count=2390 734 714 673 652 1656 319 227 128 1337 1250 92 99 1222
is_linear=0
shrinkage=0.05


Tree=132
num_leaves=15
num_cat=0
split_feature=0 5 5 6 6 0 19 7 13 16 16 7 7 16
split_gain=71.2278 78.9705 143.795 190.555 143.704 112.822 104.651 619.502 336.402 427.669 315.641 296.705 341.566 293.595
threshold=12.141447500000002 41.08008250000001 38.488631500000004 -9.7428934999999992 -4.0103009999999992 6.9063810000000005 1.0000000180025095e-35 -12.790780999999997 8.4089595000000017 520.50000000000011 445.50000000000006 -11.407440499999998 -11.758550499999998 276.50000000000006
decision_type=2 2 2 2 2 2 2 2 2 2 2 2 2 2
left_child=1 2 6 -4 5 -3 7 8 9 10 -1 12 -8 -9
right_child=-2 4 3 -5 -6 -7 11 13 -10 -11 -12 -13 -14 -15
leaf_value=-0.11747832083551402 -0.070762417258487809 0.026447873952113878 0.012162899795700522 -0.15180905644555351 0.12262447598305615 -0.062137300859010494 0.029951820016032329 -0.10387752331994676 0.042079084959565381 -0.021605086285661865 -0.30273827871968673 -0.0093834748339033172 0.23191943216052924 0.046079990965573102
leaf_weight=89 36 219 34 37 33 43 432 37 49 91 31 952 22 277
leaf_count=89 36 219 34 37 33 43 432 37 49 91 31 952 22 277
internal_value=-0.000965435 0.000105619 -0.00337348 -0.0732873 0.0242942 0.0119091 -0.00086647 -0.0188571 -0.0759409 -0.103348 -0.165337 0.0064782 0.0397388 0.0284098
internal_weight=2382 2346 2051 71 295 262 1980 574 260 211 120 1406 454 314
internal_count=2382 2346 2051 71 295 262 1980 574 260 211 120 1406 454 314
is_linear=0
shrinkage=0.05


Tree=133
num_leaves=15
num_cat=0
split_feature=3 2 7 16 7 16 5 5 1 8 16 16 16 16
split_gain=74.5159 164.989 172.995 199.563 155.407 254.562 150.204 148.672 111.754 85.3812 160.536 841.296 427.622 396.235
threshold=5.6064415000000007 18.061485500000007 -11.015853999999999 568.50000000000011 -14.923908999999998 210.50000000000003 54.346298000000012 27.386833000000003 18.227150500000004 57.500000000000007 469.50000000000006 496.50000000000006 410.50000000000006 583.50000000000011
decision_type=2 2 2 2 2 2 2 2 2 2 2 2 2 2
left_child=6 4 -3 -4 5 -2 9 -6 -9 -1 12 -12 -11 -13
right_child=1 2 3 -5 7 -7 -8 8 -10 10 11 13 -14 -15
leaf_value=0.005112350007098 0.10756177432835101 -0.12421950370309845 0.10390274286270143 -0.059217962255080539 -0.039873987684647248 -0.10835553319301716 0.08946243428644983 0.19171867656707764 0.033148276611464099 -0.014791877507553276 -0.32073700468127547 0.1082212129364843 0.20781243131698474 -0.078649938801253164
leaf_weight=1490 20 63 25 75 21 43 47 25 20 348 26 46 23 74
leaf_count=1490 20 63 25 75 21 43 47 25 20 348 26 46 23 74
internal_value=-0.00225316 -0.0258873 -0.0593227 -0.0184378 0.0163607 -0.0398104 0.0011067 0.0699785 0.121243 -0.000962415 -0.01847 -0.0628841 -0.00099161 -0.007016
internal_weight=2346 292 163 100 129 63 2054 66 45 2007 517 146 371 120
internal_count=2346 292 163 100 129 63 2054 66 45 2007 517 146 371 120
is_linear=0
shrinkage=0.05


Tree=134
num_leaves=15
num_cat=0
split_feature=10 1 0 2 0 0 0 16 7 16 2 2 2 7
split_gain=93.276 189.59 134.293 90.9243 122.77 187.515 85.035 125.737 100.503 87.1309 71.8528 82.8665 87.4874 66.939
threshold=2.5000000000000004 13.843662 2.5397250000000002 -19.718244499999994 -4.4094279999999992 -7.4057129999999995 -5.121310499999999 553.50000000000011 -32.354953999999992 900.50000000000011 18.061485500000007 5.9682405000000012 9.2927245000000021 -26.633228999999996
decision_type=2 2 2 2 2 2 2 2 2 2 2 2 2 2
left_child=6 2 3 -2 5 -5 7 -1 -8 13 11 -6 -13 -10
right_child=1 -3 -4 4 10 -7 8 -9 9 -11 -12 12 -14 -15
leaf_value=0.0022732559302500611 0.10809419640788326 0.16951251067221165 -0.090060668960213669 0.074938763615985712 0.03191316975115515 -0.091666114983851466 -0.1112791239567425 0.13289515098073967 0.06682325697620399 -0.10728236497158097 0.098346134401377183 -0.08504057211535318 0.019375354527158939 -0.0061856203998447989
leaf_weight=58 27 20 30 24 282 57 23 27 32 21 31 35 47 1662
leaf_count=58 27 20 30 24 282 57 23 27 32 21 31 35 47 1662
internal_value=0.000390788 0.0183779 0.0127068 0.0188361 0.0137732 -0.0423017 -0.00506554 0.0437649 -0.00745369 -0.00606127 0.0252721 0.0190487 -0.0251924 -0.00480647
internal_weight=2376 553 533 503 476 81 1823 85 1738 1715 395 364 82 1694
internal_count=2376 553 533 503 476 81 1823 85 1738 1715 395 364 82 1694
is_linear=0
shrinkage=0.05


Tree=135
num_leaves=15
num_cat=0
split_feature=7 6 0 7 0 0 6 7 6 12 5 4 7 7
split_gain=78.7544 301.462 241.403 180.938 169.511 158.163 137.344 126.493 117.7 173.888 170.708 271.152 232.522 480.63
threshold=-9.241877999999998 -6.7229154999999992 1.2398425000000002 -9.9768264999999978 4.6890255000000005 4.316625000000001 -6.8751284999999998 -9.6145504999999982 -5.0822129999999994 1.3801125000000003 17.798780000000004 -0.21597049999999998 -13.389685999999998 -14.092502499999998
decision_type=2 2 2 2 2 2 2 2 2 2 2 2 2 2
left_child=3 2 -2 4 8 6 -5 -8 9 10 11 -1 13 -12
right_child=1 -3 -4 5 -6 -7 7 -9 -10 -11 12 -13 -14 -15
leaf_value=0.013121351194641893 -0.047736345330179723 -0.00027272345415625373 -0.22684853652119641 0.12909269728032607 -0.042511608650426524 0.17639452047072923 0.090173973143100744 -0.056325865318862404 -0.017787023090123612 0.06395488014670811 0.0071536147716325174 0.19787832251910509 -0.044224002631935516 0.24273525418146799
leaf_weight=63 76 781 25 28 178 26 23 41 288 173 369 29 210 23
leaf_count=63 76 781 25 28 178 26 23 41 288 173 369 29 210 23
internal_value=0.000998053 -0.0107848 -0.092071 0.00816032 0.00290708 0.0675042 0.0367308 -0.00367749 0.00990667 0.019106 0.00792604 0.07136 -0.00176818 0.020976
internal_weight=2333 882 101 1451 1333 118 92 64 1155 867 694 92 602 392
internal_count=2333 882 101 1451 1333 118 92 64 1155 867 694 92 602 392
is_linear=0
shrinkage=0.05


Tree=136
num_leaves=15
num_cat=0
split_feature=0 2 4 16 16 5 6 16 4 26 1 16 5 16
split_gain=60.0778 95.3573 58.3626 55.7465 177.222 285.342 189.592 104.882 273.84 406.13 460.74 306.474 693.849 326.907
threshold=12.141447500000002 67.633209000000008 1.3270845000000002 186.50000000000003 162.50000000000003 28.135441000000004 -12.148921499999998 300.50000000000006 0.68701500000000004 1.0000000180025095e-35 2.2407505000000003 246.50000000000003 25.265975500000003 270.50000000000006
decision_type=2 2 2 2 2 2 2 2 2 2 2 2 2 2
left_child=1 2 3 4 6 -6 -1 8 9 10 -5 -11 -13 -14
right_child=-2 -3 -4 7 5 -7 -8 -9 -10 11 -12 12 13 -15
leaf_value=0.1296125219705013 -0.06309004395281792 0.093714147832776817 0.066899821162223816 0.13767097918674923 -0.0020190929546952249 -0.18517743218690158 -0.010473287275047316 -0.0025001404228453669 0.18344283121136518 -0.090995601940408566 -0.022503564893444884 -0.14579472147649336 0.26795472203354753 0.0032821196317672735
leaf_weight=26 36 28 33 104 50 37 340 1423 26 108 79 31 28 20
leaf_count=26 36 28 33 104 50 37 340 1423 26 108 79 31 28 20
internal_value=0.00100885 0.00199795 0.000883822 -7.50372e-05 -0.0157693 -0.079914 -0.000521836 0.00383344 0.0265927 0.0155708 0.0685246 -0.0362502 0.0385916 0.157674
internal_weight=2369 2333 2305 2272 453 87 366 1819 396 370 183 187 79 48
internal_count=2369 2333 2305 2272 453 87 366 1819 396 370 183 187 79 48
is_linear=0
shrinkage=0.05


Tree=137
num_leaves=15
num_cat=0
split_feature=8 16 16 7 6 12 7 7 4 6 6 6 2 2
split_gain=70.4798 113.546 253.298 189.916 92.2841 83.7202 69.3611 129.247 92.5433 69.3487 58.201 83.37 57.4226 56.166
threshold=37.500000000000007 613.50000000000011 556.50000000000011 -16.334850999999997 -1.0896519999999998 4.8860585000000016 -3.8766169999999995 -4.341185499999999 0.069143500000000011 -2.6964894999999998 -4.9181749999999989 -2.3363894999999997 5.5422305000000014 1.1328295000000002
decision_type=2 2 2 2 2 2 2 2 2 2 2 2 2 2
left_child=1 2 3 -1 6 -3 7 13 -9 12 -7 -12 -5 -2
right_child=4 5 -4 9 -6 10 -8 8 -10 -11 11 -13 -14 -15
leaf_value=-0.16256139906389375 0.010555478903800083 0.08996381291833061 -0.20126243721072876 0.10627465896308422 0.10582295888188212 -0.086702011823654182 -0.052514960212019193 0.015281841626856477 0.16556477986630941 -0.04304588041553388 0.037708374666670957 -0.048376856731871767 0.0033386100460553454 -0.0067070352129488088
leaf_weight=21 1013 26 24 20 22 20 55 20 21 49 75 45 42 881
leaf_count=21 1013 26 24 20 22 20 55 20 21 49 75 45 42 881
internal_value=0.000503277 -0.0212156 -0.0518437 -0.0246767 0.00397917 0.0075674 0.00285325 0.00442703 0.092256 0.00140961 -0.00773479 0.00542641 0.0365438 0.00252577
internal_weight=2334 322 156 132 2012 166 1990 1935 41 111 140 120 62 1894
internal_count=2334 322 156 132 2012 166 1990 1935 41 111 140 120 62 1894
is_linear=0
shrinkage=0.05


Tree=138
num_leaves=15
num_cat=0
split_feature=16 16 7 6 7 5 16 7 5 16 16 16 16 16
split_gain=61.2387 110.468 57.9836 185.338 178.967 158.093 457.919 342.175 299.581 252.214 154.133 399.839 569.455 431.323
threshold=900.50000000000011 881.50000000000011 -9.1939424999999986 -6.7229154999999992 -9.9768264999999978 20.564629500000002 386.50000000000006 -17.350773999999998 23.553182500000002 351.50000000000006 402.50000000000006 234.50000000000003 273.50000000000006 324.50000000000006
decision_type=2 2 2 2 2 2 2 2 2 2 2 2 2 2
left_child=1 2 4 -4 5 6 9 -8 -7 -1 11 -10 -13 -14
right_child=-2 -3 3 -5 -6 8 7 -9 10 -11 -12 12 13 -15
leaf_value=0.021776507019163355 -0.068354469002224513 0.11257580939842307 -0.076638843182114558 3.5620488254168373e-05 0.065219641507669221 -0.072916397254448387 -0.0097035456650579974 0.19654425370094719 -0.015683404732160129 -0.11933201174251735 -0.016748430766068356 0.20123722201096828 -0.065834262696028295 0.11375683913938701
leaf_weight=152 30 23 88 755 127 144 30 61 261 40 428 64 70 64
leaf_count=152 30 23 88 755 127 144 30 61 261 40 428 64 70 64
internal_value=0.00262242 0.00354539 0.00244745 -0.00796836 0.0085408 0.00306271 0.0361655 0.12855 -0.0060237 -0.0076211 0.00483599 0.0249626 0.0785415 0.0199406
internal_weight=2337 2307 2284 843 1441 1314 283 91 1031 192 887 459 198 134
internal_count=2337 2307 2284 843 1441 1314 283 91 1031 192 887 459 198 134
is_linear=0
shrinkage=0.05


Tree=139
num_leaves=15
num_cat=0
split_feature=7 5 7 7 8 18 18 5 18 7 2 5 18 5
split_gain=59.9509 121.917 91.2809 124.861 112.078 108.551 79.3251 309.422 313.84 609.543 1210.18 278.126 266.982 254.425
threshold=-3.2281234999999993 20.217179000000005 -3.8766169999999995 -3.9591564999999993 32.500000000000007 625.50000000000011 481.50000000000006 38.488631500000004 562.50000000000011 -13.835873499999998 2.6366250000000004 30.052143500000003 442.50000000000006 32.975866000000003
decision_type=2 2 2 2 2 2 2 2 2 2 2 2 2 2
left_child=2 -2 3 4 5 -1 12 8 9 11 -11 -8 -6 -12
right_child=1 -3 -4 -5 6 -7 7 -9 -10 10 13 -13 -14 -15
leaf_value=-0.11068934250903445 -0.023978977597185546 0.14851330816745759 -0.057477723863785683 0.095996512869811243 -7.5028145683239412e-05 -0.0086701802894822329 -0.18995339527726174 -0.051254593326464405 0.010372178375806887 0.49433477466756648 0.1286327706685044 0.04773214082233608 -0.099691570833535262 -0.080661810673773301
leaf_weight=44 21 20 69 34 1277 64 20 144 477 22 53 32 71 20
leaf_count=44 21 20 69 34 1277 64 20 144 477 22 53 32 71 20
internal_value=0.000228203 0.0601636 -0.000827814 0.000903295 -0.000550468 -0.0502335 0.00198534 0.0148111 0.030057 0.0939322 0.16926 -0.0436854 -0.00532189 0.0712918
internal_weight=2368 41 2327 2258 2224 108 2116 768 624 147 95 52 1348 73
internal_count=2368 41 2327 2258 2224 108 2116 768 624 147 95 52 1348 73
is_linear=0
shrinkage=0.05


Tree=140
num_leaves=15
num_cat=0
split_feature=10 4 0 3 13 0 5 7 8 16 16 1 16 4
split_gain=103.383 140.855 185.273 84.7162 152.84 93.3423 95.3463 136.223 101.128 78.566 107.489 172.819 103.568 81.4634
threshold=2.5000000000000004 0.66954650000000016 2.5397250000000002 -8.086018499999998 9.9539965000000024 -5.6447874999999987 24.381227500000005 -18.846248999999997 52.500000000000007 386.50000000000006 439.50000000000006 -1.5786904999999998 101.50000000000001 -0.047935999999999993
decision_type=2 2 2 2 2 2 2 2 2 2 2 2 2 2
left_child=-1 2 3 -2 5 -5 9 -8 -9 12 -11 -12 -7 -14
right_child=1 -3 -4 4 -6 6 7 8 -10 10 11 -13 13 -15
leaf_value=-0.0038590550611859579 0.10140599286363972 0.12274696710519493 -0.11813498997688295 -0.069412876321719247 -0.11258757700296967 0.071096685105426757 0.18169518599419721 0.09282077694127415 -0.0092903737083305515 0.14983835542574525 -0.073075329605489972 0.067505761997207356 0.0028538547770315132 -0.075501585758670609
leaf_weight=1794 31 32 25 26 22 33 21 48 49 20 32 69 86 54
leaf_count=1794 31 32 25 26 22 33 21 48 49 20 32 69 86 54
internal_value=0.001947 0.0209544 0.0146417 0.0214022 0.0160106 0.0224699 0.0282683 0.0662353 0.0412389 0.0130299 0.043936 0.0229652 -0.00858649 -0.027369
internal_weight=2342 548 516 491 460 438 412 118 97 294 121 101 173 140
internal_count=2342 548 516 491 460 438 412 118 97 294 121 101 173 140
is_linear=0
shrinkage=0.05


Tree=141
num_leaves=15
num_cat=0
split_feature=16 16 16 2 8 8 16 16 5 7 16 7 2 16
split_gain=62.4365 213.182 378.193 384.449 204.507 167.571 205.526 161.791 161.393 123.153 168.026 121.209 272.575 308.957
threshold=598.50000000000011 559.50000000000011 541.50000000000011 5.4195675000000003 47.500000000000007 57.500000000000007 625.50000000000011 529.50000000000011 19.075489500000003 -4.341185499999999 475.50000000000006 -7.8904974999999995 25.688312000000003 765.50000000000011
decision_type=2 2 2 2 2 2 2 2 2 2 2 2 2 2
left_child=1 2 7 -4 -3 6 8 9 -2 -1 -11 12 13 -8
right_child=5 4 3 -5 -6 -7 11 -9 -10 10 -12 -13 -14 -15
leaf_value=-0.0053494737556652946 0.21325955736295632 -0.14516804933219271 0.25386439403197886 -0.01986927936035816 -0.001375556629500352 -0.061794205216261056 0.10327244479263174 -0.11927778214216232 0.033453030920085995 0.11581897195808742 -0.034430690805117285 -0.013067590189865858 -0.10151891796558631 -0.0093472660705554
leaf_weight=1445 24 51 29 23 48 65 138 30 26 49 30 233 32 109
leaf_count=1445 24 51 29 23 48 65 138 30 26 49 30 233 32 109
internal_value=0.000720471 -0.00424084 0.000148792 0.13279 -0.0754505 0.0142118 0.0230025 -0.00428965 0.11976 -0.0020261 0.0587621 0.0135535 0.0357854 0.0535739
internal_weight=2332 1705 1606 52 99 627 562 1554 50 1524 79 512 279 247
internal_count=2332 1705 1606 52 99 627 562 1554 50 1524 79 512 279 247
is_linear=0
shrinkage=0.05


Tree=142
num_leaves=15
num_cat=0
split_feature=7 7 7 8 16 16 16 7 0 12 16 16 4 5
split_gain=63.1792 102.604 178.478 97.2403 99.5978 183.524 118.95 111.08 90.5152 145.047 249.243 294.216 154.228 128.047
threshold=-3.2281234999999993 -3.8766169999999995 -3.9591564999999993 37.500000000000007 586.50000000000011 556.50000000000011 805.50000000000011 -13.582623499999999 12.141447500000002 9.9375405000000026 306.50000000000006 237.50000000000003 0.7020145000000001 54.91555300000001
decision_type=2 2 2 2 2 2 2 2 2 2 2 2 2 2
left_child=1 2 3 4 5 7 -6 -1 9 13 11 -11 -13 -5
right_child=-2 -3 -4 8 6 -7 -8 -9 -10 10 -12 12 -14 -15
leaf_value=-0.13503711306997998 0.064496704362905943 -0.062108830039505847 0.11100224963313826 -0.00070900556961564227 0.025098486129371895 -0.19789917789399625 -0.10794621946290135 -0.010229476152156343 -0.075641714621867459 0.02148507580575016 -0.0080285376888957431 0.1120100195563975 0.3060178202390671 0.098711900888575302
leaf_weight=22 39 64 37 1740 105 20 20 94 35 45 94 21 20 33
leaf_count=22 39 64 37 1740 105 20 20 94 35 45 94 21 20 33
internal_value=0.00137908 0.000331591 0.0020797 0.000287737 -0.028406 -0.0580174 0.00381133 -0.0338999 0.00405487 0.00548312 0.0482484 0.10976 0.206648 0.00114147
internal_weight=2389 2350 2286 2249 261 136 125 116 1988 1953 180 86 41 1773
internal_count=2389 2350 2286 2249 261 136 125 116 1988 1953 180 86 41 1773
is_linear=0
shrinkage=0.05


Tree=143
num_leaves=15
num_cat=0
split_feature=3 5 6 6 2 24 0 0 2 5 16 0 6 6
split_gain=71.1909 121.376 97.9161 279.001 148.747 140.127 108.894 102.674 73.3805 81.3887 116.294 70.4756 65.078 455.31
threshold=5.6064415000000007 59.299730000000004 -4.3553669999999984 -3.6075409999999994 18.061485500000007 1.0000000180025095e-35 7.0338185000000006 6.9063810000000005 34.684217000000011 38.775022000000007 833.50000000000011 4.2568580000000003 -6.8959089999999987 -6.8751284999999998
decision_type=2 2 2 2 2 2 2 2 2 2 2 2 2 2
left_child=1 8 4 6 5 -2 -4 -6 12 10 -10 -5 -1 -14
right_child=2 -3 3 11 7 -7 -8 -9 9 -11 -12 -13 13 -15
leaf_value=-0.013984132639300449 0.074527858223976381 0.09519248148974252 0.023014058619737626 0.0078243395224923181 -0.049598891288042068 -0.060775353278964765 0.18098503934840363 -0.17632082295754264 -0.057684920206665991 0.13599588438868523 0.10192030256702787 -0.076917802201489277 0.20082218765184801 0.00038016189234156962
leaf_weight=704 31 34 20 42 33 50 24 31 25 20 21 59 29 1229
leaf_count=704 31 34 20 42 33 50 24 31 25 20 21 59 29 1229
internal_value=-0.00175843 0.00150383 -0.0249542 0.00409927 -0.0540077 -0.00899264 0.10918 -0.11098 -6.68866e-05 0.0517897 0.0151783 -0.0416785 -0.0018113 0.00500084
internal_weight=2352 2062 290 145 145 81 44 64 2028 66 46 101 1962 1258
internal_count=2352 2062 290 145 145 81 44 64 2028 66 46 101 1962 1258
is_linear=0
shrinkage=0.05


Tree=144
num_leaves=15
num_cat=0
split_feature=3 2 2 3 6 0 2 7 0 16 19 16 7 6
split_gain=56.761 121.169 70.2538 80.5265 72.7603 68.5185 209.423 222.304 163.329 94.7798 78.5026 72.3346 178.988 226.243
threshold=13.877089000000003 28.646576500000005 48.871490500000007 11.593763000000001 -9.3673184999999979 4.6063125000000005 16.667897500000006 -13.582623499999999 5.6854545000000014 279.50000000000006 1.0000000180025095e-35 481.50000000000006 -3.9591564999999993 -4.2854119999999991
decision_type=2 2 2 2 2 2 2 2 2 2 2 2 2 2
left_child=2 -2 3 5 -4 11 7 9 -9 -7 -11 12 13 -1
right_child=1 -3 4 -5 -6 6 -8 8 -10 10 -12 -13 -14 -15
leaf_value=0.0058934325855038621 0.029462278837507423 -0.13467125963905585 0.0016313449080501284 0.09610052197240293 0.11666840846063915 0.019262933511553067 -0.094934688045366394 -0.017486343532800677 0.1407942636583287 -0.16194252248691476 -0.026496182009577752 0.014266492783565869 0.13016926813870669 -0.042954919318488792
leaf_weight=848 22 23 28 22 27 28 74 28 39 23 20 819 24 329
leaf_count=848 22 23 28 22 27 28 74 28 39 23 20 819 24 329
internal_value=0.00118751 -0.0544282 0.0022714 0.000909027 0.0581041 -2.92408e-05 -0.027071 0.0093197 0.0746471 -0.0523273 -0.0989442 0.0028088 -0.00500456 -0.00776086
internal_weight=2354 45 2309 2254 55 2232 212 138 67 71 43 2020 1201 1177
internal_count=2354 45 2309 2254 55 2232 212 138 67 71 43 2020 1201 1177
is_linear=0
shrinkage=0.05


Tree=145
num_leaves=15
num_cat=0
split_feature=16 16 16 16 4 5 3 3 8 7 16 0 7 5
split_gain=67.6422 105.492 148.961 96.6516 217.7 74.7197 74.7158 85.6848 67.0899 192.987 200.512 168.442 123.282 209.568
threshold=43.500000000000007 105.50000000000001 120.50000000000001 67.500000000000014 -0.098026499999999975 24.853323000000003 13.877089000000003 11.593763000000001 57.500000000000007 -16.226709499999995 180.50000000000003 0.37907000000000007 -22.316093499999997 33.18941550000001
decision_type=2 2 2 2 2 2 2 2 2 2 2 2 2 2
left_child=-1 3 -3 5 -5 -2 7 8 -4 10 -10 -11 13 -12
right_child=1 2 6 4 -6 -7 -8 -9 9 11 12 -13 -14 -15
leaf_value=-0.062541057076305154 0.047512725063345654 -0.092760409845246208 0.0039989953861607076 0.18991803427537282 0.024050042788321908 -0.080057565091798705 -0.071261591222640627 0.094347386124233407 -0.088617716303893507 -0.021251795180852257 -0.11888469513505698 -0.11327658749762036 0.12030806374184939 0.078535065525097814
leaf_weight=44 22 45 1626 27 74 24 37 24 28 236 20 63 49 41
leaf_count=44 22 45 1626 27 74 24 37 24 28 236 20 63 49 41
internal_value=-0.0011273 3.94599e-05 -0.00273859 0.0410299 0.068391 -0.0190457 -0.000831347 0.000417297 -0.000675443 -0.0180682 0.0308409 -0.0406416 0.0612485 0.0138073
internal_weight=2360 2316 2169 147 101 46 2124 2087 2063 437 138 299 110 61
internal_count=2360 2316 2169 147 101 46 2124 2087 2063 437 138 299 110 61
is_linear=0
shrinkage=0.05


Tree=146
num_leaves=15
num_cat=0
split_feature=7 5 16 1 7 1 6 7 24 3 5 16 6 1
split_gain=63.6056 151.601 199.169 180.277 140.275 115.488 166.964 147.47 145.666 91.4749 86.1608 133.627 130.722 126.677
threshold=-24.520225499999995 33.18941550000001 213.50000000000003 -7.1067814999999994 -19.412206999999999 -8.9991029999999981 -4.9709334999999983 -22.489228499999996 1.0000000180025095e-35 -0.67263699999999982 52.423532000000002 342.50000000000006 -11.897619999999998 -9.6901589999999995
decision_type=2 2 2 2 2 2 2 2 2 2 2 2 2 2
left_child=1 3 -3 -1 5 7 8 -2 -7 -5 12 -12 13 -6
right_child=4 2 -4 9 10 6 -8 -9 -10 -11 11 -13 -14 -15
leaf_value=-0.21234219216741623 -0.090082038273768761 0.13938263328341038 -0.024769435724877616 0.044814850154909353 -0.019246366185446583 0.19227672096134887 -0.010721060134366984 0.087683966979384423 0.050039629850329628 -0.091246793381869806 -0.0077372610264894925 -0.15382737951434178 -0.0010948987011527862 0.1260563436895609
leaf_weight=20 28 23 94 21 24 36 36 20 36 30 49 23 1883 40
leaf_count=20 28 23 94 21 24 36 36 20 36 30 49 23 1883 40
internal_value=0.000425155 -0.0274769 0.00749977 -0.0851146 0.00283692 0.048518 0.0771984 -0.0160129 0.121158 -0.0352214 -0.000692674 -0.0544049 0.0012936 0.0715678
internal_weight=2363 188 117 71 2175 156 108 48 72 51 2019 72 1947 64
internal_count=2363 188 117 71 2175 156 108 48 72 51 2019 72 1947 64
is_linear=0
shrinkage=0.05


Tree=147
num_leaves=15
num_cat=0
split_feature=3 4 2 3 2 3 7 16 16 1 3 7 22 7
split_gain=59.8845 113.874 77.682 108.2 70.2445 210.913 148.438 218.725 242.543 122.358 133.308 128.247 118.604 109.956
threshold=13.877089000000003 1.2721910000000003 48.871490500000007 11.593763000000001 10.188336500000002 0.42119500000000004 -12.973799999999999 637.50000000000011 517.50000000000011 8.7168470000000031 6.7232870000000009 -4.6002634999999996 1.0000000180025095e-35 -9.8848719999999997
decision_type=2 2 2 2 2 2 2 2 2 2 2 2 2 2
left_child=2 -2 3 4 -1 6 -6 8 12 11 -11 13 -8 -7
right_child=1 -3 -4 -5 5 9 7 -9 -10 10 -12 -13 -14 -15
leaf_value=0.004038043248284039 -0.1456359348446131 0.017495183841041897 0.061593215883924413 0.11012638045305556 0.13187626335641434 -0.10304014536487903 0.064554857585187017 0.075846470962615986 -0.17859337242941065 0.023768938570884208 -0.05999154413554382 -0.1568363631324422 -0.071063950471580026 -0.019078986329503923
leaf_weight=1642 20 23 52 22 29 58 38 69 24 124 77 31 28 119
leaf_count=1642 20 23 52 22 29 58 38 69 24 124 77 31 28 119
internal_value=8.48815e-05 -0.0583798 0.00117177 -0.00021784 -0.00130206 -0.0159896 0.0278451 0.00887081 -0.0424772 -0.0361385 -0.00831841 -0.0630224 0.00701961 -0.0465917
internal_weight=2356 43 2313 2261 2239 597 188 159 90 409 201 208 66 177
internal_count=2356 43 2313 2261 2239 597 188 159 90 409 201 208 66 177
is_linear=0
shrinkage=0.05


Tree=148
num_leaves=15
num_cat=0
split_feature=0 2 2 3 18 18 7 2 5 0 2 20 7 18
split_gain=65.4859 132.854 122.657 104.024 95.0274 362.82 272.537 265.39 163.783 201.384 155.21 190.563 96.5552 252.725
threshold=0.16439900000000005 13.522269500000002 28.646576500000005 1.8939140000000003 487.50000000000006 553.50000000000011 -19.327466999999995 6.3974525000000009 14.690737500000003 5.7823270000000013 0.38060550000000004 1.0000000180025095e-35 -7.089732999999999 442.50000000000006
decision_type=2 2 2 2 2 2 2 2 2 2 2 2 2 2
left_child=2 4 -1 -4 12 6 -6 -8 -7 10 -10 -12 13 -2
right_child=1 -3 3 -5 5 8 7 -9 9 -11 11 -13 -14 -15
leaf_value=0.0043662884962044511 -0.015208854170079306 -0.034581629586938237 0.15088747331389674 0.010765207243653444 -0.014813887693539815 0.11119542772380205 0.3242669974267483 0.09472877519455164 0.017444261262193322 0.11491731010998291 -0.027828919284633904 -0.16157567717316676 0.024162966563060547 -0.1983664733171463
leaf_weight=1160 323 350 27 26 27 26 20 34 75 24 76 41 134 20
leaf_count=1160 323 350 27 26 27 26 20 34 75 24 76 41 134 20
internal_value=-0.000339742 -0.00888832 0.00776484 0.0821482 0.00235251 0.023294 0.114891 0.179743 -0.0073644 -0.0216355 -0.0387046 -0.0746974 -0.011828 -0.0258886
internal_weight=2363 1150 1213 53 800 323 81 54 242 216 192 117 477 343
internal_count=2363 1150 1213 53 800 323 81 54 242 216 192 117 477 343
is_linear=0
shrinkage=0.05


Tree=149
num_leaves=15
num_cat=0
split_feature=2 10 7 6 6 16 16 4 5 6 5 16 24 2
split_gain=59.279 107.98 106.966 75.653 143.71 208.928 133.995 122.062 121.523 117.011 93.061 217.261 541.037 258.289
threshold=34.978512500000008 1.0000000180025095e-35 -9.9768264999999978 -3.3016709999999994 -3.6881239999999997 448.50000000000006 499.50000000000006 0.60796900000000009 21.029265500000005 -2.7565659999999998 18.695065000000003 386.50000000000006 1.0000000180025095e-35 9.6968755000000026
decision_type=2 2 2 2 2 2 2 2 2 2 2 2 2 2
left_child=3 -2 -3 4 10 -6 9 8 -8 -5 11 -1 -13 -14
right_child=1 2 -4 6 5 -7 7 -9 -10 -11 -12 12 13 -15
leaf_value=-0.0032868939092114921 -0.0033744050737388519 0.015766322878854617 0.15397277703242643 -0.10795144405910524 -0.044205556588028286 0.10585255702472714 0.0090202884311138681 -0.070290242374325407 0.12728460795389346 -0.026410136083302473 -0.0083343996851280317 0.2687191396086876 0.069973613321781161 -0.12365158493242537
leaf_weight=299 91 28 28 59 34 73 132 39 26 173 1262 28 61 24
leaf_count=299 91 28 28 59 34 73 132 39 26 173 1262 28 61 24
internal_value=-0.000502912 0.0302423 0.0848695 -0.00254796 0.00199233 0.0581705 -0.021397 0.00892771 0.0284815 -0.0471469 -0.00159851 0.0190342 0.0780964 0.015303
internal_weight=2357 147 56 2210 1781 107 429 197 158 232 1674 412 113 85
internal_count=2357 147 56 2210 1781 107 429 197 158 232 1674 412 113 85
is_linear=0
shrinkage=0.05


Tree=150
num_leaves=15
num_cat=0
split_feature=12 5 6 3 7 6 7 4 24 16 16 1 5 16
split_gain=54.8439 118.22 65.2036 209.217 171.756 389.571 346.401 205.441 200.634 274.465 327.728 144.072 123.855 107.601
threshold=30.612518500000004 65.365225000000024 -9.5517249999999994 4.5769065000000007 -12.973799999999999 -10.035755499999999 -13.582623499999999 -0.25348899999999991 1.0000000180025095e-35 207.50000000000003 177.50000000000003 -8.4583084999999993 36.720007500000001 424.50000000000006
decision_type=2 2 2 2 2 2 2 2 2 2 2 2 2 2
left_child=1 2 3 4 6 7 8 -6 9 10 -1 12 -10 -13
right_child=-2 -3 -4 -5 5 -7 -8 -9 11 -11 -12 13 -14 -15
leaf_value=-0.019873952066623853 -0.06414948143064976 0.092956404829663886 0.0045421000375129375 -0.1340480023516076 -0.077216536580307193 -0.25928672909736633 0.19128386926651003 0.071712610087333581 0.030745932158942408 0.024140381985816403 -0.2409433632095655 -0.10096424237638713 0.15347136405899245 0.039488363998631641
leaf_weight=38 32 35 1846 35 57 20 25 39 52 69 30 25 34 30
leaf_count=38 32 35 1846 35 57 20 25 39 52 69 30 25 34 30
internal_value=0.000863994 0.00175497 0.000367123 -0.0166087 -0.0067987 -0.0585369 0.0130087 -0.0167141 -0.00302326 -0.0461155 -0.117405 0.0388465 0.0792653 -0.0243537
internal_weight=2367 2335 2300 454 419 116 303 96 278 137 68 141 86 55
internal_count=2367 2335 2300 454 419 116 303 96 278 137 68 141 86 55
is_linear=0
shrinkage=0.05


Tree=151
num_leaves=15
num_cat=0
split_feature=8 7 7 16 3 4 2 7 7 16 16 4 2 16
split_gain=70.0217 176.46 223.054 206.469 177.52 172.643 214.624 124.736 391.134 155.185 573.018 176.003 146.151 220.401
threshold=57.500000000000007 -6.4936539999999985 -16.226709499999995 207.50000000000003 -3.3257544999999995 -0.76117399999999991 -17.277555999999997 -10.364562499999998 -9.524738499999998 475.50000000000006 541.50000000000011 -0.13095599999999996 3.8548485000000006 237.50000000000003
decision_type=2 2 2 2 2 2 2 2 2 2 2 2 2 2
left_child=-1 2 3 4 5 -2 -7 9 -9 -4 -11 -12 13 -10
right_child=1 -3 7 -5 -6 6 -8 8 12 10 11 -13 -14 -15
leaf_value=0.004336145924548911 0.037440070301294329 0.0936945677460993 -0.038414289768986115 0.088677064037841313 0.074248182401061055 -0.22410343134403232 -0.0043527188897132876 0.14264709384691329 -0.012169523103985676 -0.3612790811061859 -0.12443984978157899 0.065626756030888786 0.038933499979561775 -0.17419755284379168
leaf_weight=1835 25 34 102 69 32 25 20 31 43 20 29 21 29 41
leaf_count=1835 25 34 102 69 32 25 20 31 43 20 29 21 29 41
internal_value=-0.000256887 -0.0164339 -0.0241225 0.0218773 -0.0233108 -0.0679091 -0.126436 -0.0490148 -0.0146823 -0.0777583 -0.135088 -0.0446119 -0.0578435 -0.0912546
internal_weight=2356 521 487 171 102 70 45 316 144 172 70 50 113 84
internal_count=2356 521 487 171 102 70 45 316 144 172 70 50 113 84
is_linear=0
shrinkage=0.05


Tree=152
num_leaves=15
num_cat=0
split_feature=3 2 2 16 16 3 5 8 5 24 16 9 8 7
split_gain=54.6013 113.296 56.7358 102.264 250.257 170.419 68.2091 238.612 183.061 260.447 349.237 260.648 234.059 108.61
threshold=13.877089000000003 30.061026500000001 34.978512500000008 339.50000000000006 288.50000000000006 6.7232870000000009 32.137669500000008 62.500000000000007 28.563098500000006 1.0000000180025095e-35 237.50000000000003 1.0000000180025095e-35 52.500000000000007 -11.758550499999998
decision_type=2 2 2 2 2 2 2 2 2 2 2 2 2 2
left_child=2 -2 6 4 -4 -5 8 -8 -1 10 -10 -12 13 -11
right_child=1 -3 3 5 -6 -7 7 -9 9 12 11 -13 -14 -15
leaf_value=-0.00076518356102148655 0.019925808250904085 -0.13760905592214495 -0.01689687142614275 0.052554524035164807 0.16110097735356063 -0.12965013017611846 -0.02471025177427838 0.108905259354247 -0.018302147425711155 0.00098959123310835462 0.32680640437386255 0.1017751359440867 -0.070106366062063288 0.10744709938764573
leaf_weight=1452 25 21 40 33 39 21 465 36 30 46 22 31 59 50
leaf_count=1452 25 21 40 33 39 21 465 36 30 46 22 31 59 50
internal_value=0.00195091 -0.0519923 0.00301863 0.0347271 0.0709755 -0.0183028 0.00109383 -0.0151091 0.0058972 0.0465433 0.118021 0.195184 0.00826839 0.0564362
internal_weight=2370 46 2324 133 79 54 2191 501 1690 238 83 53 155 96
internal_count=2370 46 2324 133 79 54 2191 501 1690 238 83 53 155 96
is_linear=0
shrinkage=0.05


Tree=153
num_leaves=15
num_cat=0
split_feature=0 2 7 7 6 16 2 6 6 6 16 6 4 7
split_gain=61.9013 196.823 205.436 184.574 174.181 125.654 92.1262 82.5115 197.666 162.166 204.557 189.826 133.303 147.333
threshold=4.6063125000000005 17.587627500000004 -13.582623499999999 -7.6493989999999998 -5.1298004999999991 213.50000000000003 35.873079000000011 -4.2854119999999991 -4.339736499999999 -4.0200694999999991 448.50000000000006 -4.0490489999999992 0.50015450000000017 -3.8766169999999995
decision_type=2 2 2 2 2 2 2 2 2 2 2 2 2 2
left_child=7 2 5 -4 6 -2 -3 8 -1 11 -11 -9 13 -12
right_child=1 4 3 -5 -6 -7 -8 9 -10 10 12 -13 -14 -15
leaf_value=0.0081660048944830598 0.06966301806271076 -0.2145219388215438 0.12771176297907147 -0.029721925433339749 -0.020183176403814878 -0.073653139171118917 -0.078345859730271278 -0.033194616954507573 0.15926014474508438 -0.030495345110239665 0.070241946530424884 -0.20459446027165368 -0.024549798077244438 -0.025869009772745463
leaf_weight=1345 20 23 52 29 74 65 27 70 22 303 171 21 89 52
leaf_count=1345 20 23 52 29 74 65 27 70 22 303 171 21 89 52
internal_value=0.000402048 -0.0212345 0.0143668 0.0713466 -0.0688943 -0.0399317 -0.140987 0.00342887 0.0105977 -0.0104518 -0.00123388 -0.0727484 0.0271835 0.0478304
internal_weight=2363 290 166 81 124 85 50 2073 1367 706 615 91 312 223
internal_count=2363 290 166 81 124 85 50 2073 1367 706 615 91 312 223
is_linear=0
shrinkage=0.05


Tree=154
num_leaves=15
num_cat=0
split_feature=10 5 16 16 12 4 7 2 2 5 16 7 6 16
split_gain=66.3449 78.8148 147.895 245.586 297.714 164.083 233.977 211.175 206.981 143.091 141.274 221.284 131.798 128.176
threshold=1.0000000180025095e-35 28.563098500000006 231.50000000000003 300.50000000000006 4.5466355000000016 0.071578500000000017 -12.790780999999997 1.4942745000000002 13.522269500000002 25.896373000000004 159.50000000000003 -26.633228999999996 -10.727540499999998 484.50000000000006
decision_type=2 2 2 2 2 2 2 2 2 2 2 2 2 2
left_child=-1 9 10 4 -4 7 -7 -5 -9 -2 12 -12 -3 -11
right_child=1 2 3 5 -6 6 -8 8 -10 13 11 -13 -14 -15
leaf_value=-0.0076205489317236908 0.0079108823401471736 0.13327939297471728 0.035857081651169388 0.17761559630885271 0.26776340287923811 -0.095580296707796122 0.035371963255496207 -0.077964397277017802 0.11428779283804553 -0.0026116628857219921 0.030118565361660261 -0.16767623553112632 -0.027925371006131173 -0.11771690238712598
leaf_weight=1215 649 21 31 33 25 51 103 28 28 51 26 31 32 46
leaf_count=1215 649 21 31 33 25 51 103 28 28 51 26 31 32 46
internal_value=0.000535924 0.00911611 0.0267558 0.0449924 0.139387 0.023239 -0.00799534 0.0772851 0.0181617 -0.000554973 -0.0228148 -0.077454 0.0359482 -0.0571977
internal_weight=2370 1155 409 299 56 243 154 89 56 746 110 57 53 97
internal_count=2370 1155 409 299 56 243 154 89 56 746 110 57 53 97
is_linear=0
shrinkage=0.05


Tree=155
num_leaves=15
num_cat=0
split_feature=10 4 0 0 7 16 1 3 0 0 6 1 8 1
split_gain=93.0168 97.933 120.423 79.6211 78.665 74.4632 66.6448 94.2459 62.2257 169.375 97.7394 83.7797 83.4443 152.999
threshold=2.5000000000000004 0.66954650000000016 2.5397250000000002 -5.121310499999999 -32.354953999999992 900.50000000000011 -6.7287244999999993 -3.1321059999999998 -3.9138959999999998 -7.0117959999999995 -3.3016709999999994 -4.039951499999999 52.500000000000007 -3.6225979999999995
decision_type=2 2 2 2 2 2 2 2 2 2 2 2 2 2
left_child=3 2 8 6 -5 -6 -1 -8 9 -2 12 -11 -10 -14
right_child=1 -3 -4 4 5 -7 7 -9 10 11 -12 -13 13 -15
leaf_value=-0.0022439305964661272 0.08071882701752818 0.10277543889753747 -0.083291920733948546 -0.098324650987658815 -0.0040861158188342716 -0.10113753870129585 0.16697004586458208 0.01347257524728775 0.080758007356163231 -0.10232119009625623 -0.017745014652609827 0.00073382803484013214 0.058616905550006787 -0.033983038113990303
leaf_weight=38 34 33 30 23 1676 20 20 20 99 41 84 38 120 71
leaf_count=38 34 33 30 23 1676 20 20 20 99 41 84 38 120 71
internal_value=0.00127257 0.0192649 0.0139344 -0.00423426 -0.00647618 -0.00523059 0.0451741 0.0902213 0.0199237 -0.0125915 0.0297478 -0.0527504 0.0435044 0.0241949
internal_weight=2347 550 517 1797 1719 1696 78 40 487 113 374 79 290 191
internal_count=2347 550 517 1797 1719 1696 78 40 487 113 374 79 290 191
is_linear=0
shrinkage=0.05


Tree=156
num_leaves=15
num_cat=0
split_feature=16 16 16 16 4 6 7 7 16 8 5 6 3 7
split_gain=69.1349 108.322 120.535 107.406 172.959 76.1079 70.616 217.861 125.365 105.496 100.041 118.975 120.817 118.74
threshold=43.500000000000007 105.50000000000001 120.50000000000001 77.500000000000014 -0.068239999999999981 -10.035755499999999 -22.316093499999997 -19.710702499999996 192.50000000000003 47.500000000000007 53.168174000000008 -11.897619999999998 -3.5051014999999999 -11.935514499999998
decision_type=2 2 2 2 2 2 2 2 2 2 2 2 2 2
left_child=-1 3 -3 5 -5 -2 8 9 -4 -8 11 12 -9 -12
right_child=1 2 6 4 -6 -7 7 10 -10 -11 13 -13 -14 -15
leaf_value=-0.063186349888287849 -0.074442059919238093 -0.083217850496823148 -0.14590148933231831 0.20182556218721648 0.03677893480236985 0.034993788788214013 0.0088180067500582462 0.13352250443661914 -0.014518381820587284 0.13283291332265165 -0.14673006677627562 -0.00048694636408130204 -0.0029576999255486076 0.0073734736442565927
leaf_weight=42 24 44 20 22 57 47 27 34 197 47 25 1711 31 25
leaf_count=42 24 44 20 22 57 47 27 34 197 47 25 1711 31 25
internal_value=0.000388154 0.00154355 -0.00130843 0.0426311 0.0827413 -0.00199861 0.000393991 0.00348012 -0.0266274 0.0875842 7.17395e-05 0.00203542 0.0684319 -0.0696783
internal_weight=2353 2311 2161 150 79 71 2117 1900 217 74 1826 1776 65 50
internal_count=2353 2311 2161 150 79 71 2117 1900 217 74 1826 1776 65 50
is_linear=0
shrinkage=0.05


Tree=157
num_leaves=15
num_cat=0
split_feature=0 2 7 16 16 7 2 7 1 16 16 16 1 3
split_gain=60.0784 101.409 113.342 111.201 168.671 143.831 122.096 154.026 100.22 96.0068 87.2939 310.372 197.778 180.153
threshold=0.16439900000000005 13.279283000000001 -3.6658359999999997 342.50000000000006 547.50000000000011 -10.042532499999998 31.139238500000001 -6.941861499999999 10.632916000000003 312.50000000000006 487.50000000000006 553.50000000000011 4.2644930000000008 2.8434650000000006
decision_type=2 2 2 2 2 2 2 2 2 2 2 2 2 2
left_child=8 10 3 -3 5 -5 7 -6 -1 -10 -2 12 -12 -13
right_child=1 2 -4 4 6 -7 -8 -9 9 -11 11 13 -14 -15
leaf_value=0.0022948663397055289 -0.013781685798336591 -0.0045603396581566855 0.035456146658310352 -0.24962672263383867 0.025849215234319368 -0.076523530607422202 -0.13775692096409889 -0.090362631513372718 0.15789213426411153 0.0242697941457353 0.18877840910450017 -0.043144049408106969 0.027460660344283835 0.044090655810432512
leaf_weight=1137 484 115 53 20 75 30 26 46 20 41 38 145 38 100
leaf_count=1137 484 115 53 20 75 30 26 46 20 41 38 145 38 100
internal_value=-0.00222596 -0.0102848 -0.0321457 -0.0436293 -0.0664361 -0.145765 -0.0394535 -0.0183305 0.00564455 0.0680804 -0.000372761 0.0198451 0.10812 -0.00753805
internal_weight=2368 1170 365 312 197 50 147 121 1198 61 805 321 76 245
internal_count=2368 1170 365 312 197 50 147 121 1198 61 805 321 76 245
is_linear=0
shrinkage=0.05


Tree=158
num_leaves=15
num_cat=0
split_feature=12 5 7 7 16 5 16 6 7 6 6 16 16 6
split_gain=54.2658 49.1133 59.4065 249.077 132.115 129.413 90.9631 79.817 113.187 84.1269 320.677 217.691 182.447 173.178
threshold=32.651457500000006 65.365225000000024 -22.316093499999997 -21.087831499999997 171.50000000000003 53.168174000000008 192.50000000000003 -11.897619999999998 -13.582623499999999 -6.8959089999999987 -6.8751284999999998 720.50000000000011 655.50000000000011 -7.2234564999999993
decision_type=2 2 2 2 2 2 2 2 2 2 2 2 2 2
left_child=1 2 4 -4 -1 7 -6 8 -5 11 -11 12 13 -9
right_child=-2 -3 3 5 6 -7 -8 9 -10 10 -12 -13 -14 -15
leaf_value=0.062687930997668048 -0.079257377508011734 0.05196457517502661 0.17692803770303728 0.0069703628202010554 -0.13985189736510317 -0.10912383727177427 -0.029722799413970543 -0.0071939778046087813 0.12866848000678524 0.16699622023229799 0.0017633008395005626 -0.12888817941633665 0.089412185272505121 -0.10708370187452861
leaf_weight=36 22 44 20 56 21 27 175 379 29 30 1385 41 43 49
leaf_count=36 22 44 20 56 21 27 175 379 29 30 1385 41 43 49
internal_value=-0.00109722 -0.000360806 -0.00136575 0.00133691 -0.0253518 -0.000385419 -0.0415223 0.00107379 0.0484909 -0.00101777 0.00526647 -0.0183854 -0.00876623 -0.01863
internal_weight=2357 2335 2291 2059 232 2039 196 2012 85 1927 1415 512 471 428
internal_count=2357 2335 2291 2059 232 2039 196 2012 85 1927 1415 512 471 428
is_linear=0
shrinkage=0.05


Tree=159
num_leaves=15
num_cat=0
split_feature=7 5 7 7 8 16 16 16 0 0 3 1 4 0
split_gain=49.3919 91.6748 74.5223 95.5691 61.4163 83.0811 202.581 140.466 158.444 101.141 97.5363 117.973 97.052 196.677
threshold=-3.2281234999999993 20.076146000000005 -3.8766169999999995 -3.9591564999999993 37.500000000000007 710.50000000000011 643.50000000000011 735.50000000000011 4.7565030000000013 -0.59932599999999991 0.7558760000000001 4.2644930000000008 0.47308000000000006 10.239909500000001
decision_type=2 2 2 2 2 2 2 2 2 2 2 2 2 2
left_child=2 -2 3 4 -1 6 12 9 10 -7 -9 -12 -6 -14
right_child=1 -3 -4 -5 5 7 -8 8 -10 -11 11 -13 13 -15
leaf_value=-0.022641827592106943 -0.017883532671701341 0.13169262010604144 -0.053066288719956695 0.080931876046029305 -0.0022104973387701023 -0.024436927735805511 0.070840002748078876 -0.022325543662533167 -0.13621487300843002 -0.17817787813103719 0.1537798521596761 0.012134316175871967 0.056425915339461646 -0.094311098128557203
leaf_weight=266 21 20 65 37 1442 20 115 100 21 23 21 49 161 25
leaf_count=266 21 20 65 37 1442 20 115 100 21 23 21 49 161 25
internal_value=0.000675047 0.0550804 -0.000276177 0.0012288 -8.5959e-05 0.00294887 0.00670445 -0.0250254 -0.00664455 -0.10667 0.0093612 0.054628 0.00217399 0.0361656
internal_weight=2386 41 2345 2280 2243 1977 1743 234 191 43 170 70 1628 186
internal_count=2386 41 2345 2280 2243 1977 1743 234 191 43 170 70 1628 186
is_linear=0
shrinkage=0.05


end of trees

feature_importances:
navSampleSize=565
maxDrawdown60d=368
return60d=263
volatility20d=229
maxDrawdown20d=222
return5d=106
ma20Deviation=90
trendSlope20d=82
lossDayRatio20d=66
return20d=50
holdingDays=50
isActiveFund=44
isQdiiFund=31
profitBuffer=17
lossPressure=17
consecutiveDownDays=16
isActiveQdii=11
isEtfFund=6
consecutiveUpDays=3
typeActiveEquity=2
typeActiveQdii=1
profileStableAnnualReturn=1

parameters:
[boosting: gbdt]
[objective: regression]
[metric: l2]
[tree_learner: serial]
[device_type: cpu]
[data_sample_strategy: bagging]
[data: ]
[valid: ]
[num_iterations: 160]
[learning_rate: 0.05]
[num_leaves: 15]
[num_threads: 8]
[seed: 0]
[deterministic: 0]
[force_col_wise: 0]
[force_row_wise: 0]
[histogram_pool_size: -1]
[max_depth: -1]
[min_data_in_leaf: 20]
[min_sum_hessian_in_leaf: 0.001]
[bagging_fraction: 0.9]
[pos_bagging_fraction: 1]
[neg_bagging_fraction: 1]
[bagging_freq: 1]
[bagging_seed: 3]
[bagging_by_query: 0]
[feature_fraction: 0.9]
[feature_fraction_bynode: 1]
[feature_fraction_seed: 2]
[extra_trees: 0]
[extra_seed: 6]
[early_stopping_round: 0]
[early_stopping_min_delta: 0]
[first_metric_only: 0]
[max_delta_step: 0]
[lambda_l1: 0]
[lambda_l2: 0]
[linear_lambda: 0]
[min_gain_to_split: 0]
[drop_rate: 0.1]
[max_drop: 50]
[skip_drop: 0.5]
[xgboost_dart_mode: 0]
[uniform_drop: 0]
[drop_seed: 4]
[top_rate: 0.2]
[other_rate: 0.1]
[min_data_per_group: 100]
[max_cat_threshold: 32]
[cat_l2: 10]
[cat_smooth: 10]
[max_cat_to_onehot: 4]
[top_k: 20]
[monotone_constraints: ]
[monotone_constraints_method: basic]
[monotone_penalty: 0]
[feature_contri: ]
[forcedsplits_filename: ]
[refit_decay_rate: 0.9]
[cegb_tradeoff: 1]
[cegb_penalty_split: 0]
[cegb_penalty_feature_lazy: ]
[cegb_penalty_feature_coupled: ]
[path_smooth: 0]
[interaction_constraints: ]
[verbosity: -1]
[saved_feature_importance_type: 0]
[use_quantized_grad: 0]
[num_grad_quant_bins: 4]
[quant_train_renew_leaf: 0]
[stochastic_rounding: 1]
[linear_tree: 0]
[max_bin: 255]
[max_bin_by_feature: ]
[min_data_in_bin: 3]
[bin_construct_sample_cnt: 200000]
[data_random_seed: 1]
[is_enable_sparse: 1]
[enable_bundle: 1]
[use_missing: 1]
[zero_as_missing: 0]
[feature_pre_filter: 1]
[pre_partition: 0]
[two_round: 0]
[header: 0]
[label_column: ]
[weight_column: ]
[group_column: ]
[ignore_column: ]
[categorical_feature: ]
[forcedbins_filename: ]
[precise_float_parser: 0]
[parser_config_file: ]
[objective_seed: 5]
[num_class: 1]
[is_unbalance: 0]
[scale_pos_weight: 1]
[sigmoid: 1]
[boost_from_average: 1]
[reg_sqrt: 0]
[alpha: 0.9]
[fair_c: 1]
[poisson_max_delta_step: 0.7]
[tweedie_variance_power: 1.5]
[lambdarank_truncation_level: 30]
[lambdarank_norm: 1]
[label_gain: ]
[lambdarank_position_bias_regularization: 0]
[eval_at: ]
[multi_error_top_k: 1]
[auc_mu_weights: ]
[num_machines: 1]
[local_listen_port: 12400]
[time_out: 120]
[machine_list_filename: ]
[machines: ]
[gpu_platform_id: -1]
[gpu_device_id: -1]
[gpu_use_dp: 0]
[num_gpu: 1]

end of parameters

pandas_categorical:[]
