tree
version=v4
num_class=1
num_tree_per_iteration=1
label_index=0
max_feature_idx=53
objective=binary sigmoid:1
feature_names=return5d return20d return60d ma20Deviation trendSlope20d volatility20d maxDrawdown20d maxDrawdown60d lossDayRatio20d consecutiveUpDays consecutiveDownDays positionToSingleLimit profitBuffer lossPressure themeRate estimateGrowthRate navSampleSize holdingProfitRate holdingDays isActiveFund isActiveQdii isIndexFund isEtfFund isEtfQdii isQdiiFund isPassiveFund typeActiveEquity typeActiveQdii typeIndex typeIndexQdii typeEtf typeEtfQdii profileStableAnnualReturn profileStableDrawdownFloor profileStableBenchmarkGap profileMaxAnnualTrades profileDefensiveAnnualReturn profileDefensiveDrawdownFloor profileDefensiveBenchmarkGap marketSh000001Return20d marketSh000001Return60d marketSh000001Return120d marketSz399001Return20d marketSz399001Return60d marketSz399001Return120d marketCyb399006Return20d marketCyb399006Return60d marketCyb399006Return120d marketHs300Return20d marketHs300Return60d marketHs300Return120d marketZz500Return20d marketZz500Return60d marketZz500Return120d
feature_infos=[-18.602474999999998:35.835351000000003] [-25.483103:47.490637] [-34.982695:106.18034400000001] [-20.443919999999999:35.679302999999997] [-1.282003:2.0631849999999998] [8.2914999999999992:84.913120000000006] [-26.317771:-0.68485600000000002] [-39.054544999999997:-1.0902670000000001] [15:75] [0:9] [0:8] none [0:47.490637] [0:25.483103] none none [20:932] [-25.483103:47.490637] [20:932] [0:1] [0:1] none [0:1] [0:1] [0:1] [0:1] [0:1] [0:1] none none none [0:1] [12:18] [-18:-14] [6:20] [4.5:6] none none none [-8.4639600000000002:22.783957999999998] [-11.380198:26.139327000000002] [-16.113094:26.105225000000001] [-13.64138:37.690860000000001] [-20.263817:35.711641999999998] [-27.098483999999999:43.022582] [-18.051977999999998:61.363314000000003] [-22.684194999999999:54.040641000000001] [-30.765837000000001:75.94932] [-8.9901149999999994:28.140463] [-16.194770999999999:26.057684999999999] [-20.023872999999998:26.762042000000001] [-13.689654000000001:32.688744] [-20.431645:35.332391000000001] [-24.573098999999999:37.989258999999997]
tree_sizes=1675 1726 1721 1721 1720 1721 1721 1720 1719 1714 1714 1725 1726 1729 1717 1720 1735 1727 1731 1739 1740 1728 1739 1715 1723 1728 1740 1728 1714 1741 1727 1723 1727 1723 1715 1731 1722 1722 1721 1710 1732 1721 1727 1740 1730 1732 1723 1746 1725 1733 1732 1724 1734 1722 1736 1728 1729 1718 1737 1737 1734 1730 1729 1718 1719 1711 1728 1733 1729 1723 1722 1726 1737 1722 1735 1717 1718 1728 1727 1740

Tree=0
num_leaves=15
num_cat=0
split_feature=44 16 52 16 19 46 47 5 24 44 6 16 52 16
split_gain=337.038 329.319 150.207 143.244 135.436 134.466 114.498 112.977 104.895 93.4902 89.8502 84.0967 79.7245 67.3202
threshold=30.870737000000002 598.50000000000011 20.041413500000001 180.50000000000003 1.0000000180025095e-35 21.902507500000002 39.943682500000001 29.052776500000004 1.0000000180025095e-35 15.870617500000003 -5.6489449999999986 628.50000000000011 -8.9936509999999981 234.50000000000003
decision_type=2 2 2 2 2 2 2 2 2 2 2 2 2 2
left_child=1 3 -2 5 6 12 11 -5 13 -6 -10 -3 -1 -9
right_child=2 4 -4 7 9 -7 -8 8 10 -11 -12 -13 -14 -15
leaf_value=0.3476075264661237 0.21053191381715317 0.22657412866434473 0.32883096951099217 0.29685424432487434 0.39874752781148487 0.35359338857429845 0.20919183910490147 0.28248790734994234 0.32685937591839193 0.33215793891014644 0.21579984132251845 0.34752612534089966 0.22964486046404609 0.37451839680305371
leaf_weight=16.12042635679245 104.20761674642563 15.642411053180693 36.138237357139587 376.29948896169662 187.04903161525726 33.780780121684074 19.04946631193161 22.899789810180664 65.483459532260895 73.39170628786087 25.227609395980835 176.83998131752014 128.47987835109234 150.24379906058311
leaf_count=32 110 28 31 805 208 51 17 26 180 79 63 217 349 170
internal_value=0.314579 0.322581 0.240993 0.303402 0.355844 0.263778 0.326124 0.314443 0.339528 0.379983 0.295973 0.337697 0.242796 0.362347
internal_weight=1430.85 1290.51 140.346 818.535 471.973 178.381 211.532 640.154 263.855 260.441 90.7111 192.482 144.6 173.144
internal_count=2366 2225 141 1676 549 432 262 1244 439 287 243 245 381 196
is_linear=0
shrinkage=1


Tree=1
num_leaves=15
num_cat=0
split_feature=44 16 1 43 19 7 1 43 16 5 50 7 47 16
split_gain=333.999 295.654 161.655 148.618 128.985 100.721 95.2566 88.7609 69.414 67.5098 67.5197 81.7136 64.2905 68.7822
threshold=30.870737000000002 496.50000000000006 13.546475500000001 22.008370000000003 1.0000000180025095e-35 -18.736676499999998 5.1494605000000009 -3.9622739999999994 740.50000000000011 22.277235500000003 1.9918140000000002 -9.4651874999999972 11.167005500000002 177.50000000000003
decision_type=2 2 2 2 2 2 2 2 2 2 2 2 2 2
left_child=1 2 5 -2 6 7 9 -1 -6 -3 -11 -12 13 -7
right_child=3 4 -4 -5 8 12 -8 -9 -10 10 11 -13 -14 -15
leaf_value=0.05721087276949767 -0.10069659657954806 0.074337192883567979 0.046871600996457589 0.017639043840845633 0.035849000085448779 -0.077807283152436776 -0.042397574879343203 -0.043154916706639491 0.081905329018177403 0.041306800284161366 -0.091053418786512186 0.018058864564651694 0.0060773169653132314 -0.030694928358654117
leaf_weight=61.537330597639084 110.70937740802765 49.069826543331146 88.991135746240616 34.895662903785706 260.2681573331356 104.85842235386372 76.045785039663315 34.311320394277573 119.31467437744141 68.833512336015701 29.876517176628113 40.309616714715958 80.035053253173828 296.63263767957687
leaf_count=119 117 57 114 30 341 316 105 50 120 101 47 53 105 725
internal_value=-0.000495741 0.00748875 -0.0158568 -0.0723363 0.0316556 -0.0255251 0.00482493 0.0212825 0.0503259 0.0239173 0.00612057 -0.0283876 -0.0348423 -0.0429994
internal_weight=1455.69 1310.08 666.366 145.605 643.718 577.375 264.135 95.8487 379.583 188.089 139.02 70.1861 481.526 401.491
internal_count=2400 2253 1429 147 824 1315 363 169 461 258 201 100 1146 1041
is_linear=0
shrinkage=0.05


Tree=2
num_leaves=15
num_cat=0
split_feature=44 18 1 52 5 7 52 52 6 6 52 18 6 7
split_gain=269.057 273.376 140.677 125.285 122.193 87.1972 98.8874 79.7562 68.0883 71.4507 67.3265 107.863 59.3783 83.6019
threshold=30.870737000000002 496.50000000000006 13.546475500000001 20.041413500000001 21.628885000000004 -18.736676499999998 -1.8124229999999997 22.653125000000003 -11.407440499999998 -3.6881239999999997 15.340500000000002 180.50000000000003 -3.4492824999999994 -5.3596829999999995
decision_type=2 2 2 2 2 2 2 2 2 2 2 2 2 2
left_child=1 2 5 -2 -3 6 -1 -4 -6 -10 11 -7 13 -13
right_child=3 4 7 -5 8 10 -8 -9 9 -11 -12 12 -14 -15
leaf_value=0.057361297908379717 -0.092326885796147701 0.057727184787031316 0.067626562806735568 0.016697055392258808 0.06273042355262691 -0.078271869627464324 -0.053000149018571953 -0.04460312501700911 -0.010740571190681603 0.046040989554101214 0.020876899785616514 -0.020692728145520034 -0.063964640384714028 0.085324721337113621
leaf_weight=60.51788455247879 108.58789366483688 247.25240007042885 70.260398030281067 34.794240355491638 56.104517668485641 126.39442075788975 30.541173487901688 20.434329390525818 232.36246511340141 72.748436272144318 52.014541938900948 222.83095201849937 70.493509858846664 20.288280159235001
leaf_count=114 114 314 93 30 74 339 46 26 316 85 78 509 178 51
internal_value=-0.000913104 0.00635049 -0.015589 -0.0658703 0.0306448 -0.0245995 0.0203461 0.0423402 0.0121068 0.00279801 -0.0329177 -0.0392769 -0.0235608 -0.0118456
internal_weight=1425.63 1282.24 673.775 143.382 608.468 583.081 91.0591 90.6947 361.215 305.111 492.022 440.007 313.613 243.119
internal_count=2367 2223 1434 144 789 1315 160 119 475 401 1155 1077 738 560
is_linear=0
shrinkage=0.05


Tree=3
num_leaves=15
num_cat=0
split_feature=53 16 2 7 52 19 2 53 41 53 16 45 5 16
split_gain=298.457 268.048 136.403 162.545 104.442 102.728 129.981 94.3753 64.9703 60.8233 102 89.7814 59.0951 58.6223
threshold=26.506932000000003 496.50000000000006 30.061026500000001 -18.846248999999997 19.423222000000006 1.0000000180025095e-35 13.522269500000002 -13.037487499999999 4.9198580000000005 -3.7017684999999996 225.50000000000003 -3.4475464999999992 25.593359000000003 67.500000000000014
decision_type=2 2 2 2 2 2 2 2 2 2 2 2 2 2
left_child=1 2 3 13 -2 6 -3 -5 -4 -9 -11 -12 -13 -1
right_child=4 5 8 7 -6 -7 -8 9 -10 10 11 12 -14 -15
leaf_value=-0.079351392136873491 -0.088420125017610374 0.028326706997158824 -0.0602319293401734 0.045094189858349301 0.007492142044661314 0.048623850524288255 -0.053362356131650017 -0.063505395691670186 0.063250594683199837 -0.062436740874324707 0.060871574654801322 -0.076097354360212102 0.0040393416229329727 0.047798487617557332
leaf_weight=10.105025291442869 121.4542179107666 182.78008046746254 12.543432652950285 33.412774175405502 37.039665460586548 347.83486577868462 66.380685567855835 189.22026982903481 70.654472410678864 109.51993104815483 44.241079300642014 35.84385159611702 64.22849428653717 88.083000212907791
leaf_count=17 129 252 27 70 32 431 91 462 75 279 113 87 114 167
internal_value=-0.00135445 0.00681134 -0.0152028 -0.0238659 -0.0660056 0.0310696 0.00656334 -0.0359375 0.0446336 -0.0420485 -0.0260534 0.00155802 -0.024664 0.0347129
internal_weight=1413.34 1254.85 657.852 574.654 158.494 596.996 249.161 476.466 83.1979 443.054 253.833 144.313 100.072 98.188
internal_count=2346 2185 1411 1309 161 774 343 1125 102 1055 593 314 201 184
is_linear=0
shrinkage=0.05


Tree=4
num_leaves=15
num_cat=0
split_feature=53 16 2 16 43 7 53 5 51 2 16 6 50 16
split_gain=267.565 235.501 132.722 102.675 102.651 96.5644 86.2878 79.1128 70.989 132.906 62.6628 84.5576 62.4774 60.5905
threshold=26.506932000000003 496.50000000000006 30.061026500000001 900.50000000000011 22.008370000000003 -18.736676499999998 -14.326413999999998 22.393342000000001 -3.9056699999999993 7.4952845000000012 837.50000000000011 -12.874794499999998 4.1561465000000011 177.50000000000003
decision_type=2 2 2 2 2 2 2 2 2 2 2 2 2 2
left_child=1 2 5 7 -2 -1 -7 8 9 -3 11 -9 -4 -8
right_child=4 3 12 -5 -6 6 13 10 -10 -11 -12 -13 -14 -15
leaf_value=0.023782731685899998 -0.08186756782238476 0.068847643635657832 -0.062197671903103317 -0.091519738909030562 0.015552495196976261 0.059723498010115422 -0.064881532345047052 0.070008272019661741 0.067084078140701206 -0.099000555584111111 0.075179033831395362 -0.0030392569250042214 0.06466109649531071 -0.023865676010927626
leaf_weight=99.816081315279007 123.20429539680481 28.890317022800446 11.252064168453215 16.607656598091125 34.643120527267456 25.142817258834839 125.67085947096348 47.748884975910187 216.14399325847626 19.929290652275085 41.575772047042847 232.62352740764618 70.617474853992462 317.58751544356346
leaf_count=189 131 45 25 14 30 51 336 66 260 35 39 330 75 721
internal_value=0.000863232 0.00858807 -0.0122927 0.0310799 -0.0604866 -0.0208681 -0.0303832 0.0345491 0.0547843 0.000328135 0.0178956 0.00940112 0.0472258 -0.0354943
internal_weight=1411.45 1253.61 650.087 603.519 157.847 568.217 468.401 586.912 264.964 48.8196 321.948 280.372 81.8695 443.258
internal_count=2347 2186 1397 789 161 1297 1108 775 340 80 435 396 100 1057
is_linear=0
shrinkage=0.05


Tree=5
num_leaves=15
num_cat=0
split_feature=44 40 46 3 51 2 3 22 3 47 49 47 2 51
split_gain=217.1 167.442 167.217 128.526 111.804 107.157 137.557 89.7768 142.954 65.1358 61.2186 73.6461 59.3948 56.746
threshold=28.036861000000005 0.076392000000000015 -11.078730499999997 3.2933025000000007 -7.992500999999999 32.096041500000005 4.2517015000000011 1.0000000180025095e-35 1.7342650000000002 -14.699513999999999 17.516556500000004 4.5243375000000006 12.864071000000001 4.3254645000000016
decision_type=2 2 2 2 2 2 2 2 2 2 2 2 2 2
left_child=1 2 9 4 -4 -2 -7 10 -9 -1 11 13 -5 -3
right_child=5 7 3 12 -6 6 -8 8 -10 -11 -12 -13 -14 -15
leaf_value=0.073303387658834429 -0.074835451418126045 0.035572408040713682 0.068183394959241597 0.05707278406581591 -0.048941819045329647 0.077220997787759177 -0.076215466419073286 0.030461623527997739 -0.057487835349188166 0.0048456695417345361 -0.0065647026002185029 0.064341335102224353 -0.061445056351565643 -0.028363753494228729
leaf_weight=61.434567004442215 128.27416783571243 174.48255383968353 21.792942404747009 54.696006149053574 313.16003313660622 31.769723951816559 27.03946977853775 117.80501565337181 76.016637146472931 79.98627695441246 72.11808916926384 210.24090424180031 13.103664189577101 43.320579037070274
leaf_count=125 136 309 29 104 664 28 24 209 113 179 103 233 24 86
internal_value=0.000989326 0.00857486 -0.0121896 -0.0286136 -0.0413213 -0.0492133 0.00667351 0.0248569 -0.00403206 0.0345844 0.0360519 0.043232 0.0341668 0.0228556
internal_weight=1425.24 1238.16 544.173 402.753 334.953 187.083 58.8092 693.984 193.822 141.421 500.162 428.044 67.7997 217.803
internal_count=2366 2178 1125 821 693 188 52 1053 322 304 731 628 128 395
is_linear=0
shrinkage=0.05


Tree=6
num_leaves=15
num_cat=0
split_feature=53 16 52 5 19 1 53 41 7 52 42 45 45 49
split_gain=234.658 228.277 123.647 90.5788 86.7247 94.1946 86.3143 82.1604 73.1786 64.1703 59.1804 54.2899 50.0856 62.836
threshold=26.506932000000003 496.50000000000006 19.423222000000006 28.057100000000002 1.0000000180025095e-35 5.1494605000000009 -13.037487499999999 0.74475500000000017 -16.829162499999999 -6.6497054999999987 -1.3511089999999999 -4.6421924999999993 1.8456665000000003 -3.1649564999999993
decision_type=2 2 2 2 2 2 2 2 2 2 2 2 2 2
left_child=1 3 -2 6 5 12 -1 8 10 11 -5 -6 13 -3
right_child=2 4 -4 7 9 -7 -8 -9 -10 -11 -12 -13 -14 -15
leaf_value=0.045232271942723917 -0.081350166016035202 0.056219219830242688 0.024159925275304514 -0.036044925615928147 -0.086039613890995043 -0.041641831275905927 -0.0385516631735138 0.031287256018653106 -0.063140562155500998 0.051657008137982352 0.052970689686220922 0.043420595360881234 0.061715001894281862 -0.02025439588513334
leaf_weight=33.906022727489471 124.65294051170349 41.306524455547333 35.725697994232178 35.332230895757675 16.429762959480286 72.8571417927742 329.18592377007008 156.88340896368027 59.889479771256447 316.02665042877197 39.597673743963242 15.969431877136229 62.928136169910431 76.8098424077034
leaf_count=72 134 70 31 72 29 101 817 224 147 390 78 28 72 110
internal_value=-0.000890644 0.00637561 -0.0578469 -0.0140595 0.0285907 0.00636541 -0.0307278 0.00668819 -0.0219367 0.0447865 0.0109965 -0.0222292 0.0256848 0.00648922
internal_weight=1417.5 1257.12 160.379 654.795 602.327 253.902 363.092 291.703 134.819 348.426 74.9299 32.3992 181.045 118.116
internal_count=2375 2210 165 1410 800 353 889 521 297 447 150 57 252 180
is_linear=0
shrinkage=0.05


Tree=7
num_leaves=15
num_cat=0
split_feature=50 16 19 2 2 8 40 2 16 6 2 3 8 3
split_gain=198.751 202.893 91.5555 92.6653 87.5588 97.4228 95.0736 128.337 79.2072 74.5078 71.8225 109.68 64.5088 58.3395
threshold=16.857712500000002 598.50000000000011 1.0000000180025095e-35 24.663233500000004 32.607265500000004 42.500000000000007 1.0000000180025095e-35 -14.860059499999998 628.50000000000011 -4.1072144999999987 32.096041500000005 4.2517015000000011 52.500000000000007 2.3059540000000003
decision_type=2 2 2 2 2 2 2 2 2 2 2 2 2 2
left_child=1 4 3 8 5 -1 7 -7 -3 -8 -2 -12 -9 -10
right_child=10 2 -4 -5 -6 6 9 12 13 -11 11 -13 -14 -15
leaf_value=-0.049975244285540142 -0.064635983923220994 -0.080194328086097708 0.059486074817161852 -0.083440232299561087 0.045637324248807197 0.055437030567284488 0.037322048257247352 -0.0025980027629149104 0.055127469559488697 -0.034147445279982362 0.072832379404119629 -0.066325133074720669 -0.049716473810759783 -0.010698937648598875
leaf_weight=139.59469018876553 145.53455793857574 16.453819811344147 207.6917422413826 22.554173350334167 71.207477390766144 49.317573010921478 174.3795058131218 118.52842476963997 110.36784070730209 46.109675943851471 27.706532120704651 28.959755122661591 187.6274134516716 48.428414046764374
leaf_count=302 158 29 251 33 90 110 345 270 137 100 25 26 425 54
internal_value=-0.00020443 0.00756926 0.0363 0.0119549 -0.00723848 -0.0125003 -0.00341761 -0.0194166 0.024232 0.022376 -0.0460413 0.00171483 -0.0314745 0.0350523
internal_weight=1394.46 1192.26 405.496 197.804 786.765 715.557 575.963 355.473 175.25 220.489 202.201 56.6663 306.156 158.796
internal_count=2355 2146 504 253 1642 1552 1250 805 220 445 209 51 695 191
is_linear=0
shrinkage=0.05


Tree=8
num_leaves=15
num_cat=0
split_feature=53 16 4 5 52 52 6 51 2 42 16 53 43 41
split_gain=231.213 172.388 96.1664 81.0864 72.0536 68.2502 67.4434 60.5638 99.2036 57.739 56.7863 79.3802 74.1915 66.8922
threshold=26.506932000000003 496.50000000000006 0.60796900000000009 22.277235500000003 23.745296500000006 19.423222000000006 -3.8619294999999996 -3.9056699999999993 7.4952845000000012 -6.9243984999999988 67.500000000000014 -2.9687604999999997 -10.403618999999997 -6.415379999999999
decision_type=2 2 2 2 2 2 2 2 2 2 2 2 2 2
left_child=1 2 6 7 -4 -2 10 8 -3 -5 -1 12 13 -12
right_child=5 3 4 9 -6 -7 -8 -9 -10 -11 11 -13 -14 -15
leaf_value=-0.071540597848751025 -0.075500887298212915 0.062680506825035995 0.056963985037495113 0.069684738542485525 -0.058910422824921087 0.0054818443176837791 -0.052031897463011283 0.060208628782263955 -0.089106696120411902 0.0037840859817960698 0.063909956439770724 0.018441471015701254 -0.041392712281903166 -0.073092285481050276
leaf_weight=33.933377504348755 119.99820286035538 24.230819642543793 76.598068326711655 37.341689229011536 16.264634311199188 33.2195143699646 117.02149799466133 202.66056060791016 19.369511783123016 302.41674703359604 35.548886448144913 198.98927193880081 164.68755498528481 11.8895276337862
leaf_count=73 133 40 110 52 20 29 301 261 33 411 84 414 384 30
internal_value=5.59971e-06 0.00716037 -0.0104676 0.0268614 0.0366689 -0.0579428 -0.0182553 0.0487075 -0.00475118 0.011027 -0.0093741 -0.00424288 -0.0255224 0.029573
internal_weight=1394.17 1240.95 654.933 586.019 92.8627 153.218 562.07 246.261 43.6003 339.758 445.049 411.115 212.126 47.4384
internal_count=2375 2213 1416 797 130 162 1286 334 73 463 985 912 498 114
is_linear=0
shrinkage=0.05


Tree=9
num_leaves=15
num_cat=0
split_feature=53 16 16 43 5 53 41 5 5 16 6 43 16 42
split_gain=173.07 158.445 105.922 99.3703 79.3054 83.6185 70.4853 71.76 60.8851 57.0665 70.9126 49.9095 72.7088 48.4177
threshold=28.542449000000001 496.50000000000006 900.50000000000011 22.008370000000003 28.234689000000003 -12.010251999999999 0.74475500000000017 51.87092950000001 22.277235500000003 837.50000000000011 -13.643390499999997 -4.5983309999999991 390.50000000000006 -3.1470669999999994
decision_type=2 2 2 2 2 2 2 2 2 2 2 2 2 2
left_child=1 4 8 -2 5 -1 11 -8 13 10 -10 12 -6 -3
right_child=3 2 -4 -5 6 -7 7 -9 9 -11 -12 -13 -14 -15
leaf_value=0.031868648797015141 -0.082733412379925569 0.0034060953287709341 -0.082002440042178965 0.018410536503319874 0.058361137605665081 -0.035931060725394322 0.049775443330841537 -0.026113578833268702 0.065706482733214916 0.064688283285915346 -0.0040611535058041317 -0.042581174379520227 -0.074929474344313532 0.058938891019786013
leaf_weight=53.023938417434692 91.595087289810181 49.246563911437988 22.499289631843567 33.044639468193054 36.083892241120338 319.49058476090431 121.70312748849392 41.866366520524025 42.784553736448288 49.001360774040222 244.88570392131805 82.61109134554863 14.280261158943174 193.37045115232468
leaf_count=117 106 84 19 29 74 794 186 48 63 48 348 181 35 252
internal_value=0.00030786 0.00582227 0.0244377 -0.055918 -0.0109214 -0.0262804 0.00837227 0.0303513 0.0285718 0.0148112 0.00631523 -0.0186636 0.0205679 0.0476668
internal_weight=1395.49 1270.85 601.788 124.64 669.059 372.515 296.545 163.569 579.289 336.672 287.67 132.975 50.3642 242.617
internal_count=2384 2249 814 135 1435 911 524 234 795 459 411 290 109 336
is_linear=0
shrinkage=0.05


Tree=10
num_leaves=15
num_cat=0
split_feature=44 16 7 2 52 16 5 2 51 49 32 50 2 2
split_gain=148.172 153.969 91.1391 116.966 71.2465 70.2216 68.8982 63.6113 45.5708 48.4514 43.7103 55.2054 51.7344 40.232
threshold=30.870737000000002 598.50000000000011 -18.846248999999997 32.607265500000004 -1.8124229999999997 180.50000000000003 21.494803000000005 32.096041500000005 -5.9960074999999993 1.0522305000000003 16.500000000000004 16.387551000000006 25.060005000000004 9.1936845000000016
decision_type=2 2 2 2 2 2 2 2 2 2 2 2 2 2
left_child=1 2 4 5 -1 -4 -3 -2 -6 -10 12 -12 -8 -7
right_child=7 6 3 -5 8 13 10 -9 9 -11 11 -13 -14 -15
leaf_value=0.055556892984754462 -0.073010945697119009 0.054666061142185633 -0.05448124510593904 0.042822898929454803 0.078035659966105411 -0.0035781134168147198 0.013829420617348827 0.0039856097020984629 -0.062323954446269092 0.045911946512147056 0.070071111707072434 -0.032668159821372354 -0.052663547388578008 -0.036792032731746013
leaf_weight=91.580235689878464 91.575606644153595 170.21499276161194 135.63680382072926 76.380280554294586 11.230816125869749 310.59529140591621 148.80644422769547 37.93707811832428 38.12354388833046 14.18740203976631 56.550298929214478 17.007585465908051 36.410535097122192 129.05899161100388
leaf_count=177 103 223 357 96 14 696 182 35 60 26 74 19 47 245
internal_value=0.00042383 0.00575625 -0.00711315 -0.0153122 0.0273313 -0.0230307 0.0299595 -0.050457 -0.0133492 -0.032969 0.0137082 0.0463164 0.000758024 -0.0133279
internal_weight=1365.3 1235.78 806.793 651.671 155.122 575.291 428.99 129.513 63.5418 52.3109 258.775 73.5579 185.217 439.654
internal_count=2354 2216 1671 1394 277 1298 545 138 100 86 322 93 229 941
is_linear=0
shrinkage=0.05


Tree=11
num_leaves=15
num_cat=0
split_feature=53 16 53 53 40 52 49 43 2 0 53 2 16 32
split_gain=161.004 129.734 123.69 111.393 95.1936 91.5656 75.5159 74.0501 70.664 46.3138 44.0811 54.8609 40.3801 39.1487
threshold=28.542449000000001 180.50000000000003 -2.9687604999999997 -12.010251999999999 -0.75427599999999984 22.653125000000003 8.8597735000000011 22.008370000000003 -11.520850499999998 -0.30798449999999994 23.645861000000004 11.777837000000002 258.50000000000006 16.500000000000004
decision_type=2 2 2 2 2 2 2 2 2 2 2 2 2 2
left_child=1 6 3 12 8 10 -1 -2 -5 -7 -4 -12 -3 -6
right_child=7 2 5 4 13 9 -8 -9 -10 -11 11 -13 -14 -15
leaf_value=-0.049465828451291209 -0.07835250087570067 -0.040755859456661603 0.040576339956524578 0.039732344946397047 -0.0093869650429167506 0.034873235659400641 0.032507865204462041 0.010255218095541674 -0.057979761697080662 -0.036112377751187523 -0.065353689393910799 0.031369656749077789 0.058883003047026775 0.043373603300355272
leaf_weight=146.68515548110008 89.529585778713226 11.921430379152296 450.9554942548275 20.975524008274078 123.17846912145615 32.632665395736694 34.750963300466537 32.008815884590149 156.96712166070938 77.663933604955673 23.117069721221924 40.074203968048096 69.147245675325394 49.203445136547089
leaf_count=383 106 28 725 43 199 49 57 28 334 100 25 39 145 95
internal_value=-0.00010224 0.00529203 0.0120037 -0.00858595 -0.0208083 0.0262279 -0.0337652 -0.0550164 -0.0464617 -0.0151104 0.0350959 -0.00401435 0.0442308 0.00567263
internal_weight=1358.81 1237.27 1055.84 431.393 350.325 624.443 181.436 121.538 177.943 110.297 514.147 63.1913 81.0687 172.382
internal_count=2356 2222 1782 844 671 938 440 134 377 149 789 64 173 294
is_linear=0
shrinkage=0.05


Tree=12
num_leaves=15
num_cat=0
split_feature=53 18 53 53 43 49 43 50 18 49 51 0 50 0
split_gain=154.77 129.774 126.018 115.197 83.1062 71.2034 70.6087 69.0362 66.5266 59.23 52.8839 45.347 44.6985 40.5495
threshold=28.542449000000001 180.50000000000003 -2.9687604999999997 -12.010251999999999 28.475654500000005 11.825736000000001 22.008370000000003 0.79336350000000011 900.50000000000011 -3.5675319999999995 22.636227000000002 -0.75009049999999988 -2.8262259999999997 4.4640295000000014
decision_type=2 2 2 2 2 2 2 2 2 2 2 2 2 2
left_child=1 5 3 -3 8 -1 -2 9 10 -5 -4 -6 13 -11
right_child=6 2 4 7 11 -7 -8 -9 -10 12 -12 -13 -14 -15
leaf_value=-0.047298937305437661 -0.076364954886296854 0.045445635864295814 0.039900211593898401 -0.041762286526021083 0.034233866178594731 0.034952647193428547 0.0083268921915377603 -0.062837407225213762 -0.069991965033208314 0.0031963798579491792 -0.039592224897800871 -0.054583702598239227 0.050159137744332449 -0.082246629278719272
leaf_weight=146.89828465878963 86.879956543445587 83.33749321103096 527.47113382816315 89.632483869791031 21.322421550750732 32.053169667720795 34.336615324020386 74.045064508914948 14.996397733688353 122.11074459552765 21.78657203912735 44.081915318965912 46.533042043447495 15.667481601238249
leaf_count=384 107 180 806 205 32 49 30 135 13 234 35 60 66 26
internal_value=0.00154897 0.00682055 0.0134638 -0.00735629 0.0277258 -0.0325663 -0.0523746 -0.0200015 0.0339103 -0.00842321 0.0367471 -0.0256283 0.00778993 -0.00651979
internal_weight=1361.15 1239.94 1060.98 431.326 629.658 178.951 121.217 347.989 564.254 273.944 549.258 65.4043 184.311 137.778
internal_count=2362 2225 1792 846 946 433 137 666 854 531 841 92 326 260
is_linear=0
shrinkage=0.05


Tree=13
num_leaves=15
num_cat=0
split_feature=53 18 19 49 52 3 3 46 53 45 18 18 52 8
split_gain=164.674 135.01 60.5582 66.2125 64.7976 94.7027 58.9991 48.6002 53.5306 47.1685 46.6355 45.708 42.1489 41.6166
threshold=26.506932000000003 496.50000000000006 1.0000000180025095e-35 -3.1649564999999993 -3.1664069999999995 4.1541060000000014 8.970025500000002 -9.5801839999999974 -3.7017684999999996 -1.7610399999999997 472.50000000000006 790.50000000000011 19.423222000000006 42.500000000000007
decision_type=2 2 2 2 2 2 2 2 2 2 2 2 2 2
left_child=1 6 3 -3 -5 11 7 -1 -9 13 -10 -6 -2 -4
right_child=12 2 9 4 5 -7 -8 8 10 -11 -12 -13 -14 -15
leaf_value=0.011922930827701362 -0.065129197631343158 0.05891844560311963 -0.034691793590551259 -0.071249753593880027 -0.0050094060148620475 -0.061432730058206556 0.044347208720229042 -0.044624460471724248 -0.013775879415570152 0.051789470470872602 0.075376566175545182 0.057440777855753612 0.00076899475037823779 0.033838045547425526
leaf_weight=137.24738889932632 112.61220878362656 45.851902186870575 34.180132120847702 33.401145249605179 55.495157122612 39.606701374053955 46.517715305089951 166.12703569233418 271.03359645605087 212.28803676366806 15.507958233356474 62.071913719177246 30.929386854171753 62.963034182786942
leaf_count=337 134 82 52 50 90 52 68 394 580 280 22 70 27 100
internal_value=-0.000357723 0.00578223 0.0240265 0.00497411 -0.00800478 0.00543547 -0.00986559 -0.0141405 -0.0220429 0.0385839 -0.00895085 0.0279624 -0.0509299 0.0097256
internal_weight=1325.83 1182.29 545.858 236.427 190.575 157.174 636.434 589.916 452.669 309.431 286.542 117.567 143.542 97.1432
internal_count=2338 2177 776 344 262 212 1401 1333 996 432 602 160 161 152
is_linear=0
shrinkage=0.05


Tree=14
num_leaves=15
num_cat=0
split_feature=53 16 7 2 16 43 16 8 16 19 50 16 2 53
split_gain=136.78 120.407 77.504 97.6488 70.3891 58.6581 54.6926 53.2433 48.52 42.0797 62.2351 54.1562 53.3388 40.5625
threshold=28.542449000000001 598.50000000000011 -18.736676499999998 32.607265500000004 900.50000000000011 22.008370000000003 180.50000000000003 42.500000000000007 67.500000000000014 1.0000000180025095e-35 11.870402000000002 628.50000000000011 25.688312000000003 -2.9687604999999997
decision_type=2 2 2 2 2 2 2 2 2 2 2 2 2 2
left_child=1 2 7 6 9 -2 -4 -1 -9 11 -11 -3 -13 -8
right_child=5 4 3 -5 -6 -7 13 8 -10 10 -12 12 -14 -15
leaf_value=-0.04871024458528779 -0.07289893934811352 -0.076462695393610725 -0.04968198654671277 0.039091769435693376 -0.071823677772361469 0.0075587239406585301 -0.025022686142736745 -0.064634574149410193 0.046806554743609646 0.066103732544267491 0.010790253925790827 0.032830844596049208 -0.051218961083215345 0.006105509941477941
leaf_weight=20.57080751657486 84.83938592672348 15.294749975204466 127.42427192628384 77.208600878715515 17.225467920303345 30.905674934387207 258.68107911944389 10.62630373239517 120.80907969176769 140.52064543962479 79.692327320575714 144.54978975653648 21.711142241954803 175.76193279027939
leaf_count=30 109 27 345 100 15 27 565 18 227 199 92 190 31 374
internal_value=0.000511617 0.0054785 -0.00599992 -0.0136326 0.0271503 -0.0514155 -0.0208777 0.0260899 0.0377967 0.0313938 0.0460865 0.0135726 0.0218552 -0.0124292
internal_weight=1325.82 1210.08 791.082 639.076 418.994 115.745 561.867 152.006 131.435 401.769 220.213 181.556 166.261 434.443
internal_count=2349 2213 1659 1384 554 136 1284 275 245 539 291 248 221 939
is_linear=0
shrinkage=0.05


Tree=15
num_leaves=15
num_cat=0
split_feature=53 18 7 18 2 52 8 18 53 22 44 39 18 2
split_gain=105.681 105.161 82.9241 81.4361 72.6297 70.5495 69.4292 46.0017 45.3135 44.4469 64.4383 52.1263 43.6528 52.6546
threshold=28.542449000000001 598.50000000000011 -19.412206999999999 900.50000000000011 32.607265500000004 20.041413500000001 42.500000000000007 67.500000000000014 -12.010251999999999 1.0000000180025095e-35 15.870617500000003 1.8214215000000002 628.50000000000011 25.688312000000003
decision_type=2 2 2 2 2 2 2 2 2 2 2 2 2 2
left_child=1 2 6 9 8 -2 -1 -8 -4 10 -3 -12 -11 -14
right_child=5 3 4 -5 -6 -7 7 -9 -10 12 11 -13 13 -15
leaf_value=-0.059237776717723782 -0.07129500228134221 0.063531047366294419 0.022651463401087282 -0.071189329207806781 0.031176068913796262 0.016445040560535248 -0.060348626654646853 0.051566166444235673 -0.024860924587233865 -0.06687091659028041 0.044419648304147054 -0.040592480176430384 0.029419694162456645 -0.05165499520494591
leaf_weight=19.579940617084503 81.381970167160034 145.08548140525818 55.477714031934738 21.39825963973999 77.592703849077225 31.887740850448608 10.013601183891295 110.56804877519608 525.77933891117573 16.382261276245117 39.767240583896637 32.990476965904236 149.21808055043221 23.130940556526184
leaf_count=27 107 210 126 19 102 28 17 205 1212 29 45 39 197 33
internal_value=-0.000384258 0.00388165 -0.0068313 0.0238824 -0.0142607 -0.0465944 0.0280918 0.0422723 -0.0203261 0.0288861 0.0442737 0.00587266 0.0111249 0.0185387
internal_weight=1340.25 1226.98 799.011 427.973 658.85 113.27 140.162 120.582 581.257 406.574 217.843 72.7577 188.731 172.349
internal_count=2396 2261 1689 572 1440 135 249 222 1338 553 294 84 259 230
is_linear=0
shrinkage=0.05


Tree=16
num_leaves=15
num_cat=0
split_feature=53 16 7 16 47 52 52 53 20 7 41 47 7 40
split_gain=99.885 92.1888 78.3462 73.1794 63.0691 61.7308 60.5284 54.9516 48.3308 49.7152 43.0428 48.9856 66.5775 42.6977
threshold=28.542449000000001 598.50000000000011 -18.846248999999997 900.50000000000011 4.2177560000000005 -1.8124229999999997 20.041413500000001 -14.326413999999998 1.0000000180025095e-35 -9.2818959999999979 -2.5696174999999992 -3.7133609999999995 -11.295414999999997 20.978049500000004
decision_type=2 2 2 2 2 2 2 2 2 2 2 2 2 2
left_child=1 2 5 13 7 -1 -2 -4 9 10 -9 12 -12 -3
right_child=6 3 4 -5 -6 -7 -8 8 -10 -11 11 -13 -14 -15
leaf_value=0.053306456563330419 -0.069806133288616443 0.03025406940786049 0.049044192757892124 -0.068802548695347299 0.012234035431730428 -0.013564309434419134 0.0088704835361242892 -0.055934993467070752 -0.0063276379910483325 -0.074977420681730522 0.058373579585673921 -0.042984827846137504 -0.043745871272078393 -0.054094641729277707
leaf_weight=85.282730430364609 80.007294178009033 377.59701317548752 24.476064682006836 21.042557060718536 162.02534002065659 57.971791669726372 35.201786398887634 81.980414196848869 164.54116193950176 76.044973880052567 41.965108335018158 58.307639673352242 25.756770044565201 15.624119877815245
leaf_count=175 109 520 52 19 219 92 31 212 439 191 91 126 52 23
internal_value=-0.0013085 0.00298626 -0.00715541 0.0220412 -0.0146894 0.0262454 -0.0457667 -0.0239106 -0.0278911 -0.0403819 -0.0277343 -0.0093902 0.0195343 0.0269026
internal_weight=1307.82 1192.62 778.352 414.264 635.097 143.255 115.209 473.072 448.596 284.055 208.01 126.03 67.7219 393.221
internal_count=2351 2211 1649 562 1382 267 140 1163 1111 672 481 269 143 543
is_linear=0
shrinkage=0.05


Tree=17
num_leaves=15
num_cat=0
split_feature=53 16 43 22 2 7 2 7 44 53 52 53 45 16
split_gain=98.1063 84.7589 61.6982 56.9005 51.5318 59.1206 50.5368 50.4277 51.6158 47.2535 43.5744 43.4596 51.185 53.2281
threshold=28.542449000000001 496.50000000000006 22.008370000000003 1.0000000180025095e-35 30.061026500000001 -18.846248999999997 9.0390140000000034 -9.6145504999999982 -9.4423699999999986 -12.010251999999999 -1.8124229999999997 -3.7017684999999996 -3.5157019999999997 228.50000000000003
decision_type=2 2 2 2 2 2 2 2 2 2 2 2 2 2
left_child=1 4 -2 -3 5 10 7 8 -5 -7 -1 -11 13 -13
right_child=2 3 -4 6 -6 9 -8 -9 -10 11 -12 12 -14 -15
leaf_value=0.053867574337991303 -0.068492577989276923 0.03339368114773008 0.010450914858647464 0.063966283941317731 0.030281510518852736 0.026477067173575414 -0.0255843928446172 0.065688423503723087 -0.019182467203428255 -0.044526418914266605 -0.015756021676737616 -0.02266800383280123 -0.028437618887545164 0.056383440151237245
leaf_weight=52.282391309738159 78.21298623085022 311.54757598042488 36.208288788795471 24.673281729221344 79.261770069599152 49.087315335869789 102.53398334980011 43.006149023771286 76.636393278837204 173.73425632715225 39.414691179990768 40.026135891675949 161.7475703060627 45.501118451356888
leaf_count=118 109 453 32 54 107 113 142 56 114 430 64 96 382 119
internal_value=0.000725274 0.00494519 -0.0435111 0.0191864 -0.00745977 -0.0127846 0.0012555 0.0203248 0.00106785 -0.0199482 0.0239409 -0.0253612 -0.0118957 0.0193879
internal_weight=1313.87 1199.45 114.421 558.397 641.055 561.793 246.85 144.316 101.31 470.096 91.6971 421.009 247.275 85.5273
internal_count=2389 2248 141 819 1429 1322 366 224 168 1140 182 1027 597 215
is_linear=0
shrinkage=0.05


Tree=18
num_leaves=15
num_cat=0
split_feature=53 53 53 16 7 27 45 7 16 16 19 1 7 40
split_gain=90.7585 94.5384 93.8201 79.0804 77.8952 65.0559 52.3489 47.6873 44.863 40.7347 65.6586 88.6294 47.2042 39.8374
threshold=24.219922500000006 -2.9687604999999997 -12.010251999999999 61.500000000000007 -16.015319999999999 1.0000000180025095e-35 -4.3997589999999995 -6.8462449999999988 234.50000000000003 472.50000000000006 1.0000000180025095e-35 5.1494605000000009 -11.346329999999998 18.293218000000007
decision_type=2 2 2 2 2 2 2 2 2 2 2 2 2 2
left_child=1 2 -1 -3 8 -6 -7 -8 -4 12 11 -11 -5 -14
right_child=-2 3 4 9 5 6 7 -9 -10 10 -12 -13 13 -15
leaf_value=0.038015415037024956 -0.032790453305049115 -0.057465782176601587 -0.045300864779171841 0.026820909628789316 -0.062845530061817298 -0.058646887812979637 0.059627802309219116 -0.028333608182991535 0.022978134213400971 0.033172610990118347 0.052007498818028866 -0.056092119650016252 -0.0045952068122950239 -0.097798665285365571
leaf_weight=78.237593814730644 172.84467554092407 32.870218187570572 31.119395107030869 160.10536415874958 132.75822952389717 33.999466344714165 33.014698714017868 28.893343210220337 106.01738837361336 94.184498012065887 201.6949148774147 39.45644223690033 121.1912869811058 12.662715435028074
leaf_count=183 203 80 75 321 294 77 80 63 171 129 293 51 304 18
internal_value=0.000904111 0.00616889 -0.0116807 0.0181386 -0.0223097 -0.0401778 -0.00880037 0.018575 0.00748411 0.0220877 0.0339981 0.0068179 0.00850075 -0.0134123
internal_weight=1279.05 1106.21 444.04 662.165 365.803 228.666 95.9075 61.908 137.137 629.295 335.336 133.641 293.959 133.854
internal_count=2342 2139 943 1196 760 514 220 143 246 1116 473 180 643 322
is_linear=0
shrinkage=0.05


Tree=19
num_leaves=15
num_cat=0
split_feature=16 16 51 46 46 0 49 7 52 16 44 19 44 7
split_gain=83.171 94.166 49.4437 61.8981 66.6406 58.5618 72.5194 47.0477 40.9477 40.1412 47.7885 36.4516 39.4695 33.9684
threshold=900.50000000000011 740.50000000000011 -7.992500999999999 13.481052000000002 -7.4785809999999993 -0.38193899999999997 13.368071000000002 -19.113004499999999 -6.0774609999999987 180.50000000000003 28.539469500000006 1.0000000180025095e-35 29.316043000000004 -5.0636754999999996
decision_type=2 2 2 2 2 2 2 2 2 2 2 2 2 2
left_child=1 2 -1 4 7 -5 -7 -4 -6 -10 -11 12 -3 -9
right_child=-2 11 3 5 8 6 -8 13 9 10 -12 -13 -14 -15
leaf_value=0.053978747831846932 -0.078436075491974344 0.024042803287838983 0.044193938779948358 0.045411137934536661 -0.090317133977047465 0.037424155797532187 -0.025708553791759837 -0.010609942467301925 -0.056147287904351778 -0.0084081152002089213 -0.068052321318858244 0.055146088464615418 -0.067268082212974353 0.083553686165789967
leaf_weight=35.014672338962555 33.111119389533997 100.32556319236755 58.730641394853592 93.803576707839966 24.187019258737564 71.707280248403549 124.39659282565117 206.93385826051235 75.227394849061966 280.73631329834461 38.146965742111206 95.693708837032318 13.417445957660673 10.042200863361357
leaf_count=65 31 122 124 137 46 115 171 495 200 599 60 127 21 23
internal_value=-0.000238492 0.00186936 -0.00440701 -0.0064848 -0.0145903 0.0129188 -0.00262347 0.00449407 -0.0271691 -0.0232936 -0.0155432 0.0324044 0.0132715 -0.00625181
internal_weight=1261.47 1228.36 1018.93 983.912 694.004 289.907 196.104 275.707 418.298 394.111 318.883 209.437 113.743 216.976
internal_count=2336 2305 2035 1970 1547 423 286 642 905 859 659 270 143 518
is_linear=0
shrinkage=0.05


Tree=20
num_leaves=15
num_cat=0
split_feature=16 16 50 19 2 8 7 41 16 7 53 27 50 41
split_gain=73.8793 70.8421 58.6477 74.2691 49.2371 51.9578 65.4769 77.5098 53.7741 51.3972 50.0026 50.8975 49.7906 47.1798
threshold=900.50000000000011 598.50000000000011 11.870402000000002 1.0000000180025095e-35 32.607265500000004 42.500000000000007 -16.226709499999995 4.7896720000000004 183.50000000000003 -23.359291499999994 -3.5649909999999996 1.0000000180025095e-35 -5.7754594999999993 15.252965000000001
decision_type=2 2 2 2 2 2 2 2 2 2 2 2 2 2
left_child=1 4 3 -3 5 12 7 8 9 -7 11 -8 -1 -12
right_child=-2 2 -4 -5 -6 6 10 -9 -10 -11 13 -13 -14 -15
leaf_value=0.029425042415562513 -0.075996407983422096 0.0076946502125912284 -0.0055221654616574196 0.061528429441482679 0.029143520544087337 0.071572176047332417 -0.053952383855765673 -0.082202089322821692 0.049521952292311718 -0.046520285266094842 0.0089551445286670424 -0.00014475290073322038 -0.05022585807181032 -0.071721227910723759
leaf_weight=23.284340888261795 31.483320116996765 135.75335741043091 159.12236422300339 121.32647278904915 84.151570290327072 12.681799620389937 120.51543800532818 16.599317133426666 115.41473650932312 33.691976755857468 187.82330097258091 69.175640940666199 124.68368719518185 20.057073712348938
leaf_count=53 30 194 200 199 109 23 278 32 245 94 426 174 265 31
internal_value=-0.000369273 0.00157554 0.0183346 0.033101 -0.00705625 -0.0112642 -0.00447475 0.0206929 0.0312498 -0.0142256 -0.0157673 -0.0343301 -0.0376919 0.00117119
internal_weight=1255.76 1224.28 416.202 257.08 808.079 723.927 575.959 178.388 161.789 46.3738 397.571 189.691 147.968 207.88
internal_count=2353 2323 593 393 1730 1621 1303 394 362 117 909 452 318 457
is_linear=0
shrinkage=0.05


Tree=21
num_leaves=15
num_cat=0
split_feature=7 53 16 53 53 49 7 3 7 49 20 42 7 43
split_gain=73.7584 75.4237 68.4245 61.7491 85.4507 85.2363 68.4491 67.6841 58.169 58.4736 51.4677 53.8573 47.2405 44.164
threshold=-3.6658359999999997 28.542449000000001 180.50000000000003 -2.9687604999999997 -12.010251999999999 12.995554500000003 -15.306550999999997 0.037786000000000007 -23.359291499999994 11.825736000000001 1.0000000180025095e-35 -5.0246774999999992 -25.545219999999997 22.008370000000003
decision_type=2 2 2 2 2 2 2 2 2 2 2 2 2 2
left_child=1 2 8 4 -4 -5 7 -6 -1 -10 -8 -12 -9 -3
right_child=-2 13 3 5 6 -7 10 12 9 -11 11 -13 -14 -15
leaf_value=0.073800837926404655 0.06493808234809724 -0.065437567760050844 0.042062549829475972 0.031653725830089789 0.058437700451801515 -0.010883324876132007 -0.059045201203853086 -0.062906946342474748 -0.049708984343597003 0.028982449181345439 -0.082125495871254992 0.011215564472063634 0.015048677477507228 0.0087343864983365667
leaf_weight=13.181650817394255 42.748663067817688 69.47848117351532 70.878785461187363 369.54009956121445 46.519504591822624 172.856226593256 112.27765282988548 33.300601989030838 130.63684116303921 28.814231038093567 19.630112379789352 72.640941500663757 46.67007577419281 28.220888495445251
leaf_count=24 58 106 167 656 84 244 240 40 377 45 40 169 92 25
internal_value=0.000387002 -0.00188483 0.00180009 0.0070914 -0.00776169 0.0180976 -0.0184296 0.0104828 -0.0271438 -0.0354887 -0.0363086 -0.00864219 -0.0174128 -0.0440127
internal_weight=1257.39 1214.65 1116.95 944.314 401.918 542.396 331.039 126.49 172.633 159.451 204.549 92.2711 79.9707 97.6994
internal_count=2367 2309 2178 1732 832 900 665 216 446 422 449 209 132 131
is_linear=0
shrinkage=0.05


Tree=22
num_leaves=15
num_cat=0
split_feature=53 18 53 53 18 42 52 7 40 44 18 19 12 41
split_gain=73.4033 71.9844 44.9263 67.1996 49.3788 47.7151 42.6847 42.1147 49.2674 37.7251 37.4301 36.6352 46.7033 33.967
threshold=26.506932000000003 720.50000000000011 -14.326413999999998 -2.9687604999999997 61.500000000000007 -4.0280394999999993 19.423222000000006 -11.407440499999998 19.358285500000004 -2.4419359999999997 180.50000000000003 1.0000000180025095e-35 5.1375905000000008 -7.9436709999999993
decision_type=2 2 2 2 2 2 2 2 2 2 2 2 2 2
left_child=1 2 -1 5 -5 -4 -2 -6 9 -9 -7 12 -3 -12
right_child=6 11 3 4 7 10 -8 8 -10 -11 13 -13 -14 -15
leaf_value=0.048067747759844869 -0.056829951789636041 0.033835385285292854 -0.046327780186729804 -0.056987775343320071 0.026604528221847001 -0.077089769610491188 0.0087516008842244385 -0.048185691470908225 -0.059366494054343605 0.012154236316867718 0.057283191297440805 0.057575387088835875 -0.034589466289976105 -0.0090020441448927339
leaf_weight=41.418474674224854 86.143330335617065 82.742716372013092 129.07053746283054 29.24150937795639 213.4971764087677 18.044470876455307 34.848434090614319 29.434785753488541 33.928782105445862 215.92892383038998 21.62844118475914 76.658769071102142 35.696486532688141 181.6278620660305
leaf_count=101 125 108 281 75 404 63 31 81 50 425 58 117 39 383
internal_value=-0.000961279 0.00307349 -0.00281271 -0.00522833 0.00614037 -0.022167 -0.0379409 0.00988632 -0.00289344 0.00491562 -0.00807553 0.0306439 0.0132128 -0.00194865
internal_weight=1229.91 1108.92 913.821 872.402 522.031 350.371 120.992 492.79 279.292 245.364 221.301 195.098 118.439 203.256
internal_count=2341 2185 1921 1820 1035 785 156 960 556 506 504 264 147 441
is_linear=0
shrinkage=0.05


Tree=23
num_leaves=15
num_cat=0
split_feature=53 16 2 2 7 45 40 16 44 16 13 16 6 7
split_gain=68.9086 67.833 49.0719 48.964 45.4758 48.3049 43.1448 42.964 42.817 38.2326 36.2713 34.9014 30.4932 59.043
threshold=28.542449000000001 496.50000000000006 34.684217000000011 26.125278000000005 -18.736676499999998 -4.0924539999999991 20.978049500000004 900.50000000000011 3.3024950000000008 180.50000000000003 9.5414220000000025 198.50000000000003 -3.4843029999999993 -5.0636754999999996
decision_type=2 2 2 2 2 2 2 2 2 2 2 2 2 2
left_child=1 3 -2 4 5 10 7 -3 -5 -6 -1 -11 13 -13
right_child=2 6 -4 8 9 -7 -8 -9 -10 11 -12 12 -14 -15
leaf_value=-0.085012355121684147 -0.061423156837981135 0.022794953005092287 0.021250654930942022 -0.049007511957341404 -0.043812763723812743 0.048117376310891607 -0.065888907676620936 -0.05814056038531689 0.047197554376287719 0.07805655875406714 0.019362126507726118 -0.011923711278995393 -0.041635931261935613 0.080046584952886232
leaf_weight=15.104080706834791 70.134990811347961 485.80214914679527 24.122177004814148 14.098411440849302 114.59175208210945 56.756694346666336 15.036734998226164 16.969857215881348 64.371368587017059 10.807170331478117 18.541770756244659 229.72714096307755 73.290478229522705 18.885280907154083
leaf_count=28 106 767 25 31 339 126 22 17 82 32 36 511 184 50
internal_value=0.000812806 0.00422724 -0.0402654 -0.00698313 -0.0123675 0.0199768 0.0175672 0.0200632 0.0299127 -0.0189045 -0.027493 -0.0103256 -0.0132929 -0.0049374
internal_weight=1228.24 1133.98 94.2572 616.174 537.704 90.4025 517.809 502.772 78.4698 447.302 33.6459 332.71 321.903 248.612
internal_count=2356 2225 131 1419 1306 190 806 784 113 1116 64 777 745 561
is_linear=0
shrinkage=0.05


Tree=24
num_leaves=15
num_cat=0
split_feature=7 41 53 53 7 3 16 16 3 7 16 52 6 6
split_gain=63.7711 64.6221 58.6803 65.0005 51.9825 51.9807 47.6575 45.7819 48.8078 54.051 47.6806 60.1641 37.4987 59.1827
threshold=-3.6658359999999997 14.672292500000003 -2.9687604999999997 -12.010251999999999 -15.713749999999999 2.0056050000000005 258.50000000000006 55.500000000000007 0.42119500000000004 -11.346329999999998 282.50000000000006 22.155945000000006 -5.0378254999999994 -2.6535319999999998
decision_type=2 2 2 2 2 2 2 2 2 2 2 2 2 2
left_child=1 2 3 6 12 -6 -1 -4 -9 -10 -11 -12 -5 -14
right_child=-2 -3 7 4 5 -7 -8 8 9 10 11 -13 13 -15
leaf_value=-0.054440368962676726 0.06308023638597067 -0.029477300471463127 -0.05334542278266239 0.026417914833239575 -0.048289544622010239 0.0089720783253078185 0.049741377293731071 0.033726628388052821 0.029750673891449298 -0.071150848537279085 0.018222978092336087 -0.048173886416376856 -0.055248080861117821 0.062758646500469459
leaf_weight=13.356601908802984 38.399459898471832 185.66188979148865 24.647602170705795 79.625630274415016 170.28755332529545 51.655054956674576 61.61700502038002 230.78266881406307 118.81957812607288 29.953830629587173 109.87693077325821 49.482817381620407 43.643701434135437 14.043665945529936
leaf_count=36 57 234 66 171 404 113 149 488 215 93 183 72 66 23
internal_value=-0.000333802 -0.00239139 0.00264855 -0.0111651 -0.0200024 -0.0349624 0.0311813 0.013292 0.0163397 0.00331749 -0.0132729 -0.00239392 0.00417786 -0.02652
internal_weight=1221.85 1183.45 997.793 434.229 359.256 221.943 74.9736 563.563 538.916 308.133 189.314 159.36 137.313 57.6874
internal_count=2370 2313 2079 962 777 517 185 1117 1051 563 348 255 260 89
is_linear=0
shrinkage=0.05


Tree=25
num_leaves=15
num_cat=0
split_feature=18 7 42 18 2 45 53 53 8 6 43 19 18 0
split_gain=69.7875 58.448 45.116 48.4005 45.6726 53.3003 48.6369 70.9015 54.1104 41.948 40.2184 37.8529 47.7717 45.7595
threshold=900.50000000000011 -3.6658359999999997 -10.034320999999998 234.50000000000003 9.1936845000000016 0.55141850000000014 23.645861000000004 -2.9687604999999997 52.500000000000007 -11.786122999999998 16.017711500000001 1.0000000180025095e-35 318.50000000000006 4.8484030000000011
decision_type=2 2 2 2 2 2 2 2 2 2 2 2 2 2
left_child=1 2 -1 10 6 9 7 8 -5 -6 -4 -7 -13 -14
right_child=-2 -3 3 4 5 11 -8 -9 -10 -11 -12 12 13 -15
leaf_value=0.067525844312192745 -0.080800617122268936 0.062296660324836987 -0.029704073871032993 0.021423088937738699 0.039207201511258248 -0.029302687889264885 -0.074350802789991066 0.039790804097781539 -0.022124831074280552 -0.046906858003149837 0.030544988184759078 0.065317958015290958 0.018138028724711614 -0.044243318265071566
leaf_weight=24.206482216715813 25.981935381889343 38.919375777244568 204.65225753188133 150.59464254975319 16.243753701448441 64.600150763988495 15.132432937622069 196.70502871274948 135.52794274687767 109.2834770232439 32.034793868660927 37.814267843961716 119.30152001976967 39.010314404964447
leaf_count=48 26 60 572 296 21 109 25 384 294 199 57 49 173 49
internal_value=0.000259942 0.00203871 -9.30829e-06 -0.00146777 0.00390775 -0.00899495 0.013916 0.0166824 0.000795706 -0.0357633 -0.0215496 0.00389275 0.0148267 0.00276637
internal_weight=1210.01 1184.03 1145.11 1120.9 884.214 386.253 497.96 482.828 286.123 125.527 236.687 260.726 196.126 158.312
internal_count=2362 2336 2276 2228 1599 600 999 974 590 220 629 380 271 222
is_linear=0
shrinkage=0.05


Tree=26
num_leaves=15
num_cat=0
split_feature=53 16 53 53 42 16 41 26 16 16 4 52 20 6
split_gain=61.8352 62.8842 37.142 58.4618 43.2949 35.9291 32.7081 32.3426 38.2867 55.7724 35.8875 32.128 30.5976 41.0162
threshold=26.506932000000003 720.50000000000011 -14.326413999999998 -2.9687604999999997 -4.4320719999999989 55.500000000000007 14.672292500000003 1.0000000180025095e-35 472.50000000000006 327.50000000000006 0.024223500000000005 19.423222000000006 1.0000000180025095e-35 -5.1298004999999991
decision_type=2 2 2 2 2 2 2 2 2 2 2 2 2 2
left_child=1 2 -1 4 -4 -5 7 10 9 -9 -7 -2 13 -6
right_child=11 -3 3 5 12 6 -8 8 -10 -11 -12 -13 -14 -15
leaf_value=0.045750041878787173 -0.050498709145329973 0.030080622947070246 -0.047159130810753951 -0.053551639157653964 0.0023252139020869351 0.022813347061769129 -0.02837351382460453 0.027630649130389585 0.059028431125262071 -0.042359781063834034 -0.020860990061628767 0.0079643492922488596 0.018141225183317393 -0.047483231713074864
leaf_weight=39.376960664987564 85.252411007881165 187.83697938919067 102.14669945836067 23.558024033904076 91.076360106468201 84.61353462934494 50.682007372379303 149.54424059391022 64.604764461517334 35.154037952423096 105.91154518723488 32.442252695560455 75.187629401683807 75.675324827432632
leaf_count=100 133 271 230 65 228 239 59 263 95 54 271 29 180 154
internal_value=3.9907e-05 0.0037727 -0.00173307 -0.00391187 -0.0198633 0.00676507 0.00966193 0.0140448 0.0258978 0.0143092 -0.00146491 -0.0343835 -0.00833904 -0.0202789
internal_weight=1203.06 1085.37 897.531 858.154 344.086 514.068 490.51 439.828 249.303 184.698 190.525 117.695 241.939 166.752
internal_count=2371 2209 1938 1838 792 1046 981 922 412 317 510 162 562 382
is_linear=0
shrinkage=0.05


Tree=27
num_leaves=15
num_cat=0
split_feature=7 53 42 53 53 48 18 32 7 6 18 18 49 42
split_gain=56.5079 62.4704 39.5899 37.2224 62.5519 41.5102 41.0734 40.5738 46.8704 47.6658 33.3834 32.6016 50.4162 38.9662
threshold=-3.6658359999999997 28.542449000000001 -10.034320999999998 -3.8784054999999995 -12.010251999999999 -3.8633624999999996 258.50000000000006 16.500000000000004 -15.412226999999998 -5.1298004999999991 231.50000000000003 228.50000000000003 13.457907000000002 -4.375307499999999
decision_type=2 2 2 2 2 2 2 2 2 2 2 2 2 2
left_child=1 2 -1 4 6 -6 -4 8 9 10 -7 -5 13 -13
right_child=-2 -3 3 11 5 7 -8 -9 -10 -11 -12 12 -14 -15
leaf_value=0.066219577953263165 0.061272635258274304 -0.042956271162190078 -0.047234846062947089 -0.012644316964640688 -0.060299138489882526 -0.046571805326042132 0.050343478057693174 0.017105627445510443 -0.058015336985754729 -0.042107938110330444 0.054176509718684651 0.067152200841263471 -0.01025810160052942 0.01721869753934557
leaf_weight=23.140739917755127 36.695441871881485 85.199090152978897 13.508141383528708 162.25342640280724 59.169309914112091 10.643318921327589 53.482811987400055 74.27684922516346 70.685055330395699 42.017066836357117 36.147753179073334 44.551472038030624 161.12565633654594 317.55359365046024
leaf_count=47 60 132 36 417 151 30 130 169 168 65 79 97 223 559
internal_value=0.000189746 -0.00175301 0.00153225 0.000100364 -0.0129198 -0.0228877 0.0306677 -0.0134185 -0.0276337 -0.00345207 0.0312598 0.00693694 0.0130091 0.0233622
internal_weight=1190.45 1153.75 1068.56 1045.41 359.93 292.939 66.991 233.77 159.493 88.8081 46.7911 685.484 523.231 362.105
internal_count=2363 2303 2171 2124 828 662 166 511 342 174 109 1296 879 656
is_linear=0
shrinkage=0.05


Tree=28
num_leaves=15
num_cat=0
split_feature=53 53 53 18 52 18 3 3 52 18 7 1 7 32
split_gain=52.4769 45.6521 52.103 43.372 38.3711 68.596 36.2731 35.5153 47.5812 47.5544 45.3 35.846 34.9239 40.252
threshold=24.219922500000006 -3.5649909999999996 -12.010251999999999 61.500000000000007 15.164471500000001 877.50000000000011 1.8080535000000004 -0.63185299999999989 22.653125000000003 228.50000000000003 -24.957438999999997 12.581663500000003 -16.015319999999999 16.500000000000004
decision_type=2 2 2 2 2 2 2 2 2 2 2 2 2 2
left_child=1 2 -1 -3 -2 6 -6 -5 9 11 -11 -9 -4 -14
right_child=4 3 12 7 5 -7 -8 8 -10 10 -12 -13 13 -15
leaf_value=0.028362637692432358 -0.051173904018586784 -0.04929688032630445 0.0044006086242676717 0.033938740077333537 0.07683341038273922 -0.067158931996639082 -0.014891456805391523 -0.041281894079136475 -0.022700503837238067 -0.063107605841851516 0.029393457868472542 0.0525715889205743 -0.051493076927260323 -0.0061470803975010903
leaf_weight=72.037754863500595 80.295880645513535 27.606295853853226 104.76274809241295 173.92880989611149 24.938734412193298 24.553491353988647 18.9822878241539 51.533782467246056 101.98982140421867 13.915040671825407 271.08195006847382 12.676270097494124 109.86509744822979 88.247357130050659
leaf_count=185 135 77 212 372 23 26 20 150 146 18 492 34 264 210
internal_value=3.02187e-05 0.00404822 -0.0098571 0.0120351 -0.0277245 -0.000226831 0.0371907 0.0147436 0.00734418 0.0161191 0.0248771 -0.0227535 -0.0189475 -0.0312941
internal_weight=1176.42 1027.64 374.913 652.732 148.77 68.4745 43.921 625.126 451.197 349.207 284.997 64.2101 302.875 198.112
internal_count=2364 2160 871 1289 204 69 43 1212 840 694 510 184 686 474
is_linear=0
shrinkage=0.05


Tree=29
num_leaves=15
num_cat=0
split_feature=7 16 45 40 3 49 19 45 50 39 16 48 45 40
split_gain=50.0072 47.1057 32.6906 32.6759 99.1717 87.2518 43.1835 43.8971 41.2218 40.5866 37.4036 46.8661 36.9659 33.8544
threshold=-3.6658359999999997 900.50000000000011 -10.965146499999998 0.26125400000000004 1.8080535000000004 -3.0409474999999997 1.0000000180025095e-35 -0.84657699999999991 15.121264000000002 4.958263500000001 496.50000000000006 -2.9852339999999997 -4.5580074999999995 6.0401925000000007
decision_type=2 2 2 2 2 2 2 2 2 2 2 2 2 2
left_child=1 2 -1 5 13 10 -6 -8 9 -9 11 12 -4 -5
right_child=-2 -3 3 4 6 -7 7 8 -10 -11 -12 -13 -14 -15
leaf_value=0.043907198637106515 0.060139535106058545 -0.067452840972004241 -0.00056486205493640727 0.0090803287246820751 -0.048190762771292348 -0.037791557174033083 -0.056074483873502612 0.03939370380786434 -0.039666075060805231 -0.011473347292307636 0.034083924952849447 -0.024778766929433933 0.068554683852902629 0.04365527182543559
leaf_weight=40.102130278944969 33.329413175582886 26.836972534656525 56.979323297739029 135.57315990328789 70.713414579629898 192.86181804537773 34.031726807355881 88.459263265132904 40.495594918727875 70.442537695169449 82.21524652838707 128.03707687556744 29.285795286297798 148.1871545612812
leaf_count=89 59 28 146 321 121 423 50 154 45 115 155 334 84 243
internal_value=-0.000232772 -0.00199133 -0.000419092 -0.00206915 0.00587577 -0.0116136 -0.01396 -0.00359033 0.0053673 0.0168439 0.00541321 -0.00558607 0.0229003 0.0271363
internal_weight=1177.55 1144.22 1117.38 1077.28 587.903 489.379 304.143 233.429 199.397 158.902 296.517 214.302 86.2651 283.76
internal_count=2367 2308 2280 2191 1049 1142 485 364 314 269 719 564 230 564
is_linear=0
shrinkage=0.05


Tree=30
num_leaves=15
num_cat=0
split_feature=18 46 53 18 42 45 53 41 43 45 42 53 51 44
split_gain=45.1349 54.9144 60.5718 61.0927 47.5034 46.3244 35.6382 48.0053 39.0446 50.9391 32.1534 33.3396 31.7351 40.8039
threshold=900.50000000000011 13.481052000000002 27.026726000000004 183.50000000000003 -2.6706009999999996 -10.965146499999998 -2.9687604999999997 1.1768395 -2.1496384999999996 -4.3051559999999993 -4.7696689999999995 -11.715879499999998 0.5846625000000002 -9.6159714999999988
decision_type=2 2 2 2 2 2 2 2 2 2 2 2 2 2
left_child=1 2 3 -1 -3 -5 7 10 -8 -10 11 -7 -12 -14
right_child=-2 4 -4 5 -6 6 8 -9 9 -11 12 -13 13 -15
leaf_value=-0.034653505504422401 -0.064411684919093257 -0.056530086823561809 -0.062685583447468621 0.063263911704116216 0.022375234394997525 0.023345380598538627 0.0340304736486578 -0.049783065446864297 0.064625096484379835 -0.031503403368688669 0.022486056632242585 -0.048240534150413926 0.029048824024366454 -0.042665636633854857
leaf_weight=121.51182368397713 26.332160592079163 20.207522675395012 43.914675951004028 31.433836370706558 340.17890937626362 22.697694838047028 132.08623716235161 58.832894951105118 17.696642279624939 62.28673067688942 150.70646603405476 57.38674958050251 31.734214752912521 52.896916329860687
leaf_count=356 29 40 90 66 508 61 279 116 53 141 346 117 64 105
internal_value=0.00030849 0.00179875 -0.00563372 -0.00224469 0.0179509 0.00413006 0.000959797 -0.00831948 0.0173356 -0.0102346 -0.000585647 -0.0279515 0.00872685 -0.0157748
internal_weight=1169.9 1143.57 783.185 739.27 360.386 617.758 586.325 374.255 212.07 79.9834 315.422 80.0844 235.338 84.6311
internal_count=2371 2342 1794 1704 548 1348 1282 809 473 194 693 178 515 169
is_linear=0
shrinkage=0.05


Tree=31
num_leaves=15
num_cat=0
split_feature=18 7 42 40 3 18 46 51 3 50 18 50 18 0
split_gain=44.3128 41.7008 38.2298 29.8104 102.084 52.2436 51.3913 44.8415 35.8105 49.0797 35.4249 38.897 34.7041 34.469
threshold=900.50000000000011 -3.6658359999999997 -10.034320999999998 6.1466705000000008 2.1211990000000003 318.50000000000006 -7.5319829999999994 2.8922860000000004 8.970025500000002 2.2288875000000004 177.50000000000003 -2.8262259999999997 210.50000000000003 4.316625000000001
decision_type=2 2 2 2 2 2 2 2 2 2 2 2 2 2
left_child=1 2 -1 6 -5 -6 -4 -7 9 10 -8 12 -12 -9
right_child=-2 -3 3 4 5 7 8 13 -10 -11 11 -13 -14 -15
leaf_value=0.063991956718662799 -0.063238641922509831 0.059293720778527251 0.0091236569226766668 0.040885764789965279 0.026867304772905633 -0.078864810130224533 -0.043180580970818144 0.0097549186475528252 0.053089408925183483 -0.044128494578529971 0.071309909872318694 0.031144060489840364 -0.022036462639334228 -0.0482952119477029
leaf_weight=22.967901676893234 26.835933148860931 30.651353567838669 291.14708791673183 156.30556237697601 58.002713859081268 34.693354278802872 56.380770444869995 64.04840761423111 16.949655801057816 147.63171717524529 10.838505253195761 72.110518217086792 122.4164621680975 42.567133873701096
leaf_count=52 30 57 703 256 101 48 199 97 29 290 33 147 270 56
internal_value=0.000260088 0.0017725 0.000163913 -0.00120223 0.0106349 -0.0130886 -0.00706933 -0.0294892 -0.0181278 -0.0210765 -0.00807451 0.00156346 -0.014444 -0.0134221
internal_weight=1153.55 1126.71 1096.06 1073.09 355.617 199.312 717.475 141.309 426.328 409.378 261.746 205.365 133.255 106.616
internal_count=2368 2338 2281 2229 558 302 1671 201 968 939 649 450 303 153
is_linear=0
shrinkage=0.05


Tree=32
num_leaves=15
num_cat=0
split_feature=7 47 42 47 46 52 0 51 40 49 0 7 49 47
split_gain=42.064 35.7521 30.9506 28.6817 43.992 35.5872 26.3512 35.0433 27.9222 56.531 42.8464 49.761 49.8901 36.0273
threshold=-3.6658359999999997 38.150463000000009 -9.8347609999999985 47.956988000000003 34.259077500000011 19.423222000000006 9.0285240000000027 23.877351500000003 0.030612500000000004 -2.9197639999999994 -1.4799349999999998 -24.520225499999995 19.339195000000004 27.712269000000003
decision_type=2 2 2 2 2 2 2 2 2 2 2 2 2 2
left_child=1 2 -1 -3 -5 -6 7 8 9 -4 -10 -12 -13 -14
right_child=-2 3 6 4 5 -7 -8 -9 10 -11 11 12 13 -15
leaf_value=0.058466289573389944 0.059263170382398672 -0.046849556518608004 0.0039817374162058831 0.066154160132679177 -0.069965390539503028 0.0081575398947292127 0.042084170702902046 -0.072907150581393271 0.03704183852406303 -0.035010408766358428 -0.048540701021544175 0.016514550116498754 -0.068838111355101775 0.028010281354769025
leaf_weight=24.053263381123543 29.656168758869171 71.001653075218201 289.50251922011375 17.789140939712524 24.387790203094482 36.237360000610352 37.512620911002159 16.489076972007751 106.4012944996357 136.9169364720583 44.574253618717194 259.49004669487476 32.266944289207458 13.67103999853134
leaf_count=58 56 126 725 18 28 34 66 27 228 320 53 553 49 21
internal_value=0.000494768 -0.00107495 0.00246312 -0.0238279 -0.00298246 -0.0232691 0.00102522 -0.000687455 0.00066144 -0.00853806 0.00925657 0.000809795 0.00801202 -0.0400162
internal_weight=1139.95 1110.29 960.878 149.416 78.4143 60.6252 936.825 899.312 882.823 426.419 456.404 350.002 305.428 45.938
internal_count=2362 2306 2100 206 80 62 2042 1976 1949 1045 904 676 623 70
is_linear=0
shrinkage=0.05


Tree=33
num_leaves=15
num_cat=0
split_feature=7 41 42 16 5 2 40 16 2 16 46 0 7 5
split_gain=42.4029 42.8135 33.562 27.958 44.1009 61.9147 42.1248 57.845 36.2194 28.7142 24.469 27.85 27.0307 30.4432
threshold=-3.6658359999999997 19.653087500000005 -10.034320999999998 496.50000000000006 22.393342000000001 7.9370950000000002 -0.51215599999999994 661.50000000000011 32.607265500000004 511.50000000000006 -9.5801839999999974 6.5749295000000005 -23.941125499999995 18.469526500000004
decision_type=2 2 2 2 2 2 2 2 2 2 2 2 2 2
left_child=1 2 -1 8 5 -5 -7 -8 10 -6 12 -12 -4 -14
right_child=-2 -3 3 4 9 6 7 -9 -10 -11 11 -13 13 -15
leaf_value=0.062545326560615733 0.058769289898736081 -0.047192111606530196 0.066923990039880601 0.059428772568437455 0.07225541311426005 -0.076737633514074532 0.058970790436532673 -0.034276881076564916 0.025882914449311668 -0.0060580259806349559 -0.022139378387498982 0.031709836695030628 0.025527307834581264 -0.028011069837142605
leaf_weight=21.646183058619499 30.310078859329224 48.337055504322052 16.363798245787621 84.501889437437057 12.211625099182127 15.182331025600432 35.695050448179245 31.14104351401329 70.573518246412277 282.0172264277935 359.31203602254391 25.730156168341637 51.442160800099373 54.877393081784248
leaf_count=52 60 82 50 167 24 28 73 44 103 430 918 49 140 145
internal_value=0.000422177 -0.00117246 0.000924705 -0.000359019 0.00882958 0.0293918 -0.00155463 0.0155238 -0.00767987 -0.00280772 -0.0123451 -0.0185409 0.00710069 -0.00210681
internal_weight=1139.34 1109.03 1060.69 1039.05 460.749 166.52 82.0184 66.8361 578.299 294.229 507.726 385.042 122.683 106.32
internal_count=2365 2305 2223 2171 766 312 145 117 1405 454 1302 967 335 285
is_linear=0
shrinkage=0.05


Tree=34
num_leaves=15
num_cat=0
split_feature=7 16 16 6 8 40 40 7 5 16 7 52 0 52
split_gain=35.9637 33.373 28.5107 36.4206 31.4145 73.6055 40.4984 32.4275 41.3828 41.1863 52.8527 39.7298 49.9072 46.1504
threshold=-3.6658359999999997 900.50000000000011 234.50000000000003 -13.643390499999997 52.500000000000007 0.88807400000000014 15.603721500000001 -7.8904974999999995 20.564629500000002 282.50000000000006 -13.835873499999998 -1.3626944999999997 2.6685285000000003 8.5145705000000014
decision_type=2 2 2 2 2 2 2 2 2 2 2 2 2 2
left_child=1 2 -1 -4 7 -6 -7 8 -5 -10 -11 -12 13 -13
right_child=-2 -3 3 4 5 6 -8 -9 9 10 11 12 -14 -15
leaf_value=-0.015583889630513551 0.057993194877890245 -0.060613511987655466 0.050387222720322727 0.056278002693466139 -0.033125608374087664 0.0366761144724689 -0.06905052003959021 -0.0070834974254224501 0.062585219930882494 -0.02887844922332742 0.057862187479359867 -0.053321399993997411 -0.034099495164082012 0.046319231775447306
leaf_weight=224.92049618065357 26.433244049549103 23.005223721265793 41.035191848874092 58.286485075950623 158.3634532392025 76.526816427707672 10.27344238758087 208.3539983779192 33.349899411201477 84.963912576436996 48.107183694839478 14.050705730915068 50.776734232902527 67.201758593320847
leaf_count=634 55 27 84 125 352 165 15 401 59 152 99 29 76 91
internal_value=0.000360753 -0.00102516 0.000248613 0.00443174 0.00210434 -0.0128427 0.0241626 0.00858909 0.0177427 0.0102169 0.00362893 0.0189615 0.00478735 0.0290887
internal_weight=1125.65 1099.22 1076.21 851.29 810.254 245.164 86.8003 565.091 356.737 298.45 265.1 180.136 132.029 81.2525
internal_count=2364 2309 2282 1648 1564 532 180 1032 631 506 447 295 196 120
is_linear=0
shrinkage=0.05


Tree=35
num_leaves=15
num_cat=0
split_feature=18 18 18 53 53 6 8 46 2 18 41 18 18 41
split_gain=33.7318 37.5581 28.6256 25.0722 34.7881 25.3242 23.4047 34.1675 55.3006 22.8608 26.7291 20.5679 20.4792 21.7722
threshold=900.50000000000011 720.50000000000011 705.50000000000011 -14.326413999999998 -2.9687604999999997 -1.6531729999999998 47.500000000000007 21.902507500000002 9.8918605000000017 180.50000000000003 2.3748420000000006 613.50000000000011 37.500000000000007 14.901888500000002
decision_type=2 2 2 2 2 2 2 2 2 2 2 2 2 2
left_child=1 2 3 -1 9 12 -3 8 -8 -5 11 -11 -6 -14
right_child=-2 6 -4 4 5 -7 7 -9 -10 10 -12 -13 13 -15
leaf_value=0.041497880263074771 -0.059261325744770471 0.037301177525805508 -0.065753783177626771 -0.059044220377149376 -0.064220804896971087 -0.074738222335186955 0.013969623474052548 0.05715240127918432 -0.091172731964457909 -0.0096605007836846387 -0.055892127694352783 0.053535188397811365 0.012992805088405598 -0.0142573920527178
leaf_weight=33.186863914132118 23.076764672994614 108.26938852667809 17.480191111564636 27.492979094386101 9.9607167392969114 9.7085064798593503 41.751430094242096 20.615268439054489 17.853604644536972 264.14415542781353 30.498423218727112 13.534953922033308 414.85161486268044 89.030469983816147
leaf_count=95 28 184 27 112 33 25 72 28 28 600 63 26 922 123
internal_value=0.000564342 0.00182127 -0.00238692 -0.00114571 -0.00279279 0.00526302 0.0221353 0.00166668 -0.0175239 -0.0153576 -0.0114602 -0.00658014 0.00677456 0.00817799
internal_weight=1121.46 1098.38 909.889 892.409 859.222 523.551 188.49 80.2203 59.605 335.671 308.178 277.679 513.843 503.882
internal_count=2366 2338 2026 1999 1904 1103 312 128 100 801 689 626 1078 1045
is_linear=0
shrinkage=0.05


Tree=36
num_leaves=15
num_cat=0
split_feature=7 42 2 41 16 7 2 7 16 6 16 16 3 41
split_gain=36.3174 29.6803 29.9812 38.6482 40.3032 52.5211 29.9347 34.4971 32.0487 31.8756 31.9161 31.6489 33.4176 39.0745
threshold=-3.6658359999999997 -10.034320999999998 48.871490500000007 19.653087500000005 180.50000000000003 -23.359291499999994 9.1936845000000016 -7.8904974999999995 496.50000000000006 -7.8899979999999994 646.50000000000011 550.50000000000011 2.3839525000000004 6.4166355000000008
decision_type=2 2 2 2 2 2 2 2 2 2 2 2 2 2
left_child=1 -1 3 4 5 -3 -6 9 -9 10 -8 -10 13 -13
right_child=-2 2 -4 -5 6 -7 7 8 11 -11 -12 12 -14 -15
leaf_value=0.061717335772407393 0.057623362269516448 0.070166232343507273 0.034176517333106247 -0.054184936522366757 0.0085631752064981217 -0.036383622306897782 -0.061419872514304454 -0.072880778007301555 0.056156326008487911 0.023553405268721794 0.0063762173562632741 -0.064641871448644347 -0.052427123516355728 0.039031756646293714
leaf_weight=18.088144868612289 26.331809759140015 12.667095690965651 51.982378304004669 38.063503533601761 531.4901857227087 133.00233392417431 28.782637685537338 32.33577099442482 13.27095517516136 94.355250611901283 43.741051256656647 13.16832712292671 53.704623878002167 29.335778295993805
leaf_count=48 58 25 65 75 1174 400 53 87 30 169 50 25 72 44
internal_value=-0.000402559 -0.00179922 -0.00286706 -0.0047477 -0.00283894 -0.0271183 0.00137056 -0.0110132 -0.0291448 0.00439519 -0.0205302 -0.016227 -0.0262115 0.00691231
internal_weight=1120.32 1093.99 1075.9 1023.92 985.854 145.669 840.185 308.694 141.815 166.879 72.5237 109.48 96.2087 42.5041
internal_count=2375 2317 2269 2204 2129 425 1704 530 258 272 103 171 141 69
is_linear=0
shrinkage=0.05


Tree=37
num_leaves=15
num_cat=0
split_feature=16 16 2 41 20 6 16 2 40 2 3 6 6 4
split_gain=44.8018 34.7809 29.5662 43.2515 27.7338 27.205 25.3855 69.5116 44.2607 40.7176 42.9242 35.207 30.6621 38.5284
threshold=900.50000000000011 740.50000000000011 48.871490500000007 14.672292500000003 1.0000000180025095e-35 -3.5330739999999996 496.50000000000006 23.786204000000005 2.9639585000000004 -1.4078679999999999 2.0667805000000006 -4.0200694999999991 -3.8619294999999996 0.72279500000000019
decision_type=2 2 2 2 2 2 2 2 2 2 2 2 2 2
left_child=1 2 3 6 5 -3 12 8 9 10 -8 -11 -1 -14
right_child=-2 4 -4 -5 -6 -7 7 -9 -10 11 -12 -13 13 -15
leaf_value=-0.00018499173378414089 -0.068835066596181979 0.018265795081604769 0.035383728384438221 -0.038328952658051488 0.04786809327734156 -0.050667167290503259 0.051857486253335174 -0.051104606770626608 0.048596666894574654 -0.043895075871488075 -0.052573851658677367 0.034434269201335028 -0.03789555126933436 0.047113252079422394
leaf_weight=395.57649804651737 23.136303156614304 78.873587787151337 49.400615394115448 84.724602162837982 65.791949659585953 17.486371606588364 53.146915346384048 37.753344386816025 93.526845842599869 51.589895665645599 12.075305968523024 19.871258169412613 115.7668538838625 15.063181877136229
leaf_count=1021 29 121 64 135 129 21 113 57 183 100 21 41 322 24
internal_value=1.62727e-05 0.00147684 -0.00225454 -0.00436961 0.022843 0.00575658 -0.000747635 0.0117802 0.022093 0.00395754 0.032523 -0.022114 -0.00712482 -0.028108
internal_weight=1113.78 1090.65 928.495 879.095 162.152 96.36 794.37 267.964 230.21 136.683 65.2222 71.4612 526.407 130.83
internal_count=2381 2352 2081 2017 271 142 1882 515 458 275 134 141 1367 346
is_linear=0
shrinkage=0.05


Tree=38
num_leaves=15
num_cat=0
split_feature=7 16 51 46 3 16 42 2 0 16 5 44 44 2
split_gain=32.4635 29.6343 27.3158 22.8962 76.7477 52.5065 53.0532 49.8016 45.64 37.7429 77.7949 46.4776 31.8279 31.7102
threshold=-3.6658359999999997 900.50000000000011 -7.992500999999999 13.481052000000002 2.0056050000000005 318.50000000000006 4.1911405000000004 9.1936845000000016 4.6890255000000005 394.50000000000006 22.499035000000003 3.3024950000000008 3.3024950000000008 9.8918605000000017
decision_type=2 2 2 2 2 2 2 2 2 2 2 2 2 2
left_child=1 2 -1 7 -5 12 -7 9 -9 11 -11 -4 -6 -8
right_child=-2 -3 3 4 5 6 13 8 -10 10 -12 -13 -14 -15
leaf_value=0.045056446442118113 0.056855062201092724 -0.057339240720614887 -0.0057927872968837127 0.038828078442010652 -0.02256334473747848 -0.079107856713178618 0.050398494053580871 -0.048914982043262167 0.021107408982118814 0.048131028405076631 -0.0075766924851736403 -0.070144199307954722 0.058724888227097677 -0.022758575806576007
leaf_weight=31.966304242610931 24.208568960428238 23.405506461858749 266.64122022688389 129.59005129337311 18.437238812446594 37.00279113650322 18.417018175125122 108.15333481132984 29.650631785392761 100.26148101687431 167.14965562522411 31.358552992343903 34.715417802333832 75.681239098310471
leaf_count=80 58 30 768 224 33 53 31 249 56 226 319 76 56 97
internal_value=-0.000402921 -0.00169544 -0.000453931 -0.00188433 0.00934531 -0.0113906 -0.0283859 -0.0068961 -0.0338486 -0.000327142 0.01331 -0.0125645 0.0305282 -0.00844019
internal_weight=1096.64 1072.43 1049.02 1017.06 313.844 184.254 131.101 703.215 137.804 565.411 267.411 298 53.1527 94.0983
internal_count=2356 2298 2268 2188 494 270 181 1694 305 1389 545 844 89 128
is_linear=0
shrinkage=0.05


Tree=39
num_leaves=15
num_cat=0
split_feature=53 16 5 2 42 16 43 0 16 7 42 1 7 2
split_gain=34.4202 37.2868 27.6667 41.3217 37.681 56.0532 27.0375 24.9773 23.069 20.7888 37.6467 27.7962 24.5937 22.5233
threshold=28.542449000000001 496.50000000000006 22.393342000000001 7.4952845000000012 0.68841900000000011 853.50000000000011 22.008370000000003 -6.3086619999999991 520.50000000000011 -19.327466999999995 -2.6706009999999996 -9.1981839999999977 -23.941125499999995 32.607265500000004
decision_type=2 2 2 2 2 2 2 2 2 2 2 2 2 2
left_child=1 9 3 -3 -5 -6 -2 -4 -9 10 11 12 -1 -11
right_child=6 2 7 4 5 -7 -8 8 -10 13 -12 -13 -14 -15
leaf_value=0.06770145542067689 -0.057822099764361416 0.05771354278463852 0.068281654757293225 -0.0362611846970975 0.059157198040650838 -0.059309557395311553 0.0069213026467501689 0.062963045714307872 -0.0026678969966574071 -0.01379121004495289 0.050150253555308805 -0.0768685590959549 -0.053293532136131763 0.018220941793850431
leaf_weight=10.399652570486071 43.61618247628212 72.981263220310211 14.38209956884384 32.184362232685089 42.976605355739594 13.006976068019865 25.584581911563873 14.111605480313299 261.50214505195618 428.82071460783482 41.454312339425087 13.424556285142897 7.04475009441376 63.022006779909134
leaf_count=29 106 163 31 62 100 14 25 30 414 1146 96 23 20 100
internal_value=0.000234112 0.00255961 0.0132746 0.0298847 0.00684937 0.0316332 -0.0338855 0.00404448 0.00069245 -0.00600885 0.0190208 -0.0227832 0.0188388 -0.00968935
internal_weight=1084.51 1015.31 451.145 161.149 88.1679 55.9836 69.2008 289.996 275.614 564.166 72.3233 30.869 17.4444 491.843
internal_count=2359 2228 814 339 176 114 131 475 444 1414 168 72 49 1246
is_linear=0
shrinkage=0.05


Tree=40
num_leaves=15
num_cat=0
split_feature=53 16 16 6 53 53 42 39 45 3 43 20 6 7
split_gain=33.4101 31.8069 41.7621 32.9066 28.3184 44.4806 48.2799 30.7149 35.4304 44.2507 52.2115 30.0626 47.2877 48.4525
threshold=28.542449000000001 180.50000000000003 153.50000000000003 -13.643390499999997 -3.5649909999999996 -12.010251999999999 -4.7696689999999995 -3.2122894999999994 1.8456665000000003 2.6679790000000003 -2.1496384999999996 1.0000000180025095e-35 -5.1298004999999991 -15.412226999999998
decision_type=2 2 2 2 2 2 2 2 2 2 2 2 2 2
left_child=1 2 -1 -3 5 -5 -7 -6 9 -9 -11 12 13 -8
right_child=-2 3 -4 4 7 6 11 8 -10 10 -12 -13 -14 -15
leaf_value=-0.0023982670045804774 -0.032731794219345585 0.049742524585074471 -0.063337751672957951 0.032964480199665913 0.063258660619575316 -0.054444268892882931 0.055929594823708788 0.0065187056585039958 0.021003459166249117 0.027808761854482184 -0.089322837528878471 0.024054861642063424 -0.044218590144331549 -0.032320673712708907
leaf_weight=116.81369106471539 66.502567052841187 44.006812676787376 37.025223925709724 59.248044669628143 28.562038034200668 59.878189027309418 33.553371459245682 136.55392171442509 278.11499737203121 14.067243054509161 29.39247852563858 67.01287505030632 73.005075380206108 28.992638647556305
leaf_count=348 129 113 101 155 61 135 76 270 507 38 53 161 143 70
internal_value=0.00159177 0.00386026 -0.0170649 0.00763683 0.00534467 -0.0061661 -0.0150001 0.012953 0.00981669 -0.0074665 -0.0514091 -0.00334033 -0.0168838 0.015022
internal_weight=1072.73 1006.23 153.839 852.388 808.381 321.69 262.442 486.691 458.129 180.014 43.4597 202.564 135.551 62.546
internal_count=2360 2231 449 1782 1669 740 585 929 868 361 91 450 289 146
is_linear=0
shrinkage=0.05


Tree=41
num_leaves=15
num_cat=0
split_feature=16 46 3 51 53 7 7 16 7 7 20 53 2 41
split_gain=27.5115 29.2126 56.2599 50.2322 41.002 39.68 45.8697 37.5314 35.4264 29.6852 49.4615 35.5933 34.7155 34.1901
threshold=900.50000000000011 13.481052000000002 2.0056050000000005 1.6237325000000002 27.026726000000004 -6.4499214999999994 -11.346329999999998 180.50000000000003 -23.359291499999994 -8.9238344999999981 1.0000000180025095e-35 -2.9687604999999997 8.2639560000000021 1.528599
decision_type=2 2 2 2 2 2 2 2 2 2 2 2 2 2
left_child=1 4 -3 -4 7 6 -5 8 -1 11 -11 13 -12 -9
right_child=-2 2 3 5 -6 -7 -8 9 -10 10 12 -13 -14 -15
leaf_value=0.068677086256063488 -0.055138640172934142 0.040728737069858412 -0.056489828632093231 0.034353069904494042 -0.055468362192025514 0.043316921972910774 -0.033840654662584256 0.0055323550382881887 -0.036283200009500943 -0.062749713199906271 0.024209095399309315 0.030546690618521811 -0.030323836408363166 -0.061480941854539464
leaf_weight=8.7512467205524427 21.309530317783356 126.6574762314558 34.799073666334152 39.281910955905914 35.862326294183731 57.001705169677734 66.242697864770889 243.69753770530224 98.815937131643295 39.138552129268646 71.428571045398712 153.86003187298775 49.345549315214157 20.645973592996597
leaf_count=18 28 222 49 62 95 107 100 547 324 104 196 343 117 45
internal_value=0.00110316 0.00224946 0.0147221 -0.00197084 -0.0033509 0.00970241 -0.0084553 -0.000625076 -0.027744 0.00442081 -0.0139017 0.011427 0.00192818 0.000298428
internal_weight=1066.84 1045.53 323.983 197.325 721.546 162.526 105.525 685.683 107.567 578.116 159.913 418.204 120.774 264.344
internal_count=2357 2329 540 318 1789 269 162 1694 342 1352 417 935 313 592
is_linear=0
shrinkage=0.05


Tree=42
num_leaves=15
num_cat=0
split_feature=19 16 2 53 40 3 40 53 16 16 16 2 8 53
split_gain=28.5793 49.5445 33.899 38.986 31.795 55.1903 40.7511 39.9595 53.7719 44.7993 47.817 30.2855 34.0863 30.1763
threshold=1.0000000180025095e-35 740.50000000000011 9.0390140000000034 -2.5692794999999995 2.5358275000000003 -0.13460649999999999 13.629715000000003 24.932891500000004 398.50000000000006 303.50000000000006 258.50000000000006 -8.4044484999999991 52.500000000000007 -11.086606499999997
decision_type=2 2 2 2 2 2 2 2 2 2 2 2 2 2
left_child=2 4 3 13 7 -6 -7 8 9 10 11 12 -2 -1
right_child=1 -3 -4 -5 5 6 -8 -9 -10 -11 -12 -13 -14 -15
leaf_value=0.033693704896504105 -0.032392859656150734 0.047709340260612319 -0.03375382564643796 0.025626962755672181 0.056826122363847667 0.016627800506492488 -0.031218820035461677 -0.058733809616342531 0.022189623986517134 -0.056258594723184167 0.066279184311930486 -0.035230296492453121 0.037623083212769297 -0.031870142235425392
leaf_weight=21.718697980046272 29.326855286955833 62.36462090909481 120.56257225573063 84.326572939753532 59.631725817918777 149.73095950484276 63.321512281894684 35.155580520629883 134.75801630318165 56.471130043268204 20.717079237103462 82.798234537243843 42.682260558009148 91.434653371572495
leaf_count=68 59 134 242 215 123 295 98 81 271 142 55 240 114 211
internal_value=-0.00033497 0.00507122 -0.012862 -0.000107444 0.00112942 0.0143078 0.00240726 -0.00781175 -0.00293056 -0.017522 -0.00505934 -0.0146062 0.00910798 -0.0192858
internal_weight=1055 736.958 318.042 197.48 674.593 272.684 213.052 401.909 366.754 231.996 175.524 154.807 72.0091 113.153
internal_count=2348 1612 736 494 1478 516 393 962 881 610 468 413 173 279
is_linear=0
shrinkage=0.05


Tree=43
num_leaves=15
num_cat=0
split_feature=7 47 16 3 51 41 16 19 51 48 16 16 2 47
split_gain=28.2149 27.289 27.7513 23.0674 23.8841 20.751 21.9905 33.2278 35.9936 31.4856 28.4095 41.9287 20.6524 20.6404
threshold=-3.6658359999999997 38.150463000000009 865.50000000000011 11.593763000000001 -7.992500999999999 14.376255000000002 499.50000000000006 1.0000000180025095e-35 -0.47513749999999993 3.3286280000000006 565.50000000000011 622.50000000000011 -2.2792934999999996 43.803089500000006
decision_type=2 2 2 2 2 2 2 2 2 2 2 2 2 2
left_child=1 2 3 4 -1 6 -6 9 12 10 -8 -12 -9 -3
right_child=-2 13 -4 -5 5 -7 7 8 -10 -11 11 -13 -14 -15
leaf_value=0.043000432824673203 0.055840288994788913 -0.051503838337327412 0.062920644879892407 0.042122873371278222 -0.0079331014807834024 -0.046472416715149442 0.073575360475074708 0.046843880378217378 0.048728884002841456 -0.043100010143712314 -0.067766139555418631 0.014298291282363724 -0.01470569894850208 -0.0089485367658147484
leaf_weight=29.517180189490318 21.952171891927719 42.456296414136887 18.102361023426056 31.898245871067047 486.9931665211916 26.301442086696625 13.989176020026205 18.038885578513145 80.210260152816772 43.928235560655594 19.652369976043701 74.831102788448334 55.748722791671753 86.642431378364563
leaf_count=81 61 95 29 59 1310 36 35 39 167 69 43 128 109 112
internal_value=-0.000249491 -0.00144689 0.00163937 0.000380346 -0.0011876 -0.00277881 -0.00133034 0.00916416 0.0255441 -0.00738747 0.00707506 -0.00277094 0.000341351 -0.0229436
internal_weight=1050.26 1028.31 899.211 881.109 849.211 819.693 793.392 306.399 153.998 152.401 108.473 94.4835 73.7876 129.099
internal_count=2373 2312 2105 2076 2017 1936 1900 590 315 275 206 171 148 207
is_linear=0
shrinkage=0.05


Tree=44
num_leaves=15
num_cat=0
split_feature=7 42 16 16 22 41 16 2 2 47 3 6 6 42
split_gain=25.0812 24.0238 19.4451 17.2694 19.3498 31.812 50.7953 34.5161 31.367 31.2383 47.0885 30.1789 28.3148 35.2928
threshold=-3.6658359999999997 -10.034320999999998 900.50000000000011 865.50000000000011 1.0000000180025095e-35 14.901888500000002 574.50000000000011 26.972924000000003 23.319637000000004 47.956988000000003 2.2649230000000005 -3.5330739999999996 -4.2854119999999991 -2.7724239999999996
decision_type=2 2 2 2 2 2 2 2 2 2 2 2 2 2
left_child=1 -1 3 4 5 6 7 12 -8 -7 -11 -6 13 -3
right_child=-2 2 -4 -5 11 9 8 -9 -10 10 -12 -13 -14 -15
leaf_value=0.059952795469333443 0.055258438736135333 -0.013473497008852401 -0.052098356309494123 0.032476928510743477 -0.0089949677458406683 -0.050271478085612054 0.045066165735893914 0.040682478940569096 -0.039479460884145751 0.055268818526468248 -0.05250596275285746 -0.06980489911438624 -0.021720496829366599 0.022660619257215023
leaf_weight=15.72240763902664 19.925115019083023 135.22476744651794 19.254315257072449 36.315635144710541 246.70937564969063 53.599664866924286 102.24960166215897 44.881879419088364 12.28911906480789 22.947693407535553 18.151643604040146 22.24251788854599 164.60752472281456 135.07847917079926
leaf_count=49 59 331 27 49 617 108 223 76 16 23 21 43 421 307
internal_value=-0.000303819 -0.00137942 -0.00233081 -0.00136708 -0.00265005 0.00178958 0.00607807 -0.00106388 0.0359951 -0.025125 0.00766977 -0.014024 -0.00537201 0.00458378
internal_weight=1049.2 1029.27 1013.55 994.298 957.982 689.03 594.331 479.793 114.539 94.699 41.0993 268.952 434.911 270.303
internal_count=2370 2311 2262 2235 2186 1526 1374 1135 239 152 44 660 1059 638
is_linear=0
shrinkage=0.05


Tree=45
num_leaves=15
num_cat=0
split_feature=16 7 42 16 16 7 47 41 50 41 53 53 50 8
split_gain=34.846 24.5597 22.6016 19.0266 43.7556 25.8496 28.1719 16.6008 41.8993 31.7253 19.0225 28.8325 32.4441 34.4683
threshold=900.50000000000011 -3.6658359999999997 -10.034320999999998 180.50000000000003 153.50000000000003 -23.359291499999994 7.6832680000000009 19.653087500000005 21.154299000000005 17.736263500000003 -2.9687604999999997 -10.693063499999999 -13.899156499999998 57.500000000000007
decision_type=2 2 2 2 2 2 2 2 2 2 2 2 2 2
left_child=1 2 -1 4 5 -4 -7 8 9 10 11 12 13 -5
right_child=-2 -3 3 7 -6 6 -8 -9 -10 -11 -12 -13 -14 -15
leaf_value=0.059391388784533219 -0.064440648097977934 0.055293322677186708 0.066597604194868515 0.056143743468265117 -0.066530458440409043 -0.022907057067769538 0.049416472448954939 -0.033158013050268519 0.078859038814130256 -0.059469923229712465 0.010188688566599572 -0.013172544391449366 0.043188254687632759 -0.072963766414478728
leaf_weight=15.510588958859442 21.010254949331284 20.129006594419479 12.023953706026075 7.9171050488948849 35.34071384370327 82.244591444730759 16.100596934556961 33.220376297831535 17.758015155792236 20.97700247168541 409.24567794799805 275.76194074749947 52.838076800107956 14.896468997001646
leaf_count=50 30 61 26 23 104 285 29 76 17 31 845 612 142 41
internal_value=-0.000705726 0.00061492 -0.000492529 -0.00144194 -0.0181101 -0.00260562 -0.0110666 0.00147502 0.00291427 0.00118887 0.00286169 -0.00567112 0.0216727 -0.028159
internal_weight=1034.97 1013.96 993.835 978.325 145.71 110.369 98.3452 832.615 799.394 781.636 760.659 351.414 75.6517 22.8136
internal_count=2372 2342 2281 2231 444 340 314 1787 1711 1694 1663 818 206 64
is_linear=0
shrinkage=0.05


Tree=46
num_leaves=15
num_cat=0
split_feature=23 16 5 2 7 3 4 6 16 40 50 16 5 53
split_gain=26.2019 42.163 30.6639 28.9906 57.5638 30.3507 28.3917 25.3958 24.085 23.9716 19.4401 21.1683 28.539 17.4835
threshold=1.0000000180025095e-35 740.50000000000011 53.807834000000007 9.0390140000000034 -12.790780999999997 10.332231500000001 -0.24216549999999998 -4.6712559999999987 705.50000000000011 14.182510500000001 2.1557635000000004 538.50000000000011 35.578937500000002 -11.086606499999997
decision_type=2 2 2 2 2 2 2 2 2 2 2 2 2 2
left_child=1 8 3 4 7 9 -6 10 -1 -5 11 12 13 -2
right_child=2 -3 -4 5 6 -7 -8 -9 -10 -11 -12 -13 -14 -15
leaf_value=0.003399946275050299 0.0077422828195953183 0.048271972093033376 0.053142516440018585 -0.059574893696170576 -0.032994567078407054 0.034103349010059167 0.048260304661900635 -0.073372518911538676 -0.061827140249847007 -0.0038879114840036028 -0.068208285460748974 0.033099772798584969 0.044066537389869022 -0.067300462799629451
leaf_weight=648.96383152902126 11.110002711415286 53.120828449726105 17.085639417171478 74.083511039614677 13.321174845099447 13.775844991207121 55.711851358413696 22.230987578630447 14.467925369739531 26.145896732807159 13.757928639650343 25.810696721076965 12.009210288524626 25.752794682979587
leaf_count=1453 34 132 54 168 35 22 131 37 33 38 36 45 42 89
internal_value=0.000150636 0.00540948 -0.0119739 -0.0157618 -0.00324994 -0.035484 0.0325807 -0.0255998 0.00197749 -0.0450484 -0.0135914 -0.00352994 -0.0228751 -0.0446835
internal_weight=1027.35 716.553 310.796 293.71 179.705 114.005 69.033 110.672 663.432 100.229 88.4406 74.6827 48.872 36.8628
internal_count=2349 1618 731 677 449 228 166 283 1486 206 246 210 165 123
is_linear=0
shrinkage=0.05


Tree=47
num_leaves=15
num_cat=0
split_feature=51 16 16 16 42 45 41 46 50 0 16 16 43 27
split_gain=20.8849 17.1309 20.8419 20.4539 21.19 18.5699 19.3741 16.9501 41.8608 32.1717 30.8223 35.517 28.8621 28.5975
threshold=-7.992500999999999 900.50000000000011 720.50000000000011 710.50000000000011 -5.0246774999999992 -6.4670974999999986 -7.9436709999999993 13.481052000000002 1.9918140000000002 -0.38193899999999997 481.50000000000006 511.50000000000006 13.851755000000002 1.0000000180025095e-35
decision_type=2 2 2 2 2 2 2 2 2 2 2 2 2 2
left_child=-1 2 3 4 -2 -6 -7 8 -8 -9 -10 -12 -11 -13
right_child=1 -3 -4 -5 5 6 7 9 10 12 11 13 -14 -15
leaf_value=0.04416749986069142 -0.023044394991388491 -0.049493868516191752 0.016724166406540113 -0.074857771383142035 0.04147618992971526 0.033631112555702822 0.00098233339268601126 0.034572917166471422 -0.060339842881211081 0.043719889599488401 0.073203149365144993 -0.064452736195994051 -0.014882119129741586 0.010165287015652429
leaf_weight=25.819110192358494 110.85119284689426 18.163944959640503 149.01654478907585 9.9471220970153791 26.571793615818024 37.839635565876961 291.04676021635532 74.977152109146118 57.937193155288696 25.091290384531021 10.708234697580336 25.514364629983902 129.19906435906887 25.849721729755402
leaf_count=78 304 28 283 19 62 115 799 132 146 60 17 61 205 49
internal_value=-0.000228095 -0.00138276 -0.000486054 -0.00359266 -0.00272349 0.000472882 -0.00113371 -0.00318812 -0.00926355 0.00770459 -0.0341118 -0.00963109 -0.00535204 -0.0269001
internal_weight=1018.53 992.714 974.55 825.534 815.586 704.735 678.163 640.324 411.056 229.268 120.01 62.0723 154.29 51.3641
internal_count=2358 2280 2252 1969 1950 1646 1584 1469 1072 397 273 127 265 110
is_linear=0
shrinkage=0.05


Tree=48
num_leaves=15
num_cat=0
split_feature=39 7 16 40 43 1 1 2 16 7 0 2 7 50
split_gain=23.7962 21.7532 16.7036 16.687 35.759 33.9997 28.717 31.7197 23.7337 28.4625 19.6868 19.1813 24.4968 25.5232
threshold=-5.7118054999999996 -3.6658359999999997 900.50000000000011 0.076392000000000015 -2.0129054999999996 2.8525065000000005 6.5417120000000013 -11.520850499999998 183.50000000000003 -23.359291499999994 -3.3608014999999996 8.2639560000000021 -4.6002634999999996 -12.686954999999999
decision_type=2 2 2 2 2 2 2 2 2 2 2 2 2 2
left_child=-1 2 3 4 6 -5 7 8 9 -2 -7 12 13 -9
right_child=1 -3 -4 5 -6 10 -8 11 -10 -11 -12 -13 -14 -15
leaf_value=0.056325515292359664 0.05824317508041843 0.054748739983987695 -0.049269836865976649 0.018723270780464128 -0.042506621767089171 0.038373890646249346 0.035933409546894994 -0.061595586481802793 0.049066955626488974 -0.060340066222323775 -0.010175463743928109 -0.05468611816846574 0.069017285181343521 -0.0078495856046754218
leaf_weight=18.227663494646549 8.0193110406398791 16.999002054333687 18.570576101541519 234.61442466080189 66.544880002737045 22.546024739742279 42.634503245353699 25.06464983522892 37.561232015490532 13.71318659186363 282.71211925148964 27.990666270256042 9.223193556070326 186.08553150296211
leaf_count=61 19 57 29 523 198 38 106 68 104 46 523 64 26 492
internal_value=-0.000286077 -0.001326 -0.00230338 -0.00139172 -0.00890677 0.00441067 -0.00252382 -0.00785313 0.0250049 -0.0165827 -0.00658966 -0.0156976 -0.0107454 -0.0142295
internal_weight=1010.51 992.279 975.28 956.71 416.837 539.873 350.292 307.658 59.2937 21.7325 305.258 248.364 220.373 211.15
internal_count=2354 2293 2236 2207 1123 1084 925 819 169 65 561 650 586 560
is_linear=0
shrinkage=0.05


Tree=49
num_leaves=15
num_cat=0
split_feature=16 45 16 47 5 41 39 42 22 39 5 5 16 16
split_gain=20.8208 25.0618 24.7902 22.3152 21.7614 24.8255 21.4745 22.0079 26.2377 27.9292 24.0748 21.3989 53.2526 47.373
threshold=180.50000000000003 -10.965146499999998 147.50000000000003 2.1994705000000008 61.281258000000008 21.138329000000002 19.008145000000003 -4.888844999999999 1.0000000180025095e-35 -2.0789894999999992 51.87092950000001 28.856231000000005 390.50000000000006 315.50000000000006
decision_type=2 2 2 2 2 2 2 2 2 2 2 2 2 2
left_child=2 -2 3 -1 5 6 7 -3 10 -10 11 12 13 -9
right_child=1 4 -4 -5 -6 -7 -8 8 9 -11 -12 -13 -14 -15
leaf_value=-0.012782104926868361 0.057856659894359466 -0.018031371407833504 -0.051190749346378496 0.059075371431536877 0.049805212814648309 -0.046914126656776745 -0.059912523817370694 0.0062323677506640222 0.041247912752160068 -0.012811264952195129 -0.037771749661831534 0.033768719406819921 0.025246137126559882 -0.061611830847474194
leaf_weight=88.977978691458702 20.885205447673798 101.53575762361288 38.501984938979149 12.297585427761076 23.559145882725716 26.103546231985092 13.493702709674833 71.669572323560715 26.980330243706703 208.75713865458965 21.438456147909164 126.85788756608963 192.84819516539574 40.141816943883896
leaf_count=293 67 253 115 26 44 63 23 196 77 444 30 207 432 100
internal_value=0.000878327 0.00374307 -0.0170398 -0.00405667 0.00241872 0.0010734 0.00263195 0.00369994 0.00690384 -0.00662415 0.0139444 0.0165137 0.00932888 -0.0181246
internal_weight=1014.05 874.271 139.778 101.276 853.386 829.826 803.723 790.229 688.693 235.737 452.956 431.517 304.66 111.811
internal_count=2370 1936 434 319 1869 1825 1762 1739 1486 521 965 935 728 296
is_linear=0
shrinkage=0.05


Tree=50
num_leaves=15
num_cat=0
split_feature=39 16 50 16 49 16 3 46 46 50 0 42 49 1
split_gain=18.946 18.9851 24.2885 17.8343 18.2255 26.2311 26.9429 23.4394 22.576 21.3993 24.6921 26.1144 23.6757 34.5919
threshold=-5.5928209999999998 183.50000000000003 -1.0000000180025095e-35 900.50000000000011 18.274503500000005 472.50000000000006 1.1770855000000002 38.421146500000013 47.074154000000007 22.638215000000006 7.8403345000000009 7.9129490000000002 3.9278245000000003 1.4701990000000003
decision_type=2 2 2 2 2 2 2 2 2 2 2 2 2 2
left_child=-1 2 -2 4 7 -6 -7 9 -9 10 11 12 -3 -14
right_child=1 3 -4 -5 5 6 -8 8 -10 -11 -12 -13 13 -15
leaf_value=0.046956355061978858 -0.054014066134824429 -0.00013017121258551394 -0.0053217279018550967 -0.047772392540300974 -0.07363128387619701 0.045109799821493823 -0.037709639828819946 0.058353461379223648 -0.0048669432587745576 -0.056229306934704619 0.04724082026120649 -0.026255775622837658 0.055206643424560324 0.0050739306621356848
leaf_weight=21.715294681489468 34.27806068956852 443.28843093663454 101.28442214429379 17.270669609308243 17.989222824573517 17.689144283533096 22.075460344552994 38.783685296773911 22.206761360168457 14.911231637001036 31.952502086758614 71.715002223849297 53.271422475576401 97.178312107920647
leaf_count=75 152 1079 277 28 27 30 34 63 26 43 69 141 125 209
internal_value=0.00076024 -0.000259344 -0.017634 0.0025171 0.00356219 -0.0235322 -0.000867704 0.00558571 0.0353348 0.00303852 0.00430573 0.00224415 0.00568653 0.022825
internal_weight=1005.61 983.894 135.562 848.332 831.061 57.7538 39.7646 773.307 60.9904 712.317 697.406 665.453 593.738 150.45
internal_count=2378 2303 429 1874 1846 91 64 1755 89 1666 1623 1554 1413 334
is_linear=0
shrinkage=0.05


Tree=51
num_leaves=15
num_cat=0
split_feature=2 2 53 47 50 53 8 16 47 52 45 49 2 7
split_gain=23.9831 22.074 29.326 37.3942 26.8739 25.4358 25.0255 24.0302 23.6615 40.3073 40.4296 24.5953 23.6958 23.4279
threshold=38.239763500000002 6.6265090000000013 23.645861000000004 7.5338250000000011 5.6701685000000008 -5.2175429999999992 42.500000000000007 55.500000000000007 -12.947404499999999 -7.435427999999999 -1.7291529999999997 1.3024455000000004 -0.18949199999999997 -10.523427999999997
decision_type=2 2 2 2 2 2 2 2 2 2 2 2 2 2
left_child=1 2 3 4 5 8 -7 -8 9 -1 12 13 -11 -10
right_child=-2 -3 -4 -5 -6 6 7 -9 11 10 -12 -13 -14 -15
leaf_value=0.047517266315794462 0.029335612097975708 -0.010433211353113181 -0.051172150556931306 0.052114958862748764 -0.049802531275176809 -0.013417302456610878 -0.032794517062283125 0.032629283191241171 -0.049872516959087246 -0.054600216865577179 0.04456092073337356 0.038306060786557496 0.024808838234126041 0.0086991451584161276
leaf_weight=43.523084923624992 68.88509327173233 381.61495061218739 22.012081727385521 43.487139865756035 22.397600322961807 49.197160214185715 15.378007799386976 160.76155516505241 62.16118685901165 41.050385907292366 21.687894597649574 13.725865989923475 12.182383790612219 23.536961406469345
leaf_count=141 117 792 57 96 63 135 59 428 149 122 49 35 34 59
internal_value=0.000887034 -0.00126006 0.00533118 0.00777428 0.00363287 0.00633326 0.0181112 0.0269174 -0.00584849 0.00924828 -0.012983 -0.0238333 -0.0364274 -0.0337858
internal_weight=981.601 912.716 531.101 509.089 465.602 443.204 225.337 176.14 217.868 118.444 74.9207 99.424 53.2328 85.6981
internal_count=2336 2219 1427 1370 1274 1211 622 487 589 346 205 243 156 208
is_linear=0
shrinkage=0.05


Tree=52
num_leaves=15
num_cat=0
split_feature=16 4 7 42 53 16 19 6 16 5 16 5 40 6
split_gain=25.0814 19.4001 20.014 18.099 16.4389 15.913 19.9416 28.1275 25.8556 21.0455 19.4535 19.6759 24.0658 41.4
threshold=900.50000000000011 1.2721910000000003 -3.6658359999999997 -10.034320999999998 -14.326413999999998 865.50000000000011 1.0000000180025095e-35 -3.5330739999999996 740.50000000000011 53.807834000000007 705.50000000000011 51.87092950000001 6.1466705000000008 -2.3363894999999997
decision_type=2 2 2 2 2 2 2 2 2 2 2 2 2 2
left_child=1 2 3 -1 -5 6 7 9 10 -6 11 12 -8 -14
right_child=-2 -3 -4 4 5 -7 8 -9 -10 -11 -12 -13 13 -15
leaf_value=0.058079150773836012 -0.061087026568253322 0.042523383139362561 0.054383100743360571 0.036697989120334409 -0.015886190069418292 0.030575047010322001 -0.0045473939452287141 -0.076613281768122155 0.056944017472554599 0.049312193977730345 -0.060705074514986371 -0.029626674703097947 0.027474215828737339 -0.055178077775270187
leaf_weight=12.589152604341505 16.708786770701408 26.953927740454674 16.325182110071182 26.268730476498604 210.12476889789104 33.109164416790009 368.48925252258778 18.245485186576843 19.331486999988556 13.151998952031134 13.699604973196982 52.468407914042473 142.64895249903202 16.95099513232708
leaf_count=49 28 52 59 86 534 48 965 32 52 43 32 79 267 37
internal_value=-0.000348199 0.000697675 -0.000497325 -0.00146373 -0.00228342 -0.00343628 -0.00475316 -0.0169234 3.73076e-05 -0.0120457 -0.0018139 -0.000424222 0.00247719 0.0186958
internal_weight=987.066 970.357 943.403 927.078 914.489 888.22 855.111 241.522 613.589 223.277 594.257 580.558 528.089 159.6
internal_count=2363 2335 2283 2224 2175 2089 2041 609 1432 577 1380 1348 1269 304
is_linear=0
shrinkage=0.05


Tree=53
num_leaves=15
num_cat=0
split_feature=42 16 16 0 16 40 5 2 2 16 16 41 5 45
split_gain=15.4475 13.2106 23.0855 15.1355 27.4875 18.1517 14.6315 14.5789 25.7918 26.0078 28.853 37.1557 22.2184 23.7971
threshold=-10.034320999999998 900.50000000000011 725.50000000000011 4.4640295000000014 805.50000000000011 1.4180925000000002 22.393342000000001 48.871490500000007 23.786204000000005 613.50000000000011 679.50000000000011 15.787207000000002 29.410093000000007 19.108956500000001
decision_type=2 2 2 2 2 2 2 2 2 2 2 2 2 2
left_child=-1 2 7 5 -5 6 -4 8 9 -2 -11 -12 -10 -14
right_child=1 -3 3 4 -6 -7 -8 -9 12 10 11 -13 13 -15
leaf_value=0.057655305446023875 -0.0040573791706933308 -0.044711310676157662 0.055782819670471544 0.048323357543406324 -0.052816657782256318 0.047153684566560133 -0.0081625404530787961 0.0263213837406924 -0.070898392179557054 0.039893387715896456 0.035412490761467623 -0.083563802345287083 0.0020592822026914755 -0.072123485802510628
leaf_weight=12.037877805531023 594.69516772776842 15.779247358441351 11.610520109534262 11.163449347019197 16.869256347417831 60.145983159542084 38.975160285830498 43.758698731660843 23.170327067375183 72.584681898355484 13.784675031900408 12.524189695715902 50.582021072506905 13.749478340148924
leaf_count=49 1600 29 36 23 29 125 70 64 37 150 28 24 94 20
internal_value=0.00136018 0.000668252 0.00141135 0.0202798 -0.0125397 0.0285884 0.00651432 -0.00176289 -0.00333625 -0.000109105 0.0236338 -0.0212255 -0.0289164 -0.0137957
internal_weight=991.431 979.393 963.614 138.764 28.0327 110.732 50.5857 824.849 781.091 693.589 98.8935 26.3089 87.5018 64.3315
internal_count=2378 2329 2300 283 52 231 106 2017 1953 1802 202 52 151 114
is_linear=0
shrinkage=0.05


Tree=54
num_leaves=15
num_cat=0
split_feature=7 39 50 40 4 19 4 2 40 50 7 2 1 2
split_gain=19.0238 17.7716 17.0501 14.7027 36.3556 35.6218 28.9535 41.3292 23.6004 25.6886 22.9981 24.0571 26.1944 22.0709
threshold=-3.6658359999999997 -5.7118054999999996 23.284707000000004 0.076392000000000015 0.26182900000000003 1.0000000180025095e-35 0.80265700000000006 9.4905415000000009 13.629715000000003 -3.0726854999999995 -3.9591564999999993 -11.520850499999998 6.0287365000000008 29.157798500000002
decision_type=2 2 2 2 2 2 2 2 2 2 2 2 2 2
left_child=1 -1 3 6 -5 -6 7 10 9 -7 11 -3 -13 -10
right_child=-2 2 -4 4 5 8 -8 -9 13 -11 -12 12 -14 -15
leaf_value=0.051015026167494343 0.054123933482116575 0.021101059393991439 -0.045459636201040904 0.016760971963559471 -0.041443785461761695 -0.027776344698219421 0.072621898774423335 -0.053742180131111643 -0.066771327827905916 0.0247590793911301 0.07251050226327127 -0.017336662866670141 0.039479181576876285 0.0076087150345336366
leaf_weight=16.437527574598789 16.186794310808182 65.66440898925066 21.482998386025429 294.7204338312149 63.950560212135315 30.284521490335464 10.937400311231611 47.180215924978256 20.919046700000763 100.44633865356445 9.5885511487722379 246.47752232849598 22.106055721640587 19.061229974031448
leaf_count=62 62 187 46 673 123 55 26 114 32 195 27 702 61 29
internal_value=0.000366043 -0.000531726 -0.00142098 -0.000405149 0.00506903 -0.00961533 -0.00761475 -0.00985911 0.00230802 0.012589 -0.00383761 -0.0060278 -0.0126604 -0.0313095
internal_weight=985.444 969.257 952.819 931.336 529.382 234.662 401.954 391.017 170.711 130.731 343.837 334.248 268.584 39.9803
internal_count=2394 2332 2270 2224 1107 434 1117 1091 311 250 977 950 763 61
is_linear=0
shrinkage=0.05


Tree=55
num_leaves=15
num_cat=0
split_feature=4 7 46 9 16 4 19 5 40 6 16 3 50 16
split_gain=20.908 18.5855 19.6243 25.045 14.7601 15.7379 15.1625 28.0543 33.2207 35.19 44.4809 27.3766 26.2779 25.8539
threshold=1.3270845000000002 -3.6658359999999997 47.074154000000007 2.5000000000000004 55.500000000000007 -0.79894549999999986 1.0000000180025095e-35 51.87092950000001 -0.75427599999999984 -3.9568059999999998 502.50000000000006 4.1289080000000009 10.551075000000003 105.50000000000001
decision_type=2 2 2 2 2 2 2 2 2 2 2 2 2 2
left_child=1 2 4 -4 -1 -6 -7 8 11 -10 -11 13 -12 -8
right_child=-2 -3 3 -5 5 6 7 -9 9 10 12 -13 -14 -15
leaf_value=-0.046240782581092904 0.047231936694806603 0.053903445258576016 -0.00024088855905162463 -0.084972914618477766 0.048364001239970422 -0.010667552368756829 0.051353578539602242 -0.034350127878721722 0.031613987847959928 -0.030099415949214271 0.051840029118613642 0.047324011531905942 -0.013587917773498407 -0.017334643232714827
leaf_weight=17.359433636069298 22.887119397521019 15.094806060194967 19.238467425107956 15.952369242906569 16.719189308583736 261.25993802398443 14.70189695060253 44.675876870751381 183.68654052913189 68.91075012087822 41.120934218168259 20.869197368621826 24.48355633020401 200.9029368981719
leaf_count=67 46 61 25 20 64 654 38 71 388 180 104 43 41 559
internal_value=1.10836e-05 -0.0011326 -0.002026 -0.0386508 -0.000585436 0.00031793 -0.000615466 0.00376628 0.00683633 0.0173849 -0.00204544 -0.00735798 0.0274224 -0.0126509
internal_weight=967.863 944.976 929.881 35.1908 894.69 877.331 860.612 599.352 554.676 318.202 134.515 236.474 65.6045 215.605
internal_count=2361 2315 2254 45 2209 2142 2078 1424 1353 713 325 640 145 597
is_linear=0
shrinkage=0.05


Tree=56
num_leaves=15
num_cat=0
split_feature=5 45 5 47 19 40 46 5 3 16 16 40 16 48
split_gain=14.4346 32.7243 20.8104 26.991 21.201 23.6328 28.222 29.9926 27.7274 22.7597 29.3099 22.3441 23.3718 35.9304
threshold=61.281258000000008 19.108956500000001 50.745927500000008 -9.1457954999999984 1.0000000180025095e-35 0.076392000000000015 -3.4473294999999999 11.721660000000002 0.21994250000000001 321.50000000000006 374.50000000000006 -1.4307169999999998 390.50000000000006 -2.8246634999999993
decision_type=2 2 2 2 2 2 2 2 2 2 2 2 2 2
left_child=2 -2 4 -4 9 6 11 -8 -7 -1 -11 12 13 -6
right_child=1 -3 3 -5 5 8 7 -9 -10 10 -12 -13 -14 -15
leaf_value=-0.04854906966828236 0.066578188390953905 -0.0323730934112142 0.050465256395186599 -0.04749273316024577 0.010863867780506313 0.038131186308228787 0.046896435409219721 -0.052898082520367054 0.0056546719751689551 0.060929874982435211 -0.010305693961766858 0.035596180790655726 0.015224794863882197 -0.047276943425506764
leaf_weight=35.578470408916473 23.063662193715572 13.101885527372358 8.3558141738176328 44.386133804917336 49.913328036665916 91.026523575186729 8.9700314700603467 46.868133574724197 236.41797609627247 15.44725316762924 221.40335340797901 42.280755341053009 83.508636727929115 56.826360620558262
leaf_count=149 50 21 22 81 153 219 45 141 516 49 477 101 197 170
internal_value=-0.000267529 0.0307306 -0.0014589 -0.0319734 0.000352986 0.00549089 -0.00494668 -0.0368668 0.0146828 -0.011261 -0.00565975 0.00271841 -0.00458833 -0.0200893
internal_weight=977.148 36.1655 940.983 52.7419 888.241 615.812 288.367 55.8382 327.444 272.429 236.851 232.529 190.248 106.74
internal_count=2391 71 2320 103 2217 1542 807 186 735 675 526 621 520 323
is_linear=0
shrinkage=0.05


Tree=57
num_leaves=15
num_cat=0
split_feature=7 47 39 16 6 41 3 7 7 7 5 16 7 50
split_gain=16.0343 15.952 25.3032 23.3677 21.6747 19.7383 19.475 15.972 17.8332 34.2345 33.5875 24.7619 29.1757 27.8052
threshold=-3.6658359999999997 38.150463000000009 2.0455765000000006 865.50000000000011 -11.897619999999998 20.033741500000001 11.593763000000001 -33.728653499999993 -7.8904974999999995 -7.6307694999999987 13.3557085 219.50000000000003 -23.359291499999994 -13.899156499999998
decision_type=2 2 2 2 2 2 2 2 2 2 2 2 2 2
left_child=1 3 5 4 -1 -3 7 -6 10 -10 -9 12 -12 -13
right_child=-2 2 -4 -5 6 -7 -8 8 9 -11 11 13 -14 -15
leaf_value=0.029074946126694725 0.053767717535489735 0.035743047178503171 -0.037129321615167139 0.061095166283539282 -0.0661247012161022 -0.035503319151603534 0.038260310382813412 0.05547495150452534 -0.076019385168887371 -0.0081358833090047298 0.06380884611032589 -0.067663607654295285 -0.03435412256331638 0.0075665235641275558
leaf_weight=60.984187580645084 13.652327388525007 28.620563328266144 69.550099104642868 16.17752680182457 10.049998402595518 14.721679300069807 28.994617119431496 28.405315920710564 20.436451286077499 203.65493106842041 8.3890944868326169 12.714514970779417 77.476555123925209 361.35895824432373
leaf_count=181 57 41 126 30 12 41 57 96 59 557 24 33 239 802
internal_value=-3.01726e-05 -0.000810246 -0.0184426 0.00159195 0.00040714 0.0115434 -0.00191931 -0.00353179 -0.00264882 -0.0143267 0.0027099 -0.000548811 -0.0247636 0.0050095
internal_weight=955.187 941.534 112.892 828.642 812.465 43.3422 751.48 722.486 712.436 224.091 488.344 459.939 85.8656 374.073
internal_count=2355 2298 208 2090 2060 82 1879 1822 1810 616 1194 1098 263 835
is_linear=0
shrinkage=0.05


Tree=58
num_leaves=15
num_cat=0
split_feature=16 16 51 50 5 53 53 45 47 43 46 45 48 5
split_gain=22.2804 15.1013 16.5916 19.6214 21.0777 15.9437 19.5697 48.4344 25.2055 18.5314 29.4636 27.4984 26.5763 33.3817
threshold=900.50000000000011 725.50000000000011 -3.3470544999999996 -2.4294749999999996 35.578937500000002 -12.010251999999999 -5.4783839999999993 -2.4153139999999995 -14.249672999999998 -3.3862449999999993 13.481052000000002 -5.6608184999999986 -2.5665534999999995 26.828688000000003
decision_type=2 2 2 2 2 2 2 2 2 2 2 2 2 2
left_child=1 5 -3 -4 -5 -1 7 -7 -9 12 11 -11 -8 -14
right_child=-2 2 3 4 -6 6 9 8 -10 10 -12 -13 13 -15
leaf_value=0.023099704828047414 -0.059123349603258137 0.059347370878038243 -0.037121212257959328 0.02490878053443793 -0.053520819798038438 -0.044798097007658591 0.04519860622369689 0.05188478651075891 -0.0090864833310709183 0.01323154165575296 0.0071170616164437988 -0.030124656149032786 -0.026169342852709773 0.033874170764548767
leaf_weight=57.895075835287571 15.942612648010252 18.787134543061256 19.482277989387512 92.474633321166039 9.4410725980997068 88.053212374448776 50.127704218029976 23.827458143234253 58.731547504663467 48.787511512637138 231.49817772209644 146.06096293032169 52.865313246846199 41.179352544248104
leaf_count=181 31 51 30 199 24 255 150 66 151 133 416 427 147 98
internal_value=-0.000509937 0.000484995 0.0156215 0.0088546 0.0176434 -0.00217062 -0.00414467 -0.0190021 0.00851051 0.000298417 -0.00494179 -0.0192688 0.0157948 0.00012192
internal_weight=955.154 939.211 140.185 121.398 101.916 799.026 741.131 170.612 82.559 570.519 426.347 194.848 144.172 94.0447
internal_count=2359 2328 304 253 223 2024 1843 472 217 1371 976 560 395 245
is_linear=0
shrinkage=0.05


Tree=59
num_leaves=15
num_cat=0
split_feature=53 53 45 44 46 39 40 3 51 18 23 52 39 40
split_gain=12.9555 18.621 39.6361 25.1992 20.289 31.9558 31.8687 47.3942 41.5288 31.4031 29.6781 32.4328 22.5982 21.6674
threshold=-13.037487499999999 -5.2175429999999992 -3.3428459999999993 -9.816357499999997 -6.2076664999999993 -2.4860529999999996 1.3170665000000001 1.8080535000000004 1.6237325000000002 228.50000000000003 1.0000000180025095e-35 22.653125000000003 1.7263370000000002 -3.9678744999999993
decision_type=2 2 2 2 2 2 2 2 2 2 2 2 2 2
left_child=-1 2 -2 -4 5 -3 -6 12 -9 -7 11 -10 -8 -11
right_child=1 4 3 -5 6 9 7 8 10 13 -12 -13 -14 -15
leaf_value=0.02933992600228176 -0.037743522312720622 0.062795570476271309 0.030675534858121342 -0.016300316854992319 -0.023168038445084901 -0.036882122534401728 0.041644059801943994 -0.051163326894391292 0.026743391407124208 -0.038121577738851525 -0.033552413406991138 -0.027839008950143736 0.0062718355852992421 0.030694103840163814
leaf_weight=37.320927754044533 94.711771696805954 32.823026888072491 54.302607804536819 60.192862465977669 128.78210180997849 30.394648417830467 93.40510681271553 47.683219313621521 104.32879683375359 13.238891303539274 46.499365761876106 36.820915535092354 87.406714394688606 84.115272268652916
leaf_count=125 275 107 158 134 360 100 220 88 247 29 79 54 200 184
internal_value=0.000463961 -0.000714209 -0.0138148 0.00597927 0.00317062 0.0187908 -0.00143214 0.00529436 -0.00949615 0.0074845 0.00109184 0.0125048 0.0245447 0.0213361
internal_weight=952.026 914.705 209.207 114.495 705.498 160.572 544.926 416.144 235.332 127.749 187.649 141.15 180.812 97.3542
internal_count=2360 2235 567 292 1668 420 1248 888 468 313 380 301 420 213
is_linear=0
shrinkage=0.05


Tree=60
num_leaves=15
num_cat=0
split_feature=41 16 22 8 41 45 16 42 16 12 42 7 40 39
split_gain=13.9801 19.0483 30.2143 25.6057 22.0652 21.9829 21.3712 25.5399 37.2691 29.0553 18.7601 20.5554 19.6113 20.5647
threshold=14.901888500000002 598.50000000000011 1.0000000180025095e-35 42.500000000000007 11.697205500000001 10.466368000000001 550.50000000000011 10.104729000000001 321.50000000000006 13.667258500000001 5.7783305000000009 -19.113004499999999 -0.51215599999999994 -0.13777449999999999
decision_type=2 2 2 2 2 2 2 2 2 2 2 2 2 2
left_child=1 3 4 6 -3 10 7 8 9 -1 11 -5 13 -13
right_child=-2 2 -4 5 -6 -7 -8 -9 -10 -11 -12 12 -14 -15
leaf_value=-0.042863511892494106 -0.014499618170220788 0.053912898951352754 0.00029353343907389509 0.027262876674139121 -0.00057625537597420339 0.053252262594019731 -0.065548136978550844 -0.057743967839236 0.039631749821942695 0.051279256476406278 -0.063417350908090878 -0.0047726370556986043 0.011208616795239035 -0.04718054541635272
leaf_weight=44.986163094639778 131.37715117633343 63.483759097754955 130.77624005079269 73.990802064538002 26.266381531953812 21.677825480699539 22.104200810194016 24.01894474029541 36.169358029961586 10.021575689315794 10.79870070517063 155.63012064993382 159.23685708642006 35.019563421607018
leaf_count=138 241 211 242 207 50 43 43 45 88 23 33 445 444 118
internal_value=0.000635354 0.00307755 0.0156255 -0.00158369 0.037966 0.00411213 -0.0205153 -0.0118742 0.000209361 -0.0257121 0.00166145 0.0033194 -0.00174395 -0.0125624
internal_weight=945.558 814.18 220.526 593.654 89.7501 456.354 137.3 115.196 91.1771 55.0077 434.676 423.877 349.887 190.65
internal_count=2371 2130 503 1627 261 1290 337 294 249 161 1247 1214 1007 563
is_linear=0
shrinkage=0.05


Tree=61
num_leaves=15
num_cat=0
split_feature=7 46 41 7 52 42 46 6 7 7 7 7 50 2
split_gain=13.3187 14.0896 26.971 21.471 16.7969 18.5764 18.1326 16.784 25.5051 25.1068 23.736 40.0549 28.2346 43.3547
threshold=-3.6658359999999997 -11.078730499999997 -6.415379999999999 -23.359291499999994 -6.325490499999999 -8.269226999999999 -9.5801839999999974 -7.2417989999999994 -8.5568064999999986 -24.957438999999997 -7.8904974999999995 -7.4661974999999989 -3.4417739999999992 23.786204000000005
decision_type=2 2 2 2 2 2 2 2 2 2 2 2 2 2
left_child=1 2 -1 -4 6 -6 -3 8 -7 -9 12 -12 -11 -14
right_child=-2 4 3 -5 5 7 -8 9 -10 10 11 -13 13 -15
leaf_value=0.049740214087735574 0.053313864946078759 0.00080343719351525238 0.060036290680251118 -0.017563055813865261 0.0583653678278587 -0.0074657718624875349 -0.052251038634332204 -0.03703481878952785 -0.070262333937276558 -0.0085729594385309301 -0.064077686992581498 0.0028334647744203286 0.044242722257620055 -0.012662799231262825
leaf_weight=39.524585410952568 11.81445389986038 31.022713705897331 10.893359705805777 49.060023263096809 13.316201269626616 230.47921711206436 33.49098514020443 34.713796436786652 17.389423087239265 70.750283651053905 25.095779776573181 205.66332711279392 124.9155316054821 45.722057238221169
leaf_count=144 57 81 43 128 46 517 91 43 45 212 78 519 285 88
internal_value=0.000559398 -0.000109315 0.0176754 -0.00346347 -0.00223432 -0.000176013 -0.0267387 -0.0012089 -0.0118713 0.00400531 0.00702272 -0.00444333 0.0179839 0.028995
internal_weight=943.852 932.037 99.478 59.9534 832.559 768.046 64.5137 754.729 247.869 506.861 472.147 230.759 241.388 170.638
internal_count=2377 2320 315 171 2005 1833 172 1787 562 1225 1182 597 585 373
is_linear=0
shrinkage=0.05


Tree=62
num_leaves=15
num_cat=0
split_feature=4 27 45 53 7 47 7 40 47 41 7 7 52 40
split_gain=18.8792 14.0164 15.4107 17.7602 34.9244 19.4799 22.0073 32.6257 33.2741 24.7803 21.7541 26.6905 18.4826 30.733
threshold=1.3270845000000002 1.0000000180025095e-35 23.186562500000004 -1.5926249999999997 -9.3348469999999981 -13.278600999999998 -24.464679999999998 -1.3898429999999997 -6.2382894999999996 -2.9595174999999996 -16.226709499999995 -11.788986 -0.72301099999999996 1.5398175000000003
decision_type=2 2 2 2 2 2 2 2 2 2 2 2 2 2
left_child=1 2 3 4 5 10 -7 -8 9 -9 -1 -12 -5 -14
right_child=-2 -3 -4 12 -6 6 7 8 -10 -11 11 -13 13 -15
leaf_value=0.040010314146926941 0.04609320939262098 0.0096368692168706666 -0.043334552824306122 0.022937598943226722 -0.060024838917853901 -0.044540939646216152 -0.034459055873523534 -0.042503991745950563 -0.043472364135060733 0.052589051193830443 -0.057645477786074963 0.038502224995878791 -0.037150001603965761 0.005458135215778058
leaf_weight=40.492057338356972 22.066141225397587 240.81416323781013 24.517428368330002 96.480069644749165 34.116920992732048 46.210700780153275 50.467627570033073 8.101258233189581 16.509285487234592 44.388624176383018 16.847864866256717 12.628265261650084 51.94150298833847 228.50326773524284
leaf_count=124 47 716 39 249 110 64 149 33 48 92 50 41 175 429
internal_value=0.000394156 -0.000711524 -0.00442431 -0.00294913 -0.0127437 -0.00589826 -0.0152405 -0.0039069 0.0184397 0.0379124 0.0162233 -0.0164535 0.00406075 -0.00243337
internal_weight=934.085 912.019 671.205 646.687 269.763 235.646 165.677 119.467 68.9992 52.4899 69.9682 29.4761 376.925 280.445
internal_count=2366 2319 1603 1564 711 601 386 322 173 125 215 91 853 604
is_linear=0
shrinkage=0.05


Tree=63
num_leaves=15
num_cat=0
split_feature=46 41 40 3 3 19 41 40 16 8 3 2 2 40
split_gain=13.2833 22.5903 21.0439 38.1139 27.9646 24.792 27.8728 34.2263 26.2606 30.802 26.7339 24.4432 20.2194 19.7642
threshold=-11.510197999999997 -6.415379999999999 -0.75427599999999984 4.0554035000000006 1.7342650000000002 1.0000000180025095e-35 15.050181000000002 13.629715000000003 580.50000000000011 37.500000000000007 4.3815565000000012 6.6265090000000013 13.8995975 0.84447200000000011
decision_type=2 2 2 2 2 2 2 2 2 2 2 2 2 2
left_child=1 -1 3 11 13 -6 7 8 9 -7 -11 -2 -5 -4
right_child=2 -3 4 12 5 6 -8 -9 -10 10 -12 -13 -14 -15
leaf_value=0.052045988100382523 -0.013629290627057332 -0.0012593853412738538 -0.0090301168958750091 0.053427887373241272 -0.031776117448874534 -0.041998787046520394 -0.034374782092507196 -0.028492200035345958 0.057317418373188558 -0.0093929693228574414 0.050943919013747077 -0.055009286231558964 -0.041000387911664084 0.021401755612770218
leaf_weight=31.587441258132458 158.94854751974344 53.605700522661209 70.603825986385345 27.370627731084824 79.37010458111763 23.194393381476402 45.211399555206299 44.523104280233383 37.967305645346642 33.165752872824669 41.119766652584076 46.0202447026968 7.1498454064130774 218.37045326083899
leaf_count=121 479 155 218 69 145 49 64 74 128 74 82 118 17 539
internal_value=-0.000300244 0.0185049 -0.00222346 -0.0147342 0.00282466 -0.00774725 0.000722241 0.00953917 0.0220405 0.00830059 0.0240057 -0.0229201 0.03387 0.0139665
internal_weight=918.209 85.1931 833.015 239.489 593.526 304.552 225.182 179.97 135.447 97.4799 74.2855 204.969 34.5205 288.974
internal_count=2332 276 2056 683 1373 616 471 407 333 205 156 597 86 757
is_linear=0
shrinkage=0.05


Tree=64
num_leaves=15
num_cat=0
split_feature=10 16 40 45 51 16 43 46 6 43 4 5 51 41
split_gain=13.7559 13.2352 22.246 17.1226 21.6944 21.2334 27.3252 30.3139 15.1227 14.9134 27.4139 16.1178 22.086 14.2169
threshold=4.5000000000000009 234.50000000000003 23.460840500000003 -9.0478269999999981 -5.8995829999999989 303.50000000000006 1.8190715000000002 11.329542500000001 -1.1323529999999999 19.107559000000006 0.62477900000000008 13.3557085 -0.8649794999999999 -1.7140944999999996
decision_type=2 2 2 2 2 2 2 2 2 2 2 2 2 2
left_child=1 9 3 -3 -5 6 13 -8 -7 11 -11 12 -1 -6
right_child=-2 2 -4 4 5 8 7 -9 -10 10 -12 -13 -14 -15
leaf_value=0.052911523933638842 0.028924900519662192 0.040837797704230759 -0.066846322436720493 -0.048395302674420639 0.0076439636713102671 -0.0029629841092457848 -0.043568855893327207 0.051868122126655369 0.054973028557604164 0.062026883736756369 -0.039743816113457127 -0.029218330906846075 -0.031373113382534665 0.067028518494114106
leaf_weight=15.692546665668489 35.926973834633827 26.710540607571602 12.084513038396834 22.370220966637135 14.284941405057905 556.68811056017876 22.401408836245537 13.237118780612944 11.496078565716742 15.763528749346735 11.404207170009611 120.31439216434956 15.400105044245718 34.226666748523712
leaf_count=57 103 94 19 61 42 1226 76 31 47 34 18 415 70 84
internal_value=-0.00140914 -0.0026308 0.000416026 0.00157487 2.05122e-05 0.00168081 0.025121 -0.00812097 -0.00179076 -0.0148045 0.0193066 -0.0209252 0.0111656 0.0495419
internal_weight=928.001 892.074 713.5 701.415 674.705 652.334 84.1501 35.6385 568.184 178.575 27.1677 151.407 31.0927 48.5116
internal_count=2377 2274 1680 1661 1567 1506 233 107 1273 594 52 542 127 126
is_linear=0
shrinkage=0.05


Tree=65
num_leaves=15
num_cat=0
split_feature=16 39 16 5 39 48 39 41 19 6 42 6 5 40
split_gain=18.6578 13.6956 14.4502 16.835 16.47 16.242 24.7978 16.0037 15.2239 21.8635 15.067 15.0637 16.3361 13.3857
threshold=900.50000000000011 -5.7118054999999996 607.50000000000011 26.391469500000003 -1.4099199999999998 1.1790685000000003 3.0064440000000006 12.159798000000002 1.0000000180025095e-35 -3.7855874999999997 1.0352630000000003 -5.864346499999999 33.968230500000011 1.1859210000000002
decision_type=2 2 2 2 2 2 2 2 2 2 2 2 2 2
left_child=1 -1 -3 7 -5 -6 13 8 9 -4 -9 -8 -13 -7
right_child=-2 2 3 4 5 6 11 10 -10 -11 -12 12 -14 -15
leaf_value=0.045811599340460862 -0.058530344327922701 -0.005752758794282789 0.035085799565868471 0.044307202894746496 -0.040842475479096613 -0.0083302330633779533 -0.047629279697740945 -0.051649119595093565 0.053758119871407876 -0.035646243093635809 0.02362349526896786 -0.02181337548040331 0.04497755073262806 0.056338556409740947
leaf_weight=15.552348632365463 14.16767270863056 614.22633790969849 35.555240586400032 16.283948965370655 30.710547655820847 12.145351514220236 25.471214726567268 12.681311726570131 42.708620101213455 15.771222636103628 13.973370552062987 26.235494196414948 14.061775371432303 23.455117374658585
leaf_count=63 29 1700 77 43 50 27 44 24 156 27 25 40 24 29
internal_value=-0.00159851 -0.000701136 -0.00152011 0.00814268 -0.00313784 -0.00898729 0.000663495 0.0220098 0.0317034 0.0133518 -0.0121884 -0.0175311 0.00149339 0.0342763
internal_weight=913 898.832 883.28 269.053 148.363 132.08 101.369 120.69 94.0351 51.3265 26.6547 65.7685 40.2973 35.6005
internal_count=2358 2329 2266 566 257 214 164 309 260 104 49 108 64 56
is_linear=0
shrinkage=0.05


Tree=66
num_leaves=15
num_cat=0
split_feature=2 2 16 44 19 53 46 52 53 53 48 1 47 46
split_gain=18.1965 19.0497 25.324 34.9099 22.0603 33.0741 30.0384 26.3042 23.6409 18.9229 17.4679 16.5568 15.4347 21.709
threshold=48.871490500000007 9.1936845000000016 394.50000000000006 3.3024950000000008 1.0000000180025095e-35 -1.4667819999999998 -11.078730499999997 -2.8377249999999994 23.645861000000004 -3.8784054999999995 -3.7271064999999997 8.0777825000000014 -7.3106939999999989 -2.1362204999999999
decision_type=2 2 2 2 2 2 2 2 2 2 2 2 2 2
left_child=1 2 3 9 5 6 -4 -8 -6 12 -11 -12 13 -1
right_child=-2 -3 4 -5 8 -7 7 -9 -10 10 11 -13 -14 -15
leaf_value=-0.018453226652231852 0.032572142078707123 -0.011245835018342622 0.044902242938091481 -0.061639263911047328 0.034135458956505098 0.040953953032498096 -0.045977326198699625 0.017018044654739866 -0.050552678079668435 0.044509795448341993 -0.0053526538198244338 0.05472025355714849 -0.060065518155965919 0.05073159584001468
leaf_weight=77.574385337531567 40.895613104104996 320.08497980237007 17.338029749691486 26.10951416939497 130.62548588216305 36.576604679226875 56.999569058418274 23.363129988312721 8.7954700738191587 30.883212678134441 95.259699001908302 13.039962634444235 17.144193418323994 13.279580563306807
leaf_count=241 66 707 61 78 336 82 134 47 24 112 334 42 57 40
internal_value=-2.04247e-05 -0.00155766 0.00411164 -0.00665477 0.014862 0.000397535 -0.0147857 -0.0276632 0.0287928 -0.000846808 0.0113395 0.0018805 -0.0165519 -0.0083409
internal_weight=907.969 867.074 546.989 273.291 273.698 134.277 97.7007 80.3627 139.421 247.181 139.183 108.3 107.998 90.854
internal_count=2361 2295 1588 904 684 324 242 181 360 826 488 376 338 281
is_linear=0
shrinkage=0.05


Tree=67
num_leaves=15
num_cat=0
split_feature=53 16 39 53 45 6 6 39 7 45 2 2 16 7
split_gain=12.9332 16.88 13.6155 13.8066 25.3721 23.3604 16.938 15.473 19.4818 17.8517 16.4112 22.6836 22.7707 43.7564
threshold=-13.037487499999999 261.50000000000006 -6.6085719999999997 -5.4783839999999993 -3.0180674999999995 -3.5730484999999996 -2.4102204999999994 -2.5929319999999998 -33.728653499999993 -6.028723499999999 32.096041500000005 24.663233500000004 472.50000000000006 -23.941125499999995
decision_type=2 2 2 2 2 2 2 2 2 2 2 2 2 2
left_child=1 -1 -2 4 -4 -6 -7 -5 -9 -10 11 12 -11 -14
right_child=2 -3 3 7 5 6 -8 8 9 10 -12 -13 13 -15
leaf_value=-0.046331505157950925 0.079120033811180379 0.045902191572181505 -0.033175180471229249 0.021462798342376167 0.019846376676893287 -0.06540274220481683 0.011333597349370533 -0.087106845067245489 0.031636877935545878 -0.016221962155328073 0.017128885079903049 -0.038968311038427267 -0.06545781275099509 0.014162556151303726
leaf_weight=6.0307968109846106 5.1528628915548316 27.953420903533697 91.815080381929874 80.960287652909756 67.09797590225935 17.284894943237308 12.314421966671942 6.6255515217781058 39.346350461244583 182.60516707599163 83.584814712405205 49.392177693545818 18.825328648090363 206.96084588766098
leaf_count=17 19 110 278 231 190 37 32 8 112 556 176 96 23 454
internal_value=-0.000719841 0.0295345 -0.00191266 -0.00239999 -0.0143505 0.00352377 -0.0334776 0.00097097 -0.00185367 -0.00088099 -0.00324437 -0.00696424 -0.00309356 0.00752406
internal_weight=895.95 33.9842 861.966 856.813 188.512 96.6973 29.5993 668.301 587.34 580.715 541.368 457.784 408.391 225.786
internal_count=2339 127 2212 2193 537 259 69 1656 1425 1417 1305 1129 1033 477
is_linear=0
shrinkage=0.05


Tree=68
num_leaves=15
num_cat=0
split_feature=53 16 2 40 3 4 2 19 41 40 7 16 16 4
split_gain=16.558 21.2391 20.1969 17.0775 29.6064 28.5972 28.8788 23.544 26.4843 31.0068 32.5544 19.2093 19.7474 19.9896
threshold=-12.010251999999999 398.50000000000006 -11.644047999999998 -0.56002149999999984 1.7342650000000002 0.60796900000000009 -11.520850499999998 1.0000000180025095e-35 15.050181000000002 13.629715000000003 -24.520225499999995 517.50000000000011 430.50000000000006 0.60796900000000009
decision_type=2 2 2 2 2 2 2 2 2 2 2 2 2 2
left_child=1 2 -1 5 -5 6 -2 -6 9 10 -9 12 13 -12
right_child=3 -3 -4 4 7 -7 -8 8 -10 -11 11 -13 -14 -15
leaf_value=0.064367177063532607 0.019319152034746784 0.051141418425157785 -0.049469051357834831 0.014005290122380826 -0.031969647769573721 0.063402084665628508 -0.02363263920185478 -0.056346682520683533 -0.034428140224018335 -0.026465021601949964 -0.0003146461878566453 0.058706228844801756 -0.056844704262519141 0.055395016580693957
leaf_weight=5.5408690720796612 47.694774933159351 32.746438786387444 13.128472983837126 285.71599558740854 78.869126558303833 11.869052425026892 218.03257101029158 12.017161846160887 44.316283509135246 45.242353439331055 36.097921386361122 38.795999124646187 8.4171952009201032 29.068773865699768
leaf_count=22 146 120 38 764 151 33 637 15 67 76 92 138 16 61
internal_value=-0.000681965 0.0268769 -0.0156836 -0.00233703 0.00255457 -0.0125316 -0.0159233 -0.00861816 -1.02513e-05 0.00898101 0.0218725 0.0302367 0.0152266 0.0245356
internal_weight=907.553 51.4158 18.6693 856.137 578.541 277.596 265.727 292.825 213.956 169.639 124.397 112.38 73.5839 65.1667
internal_count=2376 180 60 2196 1380 816 783 616 465 398 322 307 169 153
is_linear=0
shrinkage=0.05


Tree=69
num_leaves=15
num_cat=0
split_feature=7 4 46 42 7 51 45 16 42 49 45 4 12 45
split_gain=12.5707 12.0566 14.853 11.4313 14.4586 11.3838 34.7611 15.1886 16.2823 21.3025 16.373 21.1524 18.5497 15.9334
threshold=-3.6658359999999997 1.2721910000000003 28.582032000000002 -10.034320999999998 -33.728653499999993 -0.75259299999999985 0.49643950000000003 900.50000000000011 5.2121725000000012 -3.4483239999999995 11.356605 0.90818900000000002 13.800229000000002 19.108956500000001
decision_type=2 2 2 2 2 2 2 2 2 2 2 2 2 2
left_child=1 3 -3 -1 -5 -6 -7 8 9 -8 11 -10 -12 -14
right_child=-2 2 -4 4 5 6 7 -9 10 -11 12 -13 13 -15
leaf_value=0.056306386490609442 0.053310601386155169 0.068247200394038046 -0.0071168879469875315 -0.060890878488063731 0.0046812088944302062 -0.034997150950281074 -0.038228897670569653 -0.058161900448565743 -0.035962116336231316 0.017338234017753449 0.021258480526285164 0.045713856444011762 0.01714423315512965 -0.046700018837841153
leaf_weight=8.3335063084959966 10.801471434533594 13.763228416442873 12.453064441680906 10.485542319715021 374.94331239908934 89.701280549168587 19.213651023805141 11.044743210077284 69.215450763702393 168.58017465472221 61.152112275362015 8.9523247480392438 15.88930433988571 25.385502576828003
leaf_count=46 58 33 23 17 1060 276 63 24 172 400 113 17 25 43
internal_value=-0.000304292 -0.000955637 0.0324483 -0.00197051 -0.00253881 -0.00181393 -0.007005 -0.000387417 0.00134473 0.011653 -0.00937448 -0.026608 0.0037774 -0.0221223
internal_weight=899.915 889.113 26.2163 862.897 854.563 844.078 469.135 379.433 368.389 187.794 180.595 78.1678 102.427 41.2748
internal_count=2370 2312 56 2256 2210 2193 1133 857 833 463 370 189 181 68
is_linear=0
shrinkage=0.05


Tree=70
num_leaves=15
num_cat=0
split_feature=5 5 19 2 2 16 43 16 8 16 46 2 5 51
split_gain=14.5306 14.3467 19.6933 21.1823 25.5256 25.4923 32.5442 30.4224 25.8974 32.4124 24.8674 28.7995 33.2899 25.6403
threshold=64.507990000000021 50.745927500000008 1.0000000180025095e-35 28.646576500000005 26.125278000000005 398.50000000000006 28.475654500000005 315.50000000000006 42.500000000000007 264.50000000000006 2.0635890000000003 7.6483915000000007 22.955721500000003 -4.2048509999999988
decision_type=2 2 2 2 2 2 2 2 2 2 2 2 2 2
left_child=1 2 -1 4 5 7 10 8 -4 -10 11 12 -7 -14
right_child=-2 -3 3 -5 -6 6 -8 -9 9 -11 -12 -13 13 -15
leaf_value=-0.010381451004134101 0.034528900033005433 -0.026314619753071939 -0.035277946606347199 0.036026974363778747 -0.080381585502976416 0.0497348604759007 -0.028913908764264074 -0.040839997111820174 0.0013506649461023121 0.062319418765189871 0.051554590980694731 -0.021850939691880011 0.059346376572910066 -0.031281322778300702
leaf_weight=255.70059571042657 30.66278237849474 50.652565658092499 37.439255505800247 54.358150519430637 8.9773876592516881 63.476607441902161 33.945376917719841 50.975308179855347 141.91500805318356 25.755141220986843 58.33511907607317 42.287365719676018 10.490217939019201 30.482600152492523
leaf_count=672 65 111 120 137 11 184 59 144 463 71 136 102 34 61
internal_value=0.000703682 -0.000495655 0.0011107 0.0063728 0.00317499 0.00469007 0.0164338 -0.00627092 0.00232044 0.0107158 0.0239401 0.012962 0.0270564 -0.00807803
internal_weight=895.453 864.791 814.138 558.438 504.079 495.102 239.017 256.085 205.109 167.67 205.072 146.737 104.449 40.9728
internal_count=2370 2305 2194 1522 1385 1374 576 798 654 534 517 381 279 95
is_linear=0
shrinkage=0.05


Tree=71
num_leaves=15
num_cat=0
split_feature=18 51 18 7 18 40 53 51 4 40 45 5 5 40
split_gain=16.4074 12.6656 11.7952 28.2336 18.4201 16.8968 15.0431 12.1722 18.178 13.7402 26.3445 12.8774 19.8787 15.3435
threshold=900.50000000000011 -7.992500999999999 180.50000000000003 -23.359291499999994 147.50000000000003 23.460840500000003 3.1078770000000007 22.636227000000002 0.62477900000000008 -0.14129499999999998 7.5634140000000007 14.243292500000001 11.123702000000002 0.24216550000000003
decision_type=2 2 2 2 2 2 2 2 2 2 2 2 2 2
left_child=1 -1 3 -3 6 7 -5 8 11 -10 -11 12 -4 -13
right_child=-2 2 5 4 -6 -7 -8 -9 9 10 -12 13 -14 -15
leaf_value=0.042349137565498657 -0.057571133920654743 0.063141556906321381 -0.026444731280924519 -0.018470053987050591 -0.056727434763109513 -0.05585717199842552 0.047858906408096674 -0.036698860593035204 0.066211726640627036 -0.040060289514152081 0.034097687864375052 -0.011367376216712147 0.037323978892728503 0.0054518084343710763
leaf_weight=17.293385427445173 12.560232400894163 10.459190249443052 16.217515155673027 71.009573772549629 29.370916239917278 12.611300319433211 9.7179754078388196 19.250393509864807 16.79599367827177 16.028269454836845 47.370663173496723 238.03104265034199 49.594608768820763 315.09973204135895
leaf_count=79 28 28 50 265 111 21 23 38 44 37 95 675 159 709
internal_value=-0.000833133 -1.29197e-05 -0.000873207 -0.0153635 -0.0228214 0.00151655 -0.0104854 0.00252375 0.00360372 0.026002 0.0153494 0.00070164 0.02161 -0.00178606
internal_weight=881.411 868.851 851.557 120.558 110.098 731 80.7275 718.388 699.138 80.1949 63.3989 618.943 65.8121 553.131
internal_count=2362 2334 2255 427 399 1828 288 1807 1769 176 132 1593 209 1384
is_linear=0
shrinkage=0.05


Tree=72
num_leaves=15
num_cat=0
split_feature=7 41 50 41 0 40 45 52 1 45 41 2 40 16
split_gain=12.3564 13.0687 15.6462 16.1113 12.6316 16.3307 11.0623 30.7565 25.1016 16.343 17.4811 15.8887 19.8815 16.6783
threshold=-3.6658359999999997 19.653087500000005 21.154299000000005 17.736263500000003 -6.3086619999999991 6.0401925000000007 19.108956500000001 23.745296500000006 14.663900500000002 14.920696500000002 15.252965000000001 9.4905415000000009 -0.51215599999999994 180.50000000000003
decision_type=2 2 2 2 2 2 2 2 2 2 2 2 2 2
left_child=1 2 3 4 5 -1 8 -8 9 10 11 13 -13 -6
right_child=-2 -3 -4 -5 6 -7 7 -9 -10 -11 -12 12 -14 -15
leaf_value=0.0018612047492368338 0.052972825489251731 -0.035677644697212206 0.046427562635175043 -0.049269959194970014 -0.019245428758743591 0.08385253607009964 0.002770978650812861 -0.077845338306140821 0.035155698463961479 0.058042427635639632 -0.052270918508952081 -0.050862154123190062 -0.0070606392229997667 0.0063772780145180501
leaf_weight=15.498549565672876 10.418228723108767 27.567431658506393 17.256749004125595 17.407034009695053 75.434185840189457 9.9861557930707914 36.050689563155174 17.610895842313766 47.039576657116413 10.917216598987578 17.97350762784481 32.33568662405014 130.30068220198154 401.7671277448535
leaf_count=63 61 79 22 32 326 20 72 24 109 18 34 84 297 1092
internal_value=-0.00115185 -0.00180971 -0.00068426 -0.00168509 -0.000643078 0.0339894 -0.00179016 -0.023686 -0.000148613 -0.00263198 -0.00363895 -0.00227284 -0.0157693 0.00232694
internal_weight=867.564 857.145 829.578 812.321 794.914 25.4847 769.43 53.6616 715.768 668.728 657.811 639.838 162.636 477.201
internal_count=2333 2272 2193 2171 2139 83 2056 96 1960 1851 1833 1799 381 1418
is_linear=0
shrinkage=0.05


Tree=73
num_leaves=15
num_cat=0
split_feature=39 6 7 7 16 6 3 51 42 5 7 52 6 46
split_gain=13.3548 13.0965 23.7419 20.0315 18.4627 27.3576 21.1552 21.1241 19.9273 25.2235 19.8494 17.3181 17.2646 17.2098
threshold=-5.7118054999999996 -7.1538444999999991 -25.545219999999997 -8.9462234999999968 502.50000000000006 -3.8619294999999996 2.2649230000000005 -3.9056699999999993 -3.0505714999999998 31.013985000000002 -5.3596829999999995 -4.3894254999999989 -3.9842824999999995 41.47952750000001
decision_type=2 2 2 2 2 2 2 2 2 2 2 2 2 2
left_child=-1 3 12 -2 5 10 7 11 -7 -10 -4 -6 -3 -8
right_child=1 2 4 -5 6 8 13 -9 9 -11 -12 -13 -14 -15
leaf_value=0.049835282572973733 -0.0060346922893596208 -0.0034786582282631639 0.0040384204559476026 -0.060149451375257804 -0.041135498010259654 0.01873635155224037 0.012287392829932343 0.044064001776936999 -0.045197666609358519 0.030804227267736857 0.059299562195891845 0.051454271478828022 -0.077471647926843079 -0.032603886856548525
leaf_weight=13.186387985944746 279.05125362798572 16.682118274271492 166.88051188737154 18.21742470562458 15.10052700340748 23.204394891858101 100.16207025200129 86.058741353452206 71.453601107001305 12.885488063096998 18.002778902649879 7.5880233794450751 14.946800529956816 27.133103132247925
leaf_count=60 730 28 493 53 44 75 249 212 232 32 60 21 18 54
internal_value=-0.00010051 -0.000868527 0.00363349 -0.00935099 0.00615191 -0.0022445 0.016554 0.032749 -0.0222965 -0.033586 0.0094194 -0.0101695 -0.0384453 0.00271877
internal_weight=870.553 857.367 560.098 297.269 528.469 292.427 236.042 108.747 107.543 84.3391 184.883 22.6886 31.6289 127.295
internal_count=2361 2301 1518 783 1472 892 580 277 339 264 553 65 46 303
is_linear=0
shrinkage=0.05


Tree=74
num_leaves=15
num_cat=0
split_feature=46 50 3 52 49 45 40 52 42 18 40 5 46 8
split_gain=11.9878 19.6848 28.2979 16.7723 16.4993 11.8641 10.4045 17.1328 11.7992 13.0539 18.3335 14.9739 23.4999 23.0447
threshold=-11.510197999999997 -5.9390839999999985 -3.0766549999999993 -11.927876999999999 -9.2181579999999972 -8.6675479999999983 -6.1584204999999992 -7.2056009999999988 -8.269226999999999 228.50000000000003 23.460840500000003 14.690737500000003 19.360293000000002 42.500000000000007
decision_type=2 2 2 2 2 2 2 2 2 2 2 2 2 2
left_child=1 5 -3 -4 -2 -1 -6 -8 -9 11 -11 13 -13 -10
right_child=4 2 3 -5 6 -7 7 8 9 10 -12 12 -14 -15
leaf_value=-0.0085373236337826716 -0.045830661212948022 0.047249956299302211 -0.066281845668127101 0.021367448696605087 0.057109950741120963 0.058351078516245249 -0.042076618528518316 0.051897158390109416 -0.053722363155579038 0.0041062331924847486 -0.059878855637435793 -0.038719036221000813 0.01417767867968929 0.040962606976136282
leaf_weight=8.4398499988019449 20.470166012644768 15.63961862772703 17.155299693346024 8.0047872513532656 7.7989297807216635 30.904192216694355 24.492416627705097 10.970789931714533 8.820266515016554 578.62585184723139 11.416001468896864 73.763794288039207 29.351299315690994 23.674509890377522
leaf_count=49 65 41 33 30 25 124 70 48 40 1385 19 265 69 102
internal_value=0.00034339 0.0187684 -0.00556552 -0.0383959 -0.00152724 0.0440026 -0.000347788 -0.000936541 0.000431351 -0.000346737 0.00286826 -0.0143353 -0.0236622 0.0152617
internal_weight=869.528 80.1437 40.7997 25.1601 789.384 39.344 768.914 761.115 736.623 725.652 590.042 135.61 103.115 32.4948
internal_count=2365 277 104 63 2088 173 2023 1998 1928 1880 1404 476 334 142
is_linear=0
shrinkage=0.05


Tree=75
num_leaves=15
num_cat=0
split_feature=10 5 5 5 3 4 40 22 7 46 8 5 5 44
split_gain=12.7002 13.0384 24.508 15.118 15.5801 14.449 26.7993 22.8973 20.9877 20.0848 19.0516 18.2642 16.6937 16.6921
threshold=3.5000000000000004 59.299730000000004 77.871963500000007 56.435234500000007 11.593763000000001 0.24575400000000003 0.91212100000000007 1.0000000180025095e-35 -4.6599574999999991 -9.5801839999999974 42.500000000000007 24.156332000000003 48.197055000000013 -9.6159714999999988
decision_type=2 2 2 2 2 2 2 2 2 2 2 2 2 2
left_child=1 3 -3 4 5 6 9 10 -8 -1 12 -12 -7 -9
right_child=-2 2 -4 -5 -6 7 8 13 -10 -11 11 -13 -14 -15
leaf_value=0.0077627831295176142 0.01824132992379672 0.056742857129466799 -0.032381887367609684 -0.063183078280438551 0.03784795281202831 -0.010110353739784132 0.019132805570863276 0.017179556525741168 -0.040362230100806008 -0.019905245871696786 -0.023147335824220034 0.040861768164989293 -0.080094910074050188 -0.05025267995914149
leaf_weight=106.33763832971454 84.18695779889822 23.591960921883583 11.460602223873137 10.496156863868235 22.896827042102814 100.99474046379328 190.12364681810141 10.99389500916004 16.076661825180054 171.18194011598825 16.246278792619705 35.48805958032608 9.3061172366142255 55.540675774216652
leaf_count=346 249 64 18 18 49 262 476 28 47 545 46 72 14 135
internal_value=-0.000209487 -0.00219904 0.0276031 -0.00359996 -0.0027493 -0.00405432 0.000840913 -0.014414 0.0144942 -0.00930364 -0.00427326 0.0207608 -0.016015 -0.0391105
internal_weight=864.922 780.735 35.0526 745.683 735.186 712.29 483.72 228.57 206.2 277.52 162.035 51.7343 110.301 66.5346
internal_count=2369 2120 82 2038 2020 1971 1414 557 523 891 394 118 276 163
is_linear=0
shrinkage=0.05


Tree=76
num_leaves=15
num_cat=0
split_feature=4 5 18 3 40 6 18 53 45 18 18 48 47 1
split_gain=11.1626 10.9317 34.2163 27.7473 28.8155 15.3212 15.0374 14.184 17.1665 13.9907 19.894 20.6269 20.2243 19.1659
threshold=1.3270845000000002 20.564629500000002 382.50000000000006 0.49569200000000008 -0.28154299999999993 -5.6829789999999987 67.500000000000014 -10.545362499999998 0.55141850000000014 210.50000000000003 177.50000000000003 -2.8246634999999993 -9.2435719999999986 -4.8945179999999988
decision_type=2 2 2 2 2 2 2 2 2 2 2 2 2 2
left_child=1 2 3 4 9 -6 -3 -4 -9 10 11 12 -1 -11
right_child=-2 6 7 -5 5 -7 -8 8 -10 13 -12 -13 -14 -15
leaf_value=-0.038969845210392824 0.038702297014776552 -0.054432662934447623 0.061963255780007769 -0.045716645280231526 0.089382589879987415 0.019447897366430794 -0.0023090187819392524 -0.00060207987021993631 0.040230988688362029 0.03332166981470891 0.073597463423323045 -0.062319438661040498 0.11075523333204838 -0.057442512762994162
leaf_weight=4.3343572616577148 19.329271100461483 14.184226423501967 24.096303127706051 36.738750785589218 10.618533641099928 29.838820554316044 565.28397750854492 52.675140365958214 50.335549384355545 7.4206518679857245 8.5125901252031309 11.340811833739282 4.702241003513338 26.900341436266899
leaf_count=25 45 44 86 135 34 118 1374 138 159 23 29 59 17 86
internal_value=0.00113204 0.000274635 0.00863486 -0.00837901 0.00485298 0.0378031 -0.0035849 0.027429 0.0193508 -0.0162363 0.00940258 -0.0174146 0.0389404 -0.0378181
internal_weight=866.312 846.982 267.514 140.407 103.668 40.4574 579.468 127.107 103.011 63.211 28.89 20.3774 9.0366 34.321
internal_count=2372 2327 909 526 391 152 1418 383 297 239 130 101 42 109
is_linear=0
shrinkage=0.05


Tree=77
num_leaves=15
num_cat=0
split_feature=3 40 53 48 53 46 6 6 6 43 45 19 6 6
split_gain=9.88943 31.0479 28.4618 15.1351 26.6574 19.1266 13.2789 13.1872 12.1005 11.3579 10.5309 13.5437 20.6282 11.4434
threshold=0.21994250000000001 0.84447200000000011 18.175129500000004 -2.7869104999999998 -3.8200579999999995 -8.4036344999999972 -11.897619999999998 -6.0492539999999986 -7.8899979999999994 -1.0025109999999999 -3.6635464999999994 1.0000000180025095e-35 -7.0818709999999987 -3.7035544999999996
decision_type=2 2 2 2 2 2 2 2 2 2 2 2 2 2
left_child=1 2 3 4 5 7 -5 -1 9 -6 -3 12 -12 -13
right_child=-2 10 -4 6 8 -7 -8 -9 -10 -11 11 13 -14 -15
leaf_value=-0.013592438308701344 -0.0054639842690328844 0.046536565203916434 -0.062719872215832292 0.05104927252878403 0.042451933172234904 -0.048506752924707804 -0.016753352220138146 0.037632197298155312 0.075395533609172449 -0.043055225813084005 -0.041596782130243162 0.040696664173582121 0.027586094858095912 -0.014974907815642747
leaf_weight=26.472753539681435 477.51423013955355 37.601573422551155 19.927238032221794 7.7079559452831736 14.301730714738371 18.687616035342216 114.3502353951335 23.914023973047733 18.749883316457272 5.3312628716230384 20.832127496600151 51.04087270796299 22.317699059844017 11.268397763371466
leaf_count=94 1179 123 65 24 55 74 356 76 63 19 61 115 54 33
internal_value=-0.000630946 0.00524886 -0.00540088 -0.000424272 0.01326 -0.00530396 -0.0124716 0.0107192 0.0466681 0.0192328 0.0238179 0.0157176 -0.00581442 0.0306287
internal_weight=870.018 392.503 249.443 229.515 107.457 69.0744 122.058 50.3868 38.3829 19.633 143.061 105.459 43.1498 62.3093
internal_count=2391 1212 826 761 381 244 380 170 137 74 386 263 115 148
is_linear=0
shrinkage=0.05


Tree=78
num_leaves=15
num_cat=0
split_feature=7 46 9 2 52 16 2 42 2 5 53 7 42 53
split_gain=9.82798 9.61498 23.5519 11.1683 12.5167 11.4922 23.2182 15.7415 15.296 15.0812 14.4925 17.3621 16.7052 20.2598
threshold=-3.6658359999999997 47.074154000000007 2.5000000000000004 48.871490500000007 19.134082500000002 613.50000000000011 25.688312000000003 9.9590555000000016 6.6265090000000013 35.578937500000002 -5.4783839999999993 -4.6002634999999996 -2.9753664999999994 -10.693063499999999
decision_type=2 2 2 2 2 2 2 2 2 2 2 2 2 2
left_child=1 3 -3 5 -5 8 7 -7 10 -8 11 12 -1 -14
right_child=-2 2 -4 4 -6 6 9 -9 -10 -11 -12 -13 13 -15
leaf_value=-0.028991867095257612 0.052585649348816592 0.0074888122901535549 -0.074684448414840635 -0.0077964716217283209 0.060272227831837999 0.010812594477722167 -0.0049175102039180109 0.055116586771782376 -0.016400154325138427 -0.071849809485323088 0.010086530726265643 0.066942004822794193 0.064379200780692633 -0.0076128634238149112
leaf_weight=81.068764798343182 8.8249277248978597 21.621695458889008 14.613073438405989 11.598719060420992 16.167317748069763 168.52713921666145 26.176303595304489 22.756627395749092 178.30024556815624 12.404053747653959 209.35282859951258 7.0230720713734618 11.687980212271212 59.629922211170197
leaf_count=278 56 31 20 24 31 395 36 48 483 31 690 27 37 168
internal_value=9.5279e-05 -0.000455569 -0.0256507 0.000678952 0.0318379 -0.000434614 0.00894673 0.0160833 -0.00437645 -0.0264371 0.00143712 -0.00992215 -0.0134646 0.0041856
internal_weight=849.753 840.928 36.2348 804.693 27.766 776.927 229.864 191.284 547.063 38.5804 368.763 159.41 152.387 71.3179
internal_count=2355 2299 51 2248 55 2193 510 443 1683 67 1200 510 483 205
is_linear=0
shrinkage=0.05


Tree=79
num_leaves=15
num_cat=0
split_feature=7 41 50 41 4 7 51 51 42 7 7 52 8 41
split_gain=10.1586 11.4915 12.6796 13.7583 10.8473 10.9505 9.09958 12.9735 22.6634 19.9317 24.7905 23.5721 18.0624 21.0457
threshold=-3.6658359999999997 19.653087500000005 21.498117500000003 17.736263500000003 -0.79894549999999986 -34.564354999999992 -5.8995829999999989 -0.96355999999999986 0.59404450000000009 -7.8904974999999995 -9.5939224999999979 10.553403000000001 42.500000000000007 14.672292500000003
decision_type=2 2 2 2 2 2 2 2 2 2 2 2 2 2
left_child=1 2 3 4 -1 -6 -7 -8 -9 10 12 -11 -10 -14
right_child=-2 -3 -4 -5 5 6 7 8 9 11 -12 -13 13 -15
leaf_value=0.04568039467796358 0.052745671405004593 -0.03365314656988716 0.044388051757278613 -0.040945021755064391 -0.063551816227213662 -0.020905784999078424 0.010468582264014479 -0.025189845299797193 -0.012465230729158769 -0.033266234294692991 0.058214225602445761 0.010116859328865257 0.024744017646428584 -0.055304539645612549
leaf_weight=13.252055976539848 9.1020481288433057 25.147289648652077 16.250050157308578 20.219956278800964 6.7073574960231772 46.144311383366585 277.30564994364977 93.462638258934021 80.848468907177448 67.995398357510567 25.297857359051704 58.035561665892601 104.59329206496477 8.9105304479598981
leaf_count=62 59 79 20 39 11 171 812 279 182 212 56 124 258 17
internal_value=0.000205868 -0.000360629 0.000661585 -0.000223544 0.000828636 5.6015e-05 0.000615475 0.00200159 -0.00334505 0.00256118 0.0116557 -0.0132889 0.00559536 0.0184599
internal_weight=853.272 844.17 819.023 802.773 782.553 769.301 762.594 716.449 439.144 345.681 219.65 126.031 194.352 113.504
internal_count=2381 2322 2243 2223 2184 2122 2111 1940 1128 849 513 336 457 275
is_linear=0
shrinkage=0.05


end of trees

feature_importances:
navSampleSize=154
maxDrawdown60d=103
marketZz500Return120d=90
return60d=72
volatility20d=49
marketSh000001Return60d=48
maxDrawdown20d=44
holdingDays=44
marketSh000001Return120d=41
marketZz500Return60d=39
ma20Deviation=38
marketSz399001Return20d=38
marketCyb399006Return20d=36
marketCyb399006Return60d=33
marketHs300Return120d=29
marketZz500Return20d=26
isActiveFund=25
marketSz399001Return60d=23
marketCyb399006Return120d=23
trendSlope20d=19
marketHs300Return60d=19
lossDayRatio20d=18
marketSh000001Return20d=18
marketSz399001Return120d=18
return5d=17
return20d=14
marketHs300Return20d=9
isEtfFund=7
isActiveQdii=6
typeActiveQdii=4
profileStableAnnualReturn=4
profitBuffer=3
consecutiveUpDays=2
consecutiveDownDays=2
isEtfQdii=2
lossPressure=1
isQdiiFund=1
typeActiveEquity=1

parameters:
[boosting: gbdt]
[objective: binary]
[metric: auc]
[tree_learner: serial]
[device_type: cpu]
[data_sample_strategy: bagging]
[data: ]
[valid: ]
[num_iterations: 80]
[learning_rate: 0.05]
[num_leaves: 15]
[num_threads: 8]
[seed: 17]
[deterministic: 0]
[force_col_wise: 0]
[force_row_wise: 0]
[histogram_pool_size: -1]
[max_depth: -1]
[min_data_in_leaf: 20]
[min_sum_hessian_in_leaf: 0.001]
[bagging_fraction: 0.9]
[pos_bagging_fraction: 1]
[neg_bagging_fraction: 1]
[bagging_freq: 1]
[bagging_seed: 17]
[bagging_by_query: 0]
[feature_fraction: 0.65]
[feature_fraction_bynode: 1]
[feature_fraction_seed: 17]
[extra_trees: 0]
[extra_seed: 13015]
[early_stopping_round: 0]
[early_stopping_min_delta: 0]
[first_metric_only: 0]
[max_delta_step: 0]
[lambda_l1: 0]
[lambda_l2: 0]
[linear_lambda: 0]
[min_gain_to_split: 0]
[drop_rate: 0.1]
[max_drop: 50]
[skip_drop: 0.5]
[xgboost_dart_mode: 0]
[uniform_drop: 0]
[drop_seed: 30017]
[top_rate: 0.2]
[other_rate: 0.1]
[min_data_per_group: 100]
[max_cat_threshold: 32]
[cat_l2: 10]
[cat_smooth: 10]
[max_cat_to_onehot: 4]
[top_k: 20]
[monotone_constraints: ]
[monotone_constraints_method: basic]
[monotone_penalty: 0]
[feature_contri: ]
[forcedsplits_filename: ]
[refit_decay_rate: 0.9]
[cegb_tradeoff: 1]
[cegb_penalty_split: 0]
[cegb_penalty_feature_lazy: ]
[cegb_penalty_feature_coupled: ]
[path_smooth: 0]
[interaction_constraints: ]
[verbosity: -1]
[saved_feature_importance_type: 0]
[use_quantized_grad: 0]
[num_grad_quant_bins: 4]
[quant_train_renew_leaf: 0]
[stochastic_rounding: 1]
[linear_tree: 0]
[max_bin: 255]
[max_bin_by_feature: ]
[min_data_in_bin: 3]
[bin_construct_sample_cnt: 200000]
[data_random_seed: 94]
[is_enable_sparse: 1]
[enable_bundle: 1]
[use_missing: 1]
[zero_as_missing: 0]
[feature_pre_filter: 1]
[pre_partition: 0]
[two_round: 0]
[header: 0]
[label_column: ]
[weight_column: ]
[group_column: ]
[ignore_column: ]
[categorical_feature: ]
[forcedbins_filename: ]
[precise_float_parser: 0]
[parser_config_file: ]
[objective_seed: 20363]
[num_class: 1]
[is_unbalance: 0]
[scale_pos_weight: 1]
[sigmoid: 1]
[boost_from_average: 1]
[reg_sqrt: 0]
[alpha: 0.9]
[fair_c: 1]
[poisson_max_delta_step: 0.7]
[tweedie_variance_power: 1.5]
[lambdarank_truncation_level: 30]
[lambdarank_norm: 1]
[label_gain: ]
[lambdarank_position_bias_regularization: 0]
[eval_at: ]
[multi_error_top_k: 1]
[auc_mu_weights: ]
[num_machines: 1]
[local_listen_port: 12400]
[time_out: 120]
[machine_list_filename: ]
[machines: ]
[gpu_platform_id: -1]
[gpu_device_id: -1]
[gpu_use_dp: 0]
[num_gpu: 1]

end of parameters

pandas_categorical:[]
