tree
version=v4
num_class=1
num_tree_per_iteration=1
label_index=0
max_feature_idx=18
objective=regression
feature_names=return5d return20d return60d ma20Deviation trendSlope20d volatility20d maxDrawdown20d maxDrawdown60d lossDayRatio20d consecutiveUpDays consecutiveDownDays positionToSingleLimit profitBuffer lossPressure themeRate estimateGrowthRate navSampleSize holdingProfitRate holdingDays
feature_infos=[-12.674067000000001:24.429967000000001] [-19.028299000000001:47.490637] [-17.038148:106.18034400000001] [-12.12072:26.335284999999999] [-1.016116:2.0411570000000001] [12.321101000000001:82.624454] [-20.781379999999999:-0.98314599999999996] [-21.963512000000001:-1.0902670000000001] [20:75] [0:8] [0:8] none [0:47.490637] [0:19.028299000000001] none none [20:242] [-19.028299000000001:47.490637] [20:242]
tree_sizes=1321 1372 1374 1374 1373 1387 1379 1376 1391 1385 1385 1390 1383 1389 1382 1389 1385 1399 1381 1386 1392 1383 1383 1384 1392 1392 1387 1384 1391 1389 1378 1386 1391 1406 1399 1395 1378 1401 1391 1392 1382 1394 1388 1389 1395 1390 1397 1403 1389 1399 1398 1387 1405 1398 1398 1386 1394 1405 1400 1381 1394 1408 1399 1389 1394 1393 1406 1410 1401 1401 1394 1400 1401 1402 1403 1398 1402 1396 1407 1409 1396 1410 1399 1401 1406 1403 1404 1402 1403 1402 1408 1397 1414 1401 1410 1397 1402 1405 1401 1407 1416 1412 1402 1406 1407 1399 1407 1415 1417 1404 1405 1405 1401 1411 1410 1415 1411 1408 1413 1401

Tree=0
num_leaves=15
num_cat=0
split_feature=16 16 7 7 1 4 2 6 2 6 3 7 2 2
split_gain=7315.08 8325.54 6793.61 5212.29 4736.1 3866.1 2741.05 2382.84 2311.73 1457.47 1387.67 1132.9 981.394 909.453
threshold=228.50000000000003 107.50000000000001 -16.718173999999998 -17.812926999999998 20.396930500000003 0.045020000000000011 6.8632635000000013 -4.4456239999999996 16.155893500000005 -3.9374349999999994 3.6461360000000007 -14.344342999999997 37.41818150000001 34.685882500000005
decision_type=2 2 2 2 2 2 2 2 2 2 2 2 2 2
left_child=1 4 3 -3 7 -2 11 -1 -5 -9 13 -4 -12 -8
right_child=5 2 6 8 -6 -7 10 9 -10 -11 12 -13 -14 -15
leaf_value=6.6966628733107161 6.8889765697314678 6.6808051955907244 6.5752690482800968 7.740364193973452 7.5785290770574747 7.7864384015246566 6.68037454842574 7.4119934799119171 7.0253485165878473 6.9883367676773966 6.3393630839357114 6.1833500847176159 6.6514631685759849 6.9781598073213633
leaf_weight=64 20 47 28 26 35 30 129 25 20 108 48 54 53 32
leaf_count=64 20 47 28 26 35 30 129 25 20 108 48 54 53 32
internal_value=6.84408 6.80048 6.67197 7.05112 7.04257 7.42745 6.56946 6.94734 7.42949 7.06797 6.64842 6.31718 6.50314 6.73956
internal_weight=719 669 437 93 232 50 344 197 46 133 262 82 101 161
internal_count=719 669 437 93 232 50 344 197 46 133 262 82 101 161
is_linear=0
shrinkage=1


Tree=1
num_leaves=15
num_cat=0
split_feature=16 16 7 5 7 4 2 2 3 6 16 6 7 2
split_gain=7278.38 7459.26 6750.65 5498.79 4632.08 3843.92 2225 2198.33 1915.26 1883.55 1237.99 1183.06 1025.04 865.94
threshold=227.50000000000003 108.50000000000001 -16.718173999999998 41.473410500000007 -17.812926999999998 0.045020000000000011 8.350106000000002 20.126591500000004 4.2630260000000009 -4.3825619999999992 73.500000000000014 -4.0516444999999992 -14.344342999999997 34.685882500000005
decision_type=2 2 2 2 2 2 2 2 2 2 2 2 2 2
left_child=1 3 4 9 -3 -2 12 -6 13 10 -1 -11 -4 -8
right_child=5 2 6 -5 7 -7 8 -9 -10 11 -12 -13 -14 -15
leaf_value=-0.40719351630944473 -0.013571524024009705 -0.15716320870613509 -0.26436918857648517 0.7664800023988767 0.8635790405365138 0.85096837215953414 -0.15855107805541446 0.16632080920040609 -0.39057428363491509 0.54371367042884233 0.033855403923406836 0.12413022590535028 -0.6123466390674398 0.12307154057281358
leaf_weight=26 20 44 33 34 26 36 124 20 85 20 41 105 59 35
leaf_count=26 20 44 33 34 26 36 124 20 85 20 41 105 59 35
internal_value=-0.0048125 -0.0517955 -0.174976 0.180395 0.209603 0.542204 -0.277989 0.560423 -0.198982 0.0766093 -0.137298 0.191264 -0.487529 -0.0965587
internal_weight=708 652 426 226 90 56 336 46 244 192 67 125 92 159
internal_count=708 652 426 226 90 56 336 46 244 192 67 125 92 159
is_linear=0
shrinkage=0.05


Tree=2
num_leaves=15
num_cat=0
split_feature=2 18 6 5 18 7 3 7 13 7 3 2 7 18
split_gain=5824.1 7739.63 5309.27 8682.93 2525.82 2481.45 1843.04 1650.58 1601.71 1061.94 1013.58 924.97 1108.83 894.777
threshold=-2.4222099999999998 226.50000000000003 -4.3825619999999992 33.679248000000008 110.50000000000001 -16.562925499999995 4.2174885000000009 -14.344342999999997 1.5467515000000003 -17.812926999999998 9.4653570000000027 34.685882500000005 -9.2623459999999991 133.50000000000003
decision_type=2 2 2 2 2 2 2 2 2 2 2 2 2 2
left_child=7 2 5 4 -4 8 11 -1 9 -2 -5 12 13 -7
right_child=1 -3 3 10 -6 6 -8 -9 -10 -11 -12 -13 -14 -15
leaf_value=-0.24267513410133473 -0.21543656816256457 0.69034064610799151 0.15186589357753597 0.97261937249165309 -0.2313683871124218 -0.10245495446245462 -0.41699952695978015 -0.7100716002782187 0.51008279025554659 0.25143444400746379 0.52201923827330277 0.11760455442197396 -0.051299202372069641 -0.43359543026662345
leaf_weight=51 29 42 120 26 67 34 73 30 20 21 24 33 93 51
leaf_count=51 29 42 120 26 67 34 73 30 20 21 24 33 93 51
internal_value=-0.0165813 0.0345016 -0.0121062 0.17105 0.0145574 -0.134728 -0.20045 -0.415785 0.131916 -0.0193507 0.756331 -0.125529 -0.170605 -0.301139
internal_weight=714 633 591 237 187 354 284 81 70 50 50 211 178 85
internal_count=714 633 591 237 187 354 284 81 70 50 50 211 178 85
is_linear=0
shrinkage=0.05


Tree=3
num_leaves=15
num_cat=0
split_feature=16 16 5 7 7 5 5 7 16 7 3 1 16 16
split_gain=5725.29 6342.43 7473.44 4700.24 4465.97 2612.53 2066.58 1948.63 2679.69 1395.83 1320.73 1175.53 1086.19 918.37
threshold=230.50000000000003 107.50000000000001 41.473410500000007 -16.718173999999998 -17.812926999999998 43.512537000000002 38.290120500000008 -9.2623459999999991 133.50000000000003 -14.344342999999997 8.351659500000002 8.1652830000000005 221.50000000000003 179.50000000000003
decision_type=2 2 2 2 2 2 2 2 2 2 2 2 2 2
left_child=1 2 10 4 13 -6 -2 8 -5 -10 11 -1 -9 -3
right_child=6 3 -4 7 5 -7 -8 12 9 -11 -12 -13 -14 -15
leaf_value=0.00019178191361454678 0.17118292652070521 0.067612928594462579 0.9175128966569901 -0.030752594362944363 0.94382265090942397 0.19560689633446082 0.85307725524902345 -0.15485617559252335 -0.20086848532680321 -0.56340952747045681 -0.30457967037246347 0.26125627570338067 0.22270602709190412 -0.37694808611503017
leaf_weight=98 20 21 30 50 20 28 25 142 37 94 21 77 22 26
leaf_count=98 20 21 30 50 20 28 25 142 37 94 21 77 22 26
internal_value=0.00417397 -0.032707 0.182587 -0.14329 0.168133 0.507363 0.550013 -0.229044 -0.342156 -0.461012 0.0700987 0.11506 -0.104208 -0.178314
internal_weight=711 666 226 440 95 48 45 345 181 131 196 175 164 47
internal_count=711 666 226 440 95 48 45 345 181 131 196 175 164 47
is_linear=0
shrinkage=0.05


Tree=4
num_leaves=15
num_cat=0
split_feature=16 16 5 7 7 5 5 16 6 2 0 7 4 3
split_gain=4937.16 5469.71 5486.16 4624.59 3807.39 2118.53 2024.78 1608.15 1387.66 1228.55 1501.11 1296.1 1010.67 951.817
threshold=229.50000000000003 107.50000000000001 41.473410500000007 -16.718173999999998 -17.812926999999998 43.512537000000002 38.099952500000008 221.50000000000003 -4.3825619999999992 4.2200835000000003 4.966237500000001 -16.276567999999997 0.24664050000000001 2.6759050000000006
decision_type=2 2 2 2 2 2 2 2 2 2 2 2 2 2
left_child=1 2 8 4 -3 -6 -2 9 13 11 -11 -5 -10 -1
right_child=6 3 -4 7 5 -7 -8 -9 12 10 -12 -13 -14 -15
leaf_value=0.015789625035642192 0.1212537843734026 -0.15469567621281993 0.75582211298101099 -0.19828210884127126 0.85059357768013377 0.20016709712123679 0.78501412780196578 0.19217163493687459 -0.098942487095964371 -0.13986876976174717 -0.45108197655839222 -0.65028946263449539 0.23556883980830512 -0.38856077920433812
leaf_weight=43 20 48 34 29 21 31 27 22 29 201 48 35 102 22
leaf_count=43 20 48 34 29 21 31 27 22 29 201 48 35 102 22
internal_value=0.007306 -0.0276971 0.16951 -0.131967 0.166423 0.462839 0.502563 -0.221039 0.0678026 -0.250083 -0.199862 -0.445474 0.161517 -0.121067
internal_weight=712 665 230 435 100 52 47 335 196 313 249 64 131 65
internal_count=712 665 230 435 100 52 47 335 196 313 249 64 131 65
is_linear=0
shrinkage=0.05


Tree=5
num_leaves=15
num_cat=0
split_feature=2 16 6 5 16 16 16 16 1 3 16 4 6 3
split_gain=4912.85 6302.16 4401.36 7364.35 2381.1 2616.96 1889.08 1809.66 1200.41 1046.94 963.419 765.237 916.363 657.978
threshold=-1.8515049999999997 227.50000000000003 -4.3825619999999992 33.679248000000008 156.50000000000003 136.50000000000003 110.50000000000001 185.50000000000003 -4.4906769999999989 9.4653570000000027 73.500000000000014 0.24664050000000001 -2.4257399999999998 -0.81370849999999983
decision_type=2 2 2 2 2 2 2 2 2 2 2 2 2 2
left_child=7 2 4 6 5 10 11 -1 -6 -5 -2 -4 -13 -7
right_child=1 -3 3 9 8 13 -8 -9 -10 -11 -12 12 -14 -15
leaf_value=-0.049780468742052719 -0.35176056878907341 0.6630762749910355 -0.085917794807203893 0.88400464525510525 0.41588360026478766 -0.28156547150932826 -0.18773080982379062 -0.53918131896678145 -0.0025186913879588248 0.45536771161215644 -0.023851411249987516 0.35075326172205123 0.04612460743754785 -0.60799329406336744
leaf_weight=30 28 40 29 29 20 26 67 51 120 28 112 52 47 38
leaf_count=30 28 40 29 29 20 26 67 51 120 28 112 52 47 38
internal_value=0.00882231 0.0555303 0.0147554 0.173507 -0.10154 -0.210515 0.0273715 -0.357922 0.0572531 0.673446 -0.0894332 0.139964 0.206132 -0.475382
internal_weight=717 636 596 252 344 204 195 81 140 57 140 128 99 64
internal_count=717 636 596 252 344 204 195 81 140 57 140 128 99 64
is_linear=0
shrinkage=0.05


Tree=6
num_leaves=15
num_cat=0
split_feature=5 6 16 16 2 7 7 1 3 16 7 7 6 6
split_gain=4649.17 5817.41 6055.93 4402.78 2919.88 1563.88 1491.14 1346.51 1285.08 1452.09 1047.77 796.171 710.715 672.287
threshold=36.156917500000013 -4.2098869999999993 226.50000000000003 110.50000000000001 5.7222465000000007 -8.9826134999999976 -16.276567999999997 25.580856000000004 3.3116760000000007 167.50000000000003 -11.952297999999997 -8.3690944999999974 -4.3825619999999992 -7.8373904999999988
decision_type=2 2 2 2 2 2 2 2 2 2 2 2 2 2
left_child=3 2 4 12 -2 6 13 -3 -6 10 -10 -7 -1 -5
right_child=1 7 -4 5 8 11 -8 -9 9 -11 -12 -13 -14 -15
leaf_value=-0.07559639437693276 0.44264196919070353 0.95047513505686876 0.61869852048594787 -0.342333487061591 0.0027197895268470332 0.048160668604430704 -0.55602942886451878 0.3895183676481247 -0.72238663434982309 -0.035803495299739717 -0.23684655046463013 -0.22010099667089955 0.14045219112461968 0.029136427740255995
leaf_weight=54 27 23 41 29 106 42 60 20 20 39 25 81 129 21
leaf_count=54 27 23 41 29 106 42 60 20 20 39 25 81 129 21
internal_value=0.0014581 0.151137 0.0613994 -0.106843 -0.0438968 -0.251 -0.387978 0.689565 -0.113037 -0.25911 -0.452642 -0.128499 0.0767001 -0.186316
internal_weight=717 301 258 416 217 233 110 43 190 84 45 123 183 50
internal_count=717 301 258 416 217 233 110 43 190 84 45 123 183 50
is_linear=0
shrinkage=0.05


Tree=7
num_leaves=15
num_cat=0
split_feature=16 16 5 7 7 7 16 2 5 5 7 16 8 16
split_gain=4273.59 4125.86 6115.6 3326.04 3218.14 1712.18 1959.58 1659.89 1349.31 1238.17 1011.83 982.525 900.875 805.126
threshold=230.50000000000003 101.50000000000001 41.473410500000007 -16.718173999999998 -17.812926999999998 -9.2623459999999991 133.50000000000003 20.126591500000004 32.954522500000003 44.401467000000004 -12.726825499999999 223.50000000000003 42.500000000000007 177.50000000000003
decision_type=2 2 2 2 2 2 2 2 2 2 2 2 2 2
left_child=1 2 8 4 13 6 -5 -6 12 -2 -8 -7 -1 -3
right_child=9 3 -4 5 7 11 10 -9 -10 -11 -12 -13 -14 -15
leaf_value=0.20351135742507484 0.21613520383834839 0.11549003001302481 0.87522804828790512 -0.026705707721412182 0.69787173436747663 -0.1156953810085823 -0.24289762301970336 0.10516647797610079 -0.26525100176887856 0.74081129811026836 -0.52398671461003177 0.25526654567569496 -0.062247575695315999 -0.29141324835438887
leaf_weight=95 23 20 26 50 27 166 59 21 28 22 70 20 48 31
leaf_count=95 23 20 26 50 27 166 59 21 28 22 70 20 48 31
internal_value=0.00116878 -0.0309286 0.160785 -0.112324 0.144717 -0.182042 -0.292432 0.438563 0.0521559 0.472644 -0.395427 -0.075807 0.114306 -0.131843
internal_weight=706 661 197 464 99 365 179 48 171 45 129 186 143 51
internal_count=706 661 197 464 99 365 179 48 171 45 129 186 143 51
is_linear=0
shrinkage=0.05


Tree=8
num_leaves=15
num_cat=0
split_feature=2 16 6 5 16 16 6 16 16 0 1 4 3 8
split_gain=3886.87 4936.52 2832.81 4492.01 2267.24 2018.12 1445.52 1425.15 1353.69 1141.1 887.355 835.688 786.657 696.122
threshold=-1.8515049999999997 227.50000000000003 -4.3825619999999992 33.679248000000008 156.50000000000003 136.50000000000003 -9.7218019999999985 110.50000000000001 185.50000000000003 3.0911315000000004 25.580856000000004 0.24664050000000001 -0.81370849999999983 47.500000000000007
decision_type=2 2 2 2 2 2 2 2 2 2 2 2 2 2
left_child=8 2 4 7 5 9 -6 11 -1 -2 -5 -4 -7 -8
right_child=1 -3 3 10 6 12 13 -9 -10 -11 -12 -13 -14 -15
leaf_value=-0.070014187744395301 -0.00027752685196259444 0.55786184498241975 -0.10781530329336725 0.71449168853221412 0.44213586194174631 -0.22038378466306063 0.09978968169487698 -0.16714325615051967 -0.47649098949299917 -0.31537531442940236 0.28731469035148621 0.19690462124844393 -0.56240909934043892 -0.13369828331814115
leaf_weight=33 102 42 30 31 21 29 71 67 54 40 20 90 40 58
leaf_count=33 102 42 30 31 21 29 71 67 54 40 20 90 40 58
internal_value=-0.00871193 0.0338513 -0.00289065 0.131025 -0.0911784 -0.196829 0.0574361 0.0175848 -0.32231 -0.0890375 0.546971 0.120725 -0.418659 -0.0051894
internal_weight=728 641 599 238 361 211 150 187 87 142 51 120 69 129
internal_count=728 641 599 238 361 211 150 187 87 142 51 120 69 129
is_linear=0
shrinkage=0.05


Tree=9
num_leaves=15
num_cat=0
split_feature=2 16 6 5 7 7 3 7 16 3 2 7 4 16
split_gain=3295.45 4400.74 2488.81 4498.32 1727.75 1404.55 1403.81 1322.6 1082.61 1059.46 839.396 660.995 639.091 480.613
threshold=-1.8515049999999997 227.50000000000003 -4.3825619999999992 33.679248000000008 -16.562925499999995 -19.472064999999997 5.7761865000000006 -4.1960039999999994 185.50000000000003 9.4653570000000027 40.194661500000002 -9.2623459999999991 0.49274200000000007 132.50000000000003
decision_type=2 2 2 2 2 2 2 2 2 2 2 2 2 2
left_child=8 2 4 7 5 -2 10 12 -1 -5 11 13 -4 -6
right_child=1 -3 3 9 6 -7 -8 -9 -10 -11 -12 -13 -14 -15
leaf_value=-0.075225726815738858 -0.064579185967644059 0.55503742725421223 -0.039826720304581405 0.76412525706821022 -0.07361370698652335 0.39456003353961056 -0.37492791101336481 0.16402489295036629 -0.43633244715484926 0.3023278101630833 0.16411832759777706 -0.033177868799807934 -0.35361754417419439 -0.30697064637614968
leaf_weight=35 36 39 86 27 36 31 50 87 51 23 30 104 20 57
leaf_count=35 36 39 86 27 36 31 50 87 51 23 30 104 20 57
internal_value=0.000848299 0.0407186 0.0065475 0.129044 -0.0799833 0.147858 -0.135093 0.0195478 -0.28937 0.551698 -0.0822659 -0.119786 -0.0990325 -0.216639
internal_weight=712 626 587 243 344 67 277 193 86 50 227 197 106 93
internal_count=712 626 587 243 344 67 277 193 86 50 227 197 106 93
is_linear=0
shrinkage=0.05


Tree=10
num_leaves=15
num_cat=0
split_feature=2 18 18 5 7 2 18 0 2 7 5 8 18 18
split_gain=3495.05 4261.92 3102.68 4691.13 2786.37 3312.12 1244.32 1134.41 1054.01 923.478 1126.83 1112.85 653.438 526.957
threshold=-1.4748389999999996 227.50000000000003 101.50000000000001 41.473410500000007 -16.562925499999995 7.8707470000000006 186.50000000000003 6.7567165000000005 35.352503000000006 -10.548985999999998 26.703028000000003 42.500000000000007 154.50000000000003 136.50000000000003
decision_type=2 2 2 2 2 2 2 2 2 2 2 2 2 2
left_child=6 2 3 9 5 -4 -1 8 12 -2 11 -11 13 -6
right_child=1 -3 4 -5 7 -7 -8 -9 -10 10 -12 -13 -14 -15
leaf_value=-0.064468711055815225 0.3752438549291004 0.53884060426456182 0.66993248200416566 0.75736980356019123 -0.16485641888963681 -0.030388015422683497 -0.4468745052814484 -0.40300027256210647 0.059758879182239377 0.18450519167050558 -0.28598717649777733 -0.12664379520075661 -0.069843993115133229 -0.39858422044076419
leaf_weight=36 22 41 25 29 66 52 52 36 72 91 24 42 97 38
leaf_count=36 22 41 25 29 66 52 52 36 72 91 24 42 97 38
internal_value=0.00487084 0.0457952 0.0117635 0.167434 -0.0721213 0.196989 -0.290436 -0.139181 -0.104392 0.0718581 0.0293455 0.0862476 -0.163192 -0.250257
internal_weight=723 635 594 208 386 77 88 309 273 179 157 133 201 104
internal_count=723 635 594 208 386 77 88 309 273 179 157 133 201 104
is_linear=0
shrinkage=0.05


Tree=11
num_leaves=15
num_cat=0
split_feature=2 16 6 7 7 16 16 7 0 2 6 0 1 5
split_gain=2815.99 3785.69 2303.49 4418.44 1791.74 1620.29 1782.79 1002.84 860.466 850.78 606.015 453.959 401.768 380.53
threshold=-1.8515049999999997 230.50000000000003 -4.3825619999999992 -9.7694749999999981 -4.5236774999999989 155.50000000000003 136.50000000000003 -12.726825499999999 3.0911315000000004 5.7222465000000007 -2.5716004999999993 -0.026100999999999996 6.188450500000001 40.419282500000001
decision_type=2 2 2 2 2 2 2 2 2 2 2 2 2 2
left_child=7 2 5 -4 10 6 8 -1 13 -7 12 -8 -5 -2
right_child=1 -3 3 4 -6 9 11 -9 -10 -11 -12 -13 -14 -15
leaf_value=-0.14554322919432533 -0.044222072286097563 0.55379666510750269 0.62621472901419595 -0.10130768925365474 0.18951843016408385 0.35708959192037582 -0.25816170555703782 -0.51095101216009686 -0.25571475930046289 0.0081481169882243968 0.038556898935210138 -0.52744543593505344 -0.36222404384613038 0.17259058547871453
leaf_weight=57 73 34 38 36 100 20 34 28 41 138 42 29 25 28
leaf_count=57 73 34 38 36 100 20 34 28 41 138 42 29 25 28
internal_value=0.0044316 0.0404493 0.0115522 0.131389 0.0387614 -0.0680087 -0.160748 -0.265913 -0.0625351 0.0523179 -0.107605 -0.382118 -0.208241 0.0158844
internal_weight=723 638 604 241 203 363 205 85 142 158 103 63 61 101
internal_count=723 638 604 241 203 363 205 85 142 158 103 63 61 101
is_linear=0
shrinkage=0.05


Tree=12
num_leaves=15
num_cat=0
split_feature=16 16 5 7 7 5 7 16 4 1 7 16 2 7
split_gain=2462.43 2433.19 4145.34 2362.46 2215.57 1309.37 1184.42 1588.37 921.435 690.018 561.445 546.318 535.051 452.069
threshold=230.50000000000003 101.50000000000001 41.865798500000004 -16.718173999999998 -17.812926999999998 43.512537000000002 -9.2623459999999991 133.50000000000003 0.6795865000000002 6.6778410000000008 -14.344342999999997 117.50000000000001 9.7458330000000029 -6.7563399999999989
decision_type=2 2 2 2 2 2 2 2 2 2 2 2 2 2
left_child=1 2 8 4 -3 -6 7 11 9 13 -9 -5 -8 -1
right_child=-2 3 -4 6 5 -7 12 10 -10 -11 -12 -13 -14 -15
leaf_value=-0.1598723969116275 0.3864838208022871 -0.11589292320220367 0.71974302411079405 -0.21007306516170501 0.66581442416423853 0.13939781268989598 0.14471821939503704 -0.17017379759086504 -0.26326474288235541 0.18750637761597866 -0.40380794692370625 0.12510992132367627 -0.096019111100127397 0.078580014375240911
leaf_weight=35 38 46 25 20 21 27 27 36 23 73 90 31 159 46
leaf_count=35 38 46 25 20 21 27 27 36 23 73 90 31 159 46
internal_value=-0.00488511 -0.0274527 0.117057 -0.091328 0.132072 0.369705 -0.149178 -0.241763 0.0319323 0.0760202 -0.337055 -0.00633439 -0.0610734 -0.024455
internal_weight=697 659 202 457 94 48 363 177 177 154 126 51 186 81
internal_count=697 659 202 457 94 48 363 177 177 154 126 51 186 81
is_linear=0
shrinkage=0.05


Tree=13
num_leaves=15
num_cat=0
split_feature=16 16 5 5 2 3 16 5 7 7 1 16 7 1
split_gain=2481.75 2237.17 2358.93 1812.29 2444.15 1002.32 1105.95 888.19 823.116 664.527 437.684 520.858 527.219 408.643
threshold=232.50000000000003 108.50000000000001 41.473410500000007 36.254668500000008 6.4949185000000016 -0.34763599999999995 206.50000000000003 35.083939500000007 -8.9826134999999976 -16.276567999999997 15.152682500000003 136.50000000000003 -16.562925499999995 -4.6613214999999988
decision_type=2 2 2 2 2 2 2 2 2 2 2 2 2 2
left_child=1 2 7 8 -5 -6 10 -1 9 13 11 -7 -13 -3
right_child=-2 3 -4 4 5 6 -8 -9 -10 -11 -12 12 -14 -15
leaf_value=0.081406592329343164 0.39547742383602341 -0.30153125017881394 0.49491382986307147 0.39742084377859205 0.15825047045946122 -0.061385163877691544 0.10894804990444429 -0.25514451771635904 -0.097807077649566865 -0.40572425771843301 -0.043647386034329737 -0.18674267356594404 -0.50882219650127281 0.014266649864259221
leaf_weight=180 39 20 34 36 43 21 39 22 126 55 30 24 27 21
leaf_count=180 39 20 34 36 43 21 39 22 126 55 30 24 27 21
internal_value=0.00761995 -0.0146904 0.109606 -0.081057 0.0206471 -0.0530695 -0.117515 0.0447525 -0.181845 -0.292144 -0.204103 -0.27096 -0.357255 -0.139781
internal_weight=717 678 236 442 220 184 141 202 222 96 102 72 51 41
internal_count=717 678 236 442 220 184 141 202 222 96 102 72 51 41
is_linear=0
shrinkage=0.05


Tree=14
num_leaves=15
num_cat=0
split_feature=2 16 16 5 16 2 16 2 5 5 8 16 1 5
split_gain=2489.15 2834.67 1683.96 2867.2 1401.68 1415.93 1412.72 880.148 739.318 952.572 842.035 579.54 542.367 427.967
threshold=-1.8515049999999997 226.50000000000003 98.500000000000014 41.865798500000004 154.50000000000003 6.4949185000000016 136.50000000000003 32.13340800000001 32.822264000000004 21.957606000000002 42.500000000000007 185.50000000000003 7.1933655000000005 55.921993500000006
decision_type=2 2 2 2 2 2 2 2 2 2 2 2 2 2
left_child=11 2 3 8 6 -6 7 12 9 10 -2 -1 -4 -8
right_child=1 -3 4 -5 5 -7 13 -9 -10 -11 -12 -13 -14 -15
leaf_value=-0.082319145826301704 0.1549018287166421 0.43501860942782433 -0.063836996903022122 0.6265678192377091 0.3310095410687583 -0.019881464111161717 -0.24773428851221171 0.078641810900334161 -0.15194493630102704 0.42437538772821431 -0.13043354989551917 -0.36128671875653362 -0.34112245450759759 -0.52109191474460415
leaf_weight=29 70 41 45 25 35 161 45 66 35 20 41 52 29 21
leaf_count=29 70 41 45 25 35 161 45 66 35 20 41 52 29 21
internal_value=-0.000406756 0.032939 0.00513924 0.127377 -0.0529388 0.0427776 -0.144009 -0.0541061 0.0521975 0.106739 0.0495077 -0.261409 -0.172503 -0.334712
internal_weight=715 634 593 191 402 196 206 140 166 131 111 81 74 66
internal_count=715 634 593 191 402 196 206 140 166 131 111 81 74 66
is_linear=0
shrinkage=0.05


Tree=15
num_leaves=15
num_cat=0
split_feature=2 16 16 5 7 2 4 0 2 7 7 7 16 16
split_gain=2031.72 2720.04 1544.15 2428.92 1118.92 1448.5 847.4 741.419 771.285 647.813 621.717 638.898 423.832 384.042
threshold=-1.0160784999999999 225.50000000000003 108.50000000000001 41.473410500000007 -16.562925499999995 10.011131000000001 0.74906800000000018 4.7327555000000006 27.905123500000006 -12.726825499999999 -10.548985999999998 -6.7563399999999989 155.50000000000003 70.500000000000014
decision_type=2 2 2 2 2 2 2 2 2 2 2 2 2 2
left_child=9 2 3 6 5 -4 10 8 12 -1 -2 -12 -6 -13
right_child=1 -3 4 -5 7 -7 -8 -9 -10 -11 11 13 -14 -15
leaf_value=-0.13712678832425315 0.30707188287506937 0.38728603123033301 0.43700040402737533 0.51226775979002326 -0.23607881483222759 -0.049854499593377115 -0.27132563761302403 -0.29467470520267297 0.056614783017293495 -0.42597018112738932 -0.20846318329373995 -0.036876620911061767 -0.066085669209624262 0.14424099007248878
leaf_weight=55 23 47 22 30 70 50 21 51 68 30 24 48 77 75
leaf_count=55 23 47 22 30 70 50 21 51 68 30 24 48 77 75
internal_value=-0.0101481 0.0219616 -0.00875439 0.0940169 -0.075951 0.0989067 0.028323 -0.123281 -0.0826247 -0.239072 0.0653384 0.0275162 -0.147035 0.0735609
internal_weight=691 606 559 221 338 72 191 266 215 85 170 147 147 123
internal_count=691 606 559 221 338 72 191 266 215 85 170 147 147 123
is_linear=0
shrinkage=0.05


Tree=16
num_leaves=15
num_cat=0
split_feature=2 16 16 5 16 2 16 16 7 5 8 2 4 16
split_gain=1935.56 2543.92 1460.84 3015.66 1275.67 1253.23 1000.7 890.653 631.488 1059.22 836.311 582.939 456.877 451.871
threshold=-1.0160784999999999 228.50000000000003 101.50000000000001 41.473410500000007 156.50000000000003 5.4087750000000012 136.50000000000003 185.50000000000003 -10.548985999999998 26.703028000000003 42.500000000000007 32.13340800000001 0.72640750000000021 147.50000000000003
decision_type=2 2 2 2 2 2 2 2 2 2 2 2 2 2
left_child=7 2 3 8 6 -6 11 -1 -2 10 -10 -4 -13 -8
right_child=1 -3 4 -5 5 -7 13 -9 9 -11 -12 12 -14 -15
leaf_value=-0.030451333875718873 0.29764589629402116 0.44390555892671862 -0.16412453737969582 0.61543036011549146 0.41455806717276578 -0.0044019334792462462 -0.40832372720424948 -0.34640949227743678 0.14894486785671868 -0.28610533619156253 -0.11656080304899 0.147318248319008 -0.13947155319509053 -0.14770805700842679
leaf_weight=38 21 35 65 26 20 166 39 54 91 26 44 41 21 29
leaf_count=38 21 35 65 26 20 166 39 54 91 26 44 41 21 29
internal_value=-0.00180575 0.0297602 0.00515052 0.111723 -0.0530306 0.0406475 -0.142385 -0.215905 0.0397645 0.00612776 0.0624097 -0.0595035 0.0501798 -0.297179
internal_weight=716 624 589 208 381 186 195 92 182 161 135 127 62 68
internal_count=716 624 589 208 381 186 195 92 182 161 135 127 62 68
is_linear=0
shrinkage=0.05


Tree=17
num_leaves=15
num_cat=0
split_feature=5 16 16 1 16 0 5 7 7 5 7 7 3 8
split_gain=1628.21 2401.29 2060.94 1349.52 1221.87 704.026 593.651 550.562 545.999 869.293 540.179 499.478 420.487 353.489
threshold=37.384695000000008 100.50000000000001 225.50000000000003 -2.3758394999999997 110.50000000000001 8.8190965000000023 34.72414100000001 -8.9826134999999976 -9.567556999999999 32.954522500000003 -6.7563399999999989 -12.726825499999999 -0.67904949999999986 42.500000000000007
decision_type=2 2 2 2 2 2 2 2 2 2 2 2 2 2
left_child=4 -2 3 -3 8 12 7 11 -1 10 -10 -6 -5 -14
right_child=1 2 -4 5 6 -7 -8 -9 9 -11 -12 -13 13 -15
leaf_value=0.26937533644959333 0.50667225222193435 0.26796793586602718 0.37687198776555692 0.13615469744911901 -0.14367380392923954 -0.34539836184544997 0.096970057720318442 -0.093490525924911111 -0.18513906290349755 -0.31079374499619011 0.076862651660956238 -0.3707022157121212 0.011056502800096166 -0.16117418252504789
leaf_weight=21 31 33 38 27 50 22 24 120 23 20 136 47 55 65
leaf_count=21 31 33 38 27 50 22 24 120 23 20 136 47 55 65
internal_value=-0.00390735 0.0925466 0.0390553 -0.0244944 -0.0631795 -0.0816024 -0.138997 -0.165095 0.0281806 -0.000115937 0.038963 -0.253677 -0.0421227 -0.0822351
internal_weight=712 271 240 202 441 169 241 217 200 179 159 97 147 120
internal_count=712 271 240 202 441 169 241 217 200 179 159 97 147 120
is_linear=0
shrinkage=0.05


Tree=18
num_leaves=15
num_cat=0
split_feature=16 16 5 7 7 16 16 0 7 5 8 16 7 7
split_gain=1722.37 1772.18 2245.3 1196.14 1745.75 1137.12 975.13 656.114 616.142 734.954 709.365 444.791 698.291 480.839
threshold=233.50000000000003 101.50000000000001 41.473410500000007 -16.718173999999998 -17.812926999999998 187.50000000000003 223.50000000000003 5.7689730000000017 -10.548985999999998 26.703028000000003 42.500000000000007 132.50000000000003 -8.8118754999999975 -12.726825499999999
decision_type=2 2 2 2 2 2 2 2 2 2 2 2 2 2
left_child=1 2 8 4 -3 -6 7 11 -1 10 -10 -5 13 -13
right_child=-2 3 -4 6 5 -7 -8 -9 9 -11 -12 12 -14 -15
leaf_value=0.30284364186227325 0.34394833952720677 -0.12052137723990851 0.5222336136336837 -0.015685982376631654 0.5270365323011692 0.032354131961862251 0.21363313272595408 -0.31012537133964629 0.13737539724993594 -0.24057467186450962 -0.10274570124976812 -0.11546220452965875 -0.038564819325175553 -0.31371205760674048
leaf_weight=20 35 49 28 98 26 21 22 44 89 25 47 57 90 66
leaf_count=20 35 49 28 98 26 21 22 44 89 25 47 57 90 66
internal_value=0.00186534 -0.0156902 0.105562 -0.0692667 0.0883004 0.306008 -0.10939 -0.129408 0.0411042 0.00859003 0.0543924 -0.103841 -0.1444 -0.22184
internal_weight=717 682 209 473 96 47 377 355 181 161 136 311 213 123
internal_count=717 682 209 473 96 47 377 355 181 161 136 311 213 123
is_linear=0
shrinkage=0.05


Tree=19
num_leaves=15
num_cat=0
split_feature=5 5 16 6 16 3 2 16 6 7 7 16 7 0
split_gain=1444.49 2090.56 1553.28 1392.47 1231.41 994.275 980.458 893.604 692.882 495.219 560.11 445.612 437.121 411.041
threshold=36.156917500000013 55.921993500000006 110.50000000000001 -4.2098869999999993 232.50000000000003 10.007827000000002 5.7222465000000007 136.50000000000003 -7.4939069999999992 -8.9826134999999976 -16.276567999999997 181.50000000000003 -8.3690944999999974 3.2545125000000001
decision_type=2 2 2 2 2 2 2 2 2 2 2 2 2 2
left_child=2 3 -1 4 6 -5 -2 -3 13 10 -4 -10 -11 -8
right_child=1 7 9 5 -6 -7 8 -9 11 12 -12 -13 -14 -15
leaf_value=0.045444088483258233 0.32251681348791833 -0.0035091010006991306 -0.1071337379962206 0.64195636454082683 0.42285066246986391 0.17085513348380726 0.14698471999228266 -0.44924081978590591 -0.31184128349943258 0.05139726863375732 -0.3393761389785343 -0.036239026762037115 -0.14655566021844924 -0.074224230746428185
leaf_weight=193 27 22 50 21 24 24 70 23 22 42 54 44 83 30
leaf_count=193 27 22 50 21 24 24 70 23 22 42 54 44 83 30
internal_value=0.000984488 0.083503 -0.0590467 0.137577 0.0850855 0.390702 0.0430836 -0.231328 -0.0023664 -0.147111 -0.227721 -0.128106 -0.0800435 0.080622
internal_weight=729 307 422 262 217 45 193 45 166 229 104 66 125 100
internal_count=729 307 422 262 217 45 193 45 166 229 104 66 125 100
is_linear=0
shrinkage=0.05


Tree=20
num_leaves=15
num_cat=0
split_feature=2 16 7 2 16 5 0 3 2 7 16 16 16 6
split_gain=1333.86 1829.61 851.899 2243.96 1257.87 1258.13 707.727 641.908 599.88 457.033 410.237 393.996 292.433 292.278
threshold=-1.8515049999999997 232.50000000000003 -16.562925499999995 7.8707470000000006 108.50000000000001 41.473410500000007 4.0986605000000003 8.351659500000002 35.352503000000006 -10.548985999999998 185.50000000000003 171.50000000000003 81.500000000000014 -6.6943889999999993
decision_type=2 2 2 2 2 2 2 2 2 2 2 2 2 2
left_child=10 2 3 -2 5 7 8 12 11 -8 -1 -6 -4 -13
right_child=1 -3 4 -5 6 -7 9 -9 -10 -11 -12 13 -14 -15
leaf_value=-0.050563183473423125 0.61122441977262509 0.41381105248417172 -0.003072656631397391 -0.0043352999381328881 -0.15847627492241412 0.35693562221713365 -0.37565612147251765 -0.24253856720668929 0.095328671764582401 -0.12013630778307008 -0.28036007805225943 0.096225712303486144 0.12994350692530607 -0.10668838113014188
leaf_weight=31 20 28 103 57 98 32 30 21 56 42 52 36 69 35
leaf_count=31 20 28 103 57 98 32 30 21 56 42 52 36 69 35
internal_value=-0.00617112 0.0187635 0.000297127 0.15555 -0.0226042 0.06657 -0.0901604 0.0184265 -0.0464988 -0.226603 -0.194532 -0.0934949 0.0502885 -0.00380236
internal_weight=710 627 599 77 522 225 297 193 225 72 83 169 172 71
internal_count=710 627 599 77 522 225 297 193 225 72 83 169 172 71
is_linear=0
shrinkage=0.05


Tree=21
num_leaves=15
num_cat=0
split_feature=2 16 6 7 7 1 0 16 6 6 16 5 5 2
split_gain=1230.31 1650.05 958.149 2456.17 922.322 913.936 756.542 861.907 421.115 375.29 360.112 291.985 283.34 275.034
threshold=-1.8515049999999997 232.50000000000003 -4.3825619999999992 -9.7694749999999981 -4.5236774999999989 -6.7984894999999996 3.4523500000000005 177.50000000000003 -2.5716004999999993 -3.1553974999999999 186.50000000000003 33.35240300000001 43.961988000000012 15.249376000000002
decision_type=2 2 2 2 2 2 2 2 2 2 2 2 2 2
left_child=10 2 5 9 8 -2 12 11 13 -4 -1 -8 -7 -5
right_child=1 -3 3 4 -6 6 7 -9 -10 -11 -12 -13 -14 -15
leaf_value=-0.057568482634212298 0.28830410316586497 0.42493427944183354 0.59881259138695897 -0.091704679196700459 0.12622425865306697 -0.047605448482710422 -0.12753204683489774 0.017439920473843813 0.035248896621522453 0.29250784039497379 -0.26941076733488989 -0.34494539207600533 0.068245790149026278 -0.31180331029675229
leaf_weight=35 20 25 20 40 99 159 23 40 42 20 47 47 79 22
leaf_count=35 20 25 20 40 99 159 23 40 42 20 47 47 79 22
internal_value=0.00328902 0.0267904 0.0104998 0.0875523 0.0169891 -0.04038 -0.0592699 -0.16771 -0.0869943 0.44566 -0.17899 -0.27351 -0.00915063 -0.169804
internal_weight=718 636 611 243 203 368 348 110 104 40 82 70 238 62
internal_count=718 636 611 243 203 368 348 110 104 40 82 70 238 62
is_linear=0
shrinkage=0.05


Tree=22
num_leaves=15
num_cat=0
split_feature=2 16 16 5 7 2 0 2 5 5 3 8 16 5
split_gain=1240.12 1241.55 1041.35 1936.32 1144.29 1342.23 687.294 590.859 563.555 565.152 523.552 414.257 375.071 270.999
threshold=-1.0160784999999999 225.50000000000003 101.50000000000001 41.473410500000007 -16.562925499999995 7.8707470000000006 5.7689730000000017 35.352503000000006 32.822264000000004 23.715082000000006 3.9121480000000006 42.500000000000007 186.50000000000003 51.023036000000012
decision_type=2 2 2 2 2 2 2 2 2 2 2 2 2 2
left_child=12 2 3 8 5 -4 7 10 9 11 -6 -2 -1 -8
right_child=1 -3 4 -5 6 -7 13 -9 -10 -11 -12 -13 -14 -15
leaf_value=-0.05517190181865142 0.1007712782197632 0.27846386720511046 0.4660362917397704 0.48001970850995612 -0.062606646742220898 -0.0026959048949980313 -0.14945763022723524 0.077605401103695237 -0.17332974154768246 0.31156424567812968 -0.27401754789882238 -0.086259468498223635 -0.25865999291892405 -0.39763225533745511
leaf_weight=39 80 44 21 28 157 56 22 60 28 21 36 47 54 22
leaf_count=39 80 44 21 28 157 56 22 60 28 21 36 47 54 22
internal_value=-0.00303076 0.0224314 0.00294107 0.0938121 -0.046625 0.12514 -0.0911567 -0.059437 0.03237 0.0712862 -0.102041 0.0315552 -0.173326 -0.273545
internal_weight=715 622 578 204 374 77 297 253 176 148 193 127 93 44
internal_count=715 622 578 204 374 77 297 253 176 148 193 127 93 44
is_linear=0
shrinkage=0.05


Tree=23
num_leaves=15
num_cat=0
split_feature=16 16 5 7 7 2 4 16 2 3 3 7 16 1
split_gain=1140.6 804.352 1300.6 985.657 1237.04 704.887 525.169 465.621 467.357 612.526 455.381 486.073 371.32 368.033
threshold=231.50000000000003 101.50000000000001 41.473410500000007 -16.718173999999998 -17.812926999999998 27.163476000000006 0.67255950000000009 223.50000000000003 27.905123500000006 8.8610675000000025 4.1549830000000005 -8.8118754999999975 182.50000000000003 6.6778410000000008
decision_type=2 2 2 2 2 2 2 2 2 2 2 2 2 2
left_child=1 2 6 4 12 -6 13 8 10 -10 11 -5 -3 -1
right_child=-2 3 -4 7 5 -7 -8 -9 9 -11 -12 -13 -14 -15
leaf_value=-0.024102099472656846 0.25459919841516587 0.064916015247052358 0.39812210993124891 -0.17481573288786714 0.42520948288769561 0.039363700654357674 -0.20312279981115591 0.1401207474725587 0.04353085725763163 -0.25767618389356706 -0.29527320846915245 -0.015166341804433615 -0.21180950528079712 0.12663468648338827
leaf_weight=80 42 22 26 118 29 20 23 21 86 21 40 80 27 82
leaf_count=80 42 22 26 118 29 20 23 21 86 21 40 80 27 82
internal_value=0.00178317 -0.0139476 0.0669916 -0.050754 0.090078 0.267721 0.0204543 -0.0884631 -0.102377 -0.0155845 -0.141397 -0.110311 -0.0875654 0.0521968
internal_weight=717 675 211 464 98 49 185 366 345 107 238 198 49 162
internal_count=717 675 211 464 98 49 185 366 345 107 238 198 49 162
is_linear=0
shrinkage=0.05


Tree=24
num_leaves=15
num_cat=0
split_feature=2 16 16 5 16 2 16 7 5 0 7 5 16 0
split_gain=904.757 1233.9 823.75 1498.23 889.291 700.528 605.394 589.558 827.138 425.272 410.892 386.297 295.999 246.372
threshold=-1.8515049999999997 233.50000000000003 100.50000000000001 41.473410500000007 156.50000000000003 5.7222465000000007 133.50000000000003 -10.548985999999998 32.211936000000001 3.2545125000000001 -6.7563399999999989 55.921993500000006 185.50000000000003 -0.44405699999999998
decision_type=2 2 2 2 2 2 2 2 2 2 2 2 2 2
left_child=12 2 3 7 6 -6 9 -2 10 -4 -9 -8 -1 -12
right_child=1 -3 4 -5 5 -7 11 8 -10 -11 13 -13 -14 -15
leaf_value=-0.032546677798382009 0.28309154347294857 0.37409632777174318 0.041324006367681757 0.41624603897333146 0.28333862412434357 0.0051912078128329353 -0.14610216491405043 -0.15312183954837649 -0.29936435682699086 -0.15461625107460553 0.24222826808691025 -0.3899746965278279 -0.22582267852356802 0.049147893292339227
leaf_weight=32 21 24 72 30 26 175 62 22 20 45 20 22 52 95
leaf_count=32 21 24 72 30 26 175 62 22 20 45 20 22 52 95
internal_value=0.00200428 0.0224343 0.00859842 0.0893748 -0.0331963 0.0411705 -0.107563 0.0342841 0.00100412 -0.0340376 0.0448535 -0.209974 -0.152194 0.0827271
internal_weight=718 634 610 208 402 201 201 178 157 117 137 84 84 115
internal_count=718 634 610 208 402 201 201 178 157 117 137 84 84 115
is_linear=0
shrinkage=0.05


Tree=25
num_leaves=15
num_cat=0
split_feature=5 16 6 16 1 1 7 7 7 7 10 7 2 2
split_gain=979.659 1074.44 978.448 1162.07 850.5 723.28 390.194 377.312 333.973 371.799 313.422 305.536 290.895 278.097
threshold=36.156917500000013 108.50000000000001 -4.2098869999999993 225.50000000000003 -1.7176039999999999 25.580856000000004 -7.6468439999999989 -6.7563399999999989 -8.9826134999999976 -16.467661499999995 1.0000000180025095e-35 -8.3690944999999974 15.249376000000002 22.879876500000005
decision_type=2 2 2 2 2 2 2 2 2 2 2 2 2 2
left_child=1 6 3 4 -2 -4 -1 -8 9 -3 -6 -10 -5 -13
right_child=2 8 5 12 10 -7 7 -9 11 -11 -12 13 -14 -15
leaf_value=0.25041243985295297 0.18947700441349299 -0.054676555489238943 0.47928712471671731 0.40500491440296171 -0.12583747925860905 0.073427391477993556 -0.18136268213302609 0.046131298398814989 0.044465814886051558 -0.24665000073115029 0.010270171622435252 -0.20847063246074807 0.14681249763816595 -0.02757878689804957
leaf_weight=20 40 38 23 20 97 21 21 138 43 75 75 43 24 42
leaf_count=20 40 38 23 20 97 21 21 138 43 75 75 43 24 42
internal_value=-0.00123464 -0.0505267 0.0677743 0.0303387 -0.0181929 0.285581 0.0422668 0.0160849 -0.119448 -0.182093 -0.0664882 -0.0641447 0.264173 -0.119089
internal_weight=720 420 300 256 212 44 179 159 241 113 172 128 44 85
internal_count=720 420 300 256 212 44 179 159 241 113 172 128 44 85
is_linear=0
shrinkage=0.05


Tree=26
num_leaves=15
num_cat=0
split_feature=5 6 16 7 0 3 7 16 3 7 16 4 3 16
split_gain=715.742 958.916 1321.17 879.826 674.281 650.707 645.668 417.071 369.069 356.337 223.15 222.785 305.861 218.61
threshold=33.679248000000008 -4.3825619999999992 154.50000000000003 -5.0360034999999987 3.0911315000000004 9.1159480000000013 -20.230554999999995 133.50000000000003 6.4431945000000006 -8.5187904999999997 117.50000000000001 -0.35618449999999996 4.1340795000000012 77.500000000000014
decision_type=2 2 2 2 2 2 2 2 2 2 2 2 2 2
left_child=3 2 4 11 7 -3 -4 10 13 -8 -2 -1 -13 -5
right_child=1 5 6 8 -6 -7 9 -9 -10 -11 -12 12 -14 -15
leaf_value=-0.22836807286366823 -0.052335377426987344 0.43986290792624161 -0.07636842264516934 0.032031698511647326 -0.27379147197519033 0.08204649786154429 0.20989206337786104 -0.18077902606240026 -0.086600342848234702 0.01440819443293637 0.16403142706705975 -0.057306340130731132 -0.20486322783611041 0.17744593514556375
leaf_weight=32 22 24 37 56 42 27 94 27 36 31 26 174 44 48
leaf_count=32 22 24 37 56 42 27 94 27 36 31 26 174 44 48
internal_value=-0.00311596 0.0510788 0.0146381 -0.0489731 -0.113392 0.250431 0.107104 -0.0235679 0.0513826 0.161412 0.0648633 -0.105172 -0.0870885 0.099146
internal_weight=720 330 279 390 117 51 162 75 140 125 48 250 218 104
internal_count=720 330 279 390 117 51 162 75 140 125 48 250 218 104
is_linear=0
shrinkage=0.05


Tree=27
num_leaves=15
num_cat=0
split_feature=2 16 6 7 7 6 13 0 16 3 8 16 2 5
split_gain=761.253 886.117 593.217 1685.41 732.322 682.1 546.161 410.866 518.944 309.3 249.118 232.313 230.338 243.015
threshold=-1.8515049999999997 232.50000000000003 -4.3825619999999992 -9.7694749999999981 -4.5236774999999989 -4.1406759999999982 6.7984895000000014 3.4523500000000005 171.50000000000003 5.2787910000000009 42.500000000000007 190.50000000000003 13.898535000000003 40.419282500000001
decision_type=2 2 2 2 2 2 2 2 2 2 2 2 2 2
left_child=11 2 6 5 9 -4 7 10 -9 -5 12 -1 -2 -14
right_child=1 -3 3 4 -6 -7 -8 8 -10 -11 -12 -13 13 -15
leaf_value=-0.047423480169322248 0.20463606436692536 0.30244581909091384 0.56756830006837855 -0.042278440149477972 0.105606278166824 0.16831430507742839 0.21031234596263279 -0.21630465411222899 0.0091924363392449551 -0.26184340059757233 -0.046708044800355931 -0.21330782482805463 -0.12447539454414731 0.088480596123514957
leaf_weight=39 21 27 20 81 99 23 22 65 42 20 152 46 21 37
leaf_count=39 21 27 20 81 99 23 22 65 42 20 152 46 21 37
internal_value=0.00326048 0.022211 0.00966315 0.0700255 0.008968 0.354014 -0.0310814 -0.0467935 -0.127792 -0.0857567 -0.00927475 -0.137196 0.0627488 0.0113758
internal_weight=715 630 603 243 200 43 360 338 107 101 231 85 79 58
internal_count=715 630 603 243 200 43 360 338 107 101 231 85 79 58
is_linear=0
shrinkage=0.05


Tree=28
num_leaves=15
num_cat=0
split_feature=16 4 2 16 8 4 2 3 2 6 3 16 4 2
split_gain=656.356 580.742 614.888 666.045 1512.11 620.147 349.391 322.262 415.089 390.965 321.049 279.527 257.122 312.124
threshold=232.50000000000003 0.40024650000000006 9.8360330000000022 99.500000000000014 37.500000000000007 0.58258450000000006 27.163476000000006 4.739815000000001 -1.4748389999999996 -12.097249499999998 6.7168455000000007 190.50000000000003 -0.15935449999999998 6.4949185000000016
decision_type=2 2 2 2 2 2 2 2 2 2 2 2 2 2
left_child=1 7 -3 4 5 -4 -5 8 11 -10 -8 -1 -11 -14
right_child=-2 2 3 6 -6 -7 10 -9 9 12 -12 -13 13 -15
leaf_value=-0.045863524226373749 0.20330240048870848 0.22976205833256247 0.08701116278963654 -0.16270253208155436 0.39654770847409965 -0.25696210958063603 0.09297716425807806 -0.19828129481962498 0.14874818412696614 -0.16425794739043342 -0.085390717851427891 -0.23764440691784811 0.085089873708784583 -0.04745588199894505
leaf_weight=38 37 38 38 48 32 20 49 34 34 32 52 38 60 171
leaf_count=38 37 38 38 48 32 20 49 34 34 32 52 38 60 171
internal_value=-0.00181352 -0.012909 0.0429369 0.0132324 0.12063 -0.0316003 -0.0516386 -0.0509171 -0.0374844 -0.0108026 0.0011442 -0.141754 -0.031429 -0.0130284
internal_weight=721 684 277 239 90 58 149 407 373 297 101 76 263 231
internal_count=721 684 277 239 90 58 149 407 373 297 101 76 263 231
is_linear=0
shrinkage=0.05


Tree=29
num_leaves=15
num_cat=0
split_feature=16 7 7 5 6 8 0 6 5 16 7 2 4 2
split_gain=666.353 579.572 509.951 617.2 1032.73 544.159 505.767 525.342 502.643 461.361 321.996 316.502 353.228 263.824
threshold=232.50000000000003 -4.5236774999999989 -4.6064339999999993 33.679248000000008 -5.0309389999999992 37.500000000000007 7.353371000000001 -7.3184504999999991 16.928660000000004 158.50000000000003 -8.9826134999999976 3.3110140000000006 0.54954100000000017 30.151595500000003
decision_type=2 2 2 2 2 2 2 2 2 2 2 2 2 2
left_child=1 2 3 8 6 -6 7 9 -1 13 -11 -10 -13 -5
right_child=-2 -3 -4 4 5 -7 -8 -9 11 10 -12 12 -14 -15
leaf_value=0.15708139923711617 0.20560692859192692 0.094953749072738 -0.27611580385516088 -0.095970283806324011 0.026977695450186731 0.36149788287378132 -0.21730674630962313 -0.12514232777886922 -0.1729610396342145 0.23588072151313863 0.015573915508058337 -0.030112951248884204 -0.25398834034800533 0.084556865779792559
leaf_weight=21 36 102 21 50 20 31 28 54 90 43 27 148 20 34
leaf_count=21 36 102 21 50 20 31 28 54 90 43 27 148 20 34
internal_value=-0.0040994 -0.0150565 -0.0341724 -0.0251957 0.026284 0.230313 -0.0178072 0.00904856 -0.0781515 0.0561025 0.150905 -0.0972984 -0.0567648 -0.0228998
internal_weight=725 689 587 566 287 51 236 208 279 154 70 258 168 84
internal_count=725 689 587 566 287 51 236 208 279 154 70 258 168 84
is_linear=0
shrinkage=0.05


Tree=30
num_leaves=15
num_cat=0
split_feature=2 16 7 2 16 7 16 5 0 2 8 2 16 5
split_gain=628.14 820.562 485.329 1103.43 728.79 652.01 575.955 461.03 307.844 324.281 303.333 290.573 256.631 233.312
threshold=-1.8515049999999997 225.50000000000003 -16.562925499999995 5.7222465000000007 108.50000000000001 -9.567556999999999 78.500000000000014 31.574245500000004 4.0986605000000003 27.905123500000006 47.500000000000007 14.641432000000002 193.50000000000003 22.403160500000002
decision_type=2 2 2 2 2 2 2 2 2 2 2 2 2 2
left_child=12 2 3 -2 5 -4 7 10 9 13 -7 -3 -1 -6
right_child=1 11 4 -5 8 6 -8 -9 -10 -11 -12 -13 -14 -15
leaf_value=-0.029572890767533527 0.44031242161989215 0.36534746736288071 0.24039683753722596 0.011470615782309325 0.070489775247517081 0.058711966321888298 0.094027715064379777 -0.2917596670240164 -0.16631047351984307 0.055727088738416065 -0.16535445484130279 0.11581652127206327 -0.2060407675140434 -0.11062746159732342
leaf_weight=38 20 20 38 60 21 44 102 20 64 61 23 28 45 116
leaf_count=38 20 20 38 60 21 44 102 20 64 61 23 28 45 116
internal_value=0.00388937 0.0212612 0.0045138 0.118681 -0.0141639 0.0514136 0.013417 -0.0810922 -0.070981 -0.0401674 -0.0182064 0.219788 -0.125248 -0.082865
internal_weight=700 617 569 80 489 227 189 87 262 198 67 48 83 137
internal_count=700 617 569 80 489 227 189 87 262 198 67 48 83 137
is_linear=0
shrinkage=0.05


Tree=31
num_leaves=15
num_cat=0
split_feature=16 16 7 16 5 3 5 2 3 7 5 4 1 2
split_gain=492.179 556.245 587.949 679.879 575.155 499.346 432.297 349.15 446.361 516.731 315.97 294.955 295.144 237.086
threshold=232.50000000000003 107.50000000000001 -16.562925499999995 187.50000000000003 44.728203500000014 -0.65265849999999992 39.735125000000004 2.1295070000000007 3.3116760000000007 -11.952297999999997 43.299794000000006 0.74906800000000018 11.567353000000002 40.561227000000009
decision_type=2 2 2 2 2 2 2 2 2 2 2 2 2 2
left_child=1 6 3 4 5 -3 11 -4 10 -10 -9 12 -1 -11
right_child=-2 2 7 -5 -6 -7 -8 8 9 13 -12 -13 -14 -15
leaf_value=0.022760042314385547 0.18395511785874497 0.109738741847484 -0.19453253323568942 -0.0882062690131451 -0.037850112135967486 0.44696673699432898 0.2247136185931809 -0.039899359071602379 -0.34319331212477255 -0.14150204988864232 0.10784520661644637 -0.15039389282464982 0.19505063474178316 0.022147289330237793
leaf_weight=145 37 23 47 44 23 21 34 131 22 53 50 20 30 38
leaf_count=145 37 23 47 44 23 21 34 131 22 53 50 20 30 38
internal_value=0.00635552 -0.0032938 -0.0354584 0.0644925 0.164772 0.270688 0.0601926 -0.0679937 -0.0477647 -0.125737 0.000914057 0.0315069 0.0522956 -0.073165
internal_weight=718 681 452 111 67 44 229 341 294 113 181 195 175 91
internal_count=718 681 452 111 67 44 229 341 294 113 181 195 175 91
is_linear=0
shrinkage=0.05


Tree=32
num_leaves=15
num_cat=0
split_feature=5 5 7 16 2 7 10 0 5 1 16 3 7 2
split_gain=471.063 773.365 569.118 517.004 373.954 366.651 348.177 311.51 222.431 198.155 301.878 201.537 151.2 136.58
threshold=36.156917500000013 55.921993500000006 -11.952297999999997 110.50000000000001 4.5506830000000003 -7.6468439999999989 2.5000000000000004 4.9546350000000006 21.189143000000005 21.510700500000002 223.50000000000003 -0.7242599999999999 -5.9897204999999989 22.234328500000004
decision_type=2 2 2 2 2 2 2 2 2 2 2 2 2 2
left_child=3 4 -3 5 -2 -1 9 12 -5 10 11 -6 -7 -10
right_child=1 2 -4 8 6 7 -8 -9 13 -11 -12 -13 -14 -15
leaf_value=0.22232892144294014 0.24834365400260894 -0.33642430419013619 0.031684825888701848 0.06065259676264681 0.078719154732922722 -0.047610894228155551 0.20979052847251298 -0.12943595232597244 -0.12586639390114837 0.13507786534122521 0.13467120219554221 -0.071791154640012012 0.072653057756886061 -0.030318198497502169
leaf_weight=21 29 21 21 23 30 37 32 36 158 37 35 86 89 49
leaf_count=21 29 21 21 23 30 37 32 36 158 37 35 86 89 49
internal_value=-0.00262656 0.0460984 -0.15237 -0.0369582 0.079575 0.0257581 0.0573282 0.000276696 -0.0868586 0.0313772 0.00596707 -0.0328661 0.0373375 -0.103249
internal_weight=704 291 42 413 249 183 220 162 230 188 151 116 126 207
internal_count=704 291 42 413 249 183 220 162 230 188 151 116 126 207
is_linear=0
shrinkage=0.05


Tree=33
num_leaves=15
num_cat=0
split_feature=16 2 0 6 7 2 16 7 1 3 8 7 7 16
split_gain=569.772 353.647 373.038 300.958 1050.74 473.301 424.458 296.192 289.262 270.649 233.987 196.357 185.238 185.069
threshold=232.50000000000003 -1.8515049999999997 11.259516500000002 -4.3825619999999992 -9.7694749999999981 40.757516500000001 72.500000000000014 -4.1960039999999994 -6.7984894999999996 4.3620590000000012 42.500000000000007 -9.2623459999999991 -12.317453999999998 190.50000000000003
decision_type=2 2 2 2 2 2 2 2 2 2 2 2 2 2
left_child=1 13 3 6 -5 7 -3 9 -8 -6 12 -12 -10 -1
right_child=-2 2 -4 4 5 -7 8 -9 10 -11 11 -13 -14 -15
leaf_value=-0.035393521237449772 0.19713021303926195 -0.22123516040543714 -0.20933261472731829 0.30318209264013501 -0.016299980902113022 0.23244383249964035 0.16755547348571861 0.05758630821429607 0.17262830574597632 -0.19258373681117189 -0.093428678624331962 0.0098983006533951718 0.0096922554292725137 -0.19149629505904947
leaf_weight=39 35 24 20 36 64 21 23 72 21 33 112 78 103 37
leaf_count=39 35 24 20 36 64 21 23 72 21 33 112 78 103 37
internal_value=0.00037118 -0.00971164 0.00301921 0.0102544 0.0555028 0.00857407 -0.0180729 -0.0192441 -0.00360437 -0.0762728 -0.0161416 -0.0510102 0.0372863 -0.111391
internal_weight=718 683 607 587 226 190 361 169 337 97 314 190 124 76
internal_count=718 683 607 587 226 190 361 169 337 97 314 190 124 76
is_linear=0
shrinkage=0.05


Tree=34
num_leaves=15
num_cat=0
split_feature=5 5 4 16 16 7 3 16 7 7 1 8 7 7
split_gain=410.977 579.089 439.611 358.995 1085.1 340.969 349.901 321.721 313.159 291.485 269.82 397.637 226.493 210.465
threshold=36.156917500000013 55.921993500000006 0.22480100000000003 78.500000000000014 98.500000000000014 -8.8118754999999975 5.4735080000000016 225.50000000000003 -3.7915974999999995 -5.0360034999999987 -1.7176039999999999 42.500000000000007 -8.9826134999999976 -10.883451499999998
decision_type=2 2 2 2 2 2 2 2 2 2 2 2 2 2
left_child=2 3 12 -2 -5 -4 9 10 -8 -7 -6 -12 13 -1
right_child=1 -3 5 4 7 6 8 -9 -10 -11 11 -13 -14 -15
leaf_value=-0.088903211010620001 -0.12991125335916878 -0.13518413430766058 0.20938049384525848 0.44324756510555741 0.14501716270311499 -0.024859114523444859 -0.21439311315615972 0.17979011259634387 -0.0028819807782946602 0.12277663495624438 0.10229236541522875 -0.071213646811597489 -0.026230371850489199 -0.24472620198803563
leaf_weight=72 20 38 21 20 39 70 30 44 42 64 54 85 87 31
leaf_count=72 20 38 21 20 39 70 30 44 42 64 54 85 87 31
internal_value=0.00259264 0.0472226 -0.0295153 0.0736786 0.0905042 0.0174525 -0.00211296 0.0587255 -0.0910116 0.0456535 0.0287994 -0.00380843 -0.0856294 -0.135801
internal_weight=717 300 417 262 242 227 206 222 72 134 178 139 190 103
internal_count=717 300 417 262 242 227 206 222 72 134 178 139 190 103
is_linear=0
shrinkage=0.05


Tree=35
num_leaves=15
num_cat=0
split_feature=5 16 3 16 4 7 4 3 7 6 7 5 5 7
split_gain=380.301 680.917 605.757 382.948 318.045 361.737 1792.22 325.386 269.305 249.536 360.546 213.553 205.239 197.446
threshold=41.316401000000006 98.500000000000014 5.5793180000000016 225.50000000000003 -0.29070949999999995 -11.521614499999997 0.36959950000000003 8.351659500000002 -9.567556999999999 -7.3184504999999991 -12.317453999999998 16.403389000000004 51.023036000000012 -4.5236774999999989
decision_type=2 2 2 2 2 2 2 2 2 2 2 2 2 2
left_child=4 -2 3 9 -1 6 -6 8 -7 10 -3 -10 -4 -13
right_child=1 2 12 -5 5 7 -8 -9 11 -11 -12 13 -14 -15
leaf_value=-0.13372137653020522 0.28814104313927669 0.1890455490454685 -0.022513284124433996 0.27722304364045464 -0.070746338025977226 -0.14071488760411741 0.49261237382888795 -0.2218186255721819 0.14382670100616374 -0.087917144651766185 -0.014541097425601699 -0.039547167821129894 -0.20073545426130296 0.058297254586511332
leaf_weight=60 27 43 35 21 48 40 20 21 23 27 44 204 30 69
leaf_count=60 27 43 35 21 48 40 20 21 23 27 44 204 30 69
internal_value=-0.000960523 0.0524531 0.0206352 0.0810153 -0.0259603 -0.010747 0.0949474 -0.0308792 -0.0189455 0.0448718 0.0860822 -0.00249019 -0.10477 -0.0148173
internal_weight=712 227 200 135 485 425 68 357 336 114 87 296 65 273
internal_count=712 227 200 135 485 425 68 357 336 114 87 296 65 273
is_linear=0
shrinkage=0.05


Tree=36
num_leaves=15
num_cat=0
split_feature=16 16 16 5 5 2 6 5 8 4 0 1 16 4
split_gain=374.954 399.866 553.939 360.024 326.968 408.734 229.923 511.128 256.17 223.717 201.528 220.144 269.142 342.284
threshold=233.50000000000003 107.50000000000001 81.500000000000014 33.945575000000012 36.254668500000008 4.2200835000000003 -4.3825619999999992 21.674178500000004 42.500000000000007 1.1290975000000001 -4.7471904999999994 13.858406 208.50000000000003 -0.10936399999999998
decision_type=2 2 2 2 2 2 2 2 2 2 2 2 2 2
left_child=1 2 6 -4 -3 -6 -1 8 -8 10 -7 12 13 -12
right_child=-2 4 3 -5 5 9 7 -9 -10 -11 11 -13 -14 -15
leaf_value=-0.12301441729068757 0.1639599069952965 -0.075443368885139736 0.080221362222972159 0.29897677515848325 0.20457898317836226 0.1488523767753081 0.018736313471260171 0.18470307906920261 -0.17840172625505007 -0.14487795284284014 0.08263453834113621 0.14062527731060981 0.06181911689398642 -0.15140843348669225
leaf_weight=37 34 230 68 26 24 22 45 33 26 28 21 20 44 61
leaf_count=37 34 230 68 26 24 22 45 33 26 28 21 20 44 61
internal_value=0.00189081 -0.0061535 0.0467098 0.140728 -0.0337599 0.00981829 -0.0159691 0.0221143 -0.0534551 -0.01403 0.00777803 -0.0134797 -0.0379409 -0.0914706
internal_weight=719 685 235 94 450 220 141 104 71 196 168 146 126 82
internal_count=719 685 235 94 450 220 141 104 71 196 168 146 126 82
is_linear=0
shrinkage=0.05


Tree=37
num_leaves=15
num_cat=0
split_feature=0 5 16 16 7 8 1 3 7 4 7 6 5 16
split_gain=334.937 398.007 785.034 379.408 257.802 294.258 490.146 344.517 363.909 340.011 280.132 244.728 237.289 231
threshold=11.259516500000002 41.316401000000006 99.500000000000014 225.50000000000003 -4.5236774999999989 32.500000000000007 10.860814500000002 3.9121480000000006 -9.2623459999999991 0.54954100000000017 -10.636037999999997 -7.3184504999999991 55.921993500000006 185.50000000000003
decision_type=2 2 2 2 2 2 2 2 2 2 2 2 2 2
left_child=1 4 -3 11 5 9 7 8 10 -1 13 12 -4 -7
right_child=-2 2 3 -5 -6 6 -8 -9 -10 -11 -12 -13 -14 -15
leaf_value=-0.022586692273616791 -0.18862092861284813 0.35753535993397234 0.085932112519456094 0.21781503882097161 0.054787087155802355 0.016598388357498849 0.19289795253425837 -0.16659975281341913 0.032485361096098439 -0.31413917339872571 -0.21122962390222857 -0.089862165709628794 -0.080472276231338236 -0.12943563365274005
leaf_weight=20 24 20 82 23 88 68 24 47 154 20 31 51 29 45
leaf_count=20 24 20 82 23 88 68 24 47 154 20 31 51 29 45
internal_value=-0.00494746 0.00133197 0.0599523 0.0277811 -0.0228474 -0.0395512 -0.0255879 -0.0407869 -0.0209439 -0.168363 -0.0780836 0.000801029 0.0424571 -0.0415568
internal_weight=726 702 205 185 497 409 369 345 298 40 144 162 111 113
internal_count=726 702 205 185 497 409 369 345 298 40 144 162 111 113
is_linear=0
shrinkage=0.05


Tree=38
num_leaves=15
num_cat=0
split_feature=16 0 1 8 16 8 2 4 16 3 16 2 12 16
split_gain=312.675 255.312 364.968 519.565 526.924 204.628 359.051 427.823 406.522 194.759 236.93 195.848 189.323 168.264
threshold=232.50000000000003 11.259516500000002 15.531159000000002 37.500000000000007 99.500000000000014 47.500000000000007 12.705663500000002 0.19710700000000003 60.500000000000007 3.3942190000000001 121.50000000000001 34.685882500000005 2.3295245000000002 176.50000000000003
decision_type=2 2 2 2 2 2 2 2 2 2 2 2 2 2
left_child=1 2 5 -4 -5 6 7 -1 -9 11 -11 -8 -7 -14
right_child=-2 -3 3 4 -6 12 9 8 -10 10 -12 -13 13 -15
leaf_value=-0.031813504946502778 0.13360731062980799 -0.17951158857481048 -0.069697735342999986 0.3704399758059046 0.0355335036603113 -0.023406249625632206 -0.022519855993895738 0.023230655418592507 0.26510757458837414 -0.0095553364039031446 -0.14333225302548419 0.13882377697871282 -0.062354709142271217 -0.21158676048119865
leaf_weight=55 39 22 29 23 24 156 68 32 38 71 62 26 51 30
leaf_count=55 39 22 29 23 24 156 68 32 38 71 62 26 51 30
internal_value=-0.00411182 -0.0119299 -0.00638588 0.0967328 0.199424 -0.0196915 0.00449081 0.0725418 0.154535 -0.0329822 -0.0719175 0.0221071 -0.0556079 -0.117626
internal_weight=726 687 665 76 47 589 352 125 70 227 133 94 237 81
internal_count=726 687 665 76 47 589 352 125 70 227 133 94 237 81
is_linear=0
shrinkage=0.05


Tree=39
num_leaves=15
num_cat=0
split_feature=2 16 9 16 16 2 7 2 7 3 2 7 16 16
split_gain=339.172 461.319 237.498 222.327 543.987 494.811 261.493 366.937 224.95 206.524 197.89 168.245 142.105 141.571
threshold=-1.8515049999999997 234.50000000000003 2.5000000000000004 99.500000000000014 81.500000000000014 29.815416500000001 -16.562925499999995 11.177511000000001 -10.548985999999998 3.3116760000000007 35.352503000000006 -4.1960039999999994 136.50000000000003 190.50000000000003
decision_type=2 2 2 2 2 2 2 2 2 2 2 2 2 2
left_child=13 2 3 4 8 -6 7 -5 -2 10 -8 -10 -11 -1
right_child=1 -3 -4 6 5 -7 9 -9 11 12 -12 -13 -14 -15
leaf_value=-0.022174964553198298 0.13395046613489589 0.23324911056653314 -0.040097870416041029 0.27279503051191573 0.068228871116171708 0.40828043550252913 -0.0088785824461085523 -0.00021416163071990015 -0.1187243067604654 -0.024096987104934197 0.14676431740323703 0.058728925591937944 -0.15572048008844661 -0.15420009677608809
leaf_weight=37 24 23 197 20 23 20 137 32 34 46 24 22 37 45
leaf_count=37 24 23 197 20 23 20 137 32 34 46 24 22 37 45
internal_value=0.00110398 0.0133888 0.00517974 0.0264678 0.0829682 0.226392 0.00298955 0.104789 0.00587776 -0.0187055 0.0143228 -0.0490105 -0.0827725 -0.0946278
internal_weight=721 639 616 419 123 43 296 52 80 244 161 56 83 82
internal_count=721 639 616 419 123 43 296 52 80 244 161 56 83 82
is_linear=0
shrinkage=0.05


Tree=40
num_leaves=15
num_cat=0
split_feature=16 4 2 5 16 7 16 3 2 7 6 1 2 3
split_gain=318.955 288.347 336.68 496.618 360.031 572.803 551.32 290.473 205.707 195.46 228.767 214.206 157.89 151.7
threshold=233.50000000000003 0.22480100000000003 9.8360330000000022 29.738940500000002 99.500000000000014 -9.567556999999999 78.500000000000014 3.5431660000000007 23.959780500000004 -3.7915974999999995 -4.0307099999999991 16.353160000000006 3.3110140000000006 3.9121480000000006
decision_type=2 2 2 2 2 2 2 2 2 2 2 2 2 2
left_child=1 13 3 12 5 -4 -7 8 -6 10 11 -9 -3 -1
right_child=-2 2 4 -5 7 6 -8 9 -10 -11 -12 -13 -14 -15
leaf_value=-0.034269910287789328 0.15856848953912656 -0.027981050743868474 0.28782057591791577 0.31254163005135283 -0.049427618645131594 -0.17110360983621192 0.1228168701323179 -0.12999033038065119 0.12227838237744731 0.052170998814769769 -0.23180545420739157 0.035475033185174386 0.13015488112621285 -0.16534692415346702
leaf_weight=275 30 38 24 22 33 27 39 53 37 22 29 31 27 24
leaf_count=275 30 38 24 22 33 27 39 53 37 22 29 31 27 24
internal_value=-0.000987474 -0.00801637 0.0207681 0.107205 -0.00472344 0.0786417 0.00257667 -0.0413228 0.0413313 -0.0841804 -0.110727 -0.0689257 0.0377062 -0.0447911
internal_weight=711 681 382 87 295 90 66 205 70 135 113 84 65 299
internal_count=711 681 382 87 295 90 66 205 70 135 113 84 65 299
is_linear=0
shrinkage=0.05


Tree=41
num_leaves=15
num_cat=0
split_feature=0 2 16 6 5 6 16 0 7 3 2 16 6 8
split_gain=364.2 368.533 437.29 214.495 680.574 567.332 555.842 225.844 187.964 189.931 172.218 165.326 162.786 240.74
threshold=11.259516500000002 -1.8515049999999997 225.50000000000003 -4.3825619999999992 29.151370500000002 -4.1406759999999982 104.50000000000001 3.4523500000000005 -5.2157574999999996 4.2174885000000009 14.641432000000002 160.50000000000003 -11.905574999999997 42.500000000000007
decision_type=2 2 2 2 2 2 2 2 2 2 2 2 2 2
left_child=1 -1 3 7 8 -6 -7 12 9 -5 -4 -9 -3 -14
right_child=-2 2 10 4 5 6 -8 11 -10 -11 -12 -13 13 -15
leaf_value=-0.09162329565733672 -0.20784939005970957 0.096812502464110217 0.27646194057805196 -0.0038259262591600418 0.40571233533322815 0.25752260296241097 -0.094019058346748355 -0.14503830941964169 0.036505451907403771 -0.17741511530027942 0.080396831660376256 -0.011514719101515684 0.071051257239684237 -0.047458556881035445
leaf_weight=81 20 44 21 40 20 23 22 49 100 26 24 44 63 134
leaf_count=81 20 44 21 40 20 23 22 49 100 26 24 44 63 134
internal_value=0.00249412 0.00858221 0.0218882 0.00994083 0.0469851 0.184136 0.0856578 -0.0156796 -0.00671858 -0.0722095 0.171894 -0.0818659 0.00986113 -0.00955948
internal_weight=711 691 610 565 231 65 45 334 166 66 45 93 241 197
internal_count=711 691 610 565 231 65 45 334 166 66 45 93 241 197
is_linear=0
shrinkage=0.05


Tree=42
num_leaves=15
num_cat=0
split_feature=2 16 0 1 8 16 7 7 5 7 3 2 4 2
split_gain=285.245 413.537 200.546 187.464 521.453 420.833 325.796 965.112 225.609 270.748 292.772 220.872 202.129 165.447
threshold=-1.8515049999999997 225.50000000000003 10.905394000000003 15.531159000000002 37.500000000000007 95.500000000000014 -16.562925499999995 -17.812926999999998 16.403389000000004 -4.5236774999999989 3.8116075000000005 34.685882500000005 0.59337600000000013 14.641432000000002
decision_type=2 2 2 2 2 2 2 2 2 2 2 2 2 2
left_child=-1 2 3 6 -5 -6 7 -2 -8 10 11 -10 -12 -3
right_child=1 13 -4 4 5 -7 8 -9 9 -11 12 -13 -14 -15
leaf_value=-0.081828778175676756 -0.051873036035720049 0.26321408852934836 -0.14804921780120245 -0.091397030012948188 0.35501155648380522 0.052406122176735494 0.12893814546987414 0.3858520105481148 -0.036025672976964698 0.0584129240389352 -0.078457605745279588 0.1181139275431633 -0.24611355972290042 0.073477339522085267
leaf_weight=94 34 20 22 28 20 27 24 20 219 73 64 26 25 27
leaf_count=94 34 20 22 28 20 27 24 20 219 73 64 26 25 27
internal_value=-0.000588532 0.0115523 3.13174e-05 0.00584877 0.0794144 0.181174 -0.00552736 0.110247 -0.0200328 -0.0288173 -0.0478826 -0.019668 -0.125552 0.154216
internal_weight=723 629 582 560 75 47 485 54 431 407 334 245 89 47
internal_count=723 629 582 560 75 47 485 54 431 407 334 245 89 47
is_linear=0
shrinkage=0.05


Tree=43
num_leaves=15
num_cat=0
split_feature=9 2 2 4 5 7 7 7 3 6 16 6 8 3
split_gain=248.343 220.353 251.277 505.04 233.724 193.253 478.051 458.473 380.348 275.782 180.786 127.291 125.122 139.343
threshold=2.5000000000000004 -1.8515049999999997 8.5081175000000027 0.22480100000000003 24.440611500000003 -8.6800479999999975 -4.5236774999999989 -11.952297999999997 -0.52816399999999997 -4.3825619999999992 164.50000000000003 -4.5716359999999989 42.500000000000007 5.220526500000001
decision_type=2 2 2 2 2 2 2 2 2 2 2 2 2 2
left_child=1 -1 3 -3 -5 7 11 8 -4 -9 -10 -7 13 -2
right_child=12 2 5 4 -6 6 -8 9 10 -11 -12 -13 -14 -15
leaf_value=-0.066269260251971149 0.045462543909967533 -0.012388955767859113 0.1164758171599645 0.11883705379441381 0.33350874534142871 -0.041859212325159781 0.10210791846944228 0.065984897597721123 -0.22256324692912727 0.2609834577739239 -0.042108412044388914 -0.15029462246596814 -0.095085814610744515 -0.064218342243068258
leaf_weight=73 51 55 26 32 21 59 45 66 23 25 35 50 90 67
leaf_count=73 51 55 26 32 21 59 45 66 23 25 35 50 90 67
internal_value=-0.00463607 0.0141433 0.027576 0.0937507 0.203896 0.00585302 -0.0349972 0.0418012 -0.0424331 0.119556 -0.113668 -0.0916002 -0.0506816 -0.0168139
internal_weight=718 510 437 108 53 329 154 175 84 91 58 109 208 118
internal_count=718 510 437 108 53 329 154 175 84 91 58 109 208 118
is_linear=0
shrinkage=0.05


Tree=44
num_leaves=15
num_cat=0
split_feature=2 16 5 16 5 16 6 7 1 5 8 7 7 7
split_gain=291.819 323.69 208.163 364.09 201.58 364.532 362.384 258.692 772.051 261.866 271.208 185.27 154.761 133.544
threshold=-1.0160784999999999 232.50000000000003 55.921993500000006 136.50000000000003 41.316401000000006 98.500000000000014 -7.3184504999999991 -11.363113999999998 5.3352495000000006 24.900519500000005 32.500000000000007 -11.952297999999997 -4.6064339999999993 -8.5187904999999997
decision_type=2 2 2 2 2 2 2 2 2 2 2 2 2 2
left_child=11 2 4 -4 7 -6 13 8 -2 -9 -11 -1 -12 -7
right_child=1 -3 3 -5 5 6 -8 9 -10 10 12 -13 -14 -15
leaf_value=-0.047558827243878374 -0.090080762557361443 0.17060338114698728 0.034781064124157032 -0.24682115966623483 0.22548982052270464 0.12788306827672194 -0.076095812926413847 0.018416991428457163 0.33468394950032238 -0.2095961373831545 -0.067615421014248375 -0.22011480618268253 0.057445507030934095 -0.020999999903142455
leaf_weight=70 23 30 24 22 27 61 54 187 20 28 109 20 32 20
leaf_count=70 23 30 24 22 27 61 54 187 20 28 109 20 32 20
internal_value=-0.00162783 0.0102794 0.00235565 -0.0998983 0.0107401 0.0577773 0.0242348 -0.00835769 0.107484 -0.0223498 -0.0674587 -0.0859046 -0.0392328 0.0911218
internal_weight=727 637 607 46 561 162 135 399 43 356 169 90 141 81
internal_count=727 637 607 46 561 162 135 399 43 356 169 90 141 81
is_linear=0
shrinkage=0.05


Tree=45
num_leaves=15
num_cat=0
split_feature=5 0 6 3 6 6 16 4 16 2 16 16 5 5
split_gain=239.387 353.647 290.104 385.467 219.067 192.6 228.706 184.609 168.77 260.647 169.7 198.561 244.329 226.768
threshold=36.924638500000007 10.353287500000002 -5.1848174999999985 9.4653570000000027 -9.0621254999999987 -7.3184504999999991 157.50000000000003 0.7618680000000001 186.50000000000003 4.5506830000000003 172.50000000000003 110.50000000000001 21.158737500000004 16.403389000000004
decision_type=2 2 2 2 2 2 2 2 2 2 2 2 2 2
left_child=4 2 5 -4 -1 6 -2 8 10 -10 11 12 13 -6
right_child=1 -3 3 -5 7 -7 -8 -9 9 -11 -12 -13 -14 -15
leaf_value=-0.1102524729124431 -0.0057603322939105235 -0.14415347892791033 0.33521927163004878 0.045607877605491218 0.12109044110402466 -0.050994822565677035 0.11490044846582939 -0.15348606571555137 -0.19656737578660252 0.0082685390351022164 0.12790175801637815 -0.061243090871116762 0.10661056893549754 -0.054146914207376544
leaf_weight=58 73 24 20 27 24 53 85 20 25 41 32 77 71 80
leaf_count=58 73 24 20 27 24 53 85 20 25 41 32 77 71 80
internal_value=0.00366308 0.0394306 0.0565082 0.168847 -0.0199033 0.0314849 0.0591521 -0.00574051 0.00270209 -0.0693208 0.0194398 0.00566686 0.0351072 -0.0137075
internal_weight=710 282 258 47 428 211 158 370 350 66 284 252 175 104
internal_count=710 282 258 47 428 211 158 370 350 66 284 252 175 104
is_linear=0
shrinkage=0.05


Tree=46
num_leaves=15
num_cat=0
split_feature=2 18 0 5 7 2 6 7 7 3 2 2 7 6
split_gain=246.39 283.625 213.126 183.678 177.105 235.016 207.636 184.843 137.291 174.244 131.562 221.123 286.553 213.427
threshold=-1.8515049999999997 232.50000000000003 3.5079875000000005 51.023036000000012 -16.562925499999995 35.352503000000006 -7.0515774999999996 -11.905574999999997 -4.1960039999999994 3.8116075000000005 53.614001500000008 39.983846500000006 -10.883451499999998 -5.0309389999999992
decision_type=2 2 2 2 2 2 2 2 2 2 2 2 2 2
left_child=-1 2 4 10 6 7 -2 -6 9 -9 11 12 13 -4
right_child=1 -3 3 -5 5 -7 -8 8 -10 -11 -12 -13 -14 -15
leaf_value=-0.08441334635973341 0.23619690477848054 0.15775169357657434 -0.044764908403158193 -0.15872134757893427 -0.1154178461059928 0.09341906887897547 0.01109016878264291 0.0060669364231462422 0.10079720003925491 -0.14928776789456608 0.099745393334887925 -0.18001562552931516 -0.063819029018974183 0.16473488068628697
leaf_weight=82 20 30 20 28 36 69 21 185 33 20 20 23 97 31
leaf_count=82 20 30 20 28 36 69 21 185 33 20 20 23 97 31
internal_value=-0.00286338 0.00770076 0.000235536 -0.0391261 0.022684 0.010944 0.120898 -0.00982521 0.00614679 -0.00908962 -0.0215938 -0.0357855 -0.0133714 0.0825781
internal_weight=715 633 603 219 384 343 41 274 238 205 191 171 148 51
internal_count=715 633 603 219 384 343 41 274 238 205 191 171 148 51
is_linear=0
shrinkage=0.05


Tree=47
num_leaves=15
num_cat=0
split_feature=16 4 3 0 7 1 1 1 5 7 16 4 16 7
split_gain=163.733 210.182 195.935 141.484 200.148 260.278 135.874 272.772 196.074 159.031 279.875 196.012 118.68 110.443
threshold=233.50000000000003 0.24015750000000002 3.6963290000000004 -5.9548174999999999 -9.2623459999999991 2.7947320000000002 30.870417500000006 16.674631000000002 44.85965250000001 -4.5236774999999989 174.50000000000003 0.59337600000000013 126.50000000000001 -8.5187904999999997
decision_type=2 2 2 2 2 2 2 2 2 2 2 2 2 2
left_child=1 3 12 -1 5 -5 7 9 -9 10 11 -4 -3 -6
right_child=-2 2 6 4 13 -7 -8 8 -10 -11 -12 -13 -14 -15
leaf_value=0.064944244027137762 0.10329230022217546 0.13891031990448635 -0.049028524565835334 -0.050797365195094014 0.071842917570999518 -0.20294145234935992 -0.1254476501818069 0.0077657978429838464 0.19831765313391334 0.034336537197974602 0.051850749593642026 -0.21396318766919356 0.033417840460187774 -0.032288280659256201
leaf_weight=30 35 42 43 117 36 37 22 27 27 69 36 31 73 87
leaf_count=30 35 42 43 117 36 37 22 27 27 69 36 31 73 87
internal_value=-0.00216067 -0.00761245 0.0177646 -0.0381972 -0.0493677 -0.0873515 -0.00666993 0.00454513 0.103042 -0.0251689 -0.0624951 -0.118123 0.0719455 -0.00181086
internal_weight=712 677 370 307 277 154 255 233 54 179 110 74 115 123
internal_count=712 677 370 307 277 154 255 233 54 179 110 74 115 123
is_linear=0
shrinkage=0.05


Tree=48
num_leaves=15
num_cat=0
split_feature=0 2 16 4 2 7 1 2 16 16 4 0 8 7
split_gain=161.033 168.053 228.601 177.169 314.009 396.48 245.945 178.176 327.636 477.193 208.222 174.033 165.349 122.107
threshold=11.259516500000002 -1.8515049999999997 225.50000000000003 0.20942550000000001 9.8360330000000022 -7.6468439999999989 -6.555674999999999 32.13340800000001 78.500000000000014 99.500000000000014 1.1290975000000001 3.1686360000000007 42.500000000000007 -9.2623459999999991
decision_type=2 2 2 2 2 2 2 2 2 2 2 2 2 2
left_child=1 -1 3 6 5 -5 -3 -6 -9 -10 -11 12 -7 -8
right_child=-2 2 -4 4 7 11 13 8 9 10 -12 -13 -14 -15
leaf_value=-0.066226022767426201 -0.13593218148770658 0.12925263967597858 0.12157226294863883 0.26903083416131829 -0.042062346856912666 0.19714370828121902 -0.1012904519145377 -0.1518136677052826 0.2327994917985052 0.050390638646462732 -0.12536939076063308 -0.085155099481344226 -0.0061719528026878837 -0.017246502154368036
leaf_weight=81 22 20 43 26 145 20 80 20 32 72 22 20 20 94
leaf_count=81 22 20 43 26 145 20 80 20 32 72 22 20 20 94
internal_value=-0.00274918 0.00146669 0.0103968 0.00202461 0.0220037 0.105943 -0.0368008 -0.0028032 0.0361871 0.0660284 0.00925531 0.0352722 0.0954859 -0.0558874
internal_weight=717 695 614 571 377 86 194 291 146 126 94 60 40 174
internal_count=717 695 614 571 377 86 194 291 146 126 94 60 40 174
is_linear=0
shrinkage=0.05


Tree=49
num_leaves=15
num_cat=0
split_feature=0 5 6 4 3 6 7 16 3 7 7 2 3 6
split_gain=174.375 184.767 281.391 266.235 239.348 168.381 167.365 356.178 192.917 209.423 189.508 234.248 145.764 107.37
threshold=10.353287500000002 36.924638500000007 -5.1848174999999985 1.1700910000000002 3.2824320000000005 -9.0621254999999987 -11.521614499999997 184.50000000000003 5.2787910000000009 -3.7915974999999995 -5.0360034999999987 3.3110140000000006 3.8116075000000005 -7.4939069999999992
decision_type=2 2 2 2 2 2 2 2 2 2 2 2 2 2
left_child=1 5 4 -4 13 -1 7 -7 10 -10 11 -8 -13 -3
right_child=-2 2 3 -5 -6 6 8 -9 9 -11 -12 12 -14 -15
leaf_value=-0.093152195186121389 -0.13580413948899758 0.073091631860665557 0.27916129557859332 0.03292334568889245 -0.06559438251287622 0.18872050588329636 -0.18703202560544016 -0.083683044314384461 -0.16081446710714076 -0.003838575187893141 0.067257427100921627 0.02055960993298836 -0.10864268917314433 -0.032696584191533831
leaf_weight=64 24 106 21 23 68 30 20 20 43 42 80 114 27 31
leaf_count=64 24 106 21 23 68 30 20 20 43 42 80 114 27 31
internal_value=-0.00331782 0.00129709 0.0357162 0.150446 0.0110912 -0.018181 -0.00541992 0.0797591 -0.0184842 -0.0832499 0.00435849 -0.0268956 -0.00418126 0.0491542
internal_weight=713 689 249 44 205 440 376 50 326 85 241 161 141 137
internal_count=713 689 249 44 205 440 376 50 326 85 241 161 141 137
is_linear=0
shrinkage=0.05


Tree=50
num_leaves=15
num_cat=0
split_feature=5 7 5 6 5 3 6 7 8 6 4 7 4 0
split_gain=160.478 379.834 347.731 256.445 189.98 189.698 291.795 176.22 251.372 126.921 374.352 123.906 103.777 101.913
threshold=40.525884000000012 -11.952297999999997 55.921993500000006 -7.4939069999999992 16.403389000000004 12.112827000000001 -6.3431514999999985 -4.5236774999999989 32.500000000000007 -4.1688014999999998 0.45309600000000005 -8.6800479999999975 -0.25494499999999992 3.7311525000000008
decision_type=2 2 2 2 2 2 2 2 2 2 2 2 2 2
left_child=4 2 3 -2 -1 6 11 8 -6 10 12 -3 -10 -9
right_child=1 5 -4 -5 7 -7 -8 13 9 -11 -12 -13 -14 -15
leaf_value=0.11017098895929478 0.088552123336297167 0.14730648092097706 -0.20310494485108752 -0.069304604943841705 -0.18034335513909661 -0.039458132646977902 0.29921259656548499 0.079759181259820858 -0.085669933874160054 -0.080501014925539502 0.1913561430892774 0.014207607551532634 -0.0084962368005617236 -0.033981573686844881
leaf_weight=27 53 36 23 50 30 20 20 54 60 88 21 34 159 31
leaf_count=27 53 36 23 50 30 20 20 54 60 88 21 34 159 31
internal_value=-0.00170117 0.0319398 -0.0273284 0.0119226 -0.0185932 0.0998289 0.130782 -0.0264412 -0.0418073 -0.0291363 -0.0103026 0.0826585 -0.0296397 0.0382773
internal_weight=706 236 126 103 470 110 90 443 358 328 240 70 219 85
internal_count=706 236 126 103 470 110 90 443 358 328 240 70 219 85
is_linear=0
shrinkage=0.05


Tree=51
num_leaves=15
num_cat=0
split_feature=1 1 3 4 2 16 16 16 2 16 4 6 16 5
split_gain=186.98 227.863 188.613 167.1 152.16 198.345 122.49 203.456 232.527 163.786 144.197 142.086 126.52 124.711
threshold=32.052157500000007 16.674631000000002 8.9324510000000021 0.84546450000000017 -1.4748389999999996 225.50000000000003 108.50000000000001 154.50000000000003 31.091157000000006 132.50000000000003 0.21490500000000004 -3.1553974999999999 187.50000000000003 46.059530500000008
decision_type=2 2 2 2 2 2 2 2 2 2 2 2 2 2
left_child=1 3 -3 4 -1 6 10 8 -8 -10 -6 -12 13 -9
right_child=-2 2 -4 -5 5 -7 7 12 9 -11 11 -13 -14 -15
leaf_value=-0.061671361874323344 -0.14901703450828793 0.2069723801376919 0.028821188096816726 -0.14528803884983063 -0.035050335363009756 0.10957581369166679 -0.11229011570644934 0.10076019635698835 0.11038258673193364 -0.067092219654184132 0.1406497774701122 0.025222676628817844 -0.021742078740234403 -0.040511580840462733
leaf_weight=82 20 24 39 20 49 47 86 61 26 26 42 73 88 21
leaf_count=82 20 24 39 20 49 47 86 61 26 26 42 73 88 21
internal_value=0.00167653 0.00608278 0.0966883 -0.00310909 0.00162232 0.0116225 0.00186865 -0.0167178 -0.0618217 0.0216452 0.0367749 0.0673787 0.019896 0.0645808
internal_weight=704 684 63 621 601 519 472 308 138 52 164 115 170 82
internal_count=704 684 63 621 601 519 472 308 138 52 164 115 170 82
is_linear=0
shrinkage=0.05


Tree=52
num_leaves=15
num_cat=0
split_feature=1 1 4 1 3 2 18 18 2 3 2 7 7 5
split_gain=129.21 250.383 163.741 126.933 137.309 130.587 138.396 256.21 218.547 127.816 125.791 124.615 139.407 105.507
threshold=30.870417500000006 20.796118000000003 0.86537000000000008 14.973863500000002 6.4431945000000006 -1.8515049999999997 156.50000000000003 134.50000000000003 4.7071315000000009 -0.7242599999999999 32.411264500000009 -17.812926999999998 -8.9826134999999976 16.403389000000004
decision_type=2 2 2 2 2 2 2 2 2 2 2 2 2 2
left_child=1 2 3 4 5 -1 7 10 -8 -10 13 -11 -13 -7
right_child=-2 -3 -4 -5 -6 6 8 -9 9 11 -12 12 -14 -15
leaf_value=-0.052992258163761685 -0.1238843468328317 0.1303779612812731 -0.12802981172616665 0.11531057014413502 -0.083711106106638913 0.094185982167720797 0.19146712150262751 -0.095585180370566944 0.12148416119402852 -0.10306800583546812 0.096486986882802925 0.14664894244633617 0.00040835588588379325 -0.016813702718823549
leaf_weight=88 21 36 26 23 50 25 23 65 29 22 41 20 88 149
leaf_count=88 21 36 26 23 50 25 23 65 29 22 41 20 88 149
internal_value=-0.00171803 0.00202721 -0.0050924 3.8217e-05 -0.00438056 0.00283131 0.0134644 -0.00859879 0.0474077 0.0265689 0.0176994 0.00539552 0.0274899 -0.000865472
internal_weight=706 685 649 623 600 550 462 280 182 159 215 130 108 174
internal_count=706 685 649 623 600 550 462 280 182 159 215 130 108 174
is_linear=0
shrinkage=0.05


Tree=53
num_leaves=15
num_cat=0
split_feature=0 5 16 16 3 4 7 1 3 7 2 7 3 2
split_gain=134.926 199.621 287.735 198.756 156.39 129.208 203.218 537.638 177.911 169.749 185.161 158.087 108.758 88.742
threshold=11.259516500000002 40.419282500000001 99.500000000000014 225.50000000000003 -0.38679499999999994 -0.25494499999999992 -11.521614499999997 6.4590710000000007 5.2787910000000009 -5.0360034999999987 2.6922215000000005 -3.7915974999999995 2.8571610000000005 9.7458330000000029
decision_type=2 2 2 2 2 2 2 2 2 2 2 2 2 2
left_child=1 5 -3 4 -4 -1 7 -7 9 10 -8 -10 -12 -6
right_child=-2 2 3 -5 13 6 8 -9 11 -11 12 -13 -14 -15
leaf_value=-0.08111181732267142 -0.12002194219014861 0.22561451558023693 0.08688308810194334 0.14583745611210663 0.075618154779076574 -0.020696204202526824 -0.16714796170592308 0.29427533343434337 -0.14762362902767437 0.062808381793339071 0.019633637543884107 -0.01204244614427173 -0.0675275365000262 -0.038879073214801878
leaf_weight=60 22 20 45 30 20 42 20 20 43 82 120 43 51 110
leaf_count=60 22 20 45 30 20 42 20 20 43 82 120 43 51 110
internal_value=0.00191719 0.00571699 0.0445903 0.0269294 0.00654517 -0.012467 -0.00268388 0.0809075 -0.0171203 0.00263539 -0.023198 -0.079833 -0.0063618 -0.0212641
internal_weight=728 706 225 205 175 481 421 62 359 273 191 86 171 130
internal_count=728 706 225 205 175 481 421 62 359 273 191 86 171 130
is_linear=0
shrinkage=0.05


Tree=54
num_leaves=15
num_cat=0
split_feature=8 4 4 2 6 16 16 6 4 2 16 1 0 7
split_gain=132.7 186.902 159.101 288.317 325.985 245.294 392.133 226.325 127.312 135.541 111.6 116.092 105.691 80.7964
threshold=32.500000000000007 0.65463500000000019 0.20942550000000001 9.8360330000000022 -4.1688014999999998 99.500000000000014 78.500000000000014 -3.9374349999999994 1.1290975000000001 35.352503000000006 232.50000000000003 3.2703985000000002 5.7689730000000017 -9.2623459999999991
decision_type=2 2 2 2 2 2 2 2 2 2 2 2 2 2
left_child=1 -1 7 4 -4 6 -5 10 9 -7 11 -2 -11 -13
right_child=2 -3 3 5 -6 8 -8 -9 -10 12 -12 13 -14 -15
leaf_value=-0.014343538102452036 0.0010484692789614202 -0.17664074564042193 0.24243537382252756 -0.037399211444932488 0.027572076808570364 -0.038330857545504561 0.2515132538663844 -0.18114206633530558 -0.11548777278512717 0.086499194814400243 0.093768041431903842 -0.15221735381561777 -0.041142138126103775 -0.03087844122612082
leaf_weight=68 200 24 31 23 41 104 24 20 28 55 25 23 23 34
leaf_count=68 200 24 31 23 41 104 24 20 28 55 25 23 23 34
internal_value=-0.000582771 -0.0566819 0.00759651 0.0316511 0.120083 0.00687648 0.110131 -0.0186087 -0.0162328 -0.000962762 -0.00708146 -0.0168917 0.0488614 -0.0798398
internal_weight=723 92 631 329 72 257 47 302 210 182 282 257 78 57
internal_count=723 92 631 329 72 257 47 302 210 182 282 257 78 57
is_linear=0
shrinkage=0.05


Tree=55
num_leaves=15
num_cat=0
split_feature=9 16 7 6 16 16 2 16 0 2 16 5 2 2
split_gain=169.596 88.8045 217.357 185.113 168.98 142.233 161.67 144.031 123.744 114.593 110.487 109.6 103.898 69.7336
threshold=2.5000000000000004 132.50000000000003 -9.567556999999999 -4.3825619999999992 148.50000000000003 80.500000000000014 5.0054410000000003 97.500000000000014 -0.82457899999999984 2.1295070000000007 116.50000000000001 33.679248000000008 9.7458330000000029 8.667918000000002
decision_type=2 2 2 2 2 2 2 2 2 2 2 2 2 2
left_child=1 2 3 10 -3 6 -4 -7 11 -10 -1 -6 -11 -13
right_child=-2 4 5 -5 8 7 -8 -9 9 12 -12 13 -14 -15
leaf_value=-0.025737783685326577 -0.036407491577635474 -0.1035492041381076 0.057146931812167172 0.24112989909592131 0.0029101050521213832 0.12137378958347989 -0.12200752870344066 -0.0042957241075080744 -0.096099448454167166 0.09290535576917508 0.13663931082595479 0.17115311920642853 -0.020893689932731482 0.057551873603037429
leaf_weight=20 206 35 20 21 56 38 34 57 35 27 22 22 78 35
leaf_count=20 206 35 20 21 56 38 34 57 35 27 22 22 78 35
internal_value=0.00177168 0.0175015 0.0420616 0.119921 -0.000577486 0.00914114 -0.055654 0.0459721 0.0136676 -0.0177482 0.0593169 0.0525898 0.00836892 0.101398
internal_weight=706 500 212 63 288 149 54 95 253 140 42 113 105 57
internal_count=706 500 212 63 288 149 54 95 253 140 42 113 105 57
is_linear=0
shrinkage=0.05


Tree=56
num_leaves=15
num_cat=0
split_feature=9 5 2 7 7 6 6 7 5 16 4 2 2 8
split_gain=116.34 90.7159 157.924 133.481 179.731 117.422 107.814 148.109 160.84 123.075 93.9888 84.0414 87.5305 81.8137
threshold=2.5000000000000004 36.554665000000007 4.2200835000000003 -11.363113999999998 -8.9826134999999976 -12.290637499999997 -7.3184504999999991 -11.521614499999997 33.255957500000008 197.50000000000003 0.38276300000000002 8.5081175000000027 27.163476000000006 42.500000000000007
decision_type=2 2 2 2 2 2 2 2 2 2 2 2 2 2
left_child=1 6 -3 5 -5 -4 -1 -8 9 11 -7 13 -13 -9
right_child=-2 2 3 4 -6 10 7 8 -10 -11 -12 12 -14 -15
leaf_value=-0.058949206588523734 -0.031592019589663282 0.16830408800215949 0.092464756743893747 0.15742264152637553 0.0084296862361952669 -0.1166272290326931 0.10662907644041948 0.14673090829797414 -0.13938761470839381 -0.10055407141758638 -0.0036940199033967378 -0.045115796137273456 0.049887693063779312 0.025336367189884187
leaf_weight=70 205 21 21 35 48 27 35 23 20 22 58 54 44 35
leaf_count=70 205 21 21 35 48 27 35 23 20 22 58 54 44 35
internal_value=0.000246562 0.0129696 0.0382256 0.0237724 0.071258 -0.0134097 -0.00453459 0.0118132 -0.00494724 0.0101584 -0.0395669 0.0257717 -0.00246117 0.0734756
internal_weight=718 513 210 189 83 106 303 233 198 178 85 156 98 58
internal_count=718 513 210 189 83 106 303 233 198 178 85 156 98 58
is_linear=0
shrinkage=0.05


Tree=57
num_leaves=15
num_cat=0
split_feature=0 1 8 16 16 4 8 1 16 2 16 16 4 3
split_gain=117.381 158.231 176.837 199.793 117.501 141.516 87.8342 187.292 169.536 239.521 170.854 138.288 101.297 99.1622
threshold=11.259516500000002 15.531159000000002 37.500000000000007 94.500000000000014 225.50000000000003 1.0000000180025095e-35 47.500000000000007 1.0000000180025095e-35 165.50000000000003 8.667918000000002 135.50000000000003 191.50000000000003 -0.095418499999999989 5.4735080000000016
decision_type=2 2 2 2 2 2 2 2 2 2 2 2 2 2
left_child=1 4 -3 -4 6 -6 8 12 10 -10 13 -9 -8 -1
right_child=-2 2 3 -5 5 -7 7 11 9 -11 -12 -13 -14 -15
leaf_value=0.026736897788941862 -0.1104507682825594 -0.026977057851337156 0.24980701189488175 0.041304286872899096 -0.047298310026526458 0.11628982554165981 -0.019845925236954109 -0.050850483026452266 0.20933632467474259 0.016803749376641853 -0.10327860584172111 -0.17895684578809246 0.088367363710754696 -0.049102383165154612
leaf_weight=132 24 29 20 27 20 39 95 77 21 70 48 29 28 64
leaf_count=132 24 29 20 27 20 39 95 77 21 70 48 29 28 64
internal_value=-0.0017249 0.00200818 0.0701187 0.130029 -0.00630065 0.0608362 -0.0133238 -0.0371891 0.00299006 0.0612343 -0.0187322 -0.0858985 0.00478799 0.00197305
internal_weight=723 699 76 47 623 59 564 229 335 91 244 106 123 196
internal_count=723 699 76 47 623 59 564 229 335 91 244 106 123 196
is_linear=0
shrinkage=0.05


Tree=58
num_leaves=15
num_cat=0
split_feature=5 7 5 3 6 1 5 7 6 6 16 6 7 16
split_gain=106.487 141.068 234.892 214.946 149.892 169.076 128.684 108.923 214.254 359.755 131.838 109.843 105.553 94.7881
threshold=40.525884000000012 -11.952297999999997 55.921993500000006 12.112827000000001 -7.4939069999999992 16.353160000000006 16.403389000000004 -4.5236774999999989 -4.1406759999999982 -4.3825619999999992 88.500000000000014 -2.3070119999999994 -8.6800479999999975 121.50000000000001
decision_type=2 2 2 2 2 2 2 2 2 2 2 2 2 2
left_child=6 2 4 12 -2 -6 -1 8 9 10 -8 13 -3 -10
right_child=1 3 -4 -5 5 -7 7 -9 11 -11 -12 -13 -14 -15
leaf_value=0.090466311474197689 0.077479040911742333 0.15437696866215544 -0.15661056610670956 -0.078357708249241112 -0.11315435842280426 0.073311701938509943 -0.11089627389773363 0.030641647029754727 -0.079777706288840886 0.15717561332316235 -0.012516043364390064 -0.0013785631532537874 0.044601482284686918 -0.19674915953956804
leaf_weight=28 58 47 22 20 31 20 41 86 43 29 201 23 41 29
leaf_count=28 58 47 22 20 31 20 41 86 43 29 201 23 41 29
internal_value=2.78307e-05 0.0272972 -0.00758167 0.0696039 0.0224976 -0.0400304 -0.01355 -0.0199935 -0.0318914 -0.00924125 -0.0291838 -0.0965039 0.103232 -0.126891
internal_weight=719 239 131 108 109 51 480 452 366 271 242 95 88 72
internal_count=719 239 131 108 109 51 480 452 366 271 242 95 88 72
is_linear=0
shrinkage=0.05


Tree=59
num_leaves=15
num_cat=0
split_feature=9 16 16 6 16 16 7 8 2 6 6 2 7 16
split_gain=136.683 104.904 128.477 189.951 114.442 187.037 160.866 160.6 202.078 144.293 126.809 100.336 204.155 91.5145
threshold=2.5000000000000004 234.50000000000003 200.50000000000003 -5.4189834999999986 172.50000000000003 134.50000000000003 -8.2102879999999967 52.500000000000007 9.3805420000000019 -12.290637499999997 -4.3825619999999992 7.617842500000001 -4.5236774999999989 118.50000000000001
decision_type=2 2 2 2 2 2 2 2 2 2 2 2 2 2
left_child=1 2 4 -4 5 6 10 8 -6 -7 13 -8 -13 -1
right_child=-2 -3 3 -5 7 9 11 -9 -10 -11 -12 12 -14 -15
leaf_value=-0.019934341063102087 -0.032637469119702778 0.12224136421626264 0.0062711807056551883 -0.1483663365501782 0.24361601261930033 0.070699527785182001 0.063926902847985426 -0.033694155806941649 0.037718075492347666 -0.08066542488396973 0.19029210456646981 -0.091417924024370656 0.055838930745457496 0.11546224000362248
leaf_weight=24 210 22 63 29 22 20 48 21 26 74 24 52 43 26
leaf_count=24 210 22 63 29 22 20 48 21 26 74 24 52 43 26
internal_value=0.00115303 0.0155174 0.010543 -0.0424733 0.0233785 0.010454 0.0359744 0.0816325 0.132088 -0.0484601 0.095819 0.00500583 -0.0247648 0.0504719
internal_weight=704 494 472 92 380 311 217 69 48 94 74 143 95 50
internal_count=704 494 472 92 380 311 217 69 48 94 74 143 95 50
is_linear=0
shrinkage=0.05


Tree=60
num_leaves=15
num_cat=0
split_feature=0 2 16 8 4 1 16 7 2 4 0 7 2 16
split_gain=160.967 110.65 162.312 110.299 155.866 129.733 223.759 144.941 212.558 132.737 103.684 99.3514 105.309 78.1606
threshold=10.905394000000003 -1.8515049999999997 234.50000000000003 32.500000000000007 0.65463500000000019 12.429344500000001 94.500000000000014 -16.562925499999995 7.3324330000000009 1.1290975000000001 3.7311525000000008 -5.0360034999999987 3.3110140000000006 72.500000000000014
decision_type=2 2 2 2 2 2 2 2 2 2 2 2 2 2
left_child=1 -1 3 4 -3 7 -7 8 -5 -8 11 12 -9 -13
right_child=-2 2 -4 5 -6 6 9 10 -10 -11 -12 13 -14 -15
leaf_value=-0.046074462307180153 -0.12284349898497265 -0.00056813113877306816 0.152707025266829 0.21357611253857614 -0.14849858420590561 0.19117491011108673 0.068389189847797724 -0.10932340018806004 0.00015599913895130159 -0.077709909680892128 -0.056127356128402153 0.018571236496791245 0.0080842082772704087 0.15240622282028199
leaf_weight=81 24 69 21 20 24 28 53 21 28 22 74 24 211 20
leaf_count=81 24 69 21 20 24 28 53 21 28 22 74 24 211 20
internal_value=0.00446887 0.00885895 0.0160941 0.0112643 -0.0387437 0.0205473 0.0705622 0.00760371 0.089081 0.0255335 -0.00357032 0.0105211 -0.0025432 0.0794053
internal_weight=720 696 615 594 93 501 103 398 48 75 350 276 232 44
internal_count=720 696 615 594 93 501 103 398 48 75 350 276 232 44
is_linear=0
shrinkage=0.05


Tree=61
num_leaves=15
num_cat=0
split_feature=10 16 16 16 2 5 0 7 4 6 16 5 1 4
split_gain=116.77 95.7213 159.863 155.252 74.1992 90.4499 67.4287 92.9326 91.9106 67.6934 50.6723 49.664 85.5763 64.1144
threshold=1.0000000180025095e-35 80.500000000000014 66.500000000000014 99.500000000000014 -1.0000000180025095e-35 51.023036000000012 -0.7125149999999999 -16.562925499999995 0.60796900000000009 -4.0446769999999992 192.50000000000003 40.419282500000001 2.3905675000000004 0.65463500000000019
decision_type=2 2 2 2 2 2 2 2 2 2 2 2 2 2
left_child=4 2 -2 -3 10 11 7 -5 9 -8 -1 13 -13 -6
right_child=1 3 -4 6 5 -7 8 -9 -10 -11 -12 12 -14 -15
leaf_value=-0.027873708485909133 0.049798845814970821 0.14343587487936021 -0.12553752053242465 0.12841713335365057 -0.0046122263726733987 -0.086686219581786336 -0.053901742504381428 0.024514582558029324 0.077333709540275436 0.050919762551784521 -0.13669416274875404 0.11846128491063912 0.0042676040530204773 -0.090878361463546761
leaf_weight=23 26 30 26 28 210 34 67 93 26 20 20 21 75 24
leaf_count=23 26 30 26 28 210 34 67 93 26 20 20 21 75 24
internal_value=0.00133176 0.0241363 -0.0378693 0.0363495 -0.016374 -0.00903633 0.0226205 0.0485581 -0.0051535 -0.0298048 -0.0784879 -0.00103603 0.0292475 -0.01346
internal_weight=723 316 52 264 407 364 234 121 113 87 43 330 96 234
internal_count=723 316 52 264 407 364 234 121 113 87 43 330 96 234
is_linear=0
shrinkage=0.05


Tree=62
num_leaves=15
num_cat=0
split_feature=8 5 18 18 18 6 18 7 7 2 18 0 7 18
split_gain=98.9539 188.49 122.749 176.762 201.599 150.643 151.789 246.901 446.894 128.866 113.474 92.8073 91.093 77.629
threshold=32.500000000000007 27.040619000000003 107.50000000000001 81.500000000000014 66.500000000000014 -3.9374349999999994 165.50000000000003 -17.812926999999998 -16.718173999999998 15.073177000000001 225.50000000000003 5.7689730000000017 -8.3690944999999974 98.500000000000014
decision_type=2 2 2 2 2 2 2 2 2 2 2 2 2 2
left_child=1 -1 3 4 -2 6 9 -8 -9 -4 -10 -11 -7 -5
right_child=2 -3 5 13 -6 12 7 8 10 11 -12 -13 -14 -15
leaf_value=0.0082268023364511986 0.090617229848315842 -0.1424193306289839 -0.089354613482759429 0.16356602845823065 -0.060893124320472662 -0.1604056198065254 -0.060119064497676768 0.22136706743921553 -0.004861822738400046 0.020697402123075265 0.092249643855861263 -0.090292191084312357 -0.029056988712964638 0.0511419404165021
leaf_weight=56 38 33 58 34 52 22 55 35 106 104 42 23 33 28
leaf_count=56 38 33 58 34 52 22 55 35 106 104 42 23 33 28
internal_value=0.00172039 -0.0476308 0.00869222 0.0478305 0.00307791 -0.00375341 0.00636802 0.0327749 0.0606939 -0.0276041 0.0226968 0.000596925 -0.0815964 0.112794
internal_weight=719 89 630 152 90 478 423 238 183 185 148 127 55 62
internal_count=719 89 630 152 90 478 423 238 183 185 148 127 55 62
is_linear=0
shrinkage=0.05


Tree=63
num_leaves=15
num_cat=0
split_feature=0 5 16 5 3 9 5 16 16 16 8 5 5 2
split_gain=110.306 113.297 210.669 120.216 120.056 94.1346 85.7385 85.3093 71.2664 169.159 88.5203 75.9675 120.696 68.5871
threshold=11.259516500000002 40.835732500000006 99.500000000000014 16.044253500000003 3.2824320000000005 2.5000000000000004 45.073884500000005 221.50000000000003 200.50000000000003 170.50000000000003 47.500000000000007 32.079995000000004 29.151370500000002 29.1825565
decision_type=2 2 2 2 2 2 2 2 2 2 2 2 2 2
left_child=1 3 -3 -1 7 8 -6 13 9 11 -11 12 -5 -4
right_child=-2 2 4 5 6 -7 -8 -9 -10 10 -12 -13 -14 -15
leaf_value=0.10632102823860588 -0.10837772861123085 0.1874046253785491 0.0037809543608539348 -0.0094507057663912961 0.061450353492982696 -0.050921173300101902 -0.057375706578530965 0.14121912888118202 -0.048164840270048727 0.16549687760517651 0.030836817339205971 -0.058396846108269278 0.11480771866829501 0.099069774466065269
leaf_weight=21 23 20 69 130 20 136 63 21 65 23 26 57 23 26
leaf_count=21 23 20 69 130 20 136 63 21 65 23 26 57 23 26
internal_value=-0.000635764 0.00290433 0.0327157 -0.0106688 0.017169 -0.0160097 -0.0287429 0.0500198 -0.00135544 0.0103921 0.0940446 -0.00912683 0.00922867 0.02986
internal_weight=723 700 219 481 199 460 83 116 324 259 49 210 153 95
internal_count=723 700 219 481 199 460 83 116 324 259 49 210 153 95
is_linear=0
shrinkage=0.05


Tree=64
num_leaves=15
num_cat=0
split_feature=1 1 5 3 4 6 16 7 6 7 4 16 16 16
split_gain=99.6366 107.369 125.02 94.9386 84.0249 146.895 99.5385 98.2476 201.67 123.81 105.98 91.7311 81.1155 73.5572
threshold=32.052157500000007 16.674631000000002 44.85965250000001 7.4993490000000014 0.20942550000000001 -4.1406759999999982 234.50000000000003 -8.6800479999999975 -5.0309389999999992 -5.0360034999999987 0.30654700000000007 140.50000000000003 77.500000000000014 55.500000000000007
decision_type=2 2 2 2 2 2 2 2 2 2 2 2 2 2
left_child=1 3 -3 4 5 6 -1 8 -6 10 -9 -12 13 -11
right_child=-2 2 -4 -5 7 -7 -8 9 -10 12 11 -13 -14 -15
leaf_value=-0.011872251692281186 -0.10623314210346767 0.00055496606298468339 0.14285295931943531 -0.075408126795437291 0.016475608287488713 -0.11824893075371944 0.10398121982812883 0.027106038667261603 0.17395482821197347 0.063248273989428658 -0.1670198853686452 -0.035313437888637569 0.089030700731784748 -0.058432478147248425
leaf_weight=254 21 33 29 41 68 31 20 38 29 23 20 39 47 27
leaf_count=254 21 33 29 41 68 31 20 38 29 23 20 39 47 27
internal_value=0.00107735 0.00430127 0.0671137 -0.00181234 0.00325045 -0.0150874 -0.00341579 0.0224705 0.063557 0.00192724 -0.0380164 -0.0799597 0.0418709 -0.00245933
internal_weight=720 699 62 637 596 305 274 291 97 194 97 59 97 50
internal_count=720 699 62 637 596 305 274 291 97 194 97 59 97 50
is_linear=0
shrinkage=0.05


Tree=65
num_leaves=15
num_cat=0
split_feature=9 5 2 16 6 7 3 4 5 4 7 2 2 7
split_gain=115.61 63.3591 155.041 110.148 101.935 86.7741 128.748 86.6745 66.3195 58.8692 56.6021 133.182 68.6193 98.8974
threshold=2.5000000000000004 33.679248000000008 4.5506830000000003 200.50000000000003 -7.3184504999999991 -11.363113999999998 -0.7242599999999999 0.70978750000000013 46.530779500000001 0.38276300000000002 -7.6468439999999989 4.5506830000000003 8.0240440000000017 -5.2157574999999996
decision_type=2 2 2 2 2 2 2 2 2 2 2 2 2 2
left_child=1 3 -3 4 -1 6 -4 8 -7 -8 11 -6 -12 -14
right_child=-2 2 5 -5 10 7 9 -9 -10 -11 12 -13 13 -15
leaf_value=-0.077046810955341383 -0.030701581226742786 0.15291145003090303 0.07670463477416585 -0.072571512383032361 -0.004462774222095808 0.0042463907225441843 -0.11223963827461653 0.14538129255175591 0.10875315330922604 -0.017707710083702515 0.056453194080487545 0.15014809196671616 -0.1135120563918636 0.011534649167151656
leaf_weight=28 207 24 30 47 30 63 23 20 20 58 46 26 21 64
leaf_count=28 207 24 30 47 30 63 23 20 20 58 46 26 21 64
internal_value=0.00072213 0.0137315 0.0324062 -0.00323242 0.0119254 0.0188916 -0.0117786 0.0519438 0.0294287 -0.0445501 0.0252475 0.0673208 0.00726192 -0.0193592
internal_weight=707 500 238 262 215 214 111 103 83 81 187 56 131 85
internal_count=707 500 238 262 215 214 111 103 83 81 187 56 131 85
is_linear=0
shrinkage=0.05


Tree=66
num_leaves=15
num_cat=0
split_feature=5 7 7 5 16 16 16 7 16 4 2 6 7 16
split_gain=86.0918 185.44 279.916 94.4051 88.9207 207.95 166.271 96.3254 143.235 79.1697 78.7541 123.755 100.866 97.4895
threshold=41.473410500000007 -11.363113999999998 -8.6800479999999975 16.403389000000004 117.50000000000001 136.50000000000003 154.50000000000003 -17.812926999999998 197.50000000000003 0.7618680000000001 3.2322445000000006 -3.9374349999999994 -10.883451499999998 81.500000000000014
decision_type=2 2 2 2 2 2 2 2 2 2 2 2 2 2
left_child=3 4 -3 -1 -2 -6 -7 -8 -9 10 11 -5 -12 -14
right_child=1 2 -4 9 5 6 7 8 -10 -11 12 -13 13 -15
leaf_value=0.078218767709202247 -0.10185251333529043 0.22604311156272888 0.018966379523663684 -0.020528020301338185 0.15333356055475417 -0.11892887274424235 -0.048361892512801929 0.13137676948060592 -0.038881906441279819 -0.11526857843156904 0.084541203426488215 -0.13674747558503317 -0.078401932163640511 0.0035647035977835286
leaf_weight=27 21 25 47 109 21 30 33 30 21 20 32 29 43 232
leaf_count=27 21 25 47 109 21 30 33 30 21 20 32 29 43 232
internal_value=-0.000904271 0.0244937 0.090868 -0.0126741 -0.00614054 0.00874799 -0.0178862 0.0182005 0.0612703 -0.0179517 -0.0135779 -0.0449509 0.000524582 -0.0092519
internal_weight=720 228 72 492 156 135 114 84 51 465 445 138 307 275
internal_count=720 228 72 492 156 135 114 84 51 465 445 138 307 275
is_linear=0
shrinkage=0.05


Tree=67
num_leaves=15
num_cat=0
split_feature=0 5 16 4 1 7 7 7 7 3 9 4 6 16
split_gain=91.5256 129.602 140.757 76.0921 95.0663 341.557 137.039 108.517 120.418 81.2264 67.4092 65.0679 74.3017 82.071
threshold=11.259516500000002 40.525884000000012 94.500000000000014 0.84254550000000006 6.6778410000000008 -8.8118754999999975 -5.2157574999999996 -9.2623459999999991 -10.636037999999997 2.5895190000000006 1.0000000180025095e-35 1.1290975000000001 -8.6261094999999983 165.50000000000003
decision_type=2 2 2 2 2 2 2 2 2 2 2 2 2 2
left_child=1 3 -3 4 7 -6 -7 8 10 -9 -1 12 13 -4
right_child=-2 2 11 -5 5 6 -8 9 -10 -11 -12 -13 -14 -15
leaf_value=0.0079781483792300736 -0.098427343131466352 0.16373215854167938 0.040123180293224078 -0.10493225843645633 0.19914451235284408 -0.097717762942756387 0.020955640266327999 0.028662433085638452 -0.13714139853220653 -0.053895524868787063 -0.075817962515810952 -0.050870315335690974 0.005584667781267756 0.15631638430945932
leaf_weight=56 22 20 55 20 24 31 113 109 34 41 42 25 93 21
leaf_count=56 22 20 55 20 24 31 113 109 34 41 42 25 93 21
internal_value=0.00195459 0.00518325 0.0374377 -0.00950285 -0.00526154 0.0245131 -0.00459211 -0.0229996 -0.0560635 0.00609659 -0.0279345 0.0244177 0.035555 0.0722292
internal_weight=706 684 214 470 450 168 144 282 132 150 98 194 169 76
internal_count=706 684 214 470 450 168 144 282 132 150 98 194 169 76
is_linear=0
shrinkage=0.05


Tree=68
num_leaves=15
num_cat=0
split_feature=5 16 16 4 6 5 5 7 4 0 1 7 0 4
split_gain=82.9718 153.214 228.746 167.457 97.8907 144.537 67.2506 76.2098 99.755 75.9396 64.8914 188.456 97.5083 52.8782
threshold=41.316401000000006 134.50000000000003 157.50000000000003 0.81495600000000012 -8.6261094999999983 46.908492000000003 16.044253500000003 -4.5236774999999989 0.59337600000000013 3.7311525000000008 6.6778410000000008 -8.3690944999999974 0.30965650000000006 0.37265950000000009
decision_type=2 2 2 2 2 2 2 2 2 2 2 2 2 2
left_child=6 3 -3 -2 -4 -6 -1 8 10 -9 12 -12 -8 -13
right_child=1 2 4 -5 5 -7 7 9 -10 -11 11 13 -14 -15
leaf_value=0.072072172559368805 0.18913383650091978 -0.10215864428886917 0.10630200338714264 0.021613965204783848 -0.055655860137599322 0.069685710893700945 0.00023983472707212396 0.062915038198439618 -0.10421074176621106 -0.037395670046580252 0.15579107479192317 0.019066076452145354 -0.060287505137689767 -0.079113596243162956
leaf_weight=23 26 41 34 35 46 46 141 54 36 29 20 32 126 24
leaf_count=23 26 41 34 35 46 46 141 54 36 29 20 32 126 24
internal_value=0.000321062 0.0251978 0.000425969 0.0930159 0.0338067 0.00701493 -0.0113736 -0.0155278 -0.0250311 0.0278667 -0.0167207 0.0240422 -0.0283236 -0.0230109
internal_weight=713 228 167 61 126 92 485 462 379 83 343 76 267 56
internal_count=713 228 167 61 126 92 485 462 379 83 343 76 267 56
is_linear=0
shrinkage=0.05


Tree=69
num_leaves=15
num_cat=0
split_feature=9 1 8 16 3 3 6 5 3 5 6 16 6 2
split_gain=66.6393 67.3479 64.3327 61.7809 65.3213 54.0215 76.6102 127.518 62.5448 95.7584 60.8199 61.4979 55.1643 86.9658
threshold=2.5000000000000004 17.211449000000005 42.500000000000007 175.50000000000003 5.220526500000001 9.3343850000000028 -5.1848174999999985 36.254668500000008 4.2630260000000009 36.254668500000008 -7.3184504999999991 169.50000000000003 -4.1688014999999998 13.898535000000003
decision_type=2 2 2 2 2 2 2 2 2 2 2 2 2 2
left_child=5 2 3 4 -2 6 8 12 9 -1 11 -11 13 -8
right_child=1 -3 -4 -5 -6 -7 7 -9 -10 10 -12 -13 -14 -15
leaf_value=-0.021110384748124881 0.019031251241502012 0.054949009625448124 -0.061653489061247783 0.060504734993446621 -0.074956287896364104 -0.044616963693665135 0.13604319124267653 0.15992521317232222 -0.063248019511229367 0.026897556846961379 -0.021929291446382802 0.10634744311569305 0.010863565902967574 -0.00076017832560908237
leaf_weight=121 38 27 85 28 36 36 26 21 32 60 30 41 118 21
leaf_count=121 38 27 85 28 36 36 26 21 32 60 30 41 118 21
internal_value=0.00452108 -0.0188693 -0.0295276 -0.00275594 -0.0266924 0.0144134 0.0189349 0.043879 0.00259833 0.0109598 0.0405818 0.0591495 0.0291095 0.0749183
internal_weight=720 214 187 102 74 506 470 186 284 252 131 101 165 47
internal_count=720 214 187 102 74 506 470 186 284 252 131 101 165 47
is_linear=0
shrinkage=0.05


Tree=70
num_leaves=15
num_cat=0
split_feature=0 4 7 1 7 7 4 0 16 4 7 6 5 5
split_gain=69.6956 81.2642 73.0623 149.048 71.7171 105.926 158.268 88.6052 223.412 62.9943 61.0322 53.7057 53.1586 65.8699
threshold=0.16701550000000004 0.24015750000000002 -9.2623459999999991 3.2703985000000002 -8.6800479999999975 -4.5236774999999989 0.6480935000000001 7.2802315000000002 122.50000000000001 0.35723850000000007 -8.6800479999999975 -10.670697499999998 57.918362000000009 36.254668500000008
decision_type=2 2 2 2 2 2 2 2 2 2 2 2 2 2
left_child=12 2 3 11 7 6 9 8 -3 -6 -4 -2 13 -1
right_child=1 4 10 -5 5 -7 -8 -9 -10 -11 -12 -13 -14 -15
leaf_value=0.0046706030698436679 0.011340936315911158 0.21073956936597826 0.045215409358634669 -0.17223871791592013 0.052129408377020264 0.026119688430335377 -0.16951643797484311 -0.031251967376879151 0.01056868470395389 -0.050387262682928591 -0.039154956643951355 -0.081563687717009878 -0.060387485697865485 0.055939232321954017
leaf_weight=165 35 20 34 26 23 80 22 31 46 43 58 28 20 101
leaf_count=165 35 20 34 26 23 80 22 31 46 43 58 28 20 101
internal_value=-0.00104 -0.0133947 -0.0392195 -0.0715175 0.00424407 -0.0155206 -0.0533754 0.0384757 0.0712265 -0.0146618 -0.0079746 -0.02995 0.0182264 0.0241373
internal_weight=732 446 181 89 265 168 88 97 66 66 92 63 286 266
internal_count=732 446 181 89 265 168 88 97 66 66 92 63 286 266
is_linear=0
shrinkage=0.05


Tree=71
num_leaves=15
num_cat=0
split_feature=0 5 16 16 6 5 3 9 6 7 3 16 1 7
split_gain=78.5741 83.2226 127.939 119.516 134.116 79.4884 63.4499 59.5011 54.2628 54.1502 51.9382 59.3834 51.4639 359.361
threshold=10.353287500000002 40.419282500000001 132.50000000000003 157.50000000000003 -8.6261094999999983 46.908492000000003 3.2596755000000006 2.5000000000000004 -10.281963499999998 -9.8571764999999996 5.0582905000000009 80.500000000000014 6.6778410000000008 -8.3690944999999974
decision_type=2 2 2 2 2 2 2 2 2 2 2 2 2 2
left_child=1 7 8 -4 -5 -6 -7 12 -3 -9 -11 -12 -1 -14
right_child=-2 2 3 4 5 6 -8 9 -10 10 11 -13 13 -15
leaf_value=-0.0091736134478113181 -0.081859847768080529 0.042050826058469042 -0.068308382402909429 0.11462319323068693 -0.04039279682418475 0.11669288177508862 -0.0038915548473596575 -0.090806874223926581 0.14698473147249647 0.011477042133496568 -0.12259919501841068 -0.0089269609535457921 0.22467987775802611 -0.0089446900552639409
leaf_weight=218 27 22 38 36 52 20 24 32 28 66 20 27 20 93
leaf_count=218 27 22 38 36 52 20 24 32 28 66 20 27 20 93
internal_value=0.00182818 0.0050747 0.0305066 0.00982795 0.0323217 0.0014587 0.0509196 -0.00667952 0.100814 -0.0333886 -0.0171286 -0.0572981 0.00502083 0.0324048
internal_weight=723 696 220 170 132 96 44 476 50 145 113 47 331 113
internal_count=723 696 220 170 132 96 44 476 50 145 113 47 331 113
is_linear=0
shrinkage=0.05


Tree=72
num_leaves=15
num_cat=0
split_feature=0 2 4 2 1 0 16 5 16 6 2 5 16 7
split_gain=86.4669 65.2997 164.82 79.0349 191.412 55.6962 67.4375 121.726 121.487 69.1331 65.2782 60.3673 51.2306 40.68
threshold=11.259516500000002 53.614001500000008 0.92701600000000006 41.116896000000004 23.269492500000002 -0.7125149999999999 157.50000000000003 25.578328500000005 190.50000000000003 -8.2102879999999967 -1.0000000180025095e-35 35.633359500000005 192.50000000000003 -17.812926999999998
decision_type=2 2 2 2 2 2 2 2 2 2 2 2 2 2
left_child=1 3 -3 4 5 6 7 -1 -8 -9 12 -10 -7 -12
right_child=-2 2 -4 -5 -6 10 8 9 11 -11 13 -13 -14 -15
leaf_value=0.062937758321111856 -0.10511781677958512 0.11262492616031622 -0.060193062150342903 -0.090510920697340264 0.14903469128534197 -0.028006992876529697 0.12681333483507237 -0.010747233327282103 -0.035713766112090338 -0.11428863621050758 -0.066448232050864933 0.060075640010422676 -0.13537030644714831 -0.0064611090811376925
leaf_weight=33 21 37 22 27 20 25 30 38 38 28 31 29 20 320
leaf_count=33 21 37 22 27 20 25 30 38 38 28 31 29 20 320
internal_value=-0.0051527 -0.00214515 0.0481843 -0.00679216 -0.00309869 -0.00823833 0.0135609 -0.01547 0.0431904 -0.0546739 -0.0190279 0.00574732 -0.075724 -0.0117591
internal_weight=719 698 59 639 612 592 196 99 97 66 396 67 45 351
internal_count=719 698 59 639 612 592 196 99 97 66 396 67 45 351
is_linear=0
shrinkage=0.05


Tree=73
num_leaves=15
num_cat=0
split_feature=9 8 5 8 16 4 7 1 8 6 7 6 3 0
split_gain=66.3242 71.9557 131.073 71.0802 58.9362 81.799 58.6346 76.8378 56.5549 103.355 122.188 66.8655 57.0107 66.7768
threshold=2.5000000000000004 32.500000000000007 23.840717000000005 42.500000000000007 181.50000000000003 0.58258450000000006 -9.2623459999999991 1.7827810000000002 47.500000000000007 -2.5716004999999993 -16.718173999999998 -3.9374349999999994 2.2716655000000006 0.92242400000000013
decision_type=2 2 2 2 2 2 2 2 2 2 2 2 2 2
left_child=1 2 -1 4 5 -2 7 -5 9 10 -3 -10 -12 -14
right_child=3 8 -4 6 -6 -7 -8 -9 11 -11 12 -13 13 -15
leaf_value=0.029422897521568382 0.011021100017039674 0.11920094999617764 -0.14559492044150832 -0.041297485541414332 0.064119667493339097 -0.090306183669183943 -0.012173511994046135 -0.17060073480010032 0.0089077142830632765 0.13313278996426126 0.033578631943185826 -0.068416486032815138 -0.085494469698252418 0.0073068410276420541
leaf_weight=23 69 28 20 27 28 28 37 20 183 23 99 33 28 63
leaf_count=23 69 28 20 27 28 28 37 20 183 23 99 33 28 63
internal_value=-3.18565e-05 0.00985529 -0.0519807 -0.0236853 0.000217868 -0.018228 -0.0592556 -0.0963201 0.0156736 0.0323255 0.0216899 -0.00290571 0.00731984 -0.0212474
internal_weight=709 500 43 209 125 97 84 47 457 241 218 216 190 91
internal_count=709 500 43 209 125 97 84 47 457 241 218 216 190 91
is_linear=0
shrinkage=0.05


Tree=74
num_leaves=15
num_cat=0
split_feature=3 2 1 0 3 2 2 2 7 2 0 2 1 4
split_gain=65.4768 156.047 119.702 78.6285 67.2708 205.881 58.6855 44.4609 52.072 161.965 40.3161 45.3648 34.778 55.6362
threshold=9.3343850000000028 39.983846500000006 16.674631000000002 -0.7125149999999999 0.98851100000000003 12.067229500000002 -1.0000000180025095e-35 18.099410000000002 -9.2623459999999991 9.1518295000000016 -5.9548174999999999 3.0865885000000004 13.330613500000002 0.59337600000000013
decision_type=2 2 2 2 2 2 2 2 2 2 2 2 2 2
left_child=2 -2 3 4 7 -6 -5 8 10 -10 -1 -12 13 -8
right_child=1 -3 -4 6 5 -7 12 -9 9 -11 11 -13 -14 -15
leaf_value=0.024753467213701121 0.030494072218425573 -0.12446669513980549 0.10956959886333117 -0.070427697626873856 0.19960528466850522 -0.0061577730121151093 -0.0060422442372421135 0.050240941250577889 0.12040881322324276 -0.070489448010921482 -0.020396520131651094 -0.1152977654710412 0.037986996120367295 -0.083648054286837581
leaf_weight=22 32 33 26 40 20 31 303 47 25 20 34 20 39 25
leaf_count=22 32 33 26 40 20 31 303 47 25 20 34 20 39 25
internal_value=-0.000323972 -0.0481783 0.00444678 8.06601e-05 0.0242379 0.0745336 -0.012918 0.00896961 -0.0070614 0.0355651 -0.0323008 -0.0555451 -0.00664989 -0.0119573
internal_weight=717 65 652 626 219 51 407 168 121 45 76 54 367 328
internal_count=717 65 652 626 219 51 407 168 121 45 76 54 367 328
is_linear=0
shrinkage=0.05


Tree=75
num_leaves=15
num_cat=0
split_feature=1 16 16 2 5 5 6 6 0 7 0 1 5 5
split_gain=85.206 89.5456 206.717 182.303 108.167 96.4314 153.371 107.043 116.43 115.992 94.7484 95.9728 94.4157 87.4855
threshold=30.870417500000006 81.500000000000014 108.50000000000001 33.609642000000008 33.945575000000012 36.254668500000008 -5.1848174999999985 -7.3184504999999991 5.7689730000000017 -11.952297999999997 4.7327555000000006 6.3693455000000005 21.360342000000006 21.753089000000003
decision_type=2 2 2 2 2 2 2 2 2 2 2 2 2 2
left_child=1 3 4 10 -3 12 7 8 -7 -9 11 -1 -4 -13
right_child=-2 2 5 -5 -6 6 -8 9 -10 -11 -12 13 -14 -15
leaf_value=-0.035388942667223672 -0.099074092312228121 0.049810849591987588 0.063539812700064091 -0.17291925363242627 0.17628646744415166 0.049478354108100406 0.15328723993152382 -0.10655241773596831 -0.059720638344685245 0.044391596727073192 -0.099715399482975836 0.0014730413322863371 -0.035843255896767144 0.14445901472121478
leaf_weight=47 21 73 27 20 22 131 20 35 30 20 23 23 208 20
leaf_count=47 21 73 27 20 22 131 20 35 30 20 23 23 208 20
internal_value=0.000161589 0.00314292 0.0118179 -0.0337749 0.0790999 -0.00175273 0.0208233 0.00855807 0.0291307 -0.0516637 -0.00914756 0.0139976 -0.0244248 0.0679781
internal_weight=720 699 566 133 95 471 236 216 161 55 113 90 235 43
internal_count=720 699 566 133 95 471 236 216 161 55 113 90 235 43
is_linear=0
shrinkage=0.05


Tree=76
num_leaves=15
num_cat=0
split_feature=7 7 4 3 7 3 7 4 9 7 4 16 0 16
split_gain=48.1562 143.437 82.959 65.8766 61.7626 122.239 50.8191 97.8709 76.2079 65.9182 125.679 84.0966 52.1293 38.935
threshold=-16.562925499999995 -17.812926999999998 -0.047545499999999997 0.72167550000000014 -11.952297999999997 -4.9690034999999986 -8.6800479999999975 0.050823000000000007 2.5000000000000004 -4.5236774999999989 0.37265950000000009 95.500000000000014 2.5999585000000005 166.50000000000003
decision_type=2 2 2 2 2 2 2 2 2 2 2 2 2 2
left_child=1 3 -3 -1 5 -2 7 -6 12 10 -8 -12 -9 -7
right_child=4 2 -4 -5 6 13 9 8 -10 -11 11 -13 -14 -15
leaf_value=0.015958747870343574 0.061448458582162857 0.010969375129099247 0.1269108848956724 -0.088652661994651522 -0.035199017366715546 -0.098859085993103266 -0.001959474378337081 0.044169136781304602 -0.018815085291862488 0.018493258291665388 -0.1713027411699295 -0.050974489526190575 0.12950116831064226 -0.024157680975846377
leaf_weight=34 21 27 36 27 58 53 130 63 35 98 20 53 25 26
leaf_count=34 21 27 36 27 58 53 130 63 35 98 20 53 25 26
internal_value=-0.00398478 0.024306 0.0772217 -0.0303447 -0.0100124 -0.0457721 -0.00259332 0.0183432 0.0435907 -0.015183 -0.0314406 -0.0839411 0.0684112 -0.0742738
internal_weight=706 124 63 61 582 100 482 181 123 301 203 73 88 79
internal_count=706 124 63 61 582 100 482 181 123 301 203 73 88 79
is_linear=0
shrinkage=0.05


Tree=77
num_leaves=15
num_cat=0
split_feature=1 1 3 5 3 8 2 16 16 2 2 2 1 2
split_gain=78.3107 86.4474 77.4998 86.62 68.0203 87.5482 140.556 66.1826 57.6552 59.9524 58.0158 48.1436 61.0318 75.1641
threshold=32.052157500000007 17.211449000000005 8.9324510000000021 44.437892500000011 3.2824320000000005 42.500000000000007 8.5081175000000027 232.50000000000003 120.50000000000001 18.625559500000005 36.043646500000008 27.905123500000006 1.2600995000000002 3.3110140000000006
decision_type=2 2 2 2 2 2 2 2 2 2 2 2 2 2
left_child=1 4 -3 -4 5 6 -1 11 -6 -10 -11 12 -7 -14
right_child=-2 2 3 -5 8 7 -8 -9 9 10 -12 -13 13 -15
leaf_value=0.15892622652261154 -0.094725963091921245 0.14103566611185669 -0.053087975159287454 0.094068364705890417 0.00050352675269447989 0.0024578471838898916 0.019058303630388365 0.080330078303813945 0.0039869078787396085 -0.118788141133012 -0.032920177209944952 0.063164656986260712 -0.12635720508254095 -0.022354167989704393
leaf_weight=23 21 20 20 20 124 169 82 22 37 37 42 21 23 71
leaf_count=23 21 20 20 20 124 169 82 22 37 37 42 21 23 71
internal_value=0.000433112 0.00324372 0.060672 0.0204902 -0.00204921 0.0103013 0.049696 -0.00321656 -0.0231994 -0.048537 -0.0731368 -0.00968848 -0.0155056 -0.0478017
internal_weight=732 711 60 40 651 411 105 306 240 116 79 284 263 94
internal_count=732 711 60 40 651 411 105 306 240 116 79 284 263 94
is_linear=0
shrinkage=0.05


Tree=78
num_leaves=15
num_cat=0
split_feature=5 2 7 6 6 16 6 5 7 16 16 3 2 16
split_gain=58.2548 64.3285 80.1032 127.575 181.254 123.242 105.941 74.0621 93.1762 140.591 114.704 99.0925 66.2828 65.5025
threshold=55.921993500000006 -1.4748389999999996 -8.6800479999999975 -5.0309389999999992 -4.1688014999999998 209.50000000000003 -10.775147999999998 16.403389000000004 -4.5236774999999989 87.500000000000014 108.50000000000001 2.5895190000000006 22.879876500000005 194.50000000000003
decision_type=2 2 2 2 2 2 2 2 2 2 2 2 2 2
left_child=1 13 3 5 -5 6 -3 -4 9 11 -11 -9 -12 -1
right_child=-2 2 7 4 -6 -7 -8 8 -10 10 12 -13 -14 -15
leaf_value=0.010190687855995237 -0.057553383688896134 0.060410964722896733 0.082303997433998369 0.17437356094067746 0.0045621413489182793 0.089787329369928781 -0.030859375338940349 -0.034706199583080077 0.02921729975173043 0.073722852887037935 -0.072289250126162261 -0.17146644385961385 0.0057736021384858253 -0.077648867615921935
leaf_weight=41 39 43 22 33 30 41 122 27 90 34 52 26 57 44
leaf_count=41 39 43 22 33 30 41 122 27 90 34 52 26 57 44
internal_value=0.00183119 0.00532968 0.0113119 0.0312465 0.093511 0.0122044 -0.00707377 -0.00609844 -0.0128986 -0.0322376 -0.00645712 -0.101796 -0.0314674 -0.0352792
internal_weight=701 662 577 269 63 206 165 308 286 196 143 53 109 85
internal_count=701 662 577 269 63 206 165 308 286 196 143 53 109 85
is_linear=0
shrinkage=0.05


Tree=79
num_leaves=15
num_cat=0
split_feature=10 3 3 5 0 2 0 16 16 1 3 6 6 6
split_gain=61.3121 86.3417 67.9846 37.7869 36.6244 74.3415 49.9635 49.5111 131.195 78.9254 68.4953 61.9122 103.897 173.049
threshold=2.5000000000000004 0.98851100000000003 -0.38679499999999994 37.112738000000007 11.259516500000002 53.614001500000008 1.0112955000000003 200.50000000000003 207.50000000000003 23.627738500000003 7.9799110000000004 -5.6438714999999986 -4.0516444999999992 -4.4456239999999996
decision_type=2 2 2 2 2 2 2 2 2 2 2 2 2 2
left_child=4 2 3 -2 5 7 -7 9 -9 10 11 -1 13 -13
right_child=1 -3 -4 -5 -6 6 -8 8 -10 -11 -12 12 -14 -15
leaf_value=-0.028776283437190089 -0.0036566968420115504 0.081034962274134162 -0.080802013689563398 0.076015106114474207 -0.073506344787099151 -0.0062775896093808115 0.098839566856622707 -0.15972000546753407 -0.014962414817677606 0.091016848385334026 -0.07975135468172305 0.011215899891236373 -0.014599324157642014 0.17369507207818655
leaf_weight=152 46 48 21 22 22 20 26 20 72 20 33 57 129 23
leaf_count=152 46 48 21 22 22 20 26 20 72 20 33 57 129 23
internal_value=-0.00306901 0.0269851 -0.00216537 0.0221195 -0.0102422 -0.00772081 0.0531365 -0.0132533 -0.0464315 -0.00588037 -0.010799 -0.00449589 0.0131626 0.0579287
internal_weight=711 137 89 68 574 552 46 506 92 414 394 361 209 80
internal_count=711 137 89 68 574 552 46 506 92 414 394 361 209 80
is_linear=0
shrinkage=0.05


Tree=80
num_leaves=15
num_cat=0
split_feature=1 1 5 0 2 18 1 2 5 18 6 2 8 5
split_gain=54.9158 69.4843 94.5959 69.3666 50.2374 77.1895 99.8929 64.55 53.8169 76.0789 45.1388 63.6373 130.328 52.8073
threshold=30.870417500000006 16.674631000000002 45.208308500000008 -0.7125149999999999 1.6538965000000003 52.500000000000007 2.8325975000000008 5.4087750000000012 34.023421000000006 212.50000000000003 -7.1287254999999989 13.074674500000002 47.500000000000007 37.384695000000008
decision_type=2 2 2 2 2 2 2 2 2 2 2 2 2 2
left_child=1 3 -3 10 5 -5 -7 -6 -9 -10 13 12 -12 -1
right_child=-2 2 -4 4 7 6 -8 8 9 -11 11 -13 -14 -15
leaf_value=-0.035958649989010563 -0.076894540255042651 -0.0015986407476086774 0.1291235364060849 0.027188046524922058 0.066706086155669447 -0.031827072839644789 -0.169879677813733 0.006466936199301547 -0.063432063305273997 0.015142990599269979 0.16861933005372221 -0.0043233199618183654 0.020530702097293657 0.03117977259680629
leaf_weight=54 22 31 25 24 29 38 20 182 86 48 24 39 39 64
leaf_count=54 22 31 25 24 29 38 20 182 86 48 24 39 39 64
internal_value=0.000894064 0.00332842 0.0567595 -0.00129622 -0.0130476 -0.0482257 -0.0794314 -0.00468648 -0.0112383 -0.0352858 0.0215122 0.0458721 0.0769454 0.00045541
internal_weight=725 703 56 647 427 82 58 345 316 134 220 102 63 118
internal_count=725 703 56 647 427 82 58 345 316 134 220 102 63 118
is_linear=0
shrinkage=0.05


Tree=81
num_leaves=15
num_cat=0
split_feature=1 4 2 8 7 6 16 2 16 1 3 2 16 16
split_gain=74.8794 62.9677 132.091 111.155 129.077 86.2867 71.8054 123.823 100.771 70.9682 64.1964 55.6047 39.2396 82.2624
threshold=30.870417500000006 0.20942550000000001 10.700604000000002 47.500000000000007 -4.6064339999999993 -4.1406759999999982 78.500000000000014 30.151595500000003 99.500000000000014 20.796118000000003 2.8571610000000005 35.492877000000007 165.50000000000003 187.50000000000003
decision_type=2 2 2 2 2 2 2 2 2 2 2 2 2 2
left_child=1 5 3 4 -3 12 7 -4 -8 10 -10 -12 -1 -14
right_child=-2 2 6 -5 -6 -7 8 -9 9 -11 11 -13 13 -15
leaf_value=-0.024117755757745458 -0.096193257048726083 0.17683259159093723 0.033475155290216212 -0.0035699934964733464 0.028388395657142004 -0.096844924575295949 0.080974175272191445 -0.13343878178298474 0.026669180344362733 0.082006320073491054 -0.069799396646071654 -0.0017184512594998894 0.068385178583363695 -0.014259162494032593
leaf_weight=148 20 32 20 35 27 29 41 25 61 21 61 59 45 91
leaf_count=148 20 32 20 35 27 29 41 25 61 21 61 59 45 91
internal_value=-0.000809218 0.00193565 0.0155588 0.0670232 0.108901 -0.0146907 -0.00123863 -0.0592548 0.00950511 -0.00500099 -0.0150958 -0.0363263 -0.00630169 0.0130864
internal_weight=715 695 382 94 59 313 288 45 243 202 181 120 284 136
internal_count=715 695 382 94 59 313 288 45 243 202 181 120 284 136
is_linear=0
shrinkage=0.05


Tree=82
num_leaves=15
num_cat=0
split_feature=16 16 6 2 7 2 1 6 7 0 16 6 2 8
split_gain=52.6284 135.513 106.07 96.3996 86.6682 81.8795 60.0371 59.6018 97.1429 44.8979 46.8169 55.6437 50.7684 46.0418
threshold=78.500000000000014 102.50000000000001 -4.008678999999999 37.872704500000005 -8.3690944999999974 33.609642000000008 11.091080500000002 -5.1848174999999985 -16.718173999999998 7.9229730000000016 234.50000000000003 -11.905574999999997 -1.4748389999999996 42.500000000000007
decision_type=2 2 2 2 2 2 2 2 2 2 2 2 2 2
left_child=5 3 7 -2 -4 6 -1 9 -9 10 11 12 -3 -13
right_child=1 2 4 -5 -6 -7 -8 8 -10 -11 -12 13 -14 -15
leaf_value=-0.032950973627157508 0.036268646771307381 -0.023661383623645331 -0.13367330519855022 0.15882573883448328 -0.01709219374672764 -0.12044587486889213 0.055691087245941163 0.13335774527943653 0.010653371508750651 -0.06725156583512823 0.070827119975971672 0.021757505918768322 0.064807799369096752 -0.027528922447180821
leaf_weight=72 68 24 25 21 44 20 26 23 54 24 24 66 50 168
leaf_count=72 68 24 25 21 44 20 26 23 54 24 24 66 50 168
internal_value=0.00223734 0.00832436 -0.0017568 0.0651866 -0.0593317 -0.0282493 -0.00943369 0.00741796 0.0473053 -0.00120936 0.00356477 -0.00167645 0.0361151 -0.0136276
internal_weight=709 591 502 89 69 118 98 433 77 356 332 308 74 234
internal_count=709 591 502 89 69 118 98 433 77 356 332 308 74 234
is_linear=0
shrinkage=0.05


Tree=83
num_leaves=15
num_cat=0
split_feature=3 2 1 0 4 3 0 2 2 0 0 0 16 5
split_gain=48.0832 136.82 84.1466 44.93 51.5182 57.2374 75.485 49.4856 47.0942 38.8311 43.6678 40.7678 38.5998 97.5443
threshold=9.8445290000000014 39.983846500000006 16.674631000000002 -0.7125149999999999 0.24015750000000002 3.3942190000000001 0.92242400000000013 2.1295070000000007 -7.6275559999999993 4.1533875000000009 6.2994450000000013 2.5347550000000005 157.50000000000003 33.679248000000008
decision_type=2 2 2 2 2 2 2 2 2 2 2 2 2 2
left_child=2 -2 3 12 7 -6 -7 8 -5 11 -11 -8 -1 -14
right_child=1 -3 -4 4 5 6 9 -9 -10 10 -12 -13 13 -15
leaf_value=0.0011268358263704513 0.033226706509788838 -0.11907736466563275 0.085897633914024607 -0.0080214564688503749 0.062040669361992588 -0.084051891207695018 -0.013471421325364366 -0.011558086355685587 -0.1058274533628719 -0.039423123308058299 0.034543430721086843 0.064858798310160642 -0.0061059428068498773 0.095229930755622846
leaf_weight=117 30 29 31 20 41 25 26 149 32 56 31 46 48 47
leaf_count=117 30 29 31 20 41 25 26 149 32 56 31 46 48 47
internal_value=0.00163551 -0.0416346 0.00545156 0.00154274 -0.00781759 0.00861675 -0.00328749 -0.0262142 -0.0682098 0.00941132 -0.0130672 0.0365729 0.0203517 0.0440286
internal_weight=728 59 669 638 426 225 184 201 52 159 87 72 212 95
internal_count=728 59 669 638 426 225 184 201 52 159 87 72 212 95
is_linear=0
shrinkage=0.05


Tree=84
num_leaves=15
num_cat=0
split_feature=3 12 0 3 2 16 5 16 16 16 4 5 16 5
split_gain=51.945 124.368 74.1418 50.2166 41.3036 52.2782 61.9365 84.6902 111.172 90.4906 92.8601 70.4454 70.4314 69.2808
threshold=8.9324510000000021 16.353160000000006 5.6557185000000008 6.3671445000000011 35.352503000000006 64.500000000000014 16.403389000000004 158.50000000000003 187.50000000000003 227.50000000000003 -0.029800999999999998 21.999981500000004 205.50000000000003 27.235792000000004
decision_type=2 2 2 2 2 2 2 2 2 2 2 2 2 2
left_child=1 3 -2 4 5 -1 -7 -8 13 11 -11 -10 -13 -9
right_child=2 -3 -4 -5 -6 6 7 8 9 10 -12 12 -14 -15
leaf_value=0.056214042229426879 -0.12300086215138435 0.12614282175898553 -0.010582895356823099 -0.045692952343129686 0.041438630010144639 0.078303467021102011 -0.034584206343672354 0.014806808516383172 0.042938569498558843 -0.034552785996347667 0.11132541887927801 -0.10944982930444754 -0.020562462795239229 0.10309092923067512
leaf_weight=37 20 20 55 56 65 21 191 50 21 20 24 39 52 40
leaf_count=37 20 20 55 56 65 21 191 50 21 20 24 39 52 40
internal_value=-0.00120556 0.00343541 -0.040561 -0.000548596 0.00396584 -0.000954829 -0.00557328 -0.00960397 0.00979126 -0.0157393 0.0450171 -0.0396079 -0.058657 0.0540442
internal_weight=711 636 75 616 560 495 458 437 246 156 44 112 91 90
internal_count=711 636 75 616 560 495 458 437 246 156 44 112 91 90
is_linear=0
shrinkage=0.05


Tree=85
num_leaves=15
num_cat=0
split_feature=1 8 5 1 7 0 16 0 16 16 7 16 6 3
split_gain=59.2253 65.2029 108.58 98.0451 77.5536 54.2762 54.354 51.1584 65.6819 47.1677 38.3946 59.9772 76.2662 42.1838
threshold=32.052157500000007 32.500000000000007 27.040619000000003 14.973863500000002 -10.079564499999998 -0.73835999999999979 64.500000000000014 -1.4757929999999997 157.50000000000003 190.50000000000003 -9.2623459999999991 193.50000000000003 -5.6438714999999986 3.3942190000000001
decision_type=2 2 2 2 2 2 2 2 2 2 2 2 2 2
left_child=1 2 -1 5 -5 7 -7 8 -3 -10 11 12 -8 -12
right_child=-2 3 -4 4 -6 6 10 -9 9 -11 13 -13 -14 -15
leaf_value=0.00044423004066378906 -0.084345203153789045 -0.018619398112419281 -0.12093879674319868 0.022261036408914105 0.13625868012756109 0.065729280899871484 -0.04050972316735646 0.080249226780142638 0.098904655873775491 0.018277860746408504 0.022610359104644314 -0.097966092526912685 0.060555695215589372 -0.025436517907920383
leaf_weight=58 20 89 27 37 25 22 84 32 26 60 95 30 24 88
leaf_count=58 20 89 27 37 25 22 84 32 26 60 95 30 24 88
internal_value=0.000487911 0.00292215 -0.0381127 0.00862144 0.0682278 0.00190217 -0.0102998 0.022121 0.0114918 0.0426534 -0.0155106 -0.0354236 -0.0180507 -0.00049415
internal_weight=717 697 85 612 62 550 343 207 175 86 321 138 108 183
internal_count=717 697 85 612 62 550 343 207 175 86 321 138 108 183
is_linear=0
shrinkage=0.05


Tree=86
num_leaves=15
num_cat=0
split_feature=8 5 1 16 1 8 0 10 3 7 7 3 6 6
split_gain=55.9209 84.544 68.9983 69.0659 56.5579 59.0201 50.5212 40.3292 88.6628 37.8991 66.1109 46.4685 40.46 63.4809
threshold=32.500000000000007 24.948355000000003 12.429344500000001 94.500000000000014 27.422831500000004 42.500000000000007 -0.73835999999999979 1.0000000180025095e-35 0.95076800000000017 -9.2623459999999991 -10.883451499999998 3.3942190000000001 -4.6540244999999993 -7.3184504999999991
decision_type=2 2 2 2 2 2 2 2 2 2 2 2 2 2
left_child=1 -1 6 -4 5 -5 7 -2 -9 10 12 -11 13 -8
right_child=2 -3 3 4 -6 -7 9 8 -10 11 -12 -13 -14 -15
leaf_value=0.0038804224944518264 -0.013087470931085674 -0.10104020603466779 0.10356490691192449 0.083683588645524457 -0.04957950881317906 -0.015178032980587048 -0.0055940882479450825 0.0140203049681469 0.11745329373157942 0.021930479283698581 -0.096617716492619368 -0.027972593793737482 0.041012580402195457 -0.1088963743846398
leaf_weight=48 66 32 32 36 23 26 58 102 26 110 32 81 25 20
leaf_count=48 66 32 32 36 23 26 58 102 26 110 32 81 25 20
internal_value=0.00131454 -0.0380878 0.00626303 0.0409549 0.0173841 0.0422255 -0.00154266 0.0186602 0.0350301 -0.0135652 -0.0338432 0.000767396 -0.0143405 -0.0320819
internal_weight=717 80 637 117 85 62 520 194 128 326 135 191 103 78
internal_count=717 80 637 117 85 62 520 194 128 326 135 191 103 78
is_linear=0
shrinkage=0.05


Tree=87
num_leaves=15
num_cat=0
split_feature=1 1 3 2 16 5 16 7 7 4 16 5 16 16
split_gain=45.7459 58.7935 67.7199 52.992 53.0027 41.165 40.3284 37.9457 66.8338 72.0921 55.0285 125.229 67.7572 129.332
threshold=30.870417500000006 24.055081000000005 9.3343850000000028 54.953843000000013 143.50000000000003 16.403389000000004 234.50000000000003 -16.562925499999995 -17.812926999999998 -0.14693499999999998 66.500000000000014 24.331731000000001 87.500000000000014 108.50000000000001
decision_type=2 2 2 2 2 2 2 2 2 2 2 2 2 2
left_child=1 2 3 5 -5 -1 7 8 -7 -10 11 -9 -12 -14
right_child=-2 -3 -4 4 -6 6 -8 10 9 -11 12 -13 13 -15
leaf_value=0.058575366120095611 -0.073247747823950798 0.078552811299838751 -0.083567202844036126 0.11518843553960323 0.0027234314348209988 -0.015503521392551754 0.05510444067142628 -0.02895240285433829 0.003338235318660736 0.13758813163265587 -0.066777696687495336 0.1260125146670775 0.061918448952313222 -0.023603157259808001
leaf_weight=27 21 24 24 20 22 52 27 32 20 20 64 22 52 295
leaf_count=27 21 24 24 20 22 52 27 32 20 20 64 22 52 295
internal_value=-0.000532287 0.00164607 -0.00108032 0.00195136 0.0562782 -0.00178306 -0.0045736 -0.00746643 0.0218733 0.0704632 -0.0132713 0.0341815 -0.0195059 -0.0107872
internal_weight=722 701 677 653 42 611 584 557 92 40 465 54 411 347
internal_count=722 701 677 653 42 611 584 557 92 40 465 54 411 347
is_linear=0
shrinkage=0.05


Tree=88
num_leaves=15
num_cat=0
split_feature=0 16 4 2 6 0 2 1 1 4 2 8 1 1
split_gain=53.154 39.8527 58.5161 82.3382 121.789 74.197 89.9029 73.3362 68.3815 73.4853 63.8283 46.1786 40.1319 29.696
threshold=11.259516500000002 232.50000000000003 0.20942550000000001 10.700604000000002 -4.0446769999999992 1.0112955000000003 60.600434500000006 3.2703985000000002 24.055081000000005 0.65463500000000019 3.3110140000000006 42.500000000000007 8.720343500000002 12.968845500000002
decision_type=2 2 2 2 2 2 2 2 2 2 2 2 2 2
left_child=1 2 7 4 -4 13 8 -1 9 12 -6 -9 -7 -5
right_child=-2 -3 3 5 10 6 -8 11 -10 -11 -12 -13 -14 -15
leaf_value=-0.0024489311135017918 -0.076649260707199574 0.055082977913758338 0.12035559022751374 -0.019660618065481451 -0.037978169037138715 -0.034721661665860347 0.11016113365311986 -0.021056940069271102 0.088854096794412252 -0.077332973182201392 0.068520822344968715 -0.10005279755773577 0.030246579392424113 -0.081463024020195007
leaf_weight=204 22 34 39 77 34 34 23 37 21 30 24 37 79 26
leaf_count=204 22 34 39 77 34 34 23 37 21 30 24 37 79 26
internal_value=-0.000125249 0.00228323 -0.000416304 0.0121545 0.0520321 -0.00118383 0.0175861 -0.017916 0.00460299 -0.00776955 0.00609038 -0.0605549 0.0106986 -0.0352612
internal_weight=721 699 665 387 97 290 187 278 164 143 58 74 113 103
internal_count=721 699 665 387 97 290 187 278 164 143 58 74 113 103
is_linear=0
shrinkage=0.05


Tree=89
num_leaves=15
num_cat=0
split_feature=4 4 2 3 4 2 8 6 6 2 0 16 2 16
split_gain=50.2474 107.452 100.346 53.3222 48.9533 103.025 127.613 138.935 66.3733 59.4115 57.8941 37.1861 75.431 59.4582
threshold=0.84546450000000017 0.69123500000000015 40.561227000000009 7.0620510000000012 0.20942550000000001 9.8360330000000022 47.500000000000007 -3.5268989999999998 -4.1406759999999982 22.247711500000005 1.3008590000000002 165.50000000000003 11.177511000000001 176.50000000000003
decision_type=2 2 2 2 2 2 2 2 2 2 2 2 2 2
left_child=1 3 -2 4 8 6 7 -6 11 10 -7 12 -1 -13
right_child=2 -3 -4 -5 5 9 -8 -9 -10 -11 -12 13 -14 -15
leaf_value=-0.055859132330265959 0.022479469386430889 0.091150025640215196 -0.088274666918225067 -0.05551272702331727 0.21885807955903666 -0.088879719941780497 -0.0084523153716120226 0.036979860368938675 -0.082056956538664447 0.02362372943483617 0.0029731525135936127 0.085355441587475642 0.018360523809678852 0.001207616192570657
leaf_weight=70 39 35 43 39 21 29 29 21 28 115 42 26 67 109
leaf_count=70 39 35 43 39 21 29 29 21 28 115 42 26 67 109
internal_value=0.00122161 0.00600652 -0.0355989 0.00100649 0.00496385 0.0209789 0.072218 0.127919 -0.00875569 0.00141984 -0.0345442 -0.00120997 -0.0195619 0.0174139
internal_weight=713 631 82 596 557 257 71 42 300 186 71 272 137 135
internal_count=713 631 82 596 557 257 71 42 300 186 71 272 137 135
is_linear=0
shrinkage=0.05


Tree=90
num_leaves=15
num_cat=0
split_feature=3 6 5 6 3 16 16 2 16 7 5 16 8 1
split_gain=56.7979 44.3194 36.4345 80.1493 73.1488 55.2383 60.8214 98.2594 51.4651 73.8054 73.7223 42.0324 40.396 45.3532
threshold=9.3343850000000028 -4.5716359999999989 36.254668500000008 -5.0309389999999992 3.2596755000000006 121.50000000000001 146.50000000000003 23.959780500000004 91.500000000000014 -9.567556999999999 16.403389000000004 228.50000000000003 42.500000000000007 2.2996440000000002
decision_type=2 2 2 2 2 2 2 2 2 2 2 2 2 2
left_child=2 -2 5 4 11 8 7 -7 9 -1 -11 -4 -8 -14
right_child=1 -3 3 -5 -6 6 12 -9 -10 10 -12 -13 13 -15
leaf_value=0.084618410803377633 0.0033944998867809772 -0.082274701296248365 0.019370542756951183 0.11512009691447021 -0.032455807792105003 -0.15755584832280875 0.039370153119157564 -0.010143331706953737 0.049879283133822568 0.05493474220140622 -0.040532627435667178 0.095690951177052092 -0.0036877140515371339 -0.071369039322085243
leaf_weight=20 26 36 128 20 68 20 34 26 65 26 91 21 91 34
leaf_count=20 26 36 128 20 68 20 34 26 65 26 91 21 91 34
internal_value=-0.000642093 -0.0463489 0.00375825 0.0193432 0.0105159 -0.00531703 -0.0236019 -0.0742357 0.0132394 -0.00414451 -0.0193177 0.0301271 -0.00895311 -0.022097
internal_weight=706 62 644 237 217 407 205 46 202 137 117 149 159 125
internal_count=706 62 644 237 217 407 205 46 202 137 117 149 159 125
is_linear=0
shrinkage=0.05


Tree=91
num_leaves=15
num_cat=0
split_feature=4 2 0 2 16 4 1 2 16 8 2 16 2 3
split_gain=47.674 82.1126 77.8424 63.7628 35.51 42.1618 73.4458 48.9828 73.2846 83.9226 48.185 45.5275 45.403 41.1806
threshold=0.84546450000000017 60.600434500000006 5.6557185000000008 41.325961000000007 231.50000000000003 0.20942550000000001 3.1818555000000006 10.700604000000002 81.500000000000014 47.500000000000007 7.4315715000000013 108.50000000000001 23.678644500000004 3.2596755000000006
decision_type=2 2 2 2 2 2 2 2 2 2 2 2 2 2
left_child=1 4 -2 -4 5 6 -1 8 -7 -10 -8 -9 -13 -14
right_child=2 -3 3 -5 -6 7 10 11 9 -11 -12 12 13 -15
leaf_value=-0.0016375741709701041 -0.087310105832293636 0.086758842759133717 0.071579752223832269 -0.053164649736136195 0.046677094617405455 -0.0070091099374824106 -0.12572945751249792 0.028475411204567209 0.1404336955415568 0.0088765638901598075 -0.035924863665348902 -0.051099200894576362 0.055084557500150469 -0.024062433695681174
leaf_weight=198 40 28 21 20 37 45 20 69 27 22 59 66 27 42
leaf_count=198 40 28 21 20 37 45 20 69 27 22 59 66 27 42
internal_value=-0.00154524 0.00302876 -0.0376855 0.0107288 -0.00080203 -0.00385721 -0.0179003 0.00919631 0.0390594 0.0813672 -0.0586602 -0.00456413 -0.021451 0.00690813
internal_weight=721 640 81 41 612 575 277 298 94 49 79 204 135 69
internal_count=721 640 81 41 612 575 277 298 94 49 79 204 135 69
is_linear=0
shrinkage=0.05


Tree=92
num_leaves=15
num_cat=0
split_feature=1 1 4 2 0 8 2 2 9 4 7 4 18 5
split_gain=36.8453 51.2216 57.7999 62.0736 45.1776 47.5392 96.9517 59.2458 53.549 51.4236 52.141 44.9293 30.6275 38.9639
threshold=32.052157500000007 24.055081000000005 0.84546450000000017 54.953843000000013 4.6157440000000003 42.500000000000007 8.5081175000000027 20.223797000000001 2.5000000000000004 0.33354250000000002 -5.0360034999999987 0.34896750000000004 231.50000000000003 44.401467000000004
decision_type=2 2 2 2 2 2 2 2 2 2 2 2 2 2
left_child=1 2 3 4 5 6 -1 8 12 -8 -11 -9 13 -7
right_child=-2 -3 -4 -5 -6 7 9 11 -10 10 -12 -13 -14 -15
leaf_value=0.099003544151782988 -0.069044398809783164 0.064842018003350696 -0.065584378662918302 0.068277514749206611 -0.03316297691154222 -0.0062360034677250362 0.048714260697703474 0.0060536586111638608 -0.066186913118717522 -0.058259063353194154 0.02100602762574064 0.095988725906326663 0.048502828722650354 -0.078104658442593761
leaf_weight=35 20 29 35 32 104 185 44 41 47 41 42 21 22 21
leaf_count=35 20 29 35 32 104 185 44 41 47 41 42 21 22 21
internal_value=-0.00212994 -0.000215363 -0.00303128 0.000416529 -0.00318472 0.00306326 0.0253221 -0.00763685 -0.0175912 0.00501621 -0.018149 0.0365155 -0.00757367 -0.0135624
internal_weight=719 699 670 635 603 499 162 337 275 127 83 62 228 206
internal_count=719 699 670 635 603 499 162 337 275 127 83 62 228 206
is_linear=0
shrinkage=0.05


Tree=93
num_leaves=15
num_cat=0
split_feature=9 16 16 5 16 4 5 5 2 5 2 4 6 5
split_gain=38.9153 57.8444 130.424 78.891 90.2408 82.3481 72.9167 135.117 54.1628 53.4508 40.0181 182.682 44.9591 57.5876
threshold=2.5000000000000004 200.50000000000003 207.50000000000003 48.454412500000011 81.500000000000014 0.71786050000000012 33.255957500000008 20.813125500000002 23.959780500000004 46.530779500000001 6.4030645000000002 -0.091135499999999994 -10.721268999999998 30.810960000000005
decision_type=2 2 2 2 2 2 2 2 2 2 2 2 2 2
left_child=1 3 -3 4 6 10 7 -1 -5 -4 11 -6 -12 -14
right_child=-2 2 9 8 5 -7 -8 -9 -10 -11 12 -13 13 -15
leaf_value=-0.046398463180022581 -0.019529599339769381 -0.13725511492008255 -0.020167143618712177 -0.097860136304212655 -0.017198709117947148 0.12255314652014662 -0.083917269817200213 0.11402794743577641 0.00091248522645660801 0.066696477707718388 0.072204604413774284 0.13391457133053339 0.024393926541721803 -0.051905029079514664
leaf_weight=35 205 21 77 23 40 27 29 21 35 23 27 40 79 36
leaf_count=35 205 21 77 23 40 27 29 21 35 23 27 40 79 36
internal_value=-0.00111553 0.00624292 -0.0239769 0.015571 0.0249182 0.0401029 -0.0195642 0.0137614 -0.038256 -0.000188511 0.0300752 0.0583579 0.0141413 0.000509036
internal_weight=718 513 121 392 334 249 85 56 58 100 222 80 142 115
internal_count=718 513 121 392 334 249 85 56 58 100 222 80 142 115
is_linear=0
shrinkage=0.05


Tree=94
num_leaves=15
num_cat=0
split_feature=16 16 2 4 4 1 6 16 16 4 16 16 16 0
split_gain=52.0451 122.547 76.6374 55.7952 90.6601 38.9234 42.303 38.1167 49.2825 34.5951 31.3471 58.3781 67.9708 52.7914
threshold=81.500000000000014 86.500000000000014 34.685882500000005 1.1700910000000002 0.67255950000000009 6.4247455000000011 -2.7565659999999998 108.50000000000001 93.500000000000014 0.15308800000000003 157.50000000000003 187.50000000000003 205.50000000000003 -0.95648199999999994
decision_type=2 2 2 2 2 2 2 2 2 2 2 2 2 2
left_child=2 -2 5 4 7 9 -7 8 -3 -1 -9 13 -13 -12
right_child=1 3 -4 -5 -6 6 -8 10 -10 -11 11 12 -14 -15
leaf_value=0.0011502264688412348 0.12842393234372138 -0.021026340153600491 -0.1157033530349422 -0.060604580836088377 0.067164052433588292 0.070233075998046179 -0.016086648926138879 -0.025180671176464439 0.076955754716287961 -0.085901305317878721 0.097526860058307657 -0.06332507984218548 0.00577650025092925 0.013487353983863788
leaf_weight=21 20 21 21 33 55 22 40 139 33 25 25 49 130 74
leaf_count=21 20 21 21 33 55 22 40 139 33 25 25 49 130 74
internal_value=0.000414109 0.00681291 -0.0283061 0.00246189 0.00641853 -0.0113122 0.0145429 -0.000674893 0.0388516 -0.0461604 -0.00579343 0.00390019 -0.0131396 0.0347095
internal_weight=708 579 129 559 526 108 62 471 54 46 417 278 179 99
internal_count=708 579 129 559 526 108 62 471 54 46 417 278 179 99
is_linear=0
shrinkage=0.05


Tree=95
num_leaves=15
num_cat=0
split_feature=0 8 1 16 16 9 16 7 16 7 6 0 6 6
split_gain=55.7862 32.0585 66.7267 96.8981 67.1175 56.9278 54.653 47.436 46.2908 37.6395 39.4964 26.8298 28.8409 82.5754
threshold=10.353287500000002 32.500000000000007 14.663900500000002 94.500000000000014 117.50000000000001 2.5000000000000004 69.500000000000014 -5.0360034999999987 130.50000000000003 -9.2623459999999991 -9.7218019999999985 4.7327555000000006 -5.2114149999999988 -4.1688014999999998
decision_type=2 2 2 2 2 2 2 2 2 2 2 2 2 2
left_child=1 6 5 -4 -5 11 -1 8 -7 10 -10 12 -3 -14
right_child=-2 2 3 4 -6 7 -8 -9 9 -11 -12 -13 13 -15
leaf_value=-0.075066077569499623 -0.069408430359684511 0.0058757802654170145 0.14868439644575121 -0.040967877628281718 0.07993864918296989 -0.098465132918208853 0.0065845710870793515 0.044987620636820796 0.0021119925379753115 0.017547173829128345 -0.09134801497253088 -0.030469077520749788 0.084392972655880916 0.0042208487378610745
leaf_weight=32 26 232 20 24 22 25 57 20 20 36 26 33 52 84
leaf_count=32 26 232 20 24 22 25 57 20 20 36 26 33 52 84
internal_value=0.00247588 0.00521232 0.0094054 0.0568047 0.016857 0.00348049 -0.022773 -0.0256928 -0.0389041 -0.0207452 -0.0507132 0.0127199 0.0165928 0.0348749
internal_weight=709 683 594 66 46 528 89 127 107 82 46 401 368 136
internal_count=709 683 594 66 46 528 89 127 107 82 46 401 368 136
is_linear=0
shrinkage=0.05


Tree=96
num_leaves=15
num_cat=0
split_feature=8 5 6 6 16 6 7 16 16 6 4 16 16 16
split_gain=32.5187 76.0158 48.397 44.5867 171.099 73.3948 86.5596 99.2583 55.263 48.3317 46.0498 27.6866 45.4484 74.5898
threshold=32.500000000000007 27.040619000000003 -2.3070119999999994 -3.9374349999999994 123.50000000000001 -5.0309389999999992 -16.718173999999998 100.50000000000001 78.500000000000014 -3.5268989999999998 0.27666250000000003 92.500000000000014 132.50000000000003 154.50000000000003
decision_type=2 2 2 2 2 2 2 2 2 2 2 2 2 2
left_child=1 -1 3 5 8 11 -7 -8 -5 -10 -9 -2 -13 -14
right_child=2 -3 -4 4 -6 6 7 10 9 -11 -12 12 13 -15
leaf_value=0.0049828620090828111 -0.049288980283641391 -0.096306338685530207 0.067928961645811789 -0.036789318664771753 -0.15440202413925105 0.13573402067025503 0.086479291682572748 0.025556821916252376 -0.01351209692656994 0.09173054347435633 -0.063600789037133967 0.041276194197275948 -0.050094603269826621 0.008343685163283902
leaf_weight=59 28 27 30 41 21 21 38 30 20 24 28 62 72 226
leaf_count=59 28 27 30 41 21 21 38 30 20 24 28 62 72 226
internal_value=0.00205293 -0.0268172 0.0059263 0.00288198 -0.0265992 0.00907011 0.0437821 0.0236677 0.00497564 0.043893 -0.0174848 -0.00139718 0.00232774 -0.00577563
internal_weight=727 86 641 611 106 505 117 96 85 44 58 388 360 298
internal_count=727 86 641 611 106 505 117 96 85 44 58 388 360 298
is_linear=0
shrinkage=0.05


Tree=97
num_leaves=15
num_cat=0
split_feature=16 2 16 2 7 0 16 16 5 2 16 7 9 5
split_gain=39.2827 84.1612 77.4091 95.2465 50.3414 47.5324 40.6361 62.8295 82.5793 76.7742 57.3779 52.1898 41.8069 37.4213
threshold=81.500000000000014 34.269252500000007 99.500000000000014 32.411264500000009 -11.521614499999997 3.7311525000000008 165.50000000000003 187.50000000000003 46.530779500000001 2.6922215000000005 134.50000000000003 -10.883451499999998 2.5000000000000004 21.999981500000004
decision_type=2 2 2 2 2 2 2 2 2 2 2 2 2 2
left_child=1 4 3 -2 -1 -6 10 9 13 -8 11 -4 -13 -9
right_child=2 -3 6 -5 5 -7 7 8 -10 -11 -12 12 -14 -15
leaf_value=0.067106233723461625 0.0080818537975082521 -0.10981705390402806 0.069157629779406968 0.13295735405005801 0.0013194133584020717 -0.080849685892462733 0.12017686401528341 0.046993858672212813 0.063338934131897992 0.015546918950974943 -0.040301248995820063 0.01184459317178614 -0.062550509807008964 -0.02612179292299386
leaf_weight=20 37 23 28 26 66 24 27 20 40 50 112 69 26 140
leaf_count=20 37 23 28 26 66 24 27 20 40 50 112 69 26 140
internal_value=0.00165407 -0.0228344 0.00731837 0.0596178 -0.00464715 -0.0205923 0.00088309 0.0138574 -0.000918082 0.0522353 -0.0144101 0.00916567 -0.00851617 -0.0169823
internal_weight=708 133 575 63 110 90 512 277 200 77 235 123 95 160
internal_count=708 133 575 63 110 90 512 277 200 77 235 123 95 160
is_linear=0
shrinkage=0.05


Tree=98
num_leaves=15
num_cat=0
split_feature=0 1 0 3 4 1 7 7 18 18 7 18 18 3
split_gain=34.7809 31.1293 38.5025 27.1288 24.2465 50.3821 48.5147 38.0288 36.1238 67.3208 47.6152 40.2061 39.4828 31.301
threshold=11.259516500000002 16.674631000000002 4.6157440000000003 7.0620510000000012 0.20942550000000001 3.3889530000000003 -9.2623459999999991 -8.2102879999999967 64.500000000000014 77.500000000000014 -5.0360034999999987 173.50000000000003 217.50000000000003 2.9687955000000001
decision_type=2 2 2 2 2 2 2 2 2 2 2 2 2 2
left_child=1 3 -3 4 5 -1 -7 -8 -6 -10 11 13 -13 -11
right_child=-2 2 -4 -5 8 6 7 -9 9 10 -12 12 -14 -15
leaf_value=0.0045188540017733706 -0.062709164393267458 -0.0075837953814438409 0.071079380799617092 -0.034978603462706197 0.06144411395139554 -0.10123800532892346 0.034723387351649843 -0.051231780930632548 -0.0730632754197965 0.0073799016326665887 0.05971478808948652 0.047234040784043453 -0.025033449409184633 -0.055988769527328647
leaf_weight=228 21 28 35 53 34 24 22 31 24 40 47 63 27 38
leaf_count=228 21 28 35 53 34 24 22 31 24 40 47 63 27 38
internal_value=0.000686196 0.0026045 0.036118 -0.000741536 0.00239785 -0.00729077 -0.0422595 -0.0155523 0.0132221 0.00636209 0.0152282 0.00278253 0.0255538 -0.023492
internal_weight=715 694 63 631 578 305 77 53 273 239 215 168 90 78
internal_count=715 694 63 631 578 305 77 53 273 239 215 168 90 78
is_linear=0
shrinkage=0.05


Tree=99
num_leaves=15
num_cat=0
split_feature=5 18 2 1 18 5 4 4 0 5 18 5 2 2
split_gain=30.8238 31.7644 76.3775 81.1067 73.2309 75.2795 59.8736 55.3014 34.4242 42.8689 33.4794 53.5526 52.0538 28.7041
threshold=16.403389000000004 82.500000000000014 34.269252500000007 11.091080500000002 102.50000000000001 21.189143000000005 1.1290975000000001 0.67255950000000009 -1.3117379999999998 21.360342000000006 157.50000000000003 33.679248000000008 12.296723500000002 -1.0160784999999999
decision_type=2 2 2 2 2 2 2 2 2 2 2 2 2 2
left_child=-1 2 3 -2 5 -3 7 8 10 -10 12 -12 -6 -11
right_child=1 4 -4 -5 6 -7 -8 -9 9 13 11 -13 -14 -15
leaf_value=0.055150973193347455 -0.034440172374458379 -0.0046703138078252474 -0.11408380715176464 0.068780888703006957 -0.076841779195127038 0.1032666771300137 -0.072667292139396586 0.056125391003054886 0.045922276550145066 -0.059821352749489826 -0.0015650345765529797 0.076127926393279019 0.01919607171832129 -0.013326142414712092
leaf_weight=25 71 30 20 26 21 35 29 42 27 39 47 42 43 223
leaf_count=25 71 30 20 26 21 35 29 42 27 39 47 42 43 223
internal_value=0.000604163 -0.00135795 -0.0251165 -0.00677267 0.00345129 0.0534496 -0.00288377 0.00129747 -0.00391242 -0.0140653 0.0152652 0.0350991 -0.0123163 -0.0202472
internal_weight=720 695 117 97 578 65 513 484 442 289 153 89 64 262
internal_count=720 695 117 97 578 65 513 484 442 289 153 89 64 262
is_linear=0
shrinkage=0.05


Tree=100
num_leaves=15
num_cat=0
split_feature=5 3 2 1 2 0 8 0 3 5 0 0 7 4
split_gain=35.9273 28.6729 56.4157 43.3784 26.1724 39.322 33.6086 32.4166 51.1427 29.8267 27.5369 36.0666 21.3441 62.3765
threshold=16.403389000000004 9.1159480000000013 39.983846500000006 16.353160000000006 -1.4748389999999996 -6.1639369999999998 57.500000000000007 -3.1467399999999994 -0.67904949999999986 23.496179000000001 4.6157440000000003 6.2350665000000012 -8.6800479999999975 0.33354250000000002
decision_type=2 2 2 2 2 2 2 2 2 2 2 2 2 2
left_child=-1 3 -3 4 9 -6 7 8 -7 -2 12 -12 13 -9
right_child=1 2 -4 -5 5 6 -8 10 -10 -11 11 -13 -14 -15
leaf_value=0.05997745033353568 -3.8166594830282197e-06 0.015275115228723735 -0.077221870751065375 0.063103296448077481 0.061286259123257227 0.0090892177696029353 0.059304921183249232 0.0043811248791580269 -0.095248427177252987 -0.060019199338716439 -0.048592670110088811 0.013185755874118991 -0.0031952917567471015 0.080121351025688153
leaf_weight=25 47 32 34 28 28 24 23 111 23 37 54 42 167 36
leaf_count=25 47 32 34 28 28 24 23 111 23 37 54 42 167 36
internal_value=0.00110128 -0.00104435 -0.0323748 0.00229083 -0.000585433 0.00368959 0.000329787 -0.00263833 -0.0419696 -0.0264392 0.00187038 -0.0215646 0.00903522 0.0229298
internal_weight=711 686 66 620 592 508 480 457 47 84 410 96 314 147
internal_count=711 686 66 620 592 508 480 457 47 84 410 96 314 147
is_linear=0
shrinkage=0.05


Tree=101
num_leaves=15
num_cat=0
split_feature=8 4 4 4 5 4 4 3 5 16 4 3 2 2
split_gain=36.5291 39.0697 64.8328 41.5784 37.4637 36.7702 46.6928 40.8273 44.1044 37.9531 51.8097 38.0571 50.9324 48.5705
threshold=32.500000000000007 1.1700910000000002 0.6795865000000002 0.59337600000000013 24.948355000000003 0.4378180000000001 0.50539950000000011 4.8274465000000015 18.723645500000003 227.50000000000003 0.045020000000000011 1.3694735000000002 13.898535000000003 16.155893500000005
decision_type=2 2 2 2 2 2 2 2 2 2 2 2 2 2
left_child=4 2 3 5 -1 7 -7 8 -2 11 -11 13 -13 -10
right_child=1 -3 -4 -5 -6 6 -8 -9 9 10 -12 12 -14 -15
leaf_value=-0.0047892237901687625 0.059417879990031647 -0.048981779937942824 0.054861419827974371 -0.057009964021703885 -0.071155760699027293 0.097597855532711206 0.0041136544115622257 -0.056560989154968412 -0.034330447440932894 -0.016873943238031298 0.090665205273156371 0.04486723496792986 -0.026734194293527344 0.01674301161359136
leaf_weight=50 31 36 58 31 37 22 34 32 164 21 24 63 41 65
leaf_count=50 31 36 58 31 37 22 34 32 164 21 24 63 41 65
internal_value=-0.00266805 0.00157649 0.00468246 -0.000829623 -0.0330141 0.00267458 0.0408396 -0.00217177 0.00208362 -0.00261839 0.0404803 -0.00844253 0.0166397 -0.0198336
internal_weight=709 622 586 528 87 497 56 441 409 378 45 333 104 229
internal_count=709 622 586 528 87 497 56 441 409 378 45 333 104 229
is_linear=0
shrinkage=0.05


Tree=102
num_leaves=15
num_cat=0
split_feature=4 1 2 8 10 3 3 2 2 4 4 2 7 4
split_gain=32.2842 76.2834 63.5252 34.2858 29.37 39.4345 47.4061 24.8501 21.8149 46.1167 60.8589 28.0364 23.403 43.8807
threshold=0.84546450000000017 16.353160000000006 34.269252500000007 42.500000000000007 2.5000000000000004 0.98851100000000003 -0.38679499999999994 10.011131000000001 1.6538965000000003 0.33492650000000007 0.045020000000000011 5.4087750000000012 -11.952297999999997 -0.10090199999999998
decision_type=2 2 2 2 2 2 2 2 2 2 2 2 2 2
left_child=1 4 -2 -4 8 6 7 -6 9 10 -1 -10 13 -13
right_child=2 -3 3 -5 5 -7 -8 -9 11 -11 -12 12 -14 -15
leaf_value=-0.014824564538896086 0.040300181864396385 0.099248471595346943 -0.090346093223813706 -0.013212466761469841 0.0047525313235819346 0.064020004956737944 -0.060549465426116847 0.07069778263568878 0.045199048410980935 0.03990871258080006 -0.11309988710057478 0.020941874398677437 0.0019731048448644833 -0.0593566530181662
leaf_weight=50 23 20 34 25 50 38 22 20 31 20 23 27 294 46
leaf_count=50 23 20 34 25 50 38 22 20 31 20 23 27 294 46
internal_value=-0.000644557 0.00313442 -0.0301851 -0.0576624 3.89544e-05 0.0211712 0.00347276 0.023594 -0.00555614 -0.0273586 -0.045788 -0.000461588 -0.00431848 -0.0296572
internal_weight=723 641 82 59 621 130 92 70 491 93 73 398 367 73
internal_count=723 641 82 59 621 130 92 70 491 93 73 398 367 73
is_linear=0
shrinkage=0.05


Tree=103
num_leaves=15
num_cat=0
split_feature=7 7 5 6 6 1 7 8 18 5 18 18 18 6
split_gain=25.2874 59.1398 119.501 57.5786 128.823 52.3752 44.0344 64.2915 44.6372 38.1995 41.5588 37.5594 51.7048 34.7196
threshold=-8.6800479999999975 -10.548985999999998 42.849266000000007 -3.9374349999999994 -5.0309389999999992 6.6778410000000008 -5.6482519999999985 52.500000000000007 98.500000000000014 23.930129000000004 211.50000000000003 69.500000000000014 52.500000000000007 -6.9063459999999992
decision_type=2 2 2 2 2 2 2 2 2 2 2 2 2 2
left_child=1 3 -3 4 13 -6 7 8 -2 -10 -11 12 -8 -1
right_child=6 2 -4 -5 5 -7 11 -9 9 10 -12 -13 -14 -15
leaf_value=-0.0044983146054779783 -0.11664823536877521 0.013026870985993665 0.14816932495506038 -0.080164411274546932 0.011507097026333214 0.11465125065587928 0.015849905053619297 0.04456262021240863 0.02309450093995441 -0.11298032073304057 -0.025738895559401884 0.021714546204489357 -0.078101745065025707 -0.061291369452937366
leaf_weight=204 20 74 21 22 20 32 32 22 22 20 43 118 27 31
leaf_count=204 20 74 21 22 20 32 32 22 22 20 43 118 27 31
internal_value=0.000202118 0.00839906 0.0429005 -0.00220817 0.00376757 0.0749804 -0.0106912 -0.0331566 -0.0494406 -0.0336271 -0.0534346 0.00542806 -0.0271449 -0.0119902
internal_weight=708 404 95 309 287 52 304 127 105 85 63 177 59 235
internal_count=708 404 95 309 287 52 304 127 105 85 63 177 59 235
is_linear=0
shrinkage=0.05


Tree=104
num_leaves=15
num_cat=0
split_feature=1 8 5 1 4 3 5 6 16 16 16 5 16 5
split_gain=38.9954 38.4466 62.0128 50.2478 36.0645 34.856 27.6814 25.4199 24.8767 30.0623 106.461 42.2293 60.0729 35.1826
threshold=30.870417500000006 32.500000000000007 27.040619000000003 13.047193000000002 0.84254550000000006 5.7761865000000006 18.723645500000003 -4.2098869999999993 234.50000000000003 187.50000000000003 169.50000000000003 21.999981500000004 205.50000000000003 24.056770500000002
decision_type=2 2 2 2 2 2 2 2 2 2 2 2 2 2
left_child=1 2 -1 5 7 6 -3 -5 9 10 -8 -11 -13 -12
right_child=-2 3 -4 4 -6 -7 8 -9 -10 11 13 12 -14 -15
leaf_value=-0.0028211735450384911 -0.068620056481588462 0.043376260711566403 -0.097272976100444802 0.10422602054476737 0.0078839146106087776 -0.047320656806206035 -0.0081244133151275044 0.029605889728381518 0.048422830924391751 0.040619120408188214 0.036701584922579619 -0.088627899535317245 -0.011001655859671488 0.12491022363305092
leaf_weight=57 21 38 25 25 47 38 235 21 24 22 26 36 81 20
leaf_count=57 21 38 25 25 47 38 235 21 24 22 26 36 81 20
internal_value=-0.00149215 0.00053617 -0.0316175 0.00483731 0.0386873 -0.00121663 0.00241813 0.0701603 -0.0010873 -0.00391645 0.00549185 -0.0229361 -0.0348867 0.0750532
internal_weight=716 695 82 613 93 520 482 46 444 420 281 139 117 46
internal_count=716 695 82 613 93 520 482 46 444 420 281 139 117 46
is_linear=0
shrinkage=0.05


Tree=105
num_leaves=15
num_cat=0
split_feature=10 16 16 16 6 5 16 8 1 3 7 1 0 7
split_gain=24.6558 151.156 83.6597 29.7227 69.0049 71.3252 34.5529 38.8648 62.2067 30.3507 28.5657 28.6141 25.6905 28.3287
threshold=2.5000000000000004 81.500000000000014 127.50000000000001 102.50000000000001 -4.008678999999999 23.496179000000001 91.500000000000014 27.500000000000004 11.091080500000002 9.6912235000000013 -5.0360034999999987 8.1652830000000005 -1.0514994999999998 -12.726825499999999
decision_type=2 2 2 2 2 2 2 2 2 2 2 2 2 2
left_child=3 -2 -3 6 9 -6 7 -1 10 -5 -9 -12 13 -4
right_child=1 2 12 4 5 -7 -8 8 -10 -11 11 -13 -14 -15
leaf_value=-0.04941943996939166 -0.10280355462538344 0.12841514347364075 0.086333772052256841 -0.0076365312287241891 0.0091372807085028165 -0.10188013299678762 0.061322041563689714 -0.048764160057080203 0.069975888853271814 0.048510782402725175 0.042722669057548047 -0.0323900412413336 -0.017326916375293815 0.011596667205594713
leaf_weight=29 21 23 21 324 23 39 30 29 36 26 32 21 29 32
leaf_count=29 21 23 21 324 23 39 30 29 36 26 32 21 29 32
internal_value=-0.000421573 0.0196531 0.0441445 -0.00471599 -0.012078 -0.0606963 0.0124204 0.00244042 0.0151856 -0.00346559 -0.00886861 0.012961 0.0205076 0.0412095
internal_weight=715 126 105 589 412 62 177 147 118 350 82 53 82 53
internal_count=715 126 105 589 412 62 177 147 118 350 82 53 82 53
is_linear=0
shrinkage=0.05


Tree=106
num_leaves=15
num_cat=0
split_feature=5 7 4 7 5 1 6 16 16 6 5 16 2 0
split_gain=27.08 31.58 42.1896 63.4133 62.9339 49.3539 55.5485 38.7947 51.1715 33.5134 42.717 33.3963 32.5879 27.2648
threshold=16.403389000000004 -8.6800479999999975 0.33354250000000002 -9.2623459999999991 35.871866000000004 2.7135965000000004 -7.4939069999999992 87.500000000000014 99.500000000000014 -10.670697499999998 23.733061000000003 52.500000000000007 -1.4748389999999996 7.2802315000000002
decision_type=2 2 2 2 2 2 2 2 2 2 2 2 2 2
left_child=-1 2 3 5 -4 9 -7 11 -9 12 -11 -3 -2 -6
right_child=1 7 4 -5 13 6 -8 8 -10 10 -12 -13 -14 -15
leaf_value=0.052103622354567052 -0.016710348709514648 0.0049535874919644715 0.11309842550195755 0.042394543817887709 0.030526256120009795 -0.012986822260750664 -0.12141324022696132 0.04960505841299892 -0.014321591538706949 0.013615167514625482 -0.055879716093962396 -0.059420322056746848 0.048705360997054317 -0.028066079476131846
leaf_weight=25 33 29 20 60 84 27 21 40 144 41 48 66 45 26
leaf_count=25 33 29 20 60 84 27 21 40 144 41 48 66 45 26
internal_value=0.000990829 -0.000877328 0.00803976 -0.00305583 0.0315112 -0.0157397 -0.0604234 -0.0138215 -0.000424494 -0.00289644 -0.0238652 -0.0397693 0.0210295 0.0166772
internal_weight=709 684 405 275 130 215 48 279 184 167 89 95 78 110
internal_count=709 684 405 275 130 215 48 279 184 167 89 95 78 110
is_linear=0
shrinkage=0.05


Tree=107
num_leaves=15
num_cat=0
split_feature=6 6 16 16 3 6 7 3 1 16 16 16 16 6
split_gain=30.5399 40.9468 126.295 51.7672 47.2533 40.2146 52.0416 49.3491 34.9384 30.3391 29.414 89.8448 45.4597 43.4773
threshold=-2.3070119999999994 -3.9374349999999994 123.50000000000001 78.500000000000014 5.5793180000000016 -5.259641499999999 -9.2623459999999991 2.6475665000000004 6.6778410000000008 81.500000000000014 113.50000000000001 129.50000000000003 154.50000000000003 -6.0115914999999989
decision_type=2 2 2 2 2 2 2 2 2 2 2 2 2 2
left_child=1 5 3 4 -3 10 8 -8 -7 -2 -1 -12 -13 -14
right_child=9 2 -4 -5 -6 6 7 -9 -10 -11 11 12 13 -15
leaf_value=-0.045319583821435305 -0.0020728838872974336 -0.0040562443194850804 -0.13216970302164555 0.025803107048074404 -0.10263315837830306 0.011952885794453324 0.048562249569938737 -0.02180404201001469 0.095703419896237776 0.079139520763672644 0.084290804793792112 -0.044945919994210853 0.0084977317656226015 -0.067058037966489792
leaf_weight=43 23 31 24 60 20 20 39 69 33 23 28 69 204 21
leaf_count=43 23 31 24 60 20 20 39 69 33 23 28 69 204 21
internal_value=-0.000859393 -0.00360079 -0.0281651 -0.00567766 -0.0427139 0.00270374 0.02352 0.00360601 0.0640994 0.0385333 -0.00647822 -0.00129133 -0.00944201 0.00144586
internal_weight=707 661 135 111 51 526 161 108 53 46 365 322 294 225
internal_count=707 661 135 111 51 526 161 108 53 46 365 322 294 225
is_linear=0
shrinkage=0.05


Tree=108
num_leaves=15
num_cat=0
split_feature=3 7 7 16 3 1 0 3 1 16 5 16 16 5
split_gain=21.4702 37.318 53.0655 99.6108 42.2341 44.2157 38.652 34.588 33.9684 32.5319 44.6788 48.2216 35.9322 43.0833
threshold=-5.7779789999999993 -20.230554999999995 -16.718173999999998 196.50000000000003 13.962325500000002 16.353160000000006 4.6157440000000003 6.2366395000000008 12.116335000000001 227.50000000000003 23.368630500000005 122.50000000000001 91.500000000000014 16.403389000000004
decision_type=2 2 2 2 2 2 2 2 2 2 2 2 2 2
left_child=-1 -2 3 -3 5 7 -7 8 9 10 12 -12 13 -4
right_child=1 2 4 -5 -6 6 -8 -9 -10 -11 11 -13 -14 -15
leaf_value=0.041835471962032647 -0.046645036589523611 0.10713635339371619 0.040689975696687516 -0.028544341384743651 -0.074819967038929458 0.0015532962977886202 0.096388370330844617 -0.038434549733134572 0.051442575020094722 0.04200768679794338 0.024726280697235248 -0.035825925457280083 0.029032868867148166 -0.035465592956886845
leaf_weight=29 44 31 26 24 20 22 21 67 30 36 41 166 107 65
leaf_count=29 44 31 26 24 20 22 21 67 30 36 41 166 107 65
internal_value=-0.000322024 -0.00206855 0.000921338 0.0479302 -0.00338064 -0.000921456 0.0478681 -0.00482099 -3.94466e-05 -0.00354162 -0.00759045 -0.0238325 0.00938986 -0.0137069
internal_weight=729 700 656 55 601 581 43 538 471 441 405 207 198 91
internal_count=729 700 656 55 601 581 43 538 471 441 405 207 198 91
is_linear=0
shrinkage=0.05


Tree=109
num_leaves=15
num_cat=0
split_feature=2 3 5 5 2 0 3 1 1 0 2 0 0 4
split_gain=23.0955 29.6565 37.0886 82.8087 32.1233 29.757 45.5032 27.746 73.031 25.3293 37.0693 23.9836 23.8258 56.9789
threshold=3.2322445000000006 0.39481750000000004 27.963590000000003 36.254668500000008 12.296723500000002 1.6675775000000004 3.5051965000000007 1.0000000180025095e-35 6.3693455000000005 0.39746500000000001 13.214413000000002 3.7311525000000008 11.259516500000002 1.2079960000000003
decision_type=2 2 2 2 2 2 2 2 2 2 2 2 2 2
left_child=7 2 -2 -4 -5 6 9 -1 -9 10 -3 -10 13 -7
right_child=1 5 3 4 -6 12 -8 8 11 -11 -12 -13 -14 -15
leaf_value=0.00043845570918808622 0.070753483027219774 0.05960581238166645 -0.051918889523336766 -0.0049498597228968587 0.063222441015144196 0.0012104258433408371 -0.062813507096499813 -0.094843502811023175 0.037253024331901384 -0.047574664522772252 -0.017873986673198249 -0.037612626552581789 -0.047200183002721698 0.085198081691156738
leaf_weight=82 30 26 38 27 48 246 49 35 23 23 38 20 21 22
leaf_count=82 30 26 38 27 48 246 49 35 23 23 38 20 21 22
internal_value=-0.00308916 0.00163749 0.0213337 0.00821339 0.0386804 -0.0049897 -0.024276 -0.0198688 -0.0412174 -0.00257101 0.0136022 0.00243179 0.00408622 0.00810493
internal_weight=728 568 143 113 75 425 136 160 78 87 64 43 289 268
internal_count=728 568 143 113 75 425 136 160 78 87 64 43 289 268
is_linear=0
shrinkage=0.05


Tree=110
num_leaves=15
num_cat=0
split_feature=5 1 6 7 6 7 3 5 16 16 4 4 6 2
split_gain=22.4429 46.1265 27.1114 79.529 60.9106 83.8806 42.0913 33.1384 44.02 31.4744 31.8215 25.3663 28.1627 43.828
threshold=57.213393000000003 27.843528500000005 -3.9374349999999994 -9.567556999999999 -4.3825619999999992 -8.8118754999999975 5.3445390000000002 18.723645500000003 92.500000000000014 78.500000000000014 0.3888835000000001 0.54954100000000017 -10.883354499999998 -1.4748389999999996
decision_type=2 2 2 2 2 2 2 2 2 2 2 2 2 2
left_child=1 2 4 -4 7 -6 9 -1 -9 -5 -11 12 13 -10
right_child=-2 -3 3 6 5 -7 -8 8 11 10 -12 -13 -14 -15
leaf_value=0.060596293902822909 -0.035700396345928309 0.074056567268615411 -0.10771754052312602 -0.017533819979199998 0.13071046552874827 0.012006605424634789 -0.037054603284824704 -0.049844313979796745 -0.017396597874661288 0.086048052807176575 0.0089447904931148521 0.041934451886724372 -0.0099930813226848849 0.064961817424212184
leaf_weight=21 40 22 21 39 22 46 59 46 30 23 32 36 250 35
leaf_count=21 40 22 21 39 22 46 59 46 30 23 32 36 250 35
internal_value=0.000699739 0.00283464 0.00046058 -0.0164757 0.00652418 0.0504108 -0.0039523 -0.000615265 -0.00385316 0.0168247 0.041188 0.00217418 -0.00236986 0.0269502
internal_weight=722 682 660 174 486 68 153 418 397 94 55 351 315 65
internal_count=722 682 660 174 486 68 153 418 397 94 55 351 315 65
is_linear=0
shrinkage=0.05


Tree=111
num_leaves=15
num_cat=0
split_feature=5 16 5 5 16 2 16 6 5 7 1 0 6 6
split_gain=20.6476 19.3344 60.5958 215.567 60.1581 80.2229 48.3236 27.95 43.1624 79.1255 21.9691 21.9897 17.8454 21.6835
threshold=16.403389000000004 81.500000000000014 33.255957500000008 22.210002500000005 99.500000000000014 36.547080000000008 91.500000000000014 -4.008678999999999 22.637484000000004 -3.7915974999999995 20.796118000000003 7.5259000000000009 -4.2098869999999993 -8.6261094999999983
decision_type=2 2 2 2 2 2 2 2 2 2 2 2 2 2
left_child=-1 2 3 -2 5 6 -3 10 -9 -10 11 12 13 -6
right_child=1 4 -4 -5 7 -7 -8 8 9 -11 -12 -13 -14 -15
leaf_value=0.044749021963574567 -0.042538167060963042 -0.045324010830372574 -0.07005915747334561 0.14782348180189728 0.012552296830998625 0.13227753166109324 0.064589084256440402 0.028611919357765303 -0.10497381928871619 0.012456559266250295 0.045473414679457036 -0.047801467484754064 0.041725411114317407 -0.012027834633512325
leaf_weight=26 58 20 39 20 170 20 20 23 32 26 28 23 27 190
leaf_count=26 58 20 39 20 170 20 20 23 32 26 28 23 27 190
internal_value=0.00100148 -0.000632768 -0.0191714 0.00627251 0.00311338 0.0505142 0.00963254 -0.00236649 -0.0293484 -0.0523326 0.00262331 -0.000303038 0.00251987 -0.00042055
internal_weight=722 696 117 78 579 60 40 519 81 58 438 410 387 360
internal_count=722 696 117 78 579 60 40 519 81 58 438 410 387 360
is_linear=0
shrinkage=0.05


Tree=112
num_leaves=15
num_cat=0
split_feature=0 3 3 2 2 1 16 4 3 16 7 0 4 16
split_gain=21.0568 42.4854 55.358 102.264 44.725 31.6423 32.8877 29.5303 30.273 35.1473 36.5606 44.8718 38.9562 28.9332
threshold=0.16701550000000004 3.6461360000000007 0.98851100000000003 8.5081175000000027 3.5206780000000006 5.6232130000000007 132.50000000000003 0.24015750000000002 3.3942190000000001 200.50000000000003 -7.6468439999999989 7.2802315000000002 0.64621950000000006 78.500000000000014
decision_type=2 2 2 2 2 2 2 2 2 2 2 2 2 2
left_child=1 2 4 -4 -1 6 -6 -2 -9 10 11 12 -10 -12
right_child=7 -3 3 -5 5 -7 -8 8 9 -11 13 -13 -14 -15
leaf_value=-0.029385823720846985 -0.022975016651110035 -0.048245352200631586 0.1506433542817831 0.014285531635819512 0.076664304225555355 -0.027964316021937594 0.014379616337480831 0.055688851054757842 0.021967951655387882 -0.050922216405160731 -0.042366351198623003 -0.011610653864986756 0.11434361402477539 0.0066244976696214599
leaf_weight=68 178 28 20 44 31 26 67 25 25 32 47 34 21 84
leaf_count=68 178 28 20 44 31 26 67 25 25 32 47 34 21 84
internal_value=-0.000411878 0.0102299 0.0166256 0.0568974 0.00320166 0.0210722 0.0340819 -0.00718823 0.00329702 -0.00209308 0.00531228 0.0319457 0.0641394 -0.0109524
internal_weight=730 284 256 64 192 124 98 446 268 243 211 80 46 131
internal_count=730 284 256 64 192 124 98 446 268 243 211 80 46 131
is_linear=0
shrinkage=0.05


Tree=113
num_leaves=15
num_cat=0
split_feature=3 7 7 16 6 9 2 2 7 16 16 7 16 2
split_gain=30.7688 30.2183 60.9963 86.1568 37.5104 43.3014 36.0774 70.7806 81.3767 56.5749 41.4177 40.5249 70.7635 27.3261
threshold=-4.9690034999999986 -20.230554999999995 -16.718173999999998 196.50000000000003 -10.281963499999998 2.5000000000000004 3.3110140000000006 6.4030645000000002 -8.6800479999999975 143.50000000000003 173.50000000000003 -5.6482519999999985 69.500000000000014 53.614001500000008
decision_type=2 2 2 2 2 2 2 2 2 2 2 2 2 2
left_child=-1 -2 3 -3 5 -4 -6 -8 9 -9 -11 13 -13 -10
right_child=1 2 4 -5 6 -7 7 8 11 10 -12 12 -14 -15
leaf_value=0.041724260684189413 -0.045211553044225042 0.10575177727807915 -0.012393065390642733 -0.023626271322030913 -0.026138465683722852 -0.098475683462761698 0.078621015604585412 0.084374565013537295 -0.052677899712651244 -0.03413458992727101 0.035717482125711818 -0.083719964579324291 0.015417613840794989 0.011245596479801905
leaf_weight=43 38 31 48 22 101 21 32 38 82 32 63 21 126 21
leaf_count=43 38 31 48 22 101 21 32 38 82 32 63 21 126 21
internal_value=0.000713296 -0.00189539 0.00068457 0.0520477 -0.00396884 -0.0385921 0.000661018 0.0071833 0.00121462 0.032813 0.0121884 -0.0155957 0.0012551 -0.039645
internal_weight=719 676 638 53 585 69 516 415 383 133 95 250 147 103
internal_count=719 676 638 53 585 69 516 415 383 133 95 250 147 103
is_linear=0
shrinkage=0.05


Tree=114
num_leaves=15
num_cat=0
split_feature=7 16 16 6 16 6 8 0 5 5 16 7 5 4
split_gain=22.9516 44.8562 56.0681 50.2283 49.3447 93.8407 39.7729 41.2916 37.7959 36.2368 45.9984 43.3262 36.4823 28.9681
threshold=-8.6800479999999975 132.50000000000003 154.50000000000003 -3.9374349999999994 117.50000000000001 -4.3825619999999992 52.500000000000007 -2.8676609999999996 43.681862500000008 24.948355000000003 87.500000000000014 -5.6482519999999985 33.945575000000012 0.44407250000000004
decision_type=2 2 2 2 2 2 2 2 2 2 2 2 2 2
left_child=1 4 -3 6 5 -1 7 -4 -9 -2 -11 12 -12 -10
right_child=9 2 3 -5 -6 -7 -8 8 13 10 11 -13 -14 -15
leaf_value=-0.045456363221235349 0.0064992830170048106 -0.044381602339807064 0.10026605241000652 -0.060001788195222616 0.091846682516665293 0.075692090274946347 -0.0082770445859447744 -0.0012021962219654625 0.10284749660640956 -0.096395153720818819 -0.094370885312557218 0.0087850262063244988 -0.016996191317836442 0.019704035601832651
leaf_weight=33 155 62 20 24 29 31 96 67 20 21 25 75 39 22
leaf_count=33 155 62 20 24 29 31 96 67 20 21 25 75 39 22
internal_value=-0.00061376 0.00727441 -0.00183629 0.00875732 0.0377414 0.0132249 0.0160916 0.0342265 0.0221091 -0.0107307 -0.0274222 -0.0170018 -0.0472207 0.0592962
internal_weight=719 404 311 249 93 64 225 129 109 315 160 139 64 42
internal_count=719 404 311 249 93 64 225 129 109 315 160 139 64 42
is_linear=0
shrinkage=0.05


Tree=115
num_leaves=15
num_cat=0
split_feature=3 1 2 6 7 16 3 16 16 16 16 16 10 7
split_gain=28.0784 27.3794 25.8087 24.9613 34.2686 28.2879 27.4759 22.7413 19.9832 17.9319 32.7405 42.3629 41.8607 40.0468
threshold=9.1159480000000013 16.353160000000006 39.983846500000006 -3.9374349999999994 -5.0360034999999987 69.500000000000014 4.1549830000000005 66.500000000000014 91.500000000000014 132.50000000000003 165.50000000000003 176.50000000000003 3.5000000000000004 -20.230554999999995
decision_type=2 2 2 2 2 2 2 2 2 2 2 2 2 2
left_child=1 3 -2 7 6 -6 -5 -1 -9 -10 -11 -12 13 -13
right_child=2 -3 -4 4 5 -7 -8 8 9 10 11 12 -14 -15
leaf_value=0.046726964961624512 -0.0019802837818861008 0.050807322038674801 -0.065179965123534203 -0.021945651851367588 -0.032612952940604269 0.025819319275752557 -0.09402725487947465 -0.034356337098870426 0.029903509578687829 -0.020604759789661531 0.060158345188038087 -0.068131499805233697 0.071277351435273889 0.0042322310835939568
leaf_weight=33 35 29 30 39 34 53 20 32 69 109 39 22 20 146
leaf_count=33 35 29 30 39 34 53 20 32 69 109 39 22 20 146
internal_value=0.000172686 0.00332917 -0.0311494 0.001094 -0.0169647 0.00298372 -0.0463801 0.00670371 0.00368136 0.00668681 0.0019191 0.0127345 0.00289659 -0.00524397
internal_weight=710 645 65 616 146 87 59 470 437 405 336 227 188 168
internal_count=710 645 65 616 146 87 59 470 437 405 336 227 188 168
is_linear=0
shrinkage=0.05


Tree=116
num_leaves=15
num_cat=0
split_feature=3 0 4 4 6 16 16 16 0 3 2 5 7 5
split_gain=20.0658 43.6486 35.9728 19.6704 44.0288 25.4614 65.73 39.8398 21.4823 29.8162 33.1569 32.3102 20.0928 17.4676
threshold=7.4993490000000014 5.6557185000000008 0.71786050000000012 0.20942550000000001 -4.1406759999999982 64.500000000000014 77.500000000000014 108.50000000000001 -0.12988399999999997 -0.22507999999999997 12.296723500000002 23.930129000000004 -4.7763529999999994 43.784528500000008
decision_type=2 2 2 2 2 2 2 2 2 2 2 2 2 2
left_child=3 -2 -3 4 8 -5 -7 12 9 10 11 -1 -8 -10
right_child=1 2 -4 5 -6 6 7 -9 13 -11 -12 -13 -14 -15
leaf_value=0.029738611606598804 -0.063027487772827351 -0.049345570980083381 0.029368617250881298 0.05448217451572418 -0.063335847841309648 -0.069802644290030011 0.083537904469163302 0.0055207796790509855 -0.018989041797077853 0.072888371124863627 0.049622019188422149 -0.033059316583805613 0.024644724431855142 0.026182653726293494
leaf_weight=33 36 21 47 35 28 24 28 183 121 20 33 54 30 26
leaf_count=33 36 21 47 35 28 24 28 183 121 20 33 54 30 26
internal_value=0.00180325 -0.0185089 0.00505982 0.00523814 -0.00348846 0.0144011 0.00910733 0.0169656 0.00235031 0.0163676 0.00694748 -0.00923941 0.0530759 -0.0109995
internal_weight=719 104 68 615 315 300 265 241 287 140 120 87 58 147
internal_count=719 104 68 615 315 300 265 241 287 140 120 87 58 147
is_linear=0
shrinkage=0.05


Tree=117
num_leaves=15
num_cat=0
split_feature=3 0 4 16 2 1 2 7 0 8 1 16 0 16
split_gain=24.357 56.3262 25.0231 48.3579 40.5111 26.3651 28.3873 27.0906 23.8503 24.5428 32.2184 44.9229 22.1913 20.6633
threshold=5.1309745000000015 2.5347550000000005 0.20942550000000001 64.500000000000014 5.0054410000000003 3.2703985000000002 22.234328500000004 -9.2623459999999991 11.259516500000002 27.500000000000004 11.091080500000002 94.500000000000014 5.7039495000000011 132.50000000000003
decision_type=2 2 2 2 2 2 2 2 2 2 2 2 2 2
left_child=2 -2 5 -4 -5 6 -1 -7 9 -3 -11 -12 -13 -9
right_child=1 8 3 4 -6 7 -8 13 -10 10 11 12 -14 -15
leaf_value=-0.0013095981521365136 -0.074480585746862213 -0.039754208740599171 0.085795279530187452 0.072547789853390152 0.0016892504963524095 -0.07075192882464483 0.056223708391189578 -0.038336664686600373 -0.052759296449256088 -0.024861222747209911 0.087226412862539293 -0.024913843894111262 0.037491354153587904 0.029577493525686716
leaf_weight=201 33 26 24 23 164 26 24 24 21 37 25 28 29 21
leaf_count=201 33 26 24 23 164 26 24 24 21 37 25 28 29 21
internal_value=4.81973e-06 -0.0148189 0.0058232 0.0189797 0.0104045 -0.00355528 0.00482729 -0.0301198 -0.00295842 0.00425412 0.0138694 0.0313454 0.00683617 -0.00664339
internal_weight=706 199 507 211 187 296 225 71 166 145 119 82 57 45
internal_count=706 199 507 211 187 296 225 71 166 145 119 82 57 45
is_linear=0
shrinkage=0.05


Tree=118
num_leaves=15
num_cat=0
split_feature=0 7 18 0 1 7 7 5 18 5 7 5 18 18
split_gain=20.6107 20.9898 44.5658 64.2197 36.6115 61.2657 35.8719 35.0162 29.6694 28.7583 28.4759 44.8144 52.4699 36.0583
threshold=10.353287500000002 -8.6800479999999975 107.50000000000001 2.5999585000000005 3.8035925000000002 -5.6482519999999985 -9.2623459999999991 33.255957500000008 201.50000000000003 29.151370500000002 -16.562925499999995 44.54922650000001 177.50000000000003 134.50000000000003
decision_type=2 2 2 2 2 2 2 2 2 2 2 2 2 2
left_child=1 2 3 -1 9 8 10 -7 -6 -3 11 12 -4 -12
right_child=-2 4 6 -5 5 7 -8 -9 -10 -11 13 -13 -14 -15
leaf_value=-0.0014470943452223489 -0.048318694887237383 0.042755617992002143 0.085023524885376289 0.12105947963893414 -0.087374493264053998 0.0090949267779189841 0.033203442977137974 -0.051542013588136641 -0.025295373166982944 -0.028392430841922764 0.014438770477678262 -0.036502121123626378 0.0013815441541373732 -0.036498373324786303
leaf_weight=23 23 49 30 20 38 133 71 29 39 20 51 33 50 109
leaf_count=23 23 49 30 20 38 133 71 29 39 20 51 33 50 109
internal_value=-0.00175122 -0.000210141 0.00754165 0.0555327 -0.00995022 -0.0192127 0.00154277 -0.00175983 -0.0559318 0.022133 -0.00669133 0.012524 0.0327473 -0.0202622
internal_weight=718 695 387 43 308 239 344 162 77 69 273 113 80 160
internal_count=718 695 387 43 308 239 344 162 77 69 273 113 80 160
is_linear=0
shrinkage=0.05


Tree=119
num_leaves=15
num_cat=0
split_feature=0 2 4 16 1 4 7 2 2 0 16 5 7 2
split_gain=16.8321 18.5122 68.0074 37.632 22.1771 29.6385 31.1571 35.5594 24.1006 31.7 18.8384 24.693 37.1008 62.6106
threshold=12.065571500000003 53.614001500000008 0.92701600000000006 135.50000000000003 24.055081000000005 0.59217100000000011 -4.1960039999999994 30.151595500000003 1.6538965000000003 -0.82457899999999984 67.500000000000014 27.235792000000004 -8.6800479999999975 22.879876500000005
decision_type=2 2 2 2 2 2 2 2 2 2 2 2 2 2
left_child=1 4 3 -3 5 8 7 -7 9 -1 -10 -12 -13 -14
right_child=-2 2 -4 -5 -6 6 -8 -9 10 -11 11 12 13 -15
leaf_value=0.013961162365410687 -0.044427828565239913 0.11509298339486124 -0.042964367517693475 0.019259803139028097 0.047768151954464294 -0.02216223335922941 0.011529186295886194 -0.10452940706163645 0.053383622183041136 -0.035774903139674373 0.020832221850729252 0.0070003009154058901 -0.10846356304273719 0.0007419025365795408
leaf_weight=53 20 20 22 21 23 38 31 20 22 81 158 162 21 35
leaf_count=53 20 20 22 21 23 38 31 20 22 81 158 162 21 35
internal_value=0.000806393 0.002086 0.027954 0.0660077 -0.000444558 -0.00223021 -0.0289365 -0.0505647 0.00223757 -0.0161032 0.00841259 0.00578131 -0.00512715 -0.0402101
internal_weight=727 707 63 41 644 621 89 58 532 134 398 376 218 56
internal_count=727 707 63 41 644 621 89 58 532 134 398 376 218 56
is_linear=0
shrinkage=0.05


end of trees

feature_importances:
navSampleSize=349
maxDrawdown60d=241
return60d=206
volatility20d=189
maxDrawdown20d=133
ma20Deviation=116
trendSlope20d=114
return5d=105
return20d=105
lossDayRatio20d=58
holdingDays=35
consecutiveUpDays=17
consecutiveDownDays=8
profitBuffer=2
lossPressure=2

parameters:
[boosting: gbdt]
[objective: regression]
[metric: l2]
[tree_learner: serial]
[device_type: cpu]
[data_sample_strategy: bagging]
[data: ]
[valid: ]
[num_iterations: 120]
[learning_rate: 0.05]
[num_leaves: 15]
[num_threads: 8]
[seed: 0]
[deterministic: 0]
[force_col_wise: 0]
[force_row_wise: 0]
[histogram_pool_size: -1]
[max_depth: -1]
[min_data_in_leaf: 20]
[min_sum_hessian_in_leaf: 0.001]
[bagging_fraction: 0.9]
[pos_bagging_fraction: 1]
[neg_bagging_fraction: 1]
[bagging_freq: 1]
[bagging_seed: 3]
[bagging_by_query: 0]
[feature_fraction: 0.9]
[feature_fraction_bynode: 1]
[feature_fraction_seed: 2]
[extra_trees: 0]
[extra_seed: 6]
[early_stopping_round: 0]
[early_stopping_min_delta: 0]
[first_metric_only: 0]
[max_delta_step: 0]
[lambda_l1: 0]
[lambda_l2: 0]
[linear_lambda: 0]
[min_gain_to_split: 0]
[drop_rate: 0.1]
[max_drop: 50]
[skip_drop: 0.5]
[xgboost_dart_mode: 0]
[uniform_drop: 0]
[drop_seed: 4]
[top_rate: 0.2]
[other_rate: 0.1]
[min_data_per_group: 100]
[max_cat_threshold: 32]
[cat_l2: 10]
[cat_smooth: 10]
[max_cat_to_onehot: 4]
[top_k: 20]
[monotone_constraints: ]
[monotone_constraints_method: basic]
[monotone_penalty: 0]
[feature_contri: ]
[forcedsplits_filename: ]
[refit_decay_rate: 0.9]
[cegb_tradeoff: 1]
[cegb_penalty_split: 0]
[cegb_penalty_feature_lazy: ]
[cegb_penalty_feature_coupled: ]
[path_smooth: 0]
[interaction_constraints: ]
[verbosity: -1]
[saved_feature_importance_type: 0]
[use_quantized_grad: 0]
[num_grad_quant_bins: 4]
[quant_train_renew_leaf: 0]
[stochastic_rounding: 1]
[linear_tree: 0]
[max_bin: 255]
[max_bin_by_feature: ]
[min_data_in_bin: 3]
[bin_construct_sample_cnt: 200000]
[data_random_seed: 1]
[is_enable_sparse: 1]
[enable_bundle: 1]
[use_missing: 1]
[zero_as_missing: 0]
[feature_pre_filter: 1]
[pre_partition: 0]
[two_round: 0]
[header: 0]
[label_column: ]
[weight_column: ]
[group_column: ]
[ignore_column: ]
[categorical_feature: ]
[forcedbins_filename: ]
[precise_float_parser: 0]
[parser_config_file: ]
[objective_seed: 5]
[num_class: 1]
[is_unbalance: 0]
[scale_pos_weight: 1]
[sigmoid: 1]
[boost_from_average: 1]
[reg_sqrt: 0]
[alpha: 0.9]
[fair_c: 1]
[poisson_max_delta_step: 0.7]
[tweedie_variance_power: 1.5]
[lambdarank_truncation_level: 30]
[lambdarank_norm: 1]
[label_gain: ]
[lambdarank_position_bias_regularization: 0]
[eval_at: ]
[multi_error_top_k: 1]
[auc_mu_weights: ]
[num_machines: 1]
[local_listen_port: 12400]
[time_out: 120]
[machine_list_filename: ]
[machines: ]
[gpu_platform_id: -1]
[gpu_device_id: -1]
[gpu_use_dp: 0]
[num_gpu: 1]

end of parameters

pandas_categorical:[]
