tree
version=v4
num_class=1
num_tree_per_iteration=1
label_index=0
max_feature_idx=18
objective=binary sigmoid:1
feature_names=return5d return20d return60d ma20Deviation trendSlope20d volatility20d maxDrawdown20d maxDrawdown60d lossDayRatio20d consecutiveUpDays consecutiveDownDays positionToSingleLimit profitBuffer lossPressure themeRate estimateGrowthRate navSampleSize holdingProfitRate holdingDays
feature_infos=[-18.602474999999998:35.835351000000003] [-25.483103:47.490637] [-34.982695:106.18034400000001] [-20.443919999999999:35.679302999999997] [-1.282003:2.0631849999999998] [8.2914999999999992:84.913120000000006] [-26.317771:-0.68485600000000002] [-39.054544999999997:-1.0902670000000001] [15:75] [0:9] [0:8] none [0:47.490637] [0:25.483103] none none [20:932] [-25.483103:47.490637] [20:932]
tree_sizes=1695 1713 1711 1711 1711 1709 1699 1720 1709 1716 1713 1713 1708 1712 1716 1713 1709 1690 1709 1713 1714 1713 1720 1715 1713 1718 1712 1720 1717 1723 1714 1705 1717 1714 1717 1722 1726 1717 1721 1709 1721 1722 1706 1700 1716 1728 1718 1718 1721 1705 1719 1723 1717 1727 1718 1717 1726 1729 1724 1730 1721 1717 1705 1718 1721 1716 1726 1728 1730 1712 1722 1710 1732 1721 1729 1709 1706 1711 1732 1728 1716 1713 1731 1714 1716 1734 1728 1721 1705 1723 1721 1736 1703 1724 1721 1717 1715 1705 1726 1702 1707 1713 1716 1698 1706 1724 1727 1716 1725 1717 1727 1728 1714 1722 1724 1715 1703 1725 1724 1721 1716 1716 1719 1720 1727 1719 1734 1720 1711 1708 1716 1710 1719 1729 1723 1725 1712 1720 1711 1721 1719 1733 1708 1724 1707 1732 1722 1720 1717 1724 1712 1717 1727 1705 1717 1731 1710 1711 1734 1725

Tree=0
num_leaves=15
num_cat=0
split_feature=16 6 2 16 16 2 6 4 1 2 7 6 8 6
split_gain=151.583 75.9893 82.5335 55.9071 83.9323 52.6142 49.0537 50.2862 43.9381 29.9465 55.1321 32.4653 35.1671 28.6492
threshold=505.50000000000006 -3.8821259999999995 1.1328295000000002 186.50000000000003 294.50000000000006 30.061026500000001 -3.7425039999999994 0.66954650000000016 17.745079500000003 8.4603740000000034 -3.9591564999999993 -4.7992349999999986 57.500000000000007 -17.603214999999995
decision_type=2 2 2 2 2 2 2 2 2 2 2 2 2 2
left_child=3 2 -2 5 6 -1 -5 -8 -3 10 11 12 -6 -4
right_child=1 8 13 4 9 -7 7 -9 -10 -11 -12 -13 -14 -15
leaf_value=-0.62032644835527495 -0.49419583857113925 -0.47124543415828696 -0.45493986681111381 -0.50496252433535094 -0.53401517404038301 -0.48608338488385061 -0.61344661314247717 -0.43333007876064333 -0.59189919918504141 -0.62518692759215178 -0.43742848683918084 -0.62990944102621327 -0.61086737416611392 -0.58259768881296703
leaf_weight=101.11158864200115 46.043949976563454 63.628574088215828 4.6275326609611502 62.47169092297554 36.326131388545036 7.866805523633956 23.831793203949932 4.6275326609611502 8.5609354227781278 44.655690178275108 6.7099223583936682 28.690702497959137 25.220053002238274 87.460367292165756
leaf_count=437 199 275 20 270 157 34 103 20 37 193 29 124 109 378
internal_value=-0.56052 -0.527127 -0.548854 -0.581085 -0.567236 -0.610636 -0.529749 -0.584159 -0.485554 -0.591308 -0.575702 -0.585984 -0.565507 -0.576183
internal_weight=551.833 210.321 138.132 341.512 232.534 108.978 90.931 28.4593 72.1895 141.602 96.9468 90.2369 61.5462 92.0879
internal_count=2385 909 597 1476 1005 471 393 123 312 612 419 390 266 398
is_linear=0
shrinkage=1


Tree=1
num_leaves=15
num_cat=0
split_feature=16 5 16 16 2 7 2 4 6 2 2 7 6 8
split_gain=144.555 127.165 49.3514 74.3647 50.1887 43.9911 50.3835 41.1099 47.4269 36.5943 31.6677 46.2494 35.9772 37.5017
threshold=505.50000000000006 22.277235500000003 186.50000000000003 294.50000000000006 30.061026500000001 -4.5191724999999989 0.86410050000000005 0.58035950000000014 -3.7425039999999994 8.4603740000000034 8.2639560000000021 -3.9591564999999993 -4.9639874999999991 57.500000000000007
decision_type=2 2 2 2 2 2 2 2 2 2 2 2 2 2
left_child=2 9 4 7 -1 6 -3 8 -4 -2 11 12 13 -5
right_child=1 5 3 10 -6 -7 -8 -9 -10 -11 -12 -13 -14 -15
leaf_value=-0.057747239263009155 0.11774015736558374 0.041681996859782501 0.039538762145350625 0.029915578123715564 0.070711549221583098 0.1311506209636962 -0.026844694277485912 0.11423360528578944 -0.048454937835996199 0.049284743726066088 -0.063490942788887908 0.11936979668700609 -0.066705158299028969 -0.05083453947033123
leaf_weight=96.650131791830063 39.898382693529129 40.494488954544067 56.801491528749466 38.909473776817322 8.2528366893529874 6.3680271804332724 79.449730962514877 12.287282258272169 20.964995741844177 38.227754652500153 44.990682765841484 6.1987199485301963 29.957677319645882 22.805494070053101
leaf_count=425 170 172 242 167 35 27 344 52 92 163 198 26 132 100
internal_value=0.000917759 0.0341029 -0.019165 -0.00633953 -0.0476412 0.00308963 -0.00370933 0.029245 0.0158166 0.0842444 -0.0287704 -0.0128097 -0.0217474 7.60369e-05
internal_weight=542.257 204.438 337.819 232.916 104.903 126.312 119.944 90.0538 77.7665 78.1261 142.862 97.8714 91.6726 61.715
internal_count=2345 876 1469 1009 460 543 516 386 334 333 623 425 399 267
is_linear=0
shrinkage=0.05


Tree=2
num_leaves=15
num_cat=0
split_feature=18 5 18 18 2 6 7 2 7 7 2 4 6 7
split_gain=129.172 116.689 46.6033 56.6447 51.6412 42.4299 47.4633 38.3524 47.2485 37.5542 33.306 31.0216 36.1278 35.344
threshold=505.50000000000006 22.393342000000001 183.50000000000003 297.50000000000006 30.061026500000001 -12.588751499999999 -4.5191724999999989 7.3703410000000007 -3.9591564999999993 -9.5939224999999979 1.4942745000000002 0.54110600000000009 -3.7425039999999994 -7.089732999999999
decision_type=2 2 2 2 2 2 2 2 2 2 2 2 2 2
left_child=2 -2 4 11 -1 -3 10 8 9 -5 -7 12 13 -4
right_child=1 5 3 7 -6 6 -8 -9 -10 -11 -12 -13 -14 -15
leaf_value=-0.057533896460242123 0.079239153032462192 0.084296093014534376 0.015093115088725892 0.00093674043936245368 0.072067759346374091 0.027444145876313358 0.12114870586872054 -0.063499203159745651 0.11872284338959854 -0.075902013833222759 -0.0327584168769375 0.092484850938050991 -0.042345416865016888 0.11934040945604572
leaf_weight=92.458739697933197 79.857911989092827 14.19508622586727 49.873705312609673 64.656705260276794 8.3831759542226774 32.522862806916237 6.785254940390586 46.60066269338131 6.8259101510047904 21.087794959545135 78.245501190423965 13.906528785824774 22.441805571317673 9.7143553495407087
leaf_count=414 334 60 211 282 35 137 28 209 28 94 342 58 100 41
internal_value=0.000949025 0.0315484 -0.0183248 -0.00612849 -0.0467599 0.00264123 -0.00721893 -0.0265052 -0.00788209 -0.0179608 -0.0150823 0.0234312 0.0117245 0.0320881
internal_weight=547.556 211.607 335.949 235.107 100.842 131.749 117.554 139.171 92.5704 85.7445 110.768 95.9364 82.0299 59.5881
internal_count=2373 901 1472 1023 449 567 507 613 404 376 479 410 352 252
is_linear=0
shrinkage=0.05


Tree=3
num_leaves=15
num_cat=0
split_feature=16 5 16 16 2 4 7 2 2 7 6 3 6 7
split_gain=120.182 108.315 40.8264 56.4765 49.3519 39.5437 44.3521 34.1319 30.1918 37.7132 38.0932 29.9087 35.6405 29.1329
threshold=505.50000000000006 22.277235500000003 186.50000000000003 297.50000000000006 30.061026500000001 -0.6730894999999999 -4.5191724999999989 0.38060550000000004 8.4603740000000034 -3.9591564999999993 -5.2984354999999992 5.1654715000000015 -3.7425039999999994 -7.089732999999999
decision_type=2 2 2 2 2 2 2 2 2 2 2 2 2 2
left_child=2 -2 4 11 -1 -3 7 -7 9 10 -5 12 13 -4
right_child=1 5 3 8 -6 6 -8 -9 -10 -11 -12 -13 -14 -15
leaf_value=-0.055259180311533221 0.075058542183283686 0.10191324055894227 0.013836855771761195 0.0048236690597894729 0.068992118121078902 0.027803137972708555 0.11272005888341584 -0.031593075279169387 -0.062745866987907781 0.098734117200132823 -0.062700650369434785 0.083981156298616425 -0.044746186767665778 0.10630053047477708
leaf_weight=93.354302659630775 81.531956523656845 9.1466259360313398 46.404039531946182 55.405736967921257 8.7399432063102704 34.73317177593708 7.4033825099468222 79.659253671765327 41.585445359349251 7.1491914242506018 33.524397507309914 16.581079930067062 21.51516954600811 10.434426814317701
leaf_count=426 336 38 195 241 36 145 30 351 191 29 152 69 97 43
internal_value=0.000406669 0.029817 -0.018264 -0.00669451 -0.0446224 0.00164715 -0.00588263 -0.0135585 -0.0271543 -0.0117494 -0.0206313 0.0229742 0.010064 0.0308114
internal_weight=547.168 212.474 334.694 232.599 102.094 130.942 121.796 114.392 137.665 96.0793 88.9301 94.9347 78.3536 56.8385
internal_count=2379 900 1479 1017 462 564 526 496 613 422 393 404 335 238
is_linear=0
shrinkage=0.05


Tree=4
num_leaves=15
num_cat=0
split_feature=16 5 16 2 2 6 7 7 7 7 16 1 16 16
split_gain=110.693 66.8433 49.7836 43.1218 42.6223 31.9309 30.3319 30.402 27.9463 37.7007 26.4721 26.5698 21.2407 20.056
threshold=598.50000000000011 22.277235500000003 186.50000000000003 8.2639560000000021 30.061026500000001 -3.3719439999999996 -4.5191724999999989 -13.389685999999998 -7.2716629999999993 -11.042847999999998 297.50000000000006 8.995096000000002 370.50000000000006 324.50000000000006
decision_type=2 2 2 2 2 2 2 2 2 2 2 2 2 2
left_child=2 -2 4 5 -1 8 7 -3 9 12 11 -5 13 -4
right_child=1 6 3 10 -6 -7 -8 -9 -10 -11 -12 -13 -14 -15
leaf_value=-0.052998052255561534 0.077228011597110166 0.051935132269071399 0.034488916880739788 -0.03798588696627362 0.063379143715716083 -0.037557376837896977 0.10627231618231187 -0.016752459135067788 0.067414265620664743 -0.032665031729771525 -0.047839998938809893 0.080087244791656173 0.0022633118836450318 0.12134336238634769
leaf_weight=93.854249641299248 61.446629464626312 21.779644817113876 48.269164443016052 9.8507283627986926 8.5874394327402097 30.156611099839211 7.4719329625368109 61.880141794681549 24.720770001411438 38.356802001595497 65.181533068418503 9.2279612869024259 52.905270263552666 7.7079906314611426
leaf_count=437 250 91 203 43 35 137 30 274 102 170 296 38 226 33
internal_value=0.000833944 0.0369249 -0.0133287 -0.00262808 -0.0432424 0.00989928 0.0097501 0.00112939 0.0182218 0.00996256 -0.0326777 0.0191236 0.0249793 0.0464487
internal_weight=541.397 152.578 388.819 286.377 102.442 202.117 91.1317 83.6598 171.96 147.239 84.2602 19.0787 108.882 55.9772
internal_count=2365 645 1720 1248 472 871 395 365 734 632 377 81 462 236
is_linear=0
shrinkage=0.05


Tree=5
num_leaves=15
num_cat=0
split_feature=16 5 5 4 7 7 2 6 16 16 2 2 7 7
split_gain=101.586 84.8483 39.3567 36.5839 35.4008 31.7532 31.0019 33.4052 24.4561 48.3747 37.2507 20.4011 22.491 19.8233
threshold=505.50000000000006 22.277235500000003 26.029478000000005 -0.6730894999999999 -9.2818959999999979 -4.5191724999999989 7.9370950000000002 -2.6064839999999996 192.50000000000003 294.50000000000006 26.972924000000003 0.38060550000000004 -23.172414999999997 -6.6763724999999994
decision_type=2 2 2 2 2 2 2 2 2 2 2 2 2 2
left_child=2 6 -1 -3 8 11 -2 13 10 -10 -4 12 -5 -8
right_child=1 3 4 5 -6 -7 7 -9 9 -11 -12 -13 -14 -15
leaf_value=-0.034076308793345368 0.097704528172203181 0.094589469943952328 -0.053276688915916484 -0.037597274636775972 -0.074129660666594294 0.10044940666250034 0.064636064956237013 0.088870366658701114 0.061013904747467623 -0.010697322014335204 0.064459042894563029 -0.027241236246039836 0.047952144941361526 -0.031427763816763453
leaf_weight=183.97354148328304 39.194607064127922 9.5666986256837827 28.50704100728035 11.618920326232908 14.27289181947708 6.4984545707702628 7.8360414355993298 17.548831656575203 43.530371278524399 51.151432529091835 8.7897740453481656 78.658677503466606 22.678024366497993 17.06623500585556
leaf_count=838 158 39 134 48 66 26 32 71 180 230 36 352 94 70
internal_value=-0.00137894 0.0257503 -0.018686 0.000507945 0.000673837 -0.00702675 0.0656397 0.0360346 0.0087635 0.0222722 -0.0255298 -0.01321 0.0189702 -0.0011992
internal_weight=540.892 210.666 330.225 129.021 146.252 119.454 81.6457 42.4511 131.979 94.6818 37.2968 112.956 34.2969 24.9023
internal_count=2374 890 1484 559 646 520 331 173 580 410 170 494 142 102
is_linear=0
shrinkage=0.05


Tree=6
num_leaves=15
num_cat=0
split_feature=16 5 16 2 2 6 7 6 7 7 16 1 1 7
split_gain=90.4521 50.7103 42.6867 38.5591 35.7307 31.6863 29.2547 31.9059 24.7983 32.9684 22.5429 30.0099 18.3508 18.2257
threshold=598.50000000000011 22.277235500000003 186.50000000000003 26.972924000000003 8.2639560000000021 -3.3719439999999996 -7.089732999999999 -5.2984354999999992 -4.5191724999999989 -13.389685999999998 297.50000000000006 8.995096000000002 8.891646500000002 -11.553163
decision_type=2 2 2 2 2 2 2 2 2 2 2 2 2 2
left_child=2 -2 3 -1 5 6 7 12 9 -3 11 -6 13 -4
right_child=1 8 4 -5 10 -7 -8 -9 -10 -11 -12 -13 -14 -15
leaf_value=-0.051836641148769118 0.067174009339589322 0.05281167515442621 0.027217290052773336 0.058986810587057771 -0.046770021608675286 -0.04092670404403416 0.068763951096788373 -0.030787186870452312 0.095769050517622967 -0.018246641781003776 -0.045865697462026775 0.075906342527652826 0.09516188080002104 -0.022032075847900037
leaf_weight=87.548749431967735 62.215415507555008 22.279063835740089 81.591929361224174 8.6217437088489515 9.8756069689989108 28.704283684492111 22.654820203781128 39.560710430145264 7.4829456955194464 61.061805054545403 62.772935047745705 10.067029073834417 7.8381124287843695 24.404220700263977
leaf_count=423 250 92 344 35 44 134 93 175 30 274 293 41 32 108
internal_value=-0.000100952 0.032399 -0.0130656 -0.0419013 -0.0034189 0.00778507 0.0157274 0.00789441 0.00857767 0.000748994 -0.0311532 0.0151569 0.0213374 0.0158783
internal_weight=536.679 153.039 383.64 96.1705 287.47 204.754 176.05 153.395 90.8238 83.3409 82.7156 19.9426 113.834 105.996
internal_count=2368 646 1722 458 1264 886 752 659 396 366 378 85 484 452
is_linear=0
shrinkage=0.05


Tree=7
num_leaves=15
num_cat=0
split_feature=16 5 16 16 2 2 7 4 4 2 7 7 8 4
split_gain=79.4167 72.9886 29.6931 37.3991 35.2775 29.2274 26.5113 30.1038 23.8766 22.9558 33.316 25.1218 22.809 22.2032
threshold=505.50000000000006 22.277235500000003 186.50000000000003 294.50000000000006 30.061026500000001 9.6968755000000026 -4.5191724999999989 -0.65556149999999991 0.46237650000000002 8.4603740000000034 -3.9591564999999993 -9.2818959999999979 47.500000000000007 0.58035950000000014
decision_type=2 2 2 2 2 2 2 2 2 2 2 2 2 2
left_child=2 5 4 13 -1 -2 7 -3 -7 10 11 12 -5 -4
right_child=1 6 3 9 -6 8 -8 -9 -10 -11 -12 -13 -14 -15
leaf_value=-0.049267778036894985 0.08770665372965003 0.083880798229238024 0.0089542283464455925 0.052641902254113172 0.05225450689879102 0.00098317619365367198 0.091591603690335352 -0.012623013339752069 0.093201374551828003 -0.055652964553814459 0.089582706670052817 -0.068986289991656957 -0.019196426900055168 0.083326031086187885
leaf_weight=88.148007839918137 44.601865917444229 8.7071706801652891 79.460273891687393 13.911713123321531 9.4768272936344129 25.226103365421295 7.4341557919979087 112.39630675315857 9.7249908000230771 38.743135377764702 7.7195169329643241 19.38084277510643 53.700080811977386 11.486144065856932
leaf_count=435 179 35 341 60 38 103 30 496 39 191 31 93 238 46
internal_value=-0.000836895 0.0232377 -0.0163937 -0.00637944 -0.0394126 0.0608785 -5.84218e-05 -0.00568452 0.0266425 -0.0232299 -0.00996691 -0.0188007 -0.00441507 0.0183471
internal_weight=530.117 208.091 322.027 224.402 97.6248 79.553 128.538 121.103 34.9511 133.455 94.7122 86.9926 67.6118 90.9464
internal_count=2355 882 1473 1000 473 321 561 531 142 613 422 391 298 387
is_linear=0
shrinkage=0.05


Tree=8
num_leaves=15
num_cat=0
split_feature=16 5 16 16 2 4 7 2 7 3 6 2 7 6
split_gain=78.4056 66.1637 30.4619 41.7768 31.1458 28.3081 24.2435 26.9055 24.0986 22.2963 27.855 22.1802 34.7335 23.9395
threshold=505.50000000000006 22.277235500000003 183.50000000000003 297.50000000000006 30.061026500000001 -0.6730894999999999 -4.5191724999999989 0.86410050000000005 -23.172414999999997 6.0638030000000009 -3.7425039999999994 8.2639560000000021 -3.9591564999999993 -5.2984354999999992
decision_type=2 2 2 2 2 2 2 2 2 2 2 2 2 2
left_child=2 -2 4 9 -1 -3 7 8 -7 10 -4 12 13 -5
right_child=1 5 3 11 -6 6 -8 -9 -10 -11 -12 -13 -14 -15
leaf_value=-0.048390833282083268 0.058923483055692852 0.085803804243756582 0.026808518639029721 9.9684017403485882e-05 0.050641558275198062 -0.028478140376895812 0.08800460502233054 -0.0272524116921758 0.055493642589756101 0.07917201996075178 -0.038768366569216672 -0.056617900316530412 0.090474083406504618 -0.055032184550015323
leaf_weight=86.158636599779129 81.806864678859711 9.2437394410371763 61.9831602871418 53.39786621928215 8.7452104240655881 13.482513397932051 6.6217915266752234 76.837590828537941 23.326213285326958 13.382043704390524 21.920397475361824 37.358499631285667 7.7330788075923911 31.192175447940826
leaf_count=435 330 37 257 233 35 56 27 351 96 54 103 189 31 151
internal_value=5.7933e-05 0.0237212 -0.0154778 -0.00553131 -0.0392652 0.00148547 -0.00499519 -0.010414 0.024736 0.0192356 0.00967609 -0.0241111 -0.0109572 -0.0202299
internal_weight=533.19 211.319 321.871 226.967 94.9038 129.512 120.268 113.646 36.8087 97.2856 83.9036 129.682 92.3231 84.59
internal_count=2385 897 1488 1018 470 567 530 503 152 414 360 604 415 384
is_linear=0
shrinkage=0.05


Tree=9
num_leaves=15
num_cat=0
split_feature=16 5 7 16 4 7 8 16 2 2 6 8 7 16
split_gain=61.2964 51.5954 33.5094 23.9807 22.3737 24.5211 18.8463 18.4267 28.3507 25.2832 25.8471 39.0164 42.3059 17.152
threshold=592.50000000000011 22.277235500000003 -18.736676499999998 192.50000000000003 -0.34331649999999997 -4.5191724999999989 42.500000000000007 183.50000000000003 30.061026500000001 8.2639560000000021 -3.0641699999999994 52.500000000000007 -13.835873499999998 195.50000000000003
decision_type=2 2 2 2 2 2 2 2 2 2 2 2 2 2
left_child=2 -2 3 -1 -3 -6 -5 8 -4 10 11 12 -9 -13
right_child=1 4 7 6 5 -7 -8 9 -10 -11 -12 13 -14 -15
leaf_value=-0.034690695506980819 0.061219993952743947 0.071191436267658906 -0.05025842088487719 -0.042650152260252011 -0.014774984192803485 0.084641739125280405 0.046834510100524626 -0.046331849942229282 0.046585385185880061 -0.034217807290725898 -0.048605649787065386 0.073337413863263951 0.065914359944069148 -0.020638844340445651
leaf_weight=15.538630738854406 62.934053972363472 10.470391169190405 68.218951106071472 6.7150387316942206 74.296311289072037 6.7673837244510642 47.540978536009789 10.536050051450728 8.4986623227596265 77.452983245253563 22.159694194793701 5.2364693135023108 41.300956711173058 66.708088055253029
leaf_count=78 253 44 352 28 333 28 195 46 34 370 109 23 174 296
internal_value=-8.42569e-05 0.0263698 -0.0111311 0.0200748 0.0024087 -0.00647545 0.0357594 -0.0183885 -0.0395302 -0.011128 0.00112604 0.0100291 0.0430999 -0.0137988
internal_weight=524.375 154.468 369.907 69.7946 91.5341 81.0637 54.256 300.112 76.7176 223.394 145.941 123.782 51.837 71.9446
internal_count=2363 658 1705 301 405 361 223 1404 386 1018 648 539 220 319
is_linear=0
shrinkage=0.05


Tree=10
num_leaves=15
num_cat=0
split_feature=18 5 18 2 2 6 8 7 7 5 18 7 7 4
split_gain=58.595 42.376 28.095 30.0163 25.8177 24.3774 20.5912 31.7234 23.6849 18.0443 17.672 23.7316 17.5406 18.9567
threshold=592.50000000000011 21.818471500000005 186.50000000000003 8.2639560000000021 30.061026500000001 -3.3719439999999996 52.500000000000007 -16.298619999999996 -12.790780999999997 54.346298000000012 297.50000000000006 -9.8848719999999997 -4.5191724999999989 -0.35462199999999994
decision_type=2 2 2 2 2 2 2 2 2 2 2 2 2 2
left_child=2 -2 4 5 -1 6 8 -8 9 -4 11 -5 13 -3
right_child=1 12 3 10 -6 -7 7 -9 -10 -11 -12 -13 -14 -15
leaf_value=-0.044568997624247014 0.057766138029576787 0.06423010208823747 -0.0086237069315404109 0.062689436032330667 0.045936532185764878 -0.036753505719969631 0.040053111376494269 -0.022492508478748771 0.06134815360379714 0.08114441804058585 -0.042689870149730448 -0.050139119127274916 0.082721114641173557 -0.0095010983609900759
leaf_weight=79.873297423124313 61.488078609108925 9.800939813256262 33.619592994451523 10.535104259848596 8.7420678585767728 27.274078786373138 30.224113643169403 61.577573597431183 37.963583409786224 6.7164003401994696 59.854698225855827 8.3576737344264966 6.6707336604595175 78.87359331548214
leaf_count=421 248 41 141 43 35 135 125 275 159 27 298 39 28 354
internal_value=-0.000155364 0.0254019 -0.0111447 -0.00328336 -0.0356405 0.00712949 0.0141657 -0.00190045 0.0330023 0.0063237 -0.0293825 0.012777 0.00453027 -0.0013518
internal_weight=521.572 156.833 364.738 276.123 88.6154 197.375 170.101 91.8017 78.2996 40.336 78.7475 18.8928 95.3453 88.6745
internal_count=2369 671 1698 1242 456 862 727 400 327 168 380 82 423 395
is_linear=0
shrinkage=0.05


Tree=11
num_leaves=15
num_cat=0
split_feature=16 5 16 16 2 13 2 7 7 2 7 6 7 2
split_gain=60.3731 52.7224 22.8553 38.1121 23.6906 20.9205 18.6292 19.6548 22.4254 17.8017 23.7773 28.4132 17.6882 22.8949
threshold=505.50000000000006 22.277235500000003 186.50000000000003 297.50000000000006 30.061026500000001 12.295077500000003 10.188336500000002 -3.2281234999999993 -6.6763724999999994 8.4603740000000034 -3.9591564999999993 -5.2984354999999992 -4.5191724999999989 0.38060550000000004
decision_type=2 2 2 2 2 2 2 2 2 2 2 2 2 2
left_child=2 6 4 -4 -1 12 -2 8 -8 10 11 -5 13 -3
right_child=1 5 3 9 -6 -7 7 -9 -10 -11 -12 -13 -14 -15
leaf_value=-0.04371263160976023 0.073192497106530155 0.023638503472209874 0.019686302384235708 0.0027554897252710436 0.04093325096210363 0.081121158309100772 0.065521415096769758 0.089929040834384841 -0.035102099823028102 -0.053213476088506607 0.076828703812179419 -0.057959701456670502 0.079325543987912403 -0.02434383784651218
leaf_weight=79.561193346977234 47.467748388648033 37.228539064526558 91.827593713998795 55.082896366715431 9.2245560437440854 7.7063553482294074 8.6418575495481473 8.389683395624159 15.41195695102215 34.582433328032494 7.0910201966762534 29.637047871947289 6.0561150759458533 74.834570333361626
leaf_count=429 193 153 393 241 37 31 35 34 63 187 29 149 26 348
internal_value=0.000514661 0.0214731 -0.0135304 -0.00482853 -0.0349182 0.00130196 0.053234 0.0240329 0.00104909 -0.0226391 -0.0111226 -0.0184841 -0.00390562 -0.0084036
internal_weight=512.744 205.737 307.007 218.221 88.7857 125.826 79.9112 32.4435 24.0538 126.393 91.811 84.7199 118.119 112.063
internal_count=2348 883 1465 999 466 558 325 132 98 606 419 390 527 501
is_linear=0
shrinkage=0.05


Tree=12
num_leaves=15
num_cat=0
split_feature=16 16 16 2 4 7 7 16 16 2 5 16 7 8
split_gain=53.0936 36.0844 36.3897 35.2471 22.6612 22.3513 26.1412 33.0181 25.2792 21.7504 17.1737 17.3009 14.5281 19.0282
threshold=186.50000000000003 725.50000000000011 900.50000000000011 8.2639560000000021 0.7768425000000001 -5.3596829999999995 -11.042847999999998 204.50000000000003 481.50000000000006 30.061026500000001 20.564629500000002 300.50000000000006 -12.790780999999997 42.500000000000007
decision_type=2 2 2 2 2 2 2 2 2 2 2 2 2 2
left_child=9 3 -3 4 5 6 10 -8 -9 -1 11 -2 13 -12
right_child=1 2 -4 -5 -6 -7 7 8 -10 -11 12 -13 -14 -15
leaf_value=-0.044743965376952632 -0.018182833901735512 0.048279208460944932 -0.07480564936061726 -0.022261199981738571 0.10367807923875752 0.057135764117544487 0.11739640344589471 -0.043635860131502724 0.03525486175900501 0.037616726274557755 -0.057914894826373513 0.094737331618717474 0.049548497874495272 0.010286008636699965
leaf_weight=76.535227090120316 4.6747013628482845 71.089071929454803 6.5589811801910392 116.34496749937534 6.47963723540306 21.635222777724266 4.0828907191753379 54.878656357526779 12.459805026650427 8.9539873301982862 11.662530705332754 12.362953603267668 19.239277198910713 83.099580496549606
leaf_count=422 20 303 30 555 27 92 17 264 54 36 52 52 81 348
internal_value=-0.000167597 0.00707115 0.0378822 0.000174999 0.011496 0.00883057 0.00366861 -0.0206674 -0.0290385 -0.0361177 0.0169327 0.0637549 0.00993502 0.00189241
internal_weight=510.057 424.568 77.6481 346.92 230.575 224.096 202.46 71.4214 67.3385 85.4892 131.039 17.0377 114.001 94.7621
internal_count=2353 1895 333 1562 1007 980 888 335 318 458 553 72 481 400
is_linear=0
shrinkage=0.05


Tree=13
num_leaves=15
num_cat=0
split_feature=16 6 7 16 2 2 5 16 16 7 7 6 6 5
split_gain=46.8793 28.7427 36.9525 24.4567 23.7162 22.7632 19.595 17.759 15.8219 20.0879 14.8826 16.806 20.3568 19.0516
threshold=598.50000000000011 -4.5289444999999988 -14.923908999999998 186.50000000000003 8.2639560000000021 30.061026500000001 54.346298000000012 892.50000000000011 297.50000000000006 -9.8848719999999997 -5.3596829999999995 -6.1392874999999991 -7.4960949999999995 23.553182500000002
decision_type=2 2 2 2 2 2 2 2 2 2 2 2 2 2
left_child=3 2 -2 5 6 -1 10 -3 9 -6 11 12 13 -5
right_child=1 7 -4 4 8 -7 -8 -9 -10 -11 -12 -13 -14 -15
leaf_value=-0.043670881671561336 0.057266124893873643 0.051902393699484517 -0.019874740438687817 -0.070579050143019656 0.055922785927508094 0.038772945379935884 0.085201136865575636 -0.046912157410651689 -0.041829744063239832 -0.04846560004784032 0.049355886558283636 -0.01734675080566616 0.053539624539628121 0.0095907690043283561
leaf_weight=75.110368862748146 21.40630604326725 66.870724216103554 56.498565569519997 8.5239500105380994 10.79818867146969 9.4229199141263944 7.3723725229501715 4.8786319047212592 54.144938975572586 8.040094926953314 15.35832668840885 88.621854543685913 23.326204463839531 56.731832101941109
leaf_count=424 88 283 256 37 44 38 30 22 282 38 66 411 99 237
internal_value=-0.00114451 0.0223505 0.00132164 -0.0109812 -0.00370239 -0.0344809 0.00520282 0.0451835 -0.0280979 0.0113703 0.00214003 -0.00195219 0.0134493 -0.000881307
internal_weight=507.105 149.654 77.9049 357.451 272.918 84.5333 199.935 71.7494 72.9832 18.8383 192.562 177.204 88.582 65.2558
internal_count=2355 649 344 1706 1244 462 880 305 364 82 850 784 373 274
is_linear=0
shrinkage=0.05


Tree=14
num_leaves=15
num_cat=0
split_feature=16 5 16 2 6 2 13 4 6 16 2 2 16 1
split_gain=47.591 31.0114 25.5193 24.3643 19.2795 18.3202 16.3137 15.3634 18.8477 14.6981 19.8175 14.313 14.0957 19.1965
threshold=592.50000000000011 22.277235500000003 183.50000000000003 10.037865000000002 -6.1392874999999991 30.061026500000001 3.5006765000000004 -0.34331649999999997 -5.864346499999999 195.50000000000003 -0.34459949999999995 6.6265090000000013 294.50000000000006 9.1773940000000014
decision_type=2 2 2 2 2 2 2 2 2 2 2 2 2 2
left_child=2 11 5 4 6 -1 -4 -3 -9 -6 -11 -2 13 -5
right_child=1 7 3 12 9 -7 -8 8 -10 10 -12 -13 -14 -15
leaf_value=-0.041915723252363923 0.075995497945181983 0.061556795030712812 0.048671958314468966 -0.040204329082707622 0.075136693706770744 0.034040294268683297 0.0065517431448231175 -0.026553068760371598 0.022159859876433582 -0.030811227186488335 0.012337413158415789 0.027844765630151411 -0.043482670561121373 0.071887779298874147
leaf_weight=73.957875743508339 30.038985043764114 10.683802381157873 36.467368677258492 8.2354703992605192 5.0650637447834006 8.8932261765003187 62.195871844887733 39.894503548741341 39.534654229879379 61.063663944602013 47.164055973291397 31.741977587342262 46.374590590596199 7.1232485920190802
leaf_count=429 126 45 153 38 22 36 264 182 178 282 223 130 247 29
internal_value=0.000534478 0.0239713 -0.00945012 -0.00209025 0.00596085 -0.0337626 0.02212 0.00526474 -0.00230695 -0.00811165 -0.0120077 0.0512565 -0.029733 0.0117831
internal_weight=508.434 151.894 356.54 273.689 211.956 82.8511 98.6632 90.113 79.4292 113.293 108.228 61.781 61.7333 15.3587
internal_count=2384 661 1723 1258 944 465 417 405 360 527 505 256 314 67
is_linear=0
shrinkage=0.05


Tree=15
num_leaves=15
num_cat=0
split_feature=16 5 7 16 5 2 13 4 3 2 7 7 0 2
split_gain=40.0363 36.2147 23.995 27.345 35.5464 20.9637 19.9327 19.8636 19.7478 14.9103 17.9273 16.9067 14.4449 13.7766
threshold=505.50000000000006 22.277235500000003 -18.846248999999997 234.50000000000003 53.807834000000007 10.188336500000002 12.295077500000003 0.46237650000000002 2.6288345000000004 0.38060550000000004 -3.6658359999999997 -23.172414999999997 -6.7106699999999995 -27.750579499999997
decision_type=2 2 2 2 2 2 2 2 2 2 2 2 2 2
left_child=2 5 3 4 13 -2 9 8 -7 11 -11 -3 -4 -1
right_child=1 6 12 -5 -6 7 -8 -9 -10 10 -12 -13 -14 -15
leaf_value=0.042432830139293512 0.064415252585174637 -0.027657269610423321 0.060861538284305509 0.079035519802185719 0.073381445742850535 0.031064832102138097 0.080065459628063287 0.078441098132619499 -0.057895943046097277 -0.023676766592733184 0.073876787049430848 0.044327438963183016 -0.019804148633703875 -0.058829588289820094
leaf_weight=4.1326771378517142 47.164175525307655 12.084627211093901 5.6784106791019431 14.177770316600798 10.099824994802473 13.632660672068598 7.287501409649848 8.5870030820369703 11.501095548272131 73.983030065894127 5.0295916944742194 25.095384061336517 245.02294141054153 17.93706072866917
leaf_count=17 198 50 27 58 45 57 30 36 47 351 23 102 1237 90
internal_value=-0.000147992 0.0168857 -0.0118669 0.0211839 -0.00431243 0.0428917 -0.000149379 0.0127875 -0.00964322 -0.00518038 -0.0174669 0.0209302 -0.0179771 -0.0398677
internal_weight=501.414 204.365 297.049 46.3473 32.1696 80.8849 123.48 33.7208 25.1338 116.193 79.0126 37.18 250.701 22.0697
internal_count=2368 894 1474 210 152 338 556 140 104 526 374 152 1264 107
is_linear=0
shrinkage=0.05


Tree=16
num_leaves=15
num_cat=0
split_feature=16 5 7 16 5 2 13 7 2 7 7 7 16 5
split_gain=34.1873 32.4191 22.3621 20.1672 36.2478 18.2295 16.5428 15.393 16.665 15.9614 14.5118 21.3529 11.9977 14.2156
threshold=505.50000000000006 22.277235500000003 -18.846248999999997 234.50000000000003 53.807834000000007 10.188336500000002 12.295077500000003 -4.5191724999999989 0.38060550000000004 -23.172414999999997 -2.7555309999999995 -6.6763724999999994 622.50000000000011 25.784961500000005
decision_type=2 2 2 2 2 2 2 2 2 2 2 2 2 2
left_child=2 5 3 4 -1 -2 7 8 9 -3 11 -7 -10 -14
right_child=1 6 -4 -5 -6 10 -8 -9 12 -11 -12 -13 13 -15
leaf_value=-0.039817489707279823 0.061540463218641067 -0.028889606240524463 -0.017975868665098278 0.068730426471128633 0.074966315980358855 0.058140628602918187 0.07129120989767905 0.072543844723264028 -0.055939296048567691 0.040201219100309361 0.079630629261151872 -0.038352003058867476 0.05304727228553352 -0.021497736426157987
leaf_weight=21.181730300188068 43.663782000541687 12.512316912412642 249.38294696807861 14.517334103584288 10.185230150818823 8.7440456598997169 7.449559971690177 5.9874446690082541 20.649759188294411 25.18533219397068 6.303471863269805 16.651519566774368 7.4447979629039756 45.371285125613213
leaf_count=105 186 52 1265 59 46 36 31 28 102 102 27 69 34 215
internal_value=-0.00126261 0.014701 -0.0120736 0.0200053 -0.0025458 0.0405877 -0.000956185 -0.00555036 -0.00975663 0.0172691 0.0117264 -0.00512825 -0.0236244 -0.0109901
internal_weight=495.231 199.963 295.267 45.8843 31.367 75.3628 124.6 117.151 111.163 37.6976 31.699 25.3956 73.4658 52.8161
internal_count=2357 882 1475 210 151 318 564 533 505 154 132 105 351 249
is_linear=0
shrinkage=0.05


Tree=17
num_leaves=15
num_cat=0
split_feature=16 16 16 2 2 7 7 16 7 16 7 16 5 1
split_gain=34.3537 26.6758 22.418 26.2198 18.8532 17.1462 18.9671 26.9739 18.2065 16.2338 13.9154 34.0206 14.4195 13.0848
threshold=725.50000000000011 900.50000000000011 186.50000000000003 8.2639560000000021 26.972924000000003 -5.3596829999999995 -11.553163 204.50000000000003 -11.788986 481.50000000000006 -6.4936539999999985 297.50000000000006 24.539844000000006 4.8877190000000015
decision_type=2 2 2 2 2 2 2 2 2 2 2 2 2 2
left_child=2 -2 4 5 -1 6 8 -8 -4 10 12 -12 -9 -6
right_child=1 -3 3 -5 13 -7 7 9 -10 -11 11 -13 -14 -15
leaf_value=-0.037894262674801192 0.0389928212866021 -0.071996535155006744 0.012828206382991392 -0.019394594572157444 0.094233388962305931 0.053683571581812854 0.10981614557363058 -0.053496973516388213 0.093471130547312375 0.027169828441059869 0.12165082766991869 -0.068860708583482214 0.039047301697255732 -0.022401140451081082
leaf_weight=70.907510951161385 72.808033287525177 5.8485868126153937 121.27479282021523 111.70289117097855 4.8746688812971097 20.639698296785355 4.1411498039960852 42.631635710597038 7.4276191890239707 13.788123726844786 4.4923088699579221 4.8987151086330414 4.6702035069465628 4.7456635385751724
leaf_count=429 321 28 517 555 20 89 17 216 31 61 19 26 21 20
internal_value=0.000436101 0.0307401 -0.00529105 0.000392746 -0.028983 0.0102617 0.00585395 -0.0142016 0.0174822 -0.0214883 -0.0333224 0.0222728 -0.0443599 0.0366981
internal_weight=494.852 78.6566 416.195 335.667 80.5278 223.964 203.325 74.6221 128.702 70.481 56.6929 9.39102 47.3018 9.62033
internal_count=2370 349 2021 1552 469 997 908 360 548 343 282 45 237 40
is_linear=0
shrinkage=0.05


Tree=18
num_leaves=15
num_cat=0
split_feature=16 5 6 3 7 7 4 7 16 16 16 0 6 7
split_gain=30.0177 39.057 17.801 22.5836 16.2589 14.2794 24.4513 16.2018 15.2309 13.57 23.1619 14.3694 15.5621 13.5408
threshold=505.50000000000006 22.277235500000003 -3.4492824999999994 5.5346890000000011 -3.9591564999999993 -19.327466999999995 -0.36793999999999993 -32.209499499999993 210.50000000000003 544.50000000000011 574.50000000000011 2.5609985000000006 -2.6064839999999996 -4.5191724999999989
decision_type=2 2 2 2 2 2 2 2 2 2 2 2 2 2
left_child=2 9 4 -4 5 6 8 -8 -1 -2 -11 -12 -13 -3
right_child=1 13 3 -5 -6 -7 7 -9 -10 10 11 12 -14 -15
leaf_value=-0.047286094584704674 0.10375200116434542 -0.0060691723686218581 -0.051612633992386803 0.037695637458491693 0.0730135100285456 -0.0125778142245778 -0.030270891825135534 0.078327714762423797 0.040555197371695245 -0.063280695203620674 0.059522547022643257 -0.030762587961149238 0.064412695345818172 0.070138620287764394
leaf_weight=14.727313295006754 8.2240245640277845 118.54546609520912 42.926664039492607 8.4763956218957883 6.5849073827266684 190.23086579144001 4.2804489433765438 17.376428291201591 7.4215869158506385 5.4326315671205512 44.723816320300102 10.933539703488352 7.0737025141715995 6.1303144544363013
leaf_count=74 34 540 245 38 28 972 18 80 30 24 193 46 31 30
internal_value=5.97831e-05 0.0149273 -0.0101768 -0.0368856 -0.00447105 -0.00665118 0.0190858 0.0568634 -0.0178525 0.0430808 0.0357608 0.044338 0.00662468 -0.00232203
internal_weight=493.088 201.063 292.025 51.4031 240.622 234.037 43.8058 21.6569 22.1489 76.3877 68.1637 62.7311 18.0072 124.676
internal_count=2383 898 1485 283 1202 1174 202 98 104 328 294 270 77 570
is_linear=0
shrinkage=0.05


Tree=19
num_leaves=15
num_cat=0
split_feature=16 7 2 4 16 5 2 6 7 7 16 16 5 5
split_gain=31.762 23.3569 32.3646 18.5763 18.5197 26.2251 18.3825 18.0709 22.9814 21.4605 17.3898 17.1855 13.491 12.5392
threshold=186.50000000000003 -3.6658359999999997 8.8535505000000025 0.84378450000000005 505.50000000000006 22.277235500000003 26.972924000000003 -3.4492824999999994 -7.089732999999999 -10.585293999999999 370.50000000000006 234.50000000000003 49.534786500000003 19.450621500000004
decision_type=2 2 2 2 2 2 2 2 2 2 2 2 2 2
left_child=6 2 3 4 7 -6 -1 8 9 10 11 12 -2 -12
right_child=1 -3 -4 -5 5 -7 -8 -9 -10 -11 13 -13 -14 -15
leaf_value=-0.037686594492701356 -0.032993984962736422 0.072437187240054587 -0.016562389326218962 0.10112662847562026 0.060692062383880689 0.0085391303143543592 0.038036345170788965 -0.039386958849198503 0.05735646640763406 -0.041451720537391622 0.050493220615122542 0.048483335506469438 0.058893431392245302 -0.031097468806269058
leaf_weight=68.221435993909836 15.123286798596384 12.873687654733656 128.99428863823414 5.9724251776933661 39.164012640714645 62.687259778380394 9.0816675275564176 23.305369198322296 20.283526703715324 24.909967109560966 5.6545322537422171 36.346247896552086 5.428447186946868 28.160425692796707
leaf_count=426 63 61 638 26 174 269 38 129 86 124 27 153 23 127
internal_value=0.000601186 0.00615769 0.00400315 0.0139376 0.0119429 0.0285931 -0.0287906 0.00129143 0.00826699 -0.000344687 0.0109434 0.0278201 -0.00872324 -0.0174539
internal_weight=486.207 408.903 396.03 267.036 261.063 101.851 77.3031 159.212 135.906 115.623 90.7129 56.898 20.5517 33.815
internal_count=2364 1900 1839 1201 1175 443 464 732 603 517 393 239 86 154
is_linear=0
shrinkage=0.05


Tree=20
num_leaves=15
num_cat=0
split_feature=16 7 2 16 5 6 8 16 16 2 8 1 7 7
split_gain=37.1672 20.5338 28.1892 16.9289 20.3858 17.2372 26.4847 27.9552 19.4942 14.4599 12.8693 18.8712 12.6772 15.1877
threshold=186.50000000000003 -3.6658359999999997 9.0390140000000034 505.50000000000006 22.134738500000001 -3.4843029999999993 52.500000000000007 336.50000000000006 258.50000000000006 26.972924000000003 57.500000000000007 -4.2472529999999988 -12.790780999999997 -18.846248999999997
decision_type=2 2 2 2 2 2 2 2 2 2 2 2 2 2
left_child=9 2 3 5 -5 6 12 8 -8 -1 11 -9 13 -2
right_child=1 -3 -4 4 -6 -7 7 10 -10 -11 -12 -13 -14 -15
leaf_value=-0.039445261758558198 0.041445080147210718 0.070970485679391584 -0.015062039424224117 0.058404215625748462 0.01253462629233036 -0.03414399523163629 -0.0099444768304113706 0.082781724686199515 0.060553900500543434 0.027003489863330007 -0.064442341390937366 -0.041177217010471834 0.056239870178856358 -0.034620072090431074
leaf_weight=68.277557298541069 15.903660178184511 11.911319851875303 126.94622035324574 38.10619755089283 66.482879474759102 25.663942351937294 23.139731407165527 4.3853021115064612 17.017280727624893 9.3025956302881223 22.150315254926682 10.239134833216665 32.936523973941803 11.172488585114477
leaf_count=436 68 58 633 173 284 145 98 20 71 39 110 50 142 49
internal_value=0.000233458 0.00629208 0.00433745 0.0135542 0.0292468 0.00346076 0.010508 -0.00891263 0.0199305 -0.0314774 -0.0404085 -0.00400673 0.0354039 0.0100582
internal_weight=483.635 406.055 394.144 267.197 104.589 162.608 136.944 76.9318 40.157 77.5802 36.7748 14.6244 60.0127 27.0761
internal_count=2376 1901 1843 1210 457 753 608 349 169 475 180 70 259 117
is_linear=0
shrinkage=0.05


Tree=21
num_leaves=15
num_cat=0
split_feature=16 7 2 8 5 4 7 7 16 5 1 16 2 2
split_gain=25.3522 20.5167 28.0984 16.8517 38.0512 13.2892 13.6356 24.6029 18.5168 24.2479 18.0782 22.8161 20.9134 15.0752
threshold=183.50000000000003 -3.6658359999999997 8.2639560000000021 62.500000000000007 34.793238000000009 0.7768425000000001 -23.941125499999995 -19.412206999999999 454.50000000000006 22.955721500000003 -0.30635699999999993 342.50000000000006 -8.0741974999999986 -9.429212999999999
decision_type=2 2 2 2 2 2 2 2 2 2 2 2 2 2
left_child=-1 2 3 5 -5 6 -2 -8 10 -10 11 13 -13 -9
right_child=1 -3 -4 4 -6 -7 7 8 9 -11 -12 12 -14 -15
leaf_value=-0.027337899396644556 -0.016763612260839333 0.069524226252995397 -0.015600435828623855 -0.043637707173530549 0.093622194197224132 0.093270821831519815 0.072461102393955742 -0.023523383703979234 0.06106360214210315 0.002786455037319785 -0.024830503385729022 0.041931300984399685 -0.048484820510383275 0.067364396546229291
leaf_weight=71.398869186639786 28.132982686161995 11.948563784360884 133.63659845292568 28.867908582091331 6.1195287704467765 5.6679991930723181 20.365079626441002 5.6748487353324917 37.883244156837463 33.751710012555122 41.616418436169624 10.294276133179663 16.886449262499813 23.273464128375053
leaf_count=451 118 60 669 132 25 25 85 24 174 149 210 49 85 100
internal_value=0.000128607 0.00498133 0.00301485 0.0126371 -0.0196301 0.0176873 0.015721 0.0205374 0.0142945 0.0336056 0.000141905 0.0186575 -0.0142411 0.0495473
internal_weight=475.518 404.119 392.171 258.534 34.9874 223.546 217.878 189.745 169.38 71.635 97.7455 56.129 27.1807 28.9483
internal_count=2356 1905 1845 1176 157 1019 994 876 791 323 468 258 134 124
is_linear=0
shrinkage=0.05


Tree=22
num_leaves=15
num_cat=0
split_feature=16 16 16 2 16 7 8 16 16 1 16 2 7 8
split_gain=28.9539 22.0475 13.3249 21.0129 13.0375 16.117 12.9477 16.4476 12.8427 21.4319 13.3245 14.5356 13.026 12.7374
threshold=725.50000000000011 900.50000000000011 186.50000000000003 6.1343225000000006 147.50000000000003 -12.874794499999998 52.500000000000007 837.50000000000011 297.50000000000006 7.3051910000000007 424.50000000000006 21.415068500000004 -11.965576499999999 32.500000000000007
decision_type=2 2 2 2 2 2 2 2 2 2 2 2 2 2
left_child=2 6 4 -4 5 -1 -2 -8 9 -5 -10 12 -12 -14
right_child=1 -3 3 8 -6 -7 7 -9 10 -11 11 -13 13 -15
leaf_value=0.026464778995764687 0.047842662755150187 -0.070033960296195991 0.0091556657436365294 -0.033173071987992971 -0.057004484241886234 -0.031336424793479652 -0.043859267722677217 0.0692499005893812 -0.057896209618329288 0.066428490248811575 -0.066017853171275939 -0.051376054661443106 -0.054881493095663772 0.014594965034658887
leaf_weight=18.576984688639641 53.300199761986732 5.2332983314990988 198.16183365881443 10.446080982685091 21.795248568058014 34.378451138734818 9.5119464695453626 4.8542017936706534 22.724328815937042 11.18272180855274 7.2511060684919348 20.48016919195652 7.6309600025415412 48.686393916606903
leaf_count=108 248 26 907 52 144 222 43 22 137 47 37 102 36 239
internal_value=-0.000147084 0.0288408 -0.00541279 -0.00105383 -0.0244558 -0.0110595 0.0364877 -0.00564062 -0.0168101 0.0183238 -0.0239271 -0.0147428 -0.00294053 0.00518096
internal_weight=474.214 72.8996 401.314 326.564 74.7507 52.9554 67.6663 14.3661 128.402 21.6288 106.773 84.0486 63.5685 56.3174
internal_count=2370 339 2031 1557 474 330 313 65 650 99 551 414 312 275
is_linear=0
shrinkage=0.05


Tree=23
num_leaves=15
num_cat=0
split_feature=16 7 2 16 6 8 16 6 16 2 1 2 12 6
split_gain=21.4327 17.1939 24.8928 14.6582 20.8331 24.466 22.9946 19.566 15.5524 13.0015 14.2829 11.8077 11.6906 17.5905
threshold=183.50000000000003 -3.6658359999999997 14.614225000000003 505.50000000000006 -3.4492824999999994 52.500000000000007 330.50000000000006 -2.6535319999999998 258.50000000000006 26.972924000000003 4.8877190000000015 -1.1965989999999997 4.5466355000000016 -6.8924969999999997
decision_type=2 2 2 2 2 2 2 2 2 2 2 2 2 2
left_child=9 2 3 4 5 -2 8 12 -7 -1 -11 -10 13 -5
right_child=1 -3 -4 7 -6 6 -8 -9 11 10 -12 -13 -14 -15
leaf_value=-0.034512717223177801 0.029976769932724492 0.067164229803833783 -0.024179147597683942 -0.0030685747298412371 -0.037489304252584135 -0.010348199210667271 -0.03840871951151216 0.071764066062458304 0.074185708878030471 0.08908021704766346 -0.033334288096020077 -0.018059344300566826 -0.015325627753481376 0.04136455881739997
leaf_weight=60.514620572328568 65.109187632799149 10.499027654528616 72.14830182492733 39.037580728530884 32.02376401424408 26.633747979998589 39.852932870388031 16.573330849409103 13.188629418611528 4.8002014160156232 4.7315793037414551 4.7073233872652045 26.739059120416641 51.871717408299446
leaf_count=412 289 56 370 175 188 115 206 77 54 20 20 20 119 229
internal_value=-0.000457341 0.00402729 0.00231835 0.00837322 -0.000890834 0.0069492 -0.0108188 0.0209015 0.0138736 -0.0259634 0.0283136 0.0499217 0.0137364 0.0222844
internal_weight=468.431 398.385 387.886 315.737 181.516 149.492 84.3826 134.222 44.5297 70.0464 9.53178 17.896 117.648 90.9093
internal_count=2350 1898 1842 1472 872 684 395 600 189 452 40 74 523 404
is_linear=0
shrinkage=0.05


Tree=24
num_leaves=15
num_cat=0
split_feature=16 7 2 2 3 16 16 5 6 6 6 7 7 16
split_gain=20.9192 15.941 21.1297 15.0988 14.111 18.6544 13.4274 18.8674 17.5374 15.1792 14.9821 19.3629 14.9001 14.0174
threshold=186.50000000000003 -3.6658359999999997 14.614225000000003 26.972924000000003 1.3849450000000003 294.50000000000006 505.50000000000006 21.494803000000005 -3.4492824999999994 -11.407440499999998 -6.8924969999999997 -25.545219999999997 -5.3596829999999995 740.50000000000011
decision_type=2 2 2 2 2 2 2 2 2 2 2 2 2 2
left_child=3 2 6 -1 -4 -6 8 -8 12 -9 -11 -12 -2 -13
right_child=1 -3 4 -5 5 -7 7 9 -10 10 11 13 -14 -15
leaf_value=-0.034185024146404869 0.0023305223090038843 0.065947254194199195 0.011431789832450079 0.035273726184984755 0.031843860295795154 -0.050209925537840608 0.04469857999306881 0.049287698593669084 -0.034554504571399317 -0.03493295886841407 -0.05517618838546974 0.01344122831839102 0.063576042902655353 0.091314886016543403
leaf_weight=60.407070219516754 136.77344191074371 10.305955171585081 22.389045760035515 8.988143637776373 8.3277598023414594 41.170814454555511 50.370593205094337 16.263496458530426 31.071629628539085 25.292903885245323 8.1850412189960462 26.28582738339901 10.708235576748846 7.407004937529563
leaf_count=419 629 57 115 38 37 219 234 69 186 119 34 114 47 32
internal_value=0.00012738 0.00458006 0.00293411 -0.0251887 -0.0215065 -0.036405 0.00855898 0.0205343 -0.000415136 0.00594598 -0.00454799 0.0138036 0.00677739 0.0305609
internal_weight=463.947 394.552 384.246 69.3952 71.8876 49.4986 312.358 133.805 178.553 83.4343 67.1708 41.8779 147.482 33.6928
internal_count=2349 1892 1835 457 371 256 1464 602 862 368 299 180 676 146
is_linear=0
shrinkage=0.05


Tree=25
num_leaves=15
num_cat=0
split_feature=16 16 6 7 16 5 16 7 2 4 16 16 2 7
split_gain=23.456 15.8149 12.9025 27.1653 12.7612 14.1445 12.4139 13.0891 12.2517 23.9367 20.1613 14.6796 13.2865 13.2537
threshold=598.50000000000011 900.50000000000011 -4.5289444999999988 -14.923908999999998 646.50000000000011 31.803062500000003 745.50000000000011 -8.2149594999999973 10.037865000000002 0.84378450000000005 234.50000000000003 297.50000000000006 -10.330078999999998 -6.4936539999999985
decision_type=2 2 2 2 2 2 2 2 2 2 2 2 2 2
left_child=8 2 3 -2 -5 6 7 -6 9 10 -1 12 -12 -14
right_child=1 -3 -4 4 5 -7 -8 -9 -10 -11 11 -13 13 -15
leaf_value=-0.023775788503030637 0.05413345121694816 -0.068074547756356685 0.037448422866951395 -0.070409787739920335 0.041906790913543053 -0.037923059695617656 0.083697838290610754 -0.051259834144341335 -0.025834577298163859 0.10554713035443677 0.093963235883238974 -0.0018836396920301477 -0.0089903917115511638 0.06155324581083637
leaf_weight=87.127123609185219 20.196058258414268 5.1763918399810782 62.106200784444809 8.5782911628484708 8.3083240091800672 16.302540645003319 6.1742438524961463 6.9013588577508953 69.762035891413689 5.0536182522773734 7.4289599657058707 127.34466175734997 16.948425218462944 10.966539949178697
leaf_count=526 88 27 297 39 39 83 29 33 392 25 30 609 75 51
internal_value=-8.58757e-06 0.017613 0.021063 0.00575118 -0.0153692 -0.00284077 0.023905 -0.000367352 -0.00726844 -0.00218657 -0.00436596 0.00602889 0.0345378 0.018723
internal_weight=458.375 133.743 128.567 66.4608 46.2648 37.6865 21.3839 15.2097 324.631 254.869 249.816 162.689 35.3439 27.915
internal_count=2343 635 608 311 223 184 101 72 1708 1316 1291 765 156 126
is_linear=0
shrinkage=0.05


Tree=26
num_leaves=15
num_cat=0
split_feature=16 5 4 16 16 13 6 16 8 5 3 16 16 7
split_gain=26.124 18.3467 16.0133 15.8547 19.2676 13.6718 12.6488 13.4577 14.5226 25.1622 12.067 11.1407 11.4627 13.5394
threshold=505.50000000000006 22.277235500000003 1.3270845000000002 544.50000000000011 574.50000000000011 12.295077500000003 -3.4492824999999994 186.50000000000003 57.500000000000007 37.953338500000008 5.5346890000000011 481.50000000000006 294.50000000000006 -7.089732999999999
decision_type=2 2 2 2 2 2 2 2 2 2 2 2 2 2
left_child=2 3 6 -2 -5 -3 7 -1 11 -10 -8 12 13 -9
right_child=1 5 -4 4 -6 -7 10 8 9 -11 -12 -13 -14 -15
leaf_value=-0.029179143125648746 0.095575059504896767 -0.0031722828471238279 0.065997326407693832 -0.063273971052993705 0.033363148701181337 0.06616690329639198 -0.04795086990983307 0.01167968988517986 -0.035442995937083353 0.071746052587528683 0.027377820155653178 0.083323419949150143 -0.0064412174238062548 0.081391949568792615
leaf_weight=55.311548858880997 8.9900510460138303 109.63329103589058 6.629363775253295 5.6766724884510031 56.450181558728218 7.6019541025161734 37.483388185501099 31.413660109043121 45.722204208374023 6.2198335230350486 6.195055589079856 4.865199163556098 68.645292267203331 8.9491861760616285
leaf_count=380 38 523 36 26 270 33 243 137 220 25 29 21 348 37
internal_value=-0.000829377 0.013478 -0.0107574 0.0335138 0.0245332 0.00132392 -0.012679 -0.00782224 -0.000698151 -0.0226076 -0.0372668 0.00929559 0.00599161 0.0271362
internal_weight=459.787 188.352 271.435 71.1169 62.1269 117.235 264.805 221.127 165.815 51.942 43.6784 113.873 109.008 40.3628
internal_count=2366 890 1476 334 296 556 1440 1168 788 245 272 543 522 174
is_linear=0
shrinkage=0.05


Tree=27
num_leaves=15
num_cat=0
split_feature=16 5 2 16 6 13 7 16 5 4 7 2 7 7
split_gain=16.5038 19.0047 14.2641 14.8593 16.4918 12.2509 11.3214 15.7676 28.0554 10.5417 15.4571 18.2094 12.5929 12.4147
threshold=505.50000000000006 22.277235500000003 9.6968755000000026 544.50000000000011 -3.8058764999999997 12.295077500000003 -18.736676499999998 234.50000000000003 49.534786500000003 -0.077298999999999993 -6.556462999999999 -0.18949199999999997 -14.923908999999998 -10.585293999999999
decision_type=2 2 2 2 2 2 2 2 2 2 2 2 2 2
left_child=6 2 -2 -4 -5 -3 7 8 -1 10 -8 -12 -11 -14
right_child=1 5 3 4 -6 -7 9 -9 -10 12 11 -13 13 -15
leaf_value=-0.041699279657802187 0.053387481856998632 -0.0049119934513840793 0.10552596593102365 -0.06449430694414178 0.019713552567325487 0.063219693855374057 -0.0085666089222790117 0.056994193674226735 0.060334971437912915 -0.065281223271214661 0.12875585951704063 0.0063341367827702416 0.00791106191457276 -0.028963768221725375
leaf_weight=19.34297896176577 36.751855552196503 111.88971349596977 3.471671611070632 8.0913964062929171 20.661331579089165 7.0114262998104087 89.788536086678505 14.816022560000418 10.337373852729796 15.310708597302435 4.6659355759620658 8.7034625560045225 34.236002698540688 68.482803255319595
leaf_count=105 184 534 14 36 94 31 485 61 50 88 24 47 176 423
internal_value=-0.00012427 0.0112177 0.0320965 0.00781429 -0.00398365 -0.000894368 -0.00814473 0.0148674 -0.00616176 -0.0127741 -0.0010982 0.0490595 -0.0229788 -0.0166735
internal_weight=453.561 187.877 68.9763 32.2244 28.7527 118.901 265.684 44.4964 29.6804 221.187 103.158 13.3694 118.03 102.719
internal_count=2352 893 328 144 130 565 1459 216 155 1243 556 71 687 599
is_linear=0
shrinkage=0.05


Tree=28
num_leaves=15
num_cat=0
split_feature=16 16 16 16 2 5 2 16 16 2 8 16 8 2
split_gain=17.2108 11.3466 17.319 15.7845 15.7018 13.5244 10.7596 10.2244 14.6134 35.0625 9.51905 10.4239 23.6317 12.4723
threshold=186.50000000000003 900.50000000000011 745.50000000000011 760.50000000000011 23.319637000000004 28.512030500000005 30.061026500000001 105.50000000000001 89.500000000000014 7.3703410000000007 27.500000000000004 598.50000000000011 57.500000000000007 -8.4044484999999991
decision_type=2 2 2 2 2 2 2 2 2 2 2 2 2 2
left_child=6 2 4 -4 10 -5 7 8 -1 -10 -2 13 -13 -12
right_child=1 -3 3 5 -6 -7 -8 -9 9 -11 11 12 -14 -15
leaf_value=-0.028525197225377441 -0.069813486060318883 -0.066369687937071889 0.10531231585231959 0.042916540405303169 -0.03305233188070638 -0.011738715846819979 0.030733105721099392 -0.049179987018948795 0.17804474874358248 -0.060358608188551467 0.019559447717311607 0.03942924339435399 -0.047033648933536593 -0.0063923573340054097
leaf_weight=19.333393275737766 4.2849221080541602 5.6646849215030661 6.3415192663669577 28.633913666009903 31.353898823261261 18.71747262775898 8.0222160518169385 33.426130890846252 3.1109742969274512 3.0585252195596695 63.488119900226593 46.307013064622879 9.5288740992546064 170.97783969342709
leaf_count=144 22 31 28 147 170 89 33 249 20 22 277 220 43 869
internal_value=-0.00019343 0.00387252 0.00492064 0.031233 0.000586147 0.0213119 -0.0235926 -0.0309881 -0.00714447 0.0598564 0.00416641 0.00525837 0.0246736 0.000634809
internal_weight=452.249 385.298 379.634 53.6929 325.941 47.3514 66.9512 58.929 25.5029 6.1695 294.587 290.302 55.8359 234.466
internal_count=2364 1896 1865 264 1601 236 468 435 186 42 1431 1409 263 1146
is_linear=0
shrinkage=0.05


Tree=29
num_leaves=15
num_cat=0
split_feature=7 16 2 8 5 16 6 4 7 2 6 16 5 16
split_gain=16.9995 11.7516 17.7602 12.9711 32.0113 12.4995 14.1945 10.8176 9.16041 11.8652 13.8511 17.8914 18.3111 13.5602
threshold=-3.6658359999999997 183.50000000000003 8.2639560000000021 62.500000000000007 35.842374500000005 147.50000000000003 -11.897619999999998 0.84378450000000005 -6.4936539999999985 1.2342505000000001 -5.2984354999999992 574.50000000000011 12.114666000000001 198.50000000000003
decision_type=2 2 2 2 2 2 2 2 2 2 2 2 2 2
left_child=1 5 3 7 -5 6 -1 8 9 10 13 12 -12 -3
right_child=-2 2 -4 4 -6 -7 -8 -9 -10 -11 11 -13 -14 -15
leaf_value=0.069354540571242046 0.063627380949398488 -0.067045243990883407 -0.014080785640801202 -0.042354003581162036 0.092050324899726019 -0.058669448119979033 -0.018337812697378358 0.086933546946629262 0.035950956811983951 -0.016921885265770393 0.056257561869461438 0.036874028119101759 -0.040377121841229262 0.031054175039375825
leaf_weight=5.1742900162935248 9.9925017356872541 3.6840335577726355 127.65265150368214 27.285716816782951 5.2888251245021811 17.089962460100651 42.663474038243294 4.8777989149093619 32.66863389313221 39.761586517095566 5.8166052252054206 16.927415147423744 31.181721642613411 80.433470964431763
leaf_count=30 60 16 677 130 22 136 298 23 162 198 32 81 162 349
internal_value=-0.000860769 -0.00232363 0.0010719 0.00887375 -0.020532 -0.0219652 -0.00885272 0.0133217 0.0116158 0.00714457 0.0140766 -0.00570448 -0.0251849 0.0267578
internal_weight=450.499 440.506 375.578 247.926 32.5745 64.9277 47.8378 215.351 210.473 177.805 138.043 53.9257 36.9983 84.1175
internal_count=2376 2316 1852 1175 152 464 328 1023 1000 838 640 275 194 365
is_linear=0
shrinkage=0.05


Tree=30
num_leaves=15
num_cat=0
split_feature=16 7 2 7 7 16 7 4 2 7 5 16 7 16
split_gain=16.3507 13.572 18.616 18.3675 13.2607 22.8515 12.2367 11.8695 10.8891 10.3078 14.6397 11.7379 10.1133 8.89204
threshold=183.50000000000003 -3.6658359999999997 6.6265090000000013 -6.4936539999999985 -8.9238344999999981 207.50000000000003 -9.3086534999999984 0.84378450000000005 26.972924000000003 -11.042847999999998 20.564629500000002 300.50000000000006 -15.451929999999999 105.50000000000001
decision_type=2 2 2 2 2 2 2 2 2 2 2 2 2 2
left_child=8 2 3 4 6 -6 7 9 13 10 11 -2 -4 -1
right_child=1 -3 12 -5 5 -7 -8 -9 -10 -11 -12 -13 -14 -15
leaf_value=-0.0096973871925051056 -0.012372996305882619 0.06282141617126312 0.050249614451463559 0.050738686578954764 0.08925896596711469 -0.046782403167685442 0.086195219518245478 0.085580440151986722 0.030054408693235325 -0.021588334784812917 0.0051664642149549895 0.072494309423052475 -0.014634397555446647 -0.050188361467937731
leaf_weight=24.845365703105927 5.5218503922224071 9.4815956652164441 6.2773626297712317 25.830804169178009 3.5910255759954479 21.985226407647133 5.221743404865264 4.8627562671899787 8.1809558868408185 27.684946969151497 124.256686642766 15.541310802102087 138.71666045486927 29.847852937877178
leaf_count=184 26 59 28 128 16 124 25 23 35 146 545 79 735 240
internal_value=-8.96794e-05 0.00373434 0.00225805 0.0109661 0.00604262 -0.0276816 0.0107536 0.00853887 -0.0237471 0.00637341 0.0117004 0.0502458 -0.0118253 -0.0317946
internal_weight=451.846 388.972 379.49 234.496 208.666 25.5763 183.089 177.868 62.8742 173.005 145.32 21.0632 144.994 54.6932
internal_count=2393 1934 1875 1112 984 140 844 819 459 796 650 105 763 424
is_linear=0
shrinkage=0.05


Tree=31
num_leaves=15
num_cat=0
split_feature=16 7 2 3 16 16 16 4 6 6 5 1 0 5
split_gain=14.5449 12.2641 12.3091 14.3793 22.1128 14.0373 20.5266 13.3229 11.5077 13.0223 8.86783 11.811 8.43238 8.24496
threshold=183.50000000000003 -3.6658359999999997 10.037865000000002 1.3849450000000003 601.50000000000011 294.50000000000006 264.50000000000006 0.84378450000000005 -10.727540499999998 -13.160831 36.720007500000001 16.013785000000002 -0.97645149999999992 10.415935000000003
decision_type=2 2 2 2 2 2 2 2 2 2 2 2 2 2
left_child=8 2 7 4 -4 6 -5 13 9 -1 11 -7 -11 -2
right_child=1 -3 3 5 -6 10 -8 -9 -10 12 -12 -13 -14 -15
leaf_value=-0.058238923737871651 -0.060607020714909948 0.062042594496305614 -0.028233026701883691 -0.06419134483285921 0.047319925473154112 -0.030119092574350109 0.084119792909940136 0.087973927374814506 -0.032873519331910746 0.10491388396225071 -0.061318799002272856 0.058423908326191987 0.0082277837003171435 0.0082261555020082412
leaf_weight=3.7355971187353125 4.4249267876148215 8.9731512367725355 17.803334474563599 3.6914643943309766 21.236970826983452 34.354020267724991 6.3394784182310104 5.1887317299842826 49.037300571799278 4.1733658462762824 20.176122099161148 4.2301012277603141 4.9060843810439101 258.43518862128258
leaf_count=31 31 58 104 20 103 178 26 25 371 25 124 21 30 1233
internal_value=0.000656849 0.00427382 0.00289474 -0.0113709 0.0128659 -0.0251258 0.0295401 0.00863357 -0.0218484 0.0203396 -0.0344578 -0.0204118 0.0526695 0.00706743
internal_weight=446.706 384.853 375.88 107.831 39.0403 68.7912 10.0309 268.049 61.8523 12.815 58.7602 38.5841 9.07945 262.86
internal_count=2380 1923 1865 576 207 369 46 1289 457 86 323 199 55 1264
is_linear=0
shrinkage=0.05


Tree=32
num_leaves=15
num_cat=0
split_feature=7 5 16 16 16 5 2 4 7 7 16 16 3 8
split_gain=13.1685 9.10052 8.94786 11.3371 13.0336 16.2255 6.58778 22.156 19.0208 16.6818 18.9535 15.4892 12.0798 12.3705
threshold=-3.6658359999999997 10.415935000000003 900.50000000000011 740.50000000000011 760.50000000000011 29.052776500000004 6.6265090000000013 0.84378450000000005 -7.089732999999999 -8.9462234999999968 234.50000000000003 276.50000000000006 3.1293245000000005 67.500000000000014
decision_type=2 2 2 2 2 2 2 2 2 2 2 2 2 2
left_child=1 -1 3 6 -5 -6 7 8 9 10 -3 -12 13 -13
right_child=-2 2 -4 4 5 -7 -8 -9 -10 -11 11 12 -14 -15
leaf_value=-0.05954629326801978 0.06138304449778717 -0.025413595230673564 -0.06473709744175786 0.082659448923925738 0.039521883888264997 -0.027457602586251163 -0.010335882294267703 0.10294164093136721 0.035173857363849641 -0.046852332618002743 0.063993730512114932 0.015487806547632647 -0.034999605098256524 -0.061126818380823712
leaf_weight=6.3958053514361373 8.815310671925543 51.822044037282467 5.1864797770977011 8.040955647826193 22.42962983250618 15.148333027958868 135.47139516472816 5.4670827686786643 34.991671301424503 21.076676055788994 12.196163505315779 95.406874746084213 16.407430499792099 5.5766846090555182
leaf_count=48 59 338 30 36 112 71 748 27 195 124 51 442 75 26
internal_value=0.000881044 -0.000343297 0.000538884 0.00133729 0.0248841 0.0125213 -0.00150133 0.00342502 0.001134 -0.00474845 0.000143312 0.0103635 0.00479172 0.0112569
internal_weight=444.433 435.617 429.221 424.035 45.6189 37.578 378.416 242.945 237.478 202.486 181.409 129.587 117.391 100.984
internal_count=2382 2323 2275 2245 219 183 2026 1278 1251 1056 932 594 543 468
is_linear=0
shrinkage=0.05


Tree=33
num_leaves=15
num_cat=0
split_feature=16 16 16 7 6 1 16 2 16 4 2 0 16 16
split_gain=14.8561 15.6037 10.3998 10.9572 11.4034 16.7683 7.23401 15.7464 12.6244 11.1945 10.6283 13.3222 11.2283 10.7474
threshold=740.50000000000011 900.50000000000011 760.50000000000011 -6.4499214999999994 -1.9737219999999998 4.6252390000000014 189.50000000000003 23.319637000000004 294.50000000000006 0.54110600000000009 48.871490500000007 -1.5200639999999999 141.50000000000003 43.500000000000007
decision_type=2 2 2 2 2 2 2 2 2 2 2 2 2 2
left_child=6 2 -2 4 5 -4 10 -8 9 -9 11 12 13 -1
right_child=1 -3 3 -5 -6 -7 7 8 -10 -11 -12 -13 -14 -15
leaf_value=-0.058554926877190383 0.082873372446615926 -0.06400009619996877 0.015893646239107891 0.054776904217434023 0.058985584028823139 -0.076443205095569483 0.0030208349450029817 -0.042522743213914693 -0.05394752975564391 0.073849372461357268 0.070501509605660789 -0.043464497891026355 -0.040129059269216089 0.048324434304558885
leaf_weight=2.862146928906447 8.185870945453642 4.7023866772651663 15.310670569539072 16.182049244642261 7.0780946612358084 7.2425949275493613 289.95860899984837 3.9583412855863589 22.554095171391964 4.3240506947040558 3.1508839279413214 35.404688201844692 9.1448416411876661 13.198766760528086
leaf_count=23 37 28 70 98 41 34 1432 22 136 18 13 278 71 92
internal_value=-7.2688e-05 0.0233561 0.0309633 0.021688 0.00361781 -0.0137588 -0.00364904 -0.000591691 -0.0345606 0.0182325 -0.0190311 -0.0236855 0.00409653 0.0292779
internal_weight=443.258 58.7017 53.9993 45.8134 29.6314 22.5533 384.556 320.795 30.8365 8.28239 63.7613 60.6104 25.2058 16.0609
internal_count=2393 308 280 243 145 104 2085 1608 176 40 477 464 186 115
is_linear=0
shrinkage=0.05


Tree=34
num_leaves=15
num_cat=0
split_feature=7 16 16 7 3 16 16 8 4 7 16 16 5 7
split_gain=12.4179 9.00814 11.1052 8.46796 11.0319 10.4145 17.2104 15.2866 10.2367 8.33912 22.3497 22.2337 19.9266 18.7298
threshold=-3.6658359999999997 183.50000000000003 147.50000000000003 -12.874794499999998 -0.026886499999999997 123.50000000000001 43.500000000000007 57.500000000000007 -0.41825099999999993 -11.042847999999998 207.50000000000003 445.50000000000006 32.852445500000009 -11.788986
decision_type=2 2 2 2 2 2 2 2 2 2 2 2 2 2
left_child=1 2 3 8 5 6 -5 -8 -1 13 -11 -12 -13 -3
right_child=-2 9 -4 4 -6 -7 7 -9 -10 10 11 12 -14 -15
leaf_value=-0.039171961522399643 0.060086073511103379 0.0046008328193930855 -0.057059894810936089 -0.057957447916946264 -0.066823532061216342 -0.058211295879530382 0.016317422973933206 0.15301237260387812 0.047925904080153507 0.099082217444775453 -0.02904189666151033 0.016060214353624477 -0.036888689323439888 0.058863000194305182
leaf_weight=4.7804938182234791 8.5603289455175382 159.97301925718784 14.374495737254618 4.4975375607609775 9.5459952726960235 5.6711503714323035 6.2234381884336454 3.046406477689743 11.462257646024222 5.0264960378408423 74.448562793433666 93.530143857002258 21.936309039592743 17.658440873026848
leaf_count=35 62 754 133 38 73 47 45 22 67 23 431 465 122 79
internal_value=0.000452623 -0.00072857 -0.0187768 -0.00660933 -0.0228053 -0.00118849 0.0223007 0.0612403 0.0222917 0.00215866 -0.0049819 -0.00773617 0.00600099 0.00999506
internal_weight=440.735 432.175 59.6018 45.2273 28.9845 19.4385 13.7674 9.26984 16.2428 372.573 194.942 189.915 115.466 177.631
internal_count=2396 2334 460 327 225 152 105 67 102 1874 1041 1018 587 833
is_linear=0
shrinkage=0.05


Tree=35
num_leaves=15
num_cat=0
split_feature=16 5 16 16 4 13 0 6 6 3 7 6 7 16
split_gain=11.5249 14.4087 14.6964 17.2472 13.1282 12.5875 11.3255 11.8852 9.30368 12.26 10.5523 7.39249 6.9898 11.2432
threshold=505.50000000000006 22.277235500000003 544.50000000000011 574.50000000000011 1.3270845000000002 12.295077500000003 2.6389020000000003 -2.6064839999999996 -3.4492824999999994 5.5346890000000011 -3.9591564999999993 -6.4499214999999994 -23.172414999999997 538.50000000000011
decision_type=2 2 2 2 2 2 2 2 2 2 2 2 2 2
left_child=4 2 -2 -4 8 12 11 -8 10 -10 -1 -5 -3 -14
right_child=1 5 3 6 -6 -7 7 -9 9 -11 -12 -13 13 -15
leaf_value=-0.006113536626138831 0.090375231980589957 -0.037580163505069118 -0.060654014095435888 -0.017953399431258805 0.065969691058528207 0.066818922221737242 -0.045134553499838637 0.055637800092385892 -0.042366385127119065 0.035118062357507418 0.062358589316563698 0.051889032159325235 -0.053184533680343954 0.0058534727361897292
leaf_weight=204.81880435347557 8.4461645483970624 14.209643974900244 5.9766111969947806 4.2972179651260296 6.0752449929714194 6.4837048053741446 8.5721415132284147 4.4421918094158164 33.679080434143543 6.0171504244208327 5.7857053577899924 32.017574056983001 8.9341939538717252 82.827162705361843
leaf_count=1154 36 59 29 22 33 30 39 27 243 29 28 172 47 415
internal_value=0.000111044 0.00995526 0.0289448 0.0195632 -0.00665486 -0.000810113 0.0292822 -0.0107379 -0.00841759 -0.0306213 -0.00423248 0.0436244 -0.00494791 0.000105334
internal_weight=432.583 176.207 63.7519 55.3057 256.376 112.455 49.3291 13.0143 250.301 39.6962 210.605 36.3148 105.971 91.7614
internal_count=2363 876 325 289 1487 551 260 66 1454 272 1182 194 521 462
is_linear=0
shrinkage=0.05


Tree=36
num_leaves=15
num_cat=0
split_feature=6 6 16 16 5 16 2 8 16 0 2 6 6 16
split_gain=10.119 9.24067 7.47077 8.22787 11.5178 6.07077 5.96156 14.4769 12.9475 11.8668 9.45029 9.97474 9.31969 18.1644
threshold=-19.457300999999998 -1.4061024999999998 892.50000000000011 837.50000000000011 18.842814000000004 532.50000000000011 -11.520850499999998 57.500000000000007 234.50000000000003 -5.7934444999999988 -20.745513499999998 -5.8855839999999988 -6.6600519999999994 219.50000000000003
decision_type=2 2 2 2 2 2 2 2 2 2 2 2 2 2
left_child=-1 2 3 6 -5 -3 8 9 10 -8 -2 -12 -9 -14
right_child=1 5 -4 4 -6 -7 7 12 -10 -11 11 -13 13 -15
leaf_value=0.058552092610524187 -0.057492292386315917 -0.015575340153088896 -0.054749202625578766 -0.051186325873719365 0.052957159479374571 0.064936040321355956 0.055742327886741043 -0.045828992246946094 0.037950466030865465 -0.001634147697370423 0.039861759580083506 -0.05425965211219428 0.064055954850130339 -0.02712091196679503
leaf_weight=7.4014879614114752 8.0116943866014498 3.2119344174861899 6.5238260775804511 3.2821512818336513 13.89145018160343 8.6383975148200971 9.3238344863057119 30.935985133051872 26.060698986053467 269.16793581098318 9.2584419995546323 4.0446278750896445 6.9688671305775634 25.271256260573864
leaf_count=33 44 21 37 17 81 55 52 174 112 1473 59 28 49 132
internal_value=0.000592355 -0.000418002 -0.00166787 -0.000815382 0.0330537 0.0431141 -0.00231047 -0.00461523 0.0143113 0.000286802 -0.0145914 0.0112454 -0.0262243 -0.00741257
internal_weight=431.993 424.591 412.741 406.217 17.1736 11.8503 389.043 341.668 47.3755 278.492 21.3148 13.3031 63.1761 32.2401
internal_count=2367 2334 2258 2221 98 76 2123 1880 243 1525 131 87 355 181
is_linear=0
shrinkage=0.05


Tree=37
num_leaves=15
num_cat=0
split_feature=7 16 2 7 7 6 7 7 6 16 5 3 3 16
split_gain=10.6129 8.18276 11.8092 11.8204 10.4699 9.42852 9.48584 9.55323 10.7747 9.89137 13.8366 11.5183 20.4824 11.8301
threshold=-3.6658359999999997 186.50000000000003 6.6265090000000013 -5.3596829999999995 -14.943362999999998 -1.3830209999999998 -12.790780999999997 -11.295414999999997 -4.339736499999999 448.50000000000006 36.720007500000001 8.7832775000000023 2.6288345000000004 601.50000000000011
decision_type=2 2 2 2 2 2 2 2 2 2 2 2 2 2
left_child=1 -1 3 -3 -4 6 -6 8 -8 -9 11 12 13 -11
right_child=-2 2 4 -5 5 -7 7 9 -10 10 -12 -13 -14 -15
leaf_value=-0.018716350528382341 0.058767957248063489 0.0053015103332621945 0.048785940254805669 0.052501752146942506 -0.06385541534375748 0.067091680855229832 -0.011787552945082099 -0.045505110132403742 0.084331414873982172 -0.014005344002194837 -0.051762358109963352 0.075301438062399778 -0.042945310278791442 0.041642365217449392
leaf_weight=59.925969019532204 7.407126158475875 210.58334109932184 7.0864195078611365 14.155979007482527 9.5285462439060193 3.5183271914720526 6.6069393306970596 23.290659442543983 5.2184736579656583 16.960163444280624 15.059087663888929 4.8773352950811377 22.126320645213127 21.861433610320091
leaf_count=472 59 1016 33 70 60 17 41 153 22 95 87 22 110 105
internal_value=-0.000561903 -0.00160626 0.00123501 0.00827458 -0.0103864 -0.0136358 -0.0158984 -0.0119591 0.0306291 -0.0167935 -0.00852596 0.0013654 -0.00455131 0.0173313
internal_weight=428.206 420.799 360.873 224.739 136.134 129.047 125.529 116 11.8254 104.175 80.8843 65.8253 60.9479 38.8216
internal_count=2362 2303 1831 1086 745 712 695 635 63 572 419 332 310 200
is_linear=0
shrinkage=0.05


Tree=38
num_leaves=15
num_cat=0
split_feature=6 0 16 16 1 16 2 8 6 16 12 6 6 2
split_gain=8.0577 8.05698 9.1093 8.44228 10.535 9.72149 10.4652 12.7847 10.2223 15.0172 14.6517 11.8405 11.1822 11.0864
threshold=-1.1323529999999999 -5.121310499999999 183.50000000000003 297.50000000000006 8.0777825000000014 487.50000000000006 -5.4480614999999988 52.500000000000007 -6.8924969999999997 517.50000000000011 4.5466355000000016 -3.6881239999999997 -3.4843029999999993 7.9370950000000002
decision_type=2 2 2 2 2 2 2 2 2 2 2 2 2 2
left_child=1 -1 -3 4 -4 6 7 -5 9 -7 -10 -12 -13 -14
right_child=-2 2 3 5 -6 8 -8 -9 10 -11 11 12 13 -15
leaf_value=0.024706042223579004 0.047422060625517418 -0.022271729023679469 0.0048961538998117107 0.047219700996577282 0.049317920694321421 0.053538207746000335 -0.028015799834212679 -0.020187127165937777 0.027256162818573033 -0.026768691532763011 -0.034388468571619521 0.076316467870543803 0.05855368514231251 -0.020779632186980677
leaf_weight=28.749971732497215 8.8312307223677617 51.686699509620667 59.659995555877686 12.138985857367517 17.193508073687553 6.7364788055419913 65.04182917624712 16.727810516953468 64.4815873503685 42.851953640580177 23.829433187842369 5.6340305507183102 5.7812734097242382 18.481596745550632
leaf_count=155 57 412 284 55 82 29 396 85 308 217 116 33 30 109
internal_value=0.000157499 -0.000838704 -0.00272063 0.000264182 0.0148341 -0.00401449 -0.0168961 0.00815861 0.00319479 -0.0158592 0.011188 -0.00809685 0.012859 -0.00187636
internal_weight=427.826 418.995 390.245 338.558 76.8535 261.705 93.9086 28.8668 167.796 49.5884 118.208 53.7263 29.8969 24.2629
internal_count=2368 2311 2156 1744 366 1378 536 140 842 246 596 288 172 139
is_linear=0
shrinkage=0.05


Tree=39
num_leaves=15
num_cat=0
split_feature=7 16 16 2 16 8 16 7 6 7 16 6 6 6
split_gain=9.4732 8.57142 7.94958 14.9533 10.8902 8.74936 17.6646 16.5286 21.2319 7.1127 6.70114 6.66001 11.6233 11.0632
threshold=-3.6658359999999997 892.50000000000011 598.50000000000011 20.528792500000005 690.50000000000011 57.500000000000007 805.50000000000011 -7.8904974999999995 -4.3553669999999984 -25.545219999999997 637.50000000000011 -4.1072144999999987 -4.4087219999999991 -4.2854119999999991
decision_type=2 2 2 2 2 2 2 2 2 2 2 2 2 2
left_child=1 2 11 5 -5 6 7 -4 -9 -8 -7 12 -1 -14
right_child=-2 -3 3 4 -6 10 9 8 -10 -11 -12 -13 13 -15
leaf_value=-0.0028149853316639297 0.058245215632348982 -0.059695597848174242 0.0609976967826317 -0.05919924962564669 0.0067024033700835949 -0.063666978069807187 -0.058598967197973445 -0.047800303183156513 0.054276477413829988 0.013647989849846338 0.015271918249135673 -0.016621523246557159 0.079527623939632364 -0.0014326931836179497
leaf_weight=208.22125243395567 6.9448016658425322 6.0542392730712882 36.793039351701736 10.92990665137768 14.699874073266981 4.7814667522907239 6.7924345731735229 9.8702479004859942 10.527721107006071 6.8345468044280988 6.1418688893318176 76.906961612403393 8.7102715373039263 8.1846059933304769
leaf_count=1149 58 36 189 59 75 23 28 48 52 37 30 483 47 44
internal_value=0.000330557 -0.000637568 0.0002358 0.0119213 -0.0214016 0.0223696 0.0287942 0.0409837 0.00488317 -0.0223639 -0.019282 -0.00391847 0.0004213 0.040307
internal_weight=422.393 415.448 409.394 107.371 25.6298 81.7413 70.818 57.191 20.398 13.627 10.9233 302.023 225.116 16.8949
internal_count=2358 2300 2264 541 134 407 354 289 100 65 53 1723 1240 91
is_linear=0
shrinkage=0.05


Tree=40
num_leaves=15
num_cat=0
split_feature=7 16 2 4 7 1 16 1 5 16 6 7 16 7
split_gain=8.55056 6.78374 7.53198 18.9721 16.1291 13.2095 10.7851 10.8624 10.4835 19.5739 11.4217 10.1873 18.6121 9.28654
threshold=-3.6658359999999997 61.500000000000007 6.6265090000000013 0.90818900000000002 -6.6763724999999994 -2.1858114999999994 183.50000000000003 -9.1981839999999977 16.109372500000003 448.50000000000006 -4.6885194999999991 -8.9238344999999981 207.50000000000003 -9.6536394999999988
decision_type=2 2 2 2 2 2 2 2 2 2 2 2 2 2
left_child=1 -1 3 4 6 -6 7 -3 9 -7 -10 13 -13 -8
right_child=-2 2 -4 -5 5 8 11 -9 10 -11 -12 12 -14 -15
leaf_value=-0.045729780303826975 0.057634917534679586 0.065435660372664989 -0.0086771924524552575 0.096606380973006736 0.094113348808413461 -0.062125711395730136 0.0037412103385054646 -0.046966296423427624 -0.018257165257709047 0.069196375844312041 0.085109115662615462 0.080697120001246708 -0.047577225160419311 0.057212593525725657
leaf_weight=8.2405762299895269 6.3523372635245314 2.4129300117492702 152.28808445483446 5.577027551829814 7.5805898681283024 7.7635549828410166 160.09218154847622 19.68068753182888 3.9646160155534735 4.4720361530780792 8.199730843305586 3.3043711781501797 19.608989179134369 8.5537538230419141
leaf_count=71 56 20 870 28 37 57 752 184 21 25 42 15 120 43
internal_value=6.76213e-05 -0.000820531 9.66428e-05 0.00541549 0.00334503 0.0364614 -0.00161198 -0.0346904 0.0185501 -0.0141283 0.0514199 0.00220315 -0.0290786 0.00645329
internal_weight=418.091 411.739 403.499 251.21 245.633 31.9805 213.653 22.0936 24.3999 12.2356 12.1643 191.559 22.9134 168.646
internal_count=2341 2285 2214 1344 1316 182 1134 204 145 82 63 930 135 795
is_linear=0
shrinkage=0.05


Tree=41
num_leaves=15
num_cat=0
split_feature=7 7 6 6 16 5 16 1 6 5 16 7 3 6
split_gain=8.70974 8.00065 10.1552 15.8574 12.7502 13.4509 10.2139 11.4583 8.49316 11.4875 13.7389 17.6018 14.1222 11.5986
threshold=-3.6658359999999997 -16.829162499999999 -5.0378254999999994 -2.6535319999999998 228.50000000000003 49.534786500000003 294.50000000000006 0.66876250000000015 -7.4960949999999995 36.720007500000001 505.50000000000006 -6.6763724999999994 2.6288345000000004 -7.2822159999999991
decision_type=2 2 2 2 2 2 2 2 2 2 2 2 2 2
left_child=1 2 4 -4 5 -1 -6 -8 -3 10 13 -12 -13 -10
right_child=-2 8 3 -5 6 -7 7 -9 9 -11 11 12 -14 -15
leaf_value=-0.027342988100827886 0.057279961615943224 -0.018922079096784256 -0.040774751780615154 0.062877185561507037 0.077012931680591437 0.049116449566898437 0.040746843177318456 -0.027371379246666702 0.067194476837690267 -0.037069370860534377 0.037578455459770115 0.017871056650250749 -0.045394588791890032 -0.0097672764616105311
leaf_weight=19.984998300671581 6.553348943591117 78.109594620764256 16.852379657328132 4.7243328690528861 12.052867785096167 8.0768681168556196 23.729672625660896 8.3444661349058133 5.0896721333265296 19.173148237168789 51.161758318543434 21.69650311768055 14.863594666123388 128.30652386695147
leaf_count=123 60 461 81 32 52 41 105 35 22 116 249 112 74 802
internal_value=9.05695e-05 -0.000818728 0.0120182 -0.0180796 0.0210142 -0.00533616 0.0377713 0.0230251 -0.00459907 5.68e-05 0.00327601 0.0186452 -0.00784974 -0.00683084
internal_weight=418.72 412.166 93.7656 21.5767 72.1889 28.0619 44.127 32.0741 318.401 240.291 221.118 87.7219 36.5601 133.396
internal_count=2365 2305 469 113 356 164 192 140 1836 1375 1259 435 186 824
is_linear=0
shrinkage=0.05


Tree=42
num_leaves=15
num_cat=0
split_feature=16 16 5 1 6 6 2 2 5 7 0 7 5 7
split_gain=9.22295 13.8752 11.1976 10.1109 8.2323 9.62337 7.65086 9.73853 7.57646 6.40575 6.14273 7.66223 7.84916 7.24119
threshold=745.50000000000011 760.50000000000011 29.052776500000004 -8.1768494999999977 -4.1072144999999987 -1.9737219999999998 28.646576500000005 7.9370950000000002 10.415935000000003 -5.1960904999999995 -2.6449274999999997 -33.115928999999987 14.898979000000002 -32.354953999999992
decision_type=2 2 2 2 2 2 2 2 2 2 2 2 2 2
left_child=8 -2 4 -4 -3 6 7 -6 -1 -5 11 -10 -13 -12
right_child=1 2 3 9 5 -7 -8 -9 10 -11 13 12 -14 -15
leaf_value=-0.057793791650364718 0.093071780035382995 0.073714945743967808 0.059472811242414263 -0.056628369405249179 0.017170249887545876 0.055643034536734075 0.057243151880205879 -0.089347003734121189 0.090437278767240753 0.019364509289678599 -0.062920898001380093 0.055264430225800257 0.0025077345490605325 -0.0037169026974172557
leaf_weight=6.0415417328476897 5.8216246366500846 8.0452202111482638 3.3008081763982799 10.95152322947979 4.057370103895666 7.9538713172078124 2.7041487023234358 4.5546271204948425 2.9153320789337149 3.7133711278438541 5.2637756615877143 7.8468860089778891 69.450325436890125 274.49471344798803
leaf_count=53 26 42 17 58 19 60 25 25 12 25 23 48 382 1555
internal_value=0.000512718 0.0204104 0.0110686 -0.0195902 0.0312334 0.0134974 -0.0161258 -0.0391635 -0.0022654 -0.0373858 -0.00133344 0.0108645 0.00786337 -0.00483085
internal_weight=417.115 51.1026 45.2809 17.9657 27.3152 19.27 11.3161 8.612 366.013 14.6649 359.971 80.2125 77.2972 279.758
internal_count=2370 297 271 100 171 129 69 44 2073 83 2020 442 430 1578
is_linear=0
shrinkage=0.05


Tree=43
num_leaves=15
num_cat=0
split_feature=7 7 7 16 5 6 16 7 3 16 2 6 16 16
split_gain=7.58103 7.38727 25.31 8.51744 15.7265 9.35561 9.09034 16.9121 14.6649 14.9357 11.9606 10.5301 8.54465 24.9963
threshold=-3.6658359999999997 -11.553163 -11.788986 445.50000000000006 36.720007500000001 -9.4787029999999977 547.50000000000011 -8.9238344999999981 2.6288345000000004 601.50000000000011 14.614225000000003 -6.4499214999999994 297.50000000000006 276.50000000000006
decision_type=2 2 2 2 2 2 2 2 2 2 2 2 2 2
left_child=1 2 -1 12 5 -5 10 -8 9 -9 -7 -11 13 -3
right_child=-2 3 -4 4 -6 6 7 8 -10 11 -12 -13 -14 -15
leaf_value=0.0028389536604282793 0.056487950553372961 -0.015118696947084301 0.084257113348157053 -0.045518052209977983 -0.045957268980666988 0.055215741646773647 0.045504673210184171 -0.076194817699628686 -0.048556034407846921 -0.045923051009190946 -0.045433244777514252 0.036715394767002855 -0.033666298858497576 0.097144446822500854
leaf_weight=184.07715038955212 6.0291902422904959 51.011745639145374 10.067325808107851 7.0161997228860846 14.320229470729826 20.593732446432117 18.622833251953125 4.4100947082042685 16.667818069458008 4.6297564208507529 3.445559822022914 23.032009884715084 43.611349932849407 5.4922447353601447
leaf_count=998 60 342 47 40 89 108 91 22 83 25 25 118 283 25
internal_value=0.000832028 7.55192e-06 0.00706088 -0.00642581 0.00299957 0.010123 0.0143941 0.00497448 -0.0105116 0.00926016 0.0407897 0.0228842 -0.0170396 -0.00420661
internal_weight=413.027 406.998 194.144 212.854 112.738 98.418 91.4018 67.3625 48.7397 32.0719 24.0393 27.6618 100.115 56.504
internal_count=2356 2296 1045 1251 601 512 472 339 248 165 133 143 650 367
is_linear=0
shrinkage=0.05


Tree=44
num_leaves=15
num_cat=0
split_feature=7 6 13 2 5 16 8 13 16 5 7 16 6 6
split_gain=7.44874 5.94288 6.67162 6.02617 12.8025 11.442 15.971 13.9773 11.1498 13.9862 8.98634 16.0374 12.3552 8.41214
threshold=-3.6658359999999997 -20.264350499999995 15.759381500000002 6.6265090000000013 61.281258000000008 234.50000000000003 62.500000000000007 11.056872000000002 276.50000000000006 17.920064000000004 -23.941125499999995 460.50000000000006 -4.6083404999999997 -5.2984354999999992
decision_type=2 2 2 2 2 2 2 2 2 2 2 2 2 2
left_child=1 -1 3 4 5 -3 8 -8 9 -7 -10 13 -13 -12
right_child=-2 2 -4 -5 -6 6 7 -9 10 -11 11 12 -14 -15
leaf_value=0.045606428651173862 0.05614427318850676 -0.01668331483894021 -0.059872460465919874 -0.0089980112210955084 0.083047636785545415 -0.022110079356337162 -0.05755347993188166 0.034449671191446249 -0.030445172664421535 0.08359572391862749 0.0099369205208838778 0.01617168127504872 0.062899665064933316 -0.025801403731152583
leaf_weight=6.7150616794824591 5.7722820192575446 61.373172007501125 4.8892484456300727 151.29218853265047 4.9741949737071982 4.3539368361234656 15.35981707274914 5.6454671323299399 12.996371775865553 11.125045418739317 43.545065268874161 45.165430456399918 20.59715248644352 26.477512560784824
leaf_count=31 60 456 25 882 26 22 81 25 55 49 192 213 123 165
internal_value=-0.000262927 -0.00104843 -0.00181668 -0.00111218 0.00362948 0.00202779 0.00822623 -0.0328263 0.0134759 0.0538627 0.00927417 0.0130758 0.0308071 -0.00357675
internal_weight=420.282 414.51 407.795 402.905 251.613 246.639 185.266 21.0053 164.261 15.479 148.782 135.785 65.7626 70.0226
internal_count=2405 2345 2314 2289 1407 1381 925 106 819 71 748 693 336 357
is_linear=0
shrinkage=0.05


Tree=45
num_leaves=15
num_cat=0
split_feature=16 16 4 2 16 4 4 6 1 16 6 3 1 1
split_gain=8.72416 8.01764 7.71651 8.51718 8.63647 8.15239 10.3619 7.02281 10.3476 9.33177 10.3926 8.61494 7.09141 6.49814
threshold=598.50000000000011 900.50000000000011 1.3270845000000002 -13.342830999999999 234.50000000000003 -0.38791299999999995 -0.077298999999999993 -4.5289444999999988 5.4562590000000002 837.50000000000011 -9.1480694999999983 -0.27074349999999997 2.1376490000000006 -3.6963179999999993
decision_type=2 2 2 2 2 2 2 2 2 2 2 2 2 2
left_child=2 7 3 4 -1 -5 -7 8 9 10 11 -2 -12 -8
right_child=1 -3 -4 5 -6 6 13 -9 -10 -11 12 -13 -14 -15
leaf_value=-0.0051155306616106205 0.06561031039806825 -0.059726028632719003 0.049021376202506517 -0.034272200865803959 0.045037867997538894 0.0076323236568295455 0.053187904457966478 0.026862999897991291 -0.039842968170531602 0.070693395828468619 -0.027922837027372388 -0.019034711655286845 0.029104262503777258 -0.016453965851370617
leaf_weight=19.874586589634418 9.6216566115617734 3.8909883052110663 6.3804482892155638 29.944030523300171 15.109354630112646 82.026489168405533 3.4337621033191672 51.482112310826778 11.994465649127958 5.9460054636001578 21.387999981641777 4.3718656152486757 7.3161979764699927 136.59791199117899
leaf_count=117 49 29 36 169 66 473 20 297 69 33 109 22 35 845
internal_value=-0.000773698 0.0108334 -0.00536372 -0.00657284 0.0165454 -0.00978221 -0.00647979 0.0132821 0.00175186 0.0120082 0.00383584 0.0391655 -0.0133876 -0.0147463
internal_weight=409.378 116.011 293.367 286.986 34.9839 252.002 222.058 112.12 60.6382 48.6437 42.6977 13.9935 28.7042 140.032
internal_count=2369 643 1726 1690 183 1507 1338 614 317 248 215 71 144 865
is_linear=0
shrinkage=0.05


Tree=46
num_leaves=15
num_cat=0
split_feature=7 2 4 18 7 2 6 8 7 5 5 7 7 18
split_gain=6.68687 7.35668 16.3567 11.7225 9.19708 8.39365 12.2809 10.3885 20.5964 12.9105 11.4019 13.2579 12.9781 10.214
threshold=-3.6658359999999997 6.6265090000000013 0.72279500000000019 183.50000000000003 -6.4936539999999985 1.2342505000000001 -5.2984354999999992 52.500000000000007 -11.948080499999998 19.974751500000004 36.720007500000001 -22.316093499999997 -17.933947499999999 574.50000000000011
decision_type=2 2 2 2 2 2 2 2 2 2 2 2 2 2
left_child=1 2 3 -1 5 6 7 -5 9 -9 11 -11 -13 -8
right_child=-2 -3 -4 4 -6 -7 13 8 -10 10 -12 12 -14 -15
leaf_value=-0.024421887724905892 0.055711540309762067 -0.0095182980859231936 0.079227859992377844 0.036288181527678556 0.035439922781700293 -0.020826538196046483 -0.027082489814038768 0.084441943938244168 -0.050359238491776363 -0.064437196812246786 0.051082690134710375 0.084909306799148265 -0.0070237788827285505 0.0224008180386365
leaf_weight=34.963416270911694 5.345231667160987 146.25739223510027 7.1282169446349135 43.133142665028572 24.797629721462727 30.791309893131256 35.62336853146553 6.6036986112594596 13.478246897459028 7.5089425817131952 11.837366938591002 4.8326059430837622 18.669273093342792 14.744793161749838
leaf_count=331 59 865 34 190 136 169 204 30 73 34 51 21 83 82
internal_value=0.00015715 -0.000584543 0.00455739 0.00240232 0.00682579 0.00303586 0.00773283 0.0173871 0.00443204 0.0193655 0.00933607 -0.00659934 0.0118801 -0.0125967
internal_weight=405.715 400.369 254.112 246.984 212.02 187.223 156.431 106.063 62.9301 49.4519 42.8482 31.0108 23.5019 50.3682
internal_count=2362 2303 1438 1404 1073 937 768 482 292 219 189 138 104 286
is_linear=0
shrinkage=0.05


Tree=47
num_leaves=15
num_cat=0
split_feature=16 16 16 5 16 16 0 8 4 16 7 16 7 8
split_gain=7.20409 9.7643 9.04328 12.2759 13.7114 15.0413 9.13784 9.11043 15.7991 14.6573 12.056 11.0999 9.48281 9.46515
threshold=231.50000000000003 294.50000000000006 505.50000000000006 22.277235500000003 547.50000000000011 574.50000000000011 -6.0699539999999992 62.500000000000007 -0.16677499999999998 430.50000000000006 -13.582623499999999 318.50000000000006 -10.585293999999999 47.500000000000007
decision_type=2 2 2 2 2 2 2 2 2 2 2 2 2 2
left_child=-1 -2 7 4 -4 -6 -5 8 9 11 -10 -3 -12 -13
right_child=1 2 3 6 5 -7 -8 -9 10 -11 12 13 -14 -15
leaf_value=-0.012543120408141921 0.024171718049958272 0.073515168207488199 0.082357792961328363 0.054122958277644309 -0.070337317681835626 0.024054685524116343 -0.0066392266632408874 -0.062187656716239575 -0.067941725259553415 0.084156945300104147 0.015359245117597065 0.053381593699792375 -0.02632314138280771 -0.034230967396270871
leaf_weight=87.925221882760525 48.940857738256454 4.4673149734735551 8.9927357435226423 6.5950637161731711 4.6505707502365103 45.626740612089634 100.13005073368549 8.1463709846138936 11.103270187973974 7.4354516863822928 21.459827296435833 3.9697892591357258 37.469376862049103 13.795821391046045
leaf_count=632 238 18 40 37 25 276 520 47 59 35 112 20 263 74
internal_value=0.000144828 0.00360099 -7.53937e-05 0.00724845 0.0254943 0.0153236 -0.00288444 -0.011348 -0.00719403 0.0233862 -0.0201489 0.00306234 -0.011144 -0.0146536
internal_weight=410.708 322.783 273.842 165.995 59.27 50.2773 106.725 107.847 99.7009 29.6684 70.0325 22.2329 58.9292 17.7656
internal_count=2396 1764 1526 898 341 301 557 628 581 147 434 112 375 94
is_linear=0
shrinkage=0.05


Tree=48
num_leaves=15
num_cat=0
split_feature=7 2 8 7 7 16 4 2 16 16 1 2 13 16
split_gain=6.37663 6.37649 7.42814 16.9142 8.69385 11.3929 7.75134 9.28336 12.8995 7.012 7.87499 6.95532 7.85064 6.25145
threshold=-3.6658359999999997 -13.342830999999999 57.500000000000007 -7.4350499999999995 -16.298619999999996 285.50000000000006 -0.14763499999999999 -1.0000000180025095e-35 192.50000000000003 219.50000000000003 -5.1130969999999989 15.270728500000002 8.4089595000000017 234.50000000000003
decision_type=2 2 2 2 2 2 2 2 2 2 2 2 2 2
left_child=1 13 6 4 5 -4 7 8 -3 10 -6 12 -9 -1
right_child=-2 2 3 -5 9 -7 -8 11 -10 -11 -12 -13 -14 -15
leaf_value=0.00048347852755327913 0.055321431207674611 -0.051596553271841664 -0.051257662013805043 0.036025276342809012 -0.029001766532922024 0.056008604882241658 -0.0034383558829863131 -0.033445103551037775 0.048864104451490302 -0.049517202991874995 0.082998414672921558 0.033218267255343117 0.043934218238102306 0.041967241590570796
leaf_weight=20.15473485738039 5.1482413336634627 3.6416926458478001 4.2407068610191327 11.816719368100165 5.4338330179452896 5.946657732129097 235.7683408036828 17.083711855113513 26.072029247879982 35.032229006290436 2.2068907320499411 9.3364939838647825 4.0561654865741721 16.53001569211483
leaf_count=121 60 28 33 71 54 27 1396 109 118 191 14 53 24 73
internal_value=3.21997e-05 -0.000684206 -0.00270443 -0.0180547 -0.0301441 0.0113567 0.000650133 0.016665 0.0365517 -0.0400516 0.00334755 -0.00272407 -0.0185981 0.0191759
internal_weight=402.468 397.32 360.635 64.677 52.8603 10.1874 295.958 60.1901 29.7137 42.673 7.64072 30.4764 21.1399 36.6848
internal_count=2372 2312 2118 390 319 60 1728 332 146 259 68 186 133 194
is_linear=0
shrinkage=0.05


Tree=49
num_leaves=15
num_cat=0
split_feature=6 2 4 7 16 0 16 5 1 5 16 2 8 2
split_gain=6.28628 6.62398 10.6121 11.7884 9.06133 8.6978 9.83572 8.56007 9.311 7.34715 14.1095 6.70746 6.51991 6.7385
threshold=-1.4061024999999998 6.1343225000000006 0.7768425000000001 -6.4936539999999985 183.50000000000003 -1.9276199999999999 144.50000000000003 13.091287000000001 -2.1858114999999994 16.519088500000006 448.50000000000006 -9.1396654999999978 67.500000000000014 -15.187401499999998
decision_type=2 2 2 2 2 2 2 2 2 2 2 2 2 2
left_child=1 2 3 4 5 6 11 -5 -9 10 -10 -1 -6 -14
right_child=-2 -3 -4 7 12 -7 -8 8 9 -11 -12 -13 13 -15
leaf_value=0.10884527868021453 0.039676886098989929 -0.010008800268070982 0.074201073759383951 -0.03559564455933973 0.0044703630004338038 -0.052996171685480466 -0.055669292724079181 0.097163997039108191 -0.062370772142582881 0.055653507143648286 0.065080896567680332 0.0058509491055292713 0.0054927281177543346 -0.066194915116564043
leaf_weight=2.3741038367152214 9.3292825147509557 151.80396094918251 5.1728025227785102 4.0345360636711147 162.48827978223562 15.979528486728666 4.2817176058888435 5.993676617741591 5.0374273732304555 9.6418508514761907 3.8168604522943497 4.7306413054466265 6.2444366067647934 6.9004847556352598
leaf_count=18 75 920 28 33 816 167 47 30 39 51 24 43 29 36
internal_value=-0.000882378 -0.00185635 0.00337218 0.00178969 -0.00243953 -0.0292014 0.00419169 0.0318877 0.0430052 0.025455 -0.00742957 0.0402673 0.00173033 -0.03214
internal_weight=397.83 388.5 236.696 231.524 202.999 27.366 11.3865 28.5244 24.4898 18.4961 8.85429 7.10475 175.633 13.1449
internal_count=2356 2281 1361 1333 1156 275 108 177 144 114 63 61 881 65
is_linear=0
shrinkage=0.05


Tree=50
num_leaves=15
num_cat=0
split_feature=0 7 5 7 7 7 7 7 5 5 4 4 8 7
split_gain=6.16239 6.95864 6.48783 6.43971 6.18058 10.1296 10.6596 15.5399 9.06472 5.50021 5.21153 5.31533 5.36196 8.53316
threshold=-2.6449274999999997 -33.115928999999987 15.539791500000002 -3.6658359999999997 -32.354953999999992 -26.344495999999996 -23.941125499999995 -19.412206999999999 51.87092950000001 53.168174000000008 0.46237650000000002 0.22866200000000003 67.500000000000014 -24.100376499999996
decision_type=2 2 2 2 2 2 2 2 2 2 2 2 2 2
left_child=1 -1 -3 4 -2 -6 9 -8 -9 -7 11 12 13 -4
right_child=3 2 10 -5 5 6 7 8 -10 -11 -12 -13 -14 -15
leaf_value=0.084050710519607913 -0.059303429028833413 0.048690792133241657 0.074647267617572885 0.055035961343001219 0.054917226153405621 -0.059636182848889441 0.041997816842197513 -0.0033626039092123066 -0.061139343262901803 -0.00012649716300770902 0.04413259379598615 -0.04125903138475906 -0.033275074668391767 0.0042185286311659303
leaf_weight=3.267389476299285 4.9012192636728278 9.3825260102748853 4.7677183747291485 4.754121631383895 7.4416706860065451 12.564022354781629 18.940184243023396 258.2715884372592 6.9719885736703864 5.6194128096103659 7.4108218550682059 7.00475089251995 7.9075691848993293 43.916295677423484
leaf_count=14 22 59 26 58 37 61 100 1552 56 26 43 44 40 248
internal_value=0.000441442 0.012522 0.00961475 -0.00272205 -0.00359456 -0.00271324 -0.00413161 -0.0017569 -0.00488128 -0.0412453 0.00445144 -0.000172571 0.004913 0.0111157
internal_weight=403.121 83.6571 80.3897 319.464 314.71 309.809 302.367 284.184 265.244 18.1834 71.0072 63.5963 56.5916 48.684
internal_count=2386 474 460 1912 1854 1832 1795 1708 1608 87 401 358 314 274
is_linear=0
shrinkage=0.05


Tree=51
num_leaves=15
num_cat=0
split_feature=5 6 16 6 2 4 16 2 8 16 16 5 16 5
split_gain=5.68511 7.81923 5.52773 5.12383 4.28477 13.2376 8.05468 11.8064 11.5472 10.9258 14.9975 10.461 10.2794 8.27516
threshold=10.172116500000001 -1.0896519999999998 900.50000000000011 -22.123105499999998 8.2639560000000021 0.84378450000000005 234.50000000000003 -15.956467499999999 57.500000000000007 333.50000000000006 282.50000000000006 12.550727000000002 183.50000000000003 43.199297000000008
decision_type=2 2 2 2 2 2 2 2 2 2 2 2 2 2
left_child=-1 2 3 -2 5 6 11 -8 13 10 -10 12 -5 -9
right_child=1 -3 -4 4 -6 -7 7 8 9 -11 -12 -13 -14 -15
leaf_value=-0.056880070431163055 0.058726263181379024 0.063318486184473208 -0.058907983921496536 -0.027236963408299092 -0.0080837296783526306 0.082456509762409008 0.062448203726318298 0.013837184214089469 -0.032524300169175818 -0.033904783677661865 0.084096605497956056 -0.023160439067892932 0.064560116372292836 -0.053976252745091657
leaf_weight=4.4255146682262412 3.6703751385211936 4.8323725983500472 4.0333283171057692 5.1235804706811887 128.01567458361387 5.1540437415242186 9.1002047806978208 125.00412641465664 5.6876140534877759 31.092046156525612 5.3499065339565277 53.3232706412673 7.5340487062931061 4.6666218638420096
leaf_count=43 19 37 32 52 794 28 42 640 28 171 22 405 36 20
internal_value=-0.000526257 0.000109003 -0.000678742 -6.66897e-05 -0.000634488 0.00314919 0.00149352 0.00694782 0.00400798 -0.0187338 0.0240021 -0.0134606 0.0274023 0.0113967
internal_weight=397.013 392.587 387.755 383.722 380.051 252.035 246.881 180.901 171.8 42.1296 11.0375 65.9809 12.6576 129.671
internal_count=2369 2326 2289 2257 2238 1444 1416 923 881 221 50 493 88 660
is_linear=0
shrinkage=0.05


Tree=52
num_leaves=15
num_cat=0
split_feature=18 5 18 2 6 5 8 6 3 7 3 6 6 6
split_gain=6.4332 9.5778 12.9071 15.9597 9.35643 7.22043 8.95966 7.07423 13.7835 7.27443 6.44068 5.70099 17.6121 6.46659
threshold=505.50000000000006 22.277235500000003 547.50000000000011 6.6265090000000013 -3.8058764999999997 17.725153000000002 42.500000000000007 -3.4492824999999994 7.1614010000000006 -3.9591564999999993 -4.5119444999999994 -4.2854119999999991 -4.4087219999999991 -5.2984354999999992
decision_type=2 2 2 2 2 2 2 2 2 2 2 2 2 2
left_child=7 2 -2 -4 -5 6 -6 9 -9 11 -3 12 13 -1
right_child=1 10 3 4 5 -7 -8 8 -10 -11 -12 -13 -14 -15
leaf_value=0.0011738566387263082 0.08026227166931367 0.036762513841687668 0.049687247160833795 -0.05479459043965032 0.016359703135440527 0.050573576829316229 -0.075586058448040672 -0.035974794559711677 0.061762032272087944 0.05802860276237061 -0.0047660882516796744 -0.028602868761349032 0.074020011559149043 -0.025543763680267825
leaf_weight=137.31600772589445 8.9010994583368284 10.363360613584517 18.895589560270309 8.2010360360145551 8.0015898421406799 6.7558952718973151 3.9611688852310172 32.333609409630299 4.060279704630374 5.072465553879737 94.210811354219913 19.035131596028805 7.7243328616023055 27.12044021487236
leaf_count=822 40 56 134 42 47 44 18 256 19 27 500 132 44 169
internal_value=0.000476337 0.008218 0.0251677 0.0144638 -0.0102604 0.00925089 -0.0140858 -0.00482394 -0.0250708 -0.00106958 -0.00065058 -0.00263747 0.000233424 -0.00323267
internal_weight=391.953 159.291 54.7164 45.8153 26.9197 18.7187 11.9628 232.662 36.3939 196.268 104.574 191.196 172.161 164.436
internal_count=2350 881 325 285 151 109 65 1469 275 1194 556 1167 1035 991
is_linear=0
shrinkage=0.05


Tree=53
num_leaves=15
num_cat=0
split_feature=16 7 0 8 2 4 7 1 0 16 5 6 16 7
split_gain=6.46788 5.56562 5.73396 5.31945 5.61981 9.84516 10.9376 8.95853 8.38147 10.0424 8.33372 6.58554 16.6062 13.3627
threshold=61.500000000000007 -3.6658359999999997 -6.3086619999999991 67.500000000000014 6.1343225000000006 0.84378450000000005 -6.6763724999999994 1.5422950000000002 -2.7671254999999992 183.50000000000003 13.218333500000002 -5.2984354999999992 574.50000000000011 -25.545219999999997
decision_type=2 2 2 2 2 2 2 2 2 2 2 2 2 2
left_child=-1 2 -2 4 5 6 8 10 -4 -10 -8 -11 -13 -14
right_child=1 -3 3 -5 -6 -7 7 -9 9 11 -12 12 13 -15
leaf_value=-0.049229980241340343 0.026198205027060426 0.05464650095207492 0.020285887144170536 -0.035663593468490927 -0.0094640594841733303 0.080793222333739118 -0.015988950009417215 -0.013437078374752066 -0.051507185376362452 0.0049609877585907215 0.066837809361304706 -0.036793479614270146 -0.056118789789107629 0.05287844483266279
leaf_weight=7.0429014936089507 17.770078606903553 4.4609305933117858 32.695534646511078 11.97379222512245 141.31501143425703 4.0355615466833106 3.7969121560454431 7.7854987233877173 12.020443506538866 82.031747408211231 15.173128530383108 35.263637661933899 3.7376247942447653 11.353305533528326
leaf_count=72 96 58 176 78 852 23 26 55 135 383 87 220 16 75
internal_value=-0.00174868 -0.000876502 -0.00153011 -0.00289433 -0.00177073 0.0034588 0.00192789 0.0317249 -0.00257366 -0.00774935 0.0502598 -0.00377622 -0.0180098 0.0258827
internal_weight=390.456 383.413 378.952 361.182 349.208 207.893 203.858 26.7555 177.102 144.407 18.97 132.386 50.3546 15.0909
internal_count=2352 2280 2222 2126 2048 1196 1173 168 1005 829 113 694 311 91
is_linear=0
shrinkage=0.05


Tree=54
num_leaves=15
num_cat=0
split_feature=7 16 16 3 7 16 2 13 2 16 16 4 16 16
split_gain=5.09892 4.66109 7.04683 19.6439 9.3388 6.60732 17.7829 7.12778 5.67136 7.14644 13.9718 11.89 5.4538 18.7195
threshold=-3.6658359999999997 61.500000000000007 105.50000000000001 -0.63185299999999989 -7.4270144999999994 183.50000000000003 30.061026500000001 9.6354640000000007 20.528792500000005 690.50000000000011 294.50000000000006 0.47308000000000006 637.50000000000011 679.50000000000011
decision_type=2 2 2 2 2 2 2 2 2 2 2 2 2 2
left_child=1 -1 3 4 -3 6 7 -4 12 10 11 -10 -7 -14
right_child=-2 2 5 -5 -6 8 -8 -9 9 -11 -12 -13 13 -15
leaf_value=-0.041605986561022462 0.054425975889575276 0.044165565694893681 -0.055826359442225665 -0.015096724642688894 0.17275603823397376 -0.00057868602825814281 0.042338351591302045 0.044686930029287586 -0.050902624846765526 0.012127013780741895 -0.055394808256066033 0.069653122284477856 0.067987637276348656 0.0016611711292746985
leaf_weight=6.9063321873545638 4.2101194486021987 2.913261853158474 19.967906951904304 8.0567121058702451 2.7397834584116927 233.77661299705505 7.4815592914819709 1.9346851408481587 3.4008912965655345 14.155023127794264 19.047184035181999 5.1309093683958054 13.57973427325487 49.107623673975468
leaf_count=73 57 25 221 71 17 1265 31 17 21 76 134 23 69 282
internal_value=-0.000303304 -0.000896858 -0.000159494 0.0350371 0.106488 -0.00147223 -0.0242145 -0.0469479 0.000503727 -0.0167534 -0.0315764 0.021598 0.00293306 0.0160292
internal_weight=392.408 388.198 381.292 13.7098 5.65305 367.582 29.3842 21.9026 338.198 41.734 27.579 8.5318 296.464 62.6874
internal_count=2382 2325 2252 113 42 2139 269 238 1870 254 178 44 1616 351
is_linear=0
shrinkage=0.05


Tree=55
num_leaves=15
num_cat=0
split_feature=6 7 6 2 4 7 16 5 7 16 5 13 2 3
split_gain=5.28453 5.2818 4.71695 5.99103 13.0159 10.4713 8.09835 12.0949 11.8316 10.6983 7.93288 10.6781 7.06003 9.25956
threshold=-22.123105499999998 -3.6658359999999997 -1.0896519999999998 6.6265090000000013 0.84378450000000005 -6.6763724999999994 234.50000000000003 12.550727000000002 -8.9238344999999981 276.50000000000006 13.091287000000001 2.2587620000000004 0.58536050000000006 1.6287980000000004
decision_type=2 2 2 2 2 2 2 2 2 2 2 2 2 2
left_child=-1 2 3 4 5 6 7 -2 9 -8 -7 -12 13 -11
right_child=1 -3 -4 -5 -6 10 8 -9 -10 12 11 -13 -14 -15
leaf_value=0.058096387523535443 0.025877373653204347 0.054165036967680262 0.042443116309156627 -0.011058603574154944 0.081880448078559875 -0.035893689951843319 0.05530422317395059 -0.032774843424535342 -0.040392484502494976 0.015454473610375422 0.019128127935776451 0.092673302278089148 -0.025357626109561573 -0.02020807907779229
leaf_weight=3.7507191002368918 11.109727345407007 4.2094602659344664 5.8404943794012061 139.76765858381987 4.9898032844066611 4.1564566195011166 10.474745050072668 42.0900963768363 14.74668215960264 83.753263667225838 18.607479713857177 6.7170288562774649 19.016505517065525 23.255323000252247
leaf_count=20 79 60 45 852 28 37 49 334 102 416 123 35 92 113
internal_value=-0.00096871 -0.0015386 -0.0021484 -0.00283614 0.00197404 0.000269594 -0.00374748 -0.0205265 0.00215441 0.00675093 0.0281275 0.0386351 0.00271536 0.00770422
internal_weight=392.485 388.735 384.525 378.685 238.917 233.927 204.446 53.1998 151.247 136.5 29.481 25.3245 126.025 107.009
internal_count=2385 2365 2305 2260 1408 1380 1185 413 772 670 195 158 621 529
is_linear=0
shrinkage=0.05


Tree=56
num_leaves=15
num_cat=0
split_feature=16 7 2 7 4 13 7 16 7 16 16 16 8 8
split_gain=4.91401 4.5414 3.83712 9.25229 9.07826 8.18037 7.1779 9.07136 7.89072 7.29576 6.93515 8.33594 9.27279 6.73926
threshold=61.500000000000007 -3.6658359999999997 5.9682405000000012 -6.6763724999999994 0.84378450000000005 0.37966400000000006 -8.9238344999999981 207.50000000000003 -9.3086534999999984 186.50000000000003 234.50000000000003 276.50000000000006 67.500000000000014 57.500000000000007
decision_type=2 2 2 2 2 2 2 2 2 2 2 2 2 2
left_child=-1 2 3 4 6 -5 8 9 10 -8 13 -12 -13 -2
right_child=1 -3 -4 5 -6 -7 7 -9 -10 -11 11 12 -14 -15
leaf_value=-0.041695713983767764 -0.039431353856174099 0.053955949312156561 -0.0066151846841582722 0.004820373874911711 0.075634045867631658 0.061648094105764675 -0.026995834380945771 -0.04609715217847004 0.065947882997159521 0.079663448243663337 0.049497589760237451 0.005141149787957486 -0.063107196777445085 0.0024169023735682608
leaf_weight=7.1189968883991233 19.020925369113684 3.8934472054243079 147.3511293977499 13.141119845211508 3.9095359519124022 12.223102234303949 3.3865091279149082 17.211971566081047 4.7207732126116744 3.0448219925165176 10.102928191423414 117.18483933061361 5.1977397948503485 19.466202884912491
leaf_count=79 152 58 897 92 23 68 36 121 26 14 48 586 28 136
internal_value=-0.000538415 0.000232928 -0.000323426 0.00373193 0.000178519 0.0322058 -0.00130137 -0.0271656 0.00217921 0.0235005 0.000418475 0.00584608 0.00224256 -0.0182651
internal_weight=386.974 379.855 375.962 228.61 203.246 25.3642 199.337 23.6433 175.693 6.43133 170.973 132.486 122.383 38.4871
internal_count=2364 2285 2227 1330 1170 160 1147 171 976 50 950 662 614 288
is_linear=0
shrinkage=0.05


Tree=57
num_leaves=15
num_cat=0
split_feature=6 3 0 6 2 0 16 3 2 16 16 1 4 16
split_gain=5.03135 4.54104 5.59489 4.18989 4.28161 8.16633 6.29446 5.76946 4.55143 3.99038 4.74511 13.9493 7.72524 3.47149
threshold=-22.123105499999998 -8.571787999999998 -6.3086619999999991 -1.0896519999999998 -14.113801499999999 -2.6449274999999997 240.50000000000003 -5.4916104999999993 -20.745513499999998 900.50000000000011 837.50000000000011 4.4193465000000005 0.23669400000000004 43.500000000000007
decision_type=2 2 2 2 2 2 2 2 2 2 2 2 2 2
left_child=-1 -2 -3 4 5 -4 8 -6 -7 10 13 -12 -13 -9
right_child=1 2 3 -5 7 6 -8 9 -10 -11 11 12 -14 -15
leaf_value=0.056919546282439441 -0.04267337238695193 0.035934782237168193 0.070926366244201469 0.040725460002726366 -0.039751303749066991 -0.062190666922675358 0.036732809097741188 -0.054942395123933542 0.0060242470702978838 -0.058010568167166487 0.072018272002815881 -0.091571861954322542 0.014249950741290372 -0.002317227678209252
leaf_weight=3.8175698071718207 6.3569369763135901 10.494737632572649 5.7080299034714725 5.8912729881703845 10.473335072398184 4.379045538604263 7.4450455009937277 3.1667066290974608 5.5374028161168081 3.1538807079195967 7.8950330987572652 2.6617880165576935 4.8986090309917927 301.42642231285572
leaf_count=21 34 60 34 50 59 25 34 39 40 27 46 13 42 1832
internal_value=-0.000194824 -0.000769382 -5.5475e-05 -0.00109704 -0.00178769 0.0190446 0.00198718 -0.00322799 -0.0240991 -0.00204445 -0.00149294 0.0255345 -0.0230067 -0.00286435
internal_weight=383.306 379.488 373.131 362.637 356.745 23.0695 17.3615 333.676 9.91645 323.202 320.049 15.4554 7.5604 304.593
internal_count=2356 2335 2301 2241 2191 133 99 2058 65 1999 1972 101 55 1871
is_linear=0
shrinkage=0.05


Tree=58
num_leaves=15
num_cat=0
split_feature=5 6 16 16 1 2 6 16 16 5 8 2 3 7
split_gain=4.71677 8.1064 4.58632 4.34197 13.7804 8.68404 3.83084 4.43409 10.1727 7.4201 4.19467 4.7649 4.08015 3.89458
threshold=10.172116500000001 -1.0896519999999998 900.50000000000011 837.50000000000011 4.4193465000000005 34.684217000000011 -19.457300999999998 765.50000000000011 745.50000000000011 28.512030500000005 32.500000000000007 6.9987055000000007 -8.571787999999998 -33.728653499999993
decision_type=2 2 2 2 2 2 2 2 2 2 2 2 2 2
left_child=-1 2 3 6 -5 -6 -2 8 10 -9 11 -8 -12 -14
right_child=1 -3 -4 4 5 -7 7 9 -10 -11 12 -13 13 -15
leaf_value=-0.055962302724207949 0.035125625294175893 0.062024876740356442 -0.057827364925184289 0.075419713774820152 -0.073820963168811052 0.032802238163100191 0.015106233601113423 0.02144831836771818 0.061359576768007421 -0.056739756722213243 -0.042146759995902332 -0.055070708145657177 -0.058541940750794663 0.00054173405964944043
leaf_weight=3.7390679717063895 7.2050290629267684 5.2747411616146556 3.4439615979790679 7.3428862318396551 3.8191194795072079 3.8195604048669338 3.5913810804486257 4.624185897409915 6.5004824027419081 8.8258687704801542 5.8455170467495909 7.4085696786642075 2.8143019825220099 311.59625018760562
leaf_count=42 37 45 30 45 20 36 24 41 32 45 33 45 13 1891
internal_value=-7.72139e-05 0.000469637 -0.000391977 0.000137774 0.0265097 -0.0205063 -0.000964571 -0.00170496 -0.000583847 -0.0298584 -0.00179941 -0.0321586 -0.000756651 1.28736e-05
internal_weight=385.851 382.112 376.837 373.393 14.9816 7.63868 358.412 351.207 337.757 13.4501 331.256 11 320.256 314.411
internal_count=2379 2337 2292 2262 101 56 2161 2124 2038 86 2006 69 1937 1904
is_linear=0
shrinkage=0.05


Tree=59
num_leaves=15
num_cat=0
split_feature=0 6 6 7 7 7 3 6 1 16 16 6 16 2
split_gain=4.84661 4.96019 6.42031 4.35721 4.14477 9.11046 7.86254 7.00428 7.48345 6.69782 10.6877 6.65085 6.31411 16.3238
threshold=-6.3086619999999991 -13.874939499999998 -19.457300999999998 -3.6658359999999997 -18.846248999999997 -23.172414999999997 1.5074920000000003 -7.4960949999999995 -6.1587109999999994 710.50000000000011 667.50000000000011 -4.5875804999999987 505.50000000000006 21.415068500000004
decision_type=2 2 2 2 2 2 2 2 2 2 2 2 2 2
left_child=1 2 -1 4 5 11 -7 9 -9 10 -6 -2 -10 -14
right_child=3 -3 -4 -5 7 6 -8 8 12 -11 -12 -13 13 -15
leaf_value=0.050165334389432659 0.0061737163792431066 0.051971637615920302 -0.038474609979440286 0.053610565516583601 -0.018013605455049958 0.060722044699495673 0.0018249522484831697 0.059421534171489793 -0.0077637382494900155 -0.069921577961950074 0.070972919677643173 -0.045443323633670429 0.020486994808799966 -0.031789929748509027
leaf_weight=3.5106994137167931 30.319269001483917 9.0306654497981054 4.8859540149569529 3.6500173099338999 60.215902492403984 13.142783105373384 9.9613243713974935 5.2635957822203627 133.91600990667939 5.629400096833705 3.5745517760515204 7.8581213653087607 70.39975368976593 18.952934049069881
leaf_count=19 163 49 32 59 381 75 51 34 898 35 19 37 390 113
internal_value=0.000493519 0.0262501 -0.00141363 -0.000743429 -0.0012957 0.0105467 0.0353286 -0.00373139 0.000493799 -0.0176409 -0.0130272 -0.00445071 -0.000895432 0.00939834
internal_weight=380.311 17.4273 8.39665 362.884 359.234 61.2815 23.1041 297.952 228.532 69.4199 63.7905 38.1774 223.269 89.3527
internal_count=2355 100 51 2255 2196 326 126 1870 1435 435 400 200 1401 503
is_linear=0
shrinkage=0.05


Tree=60
num_leaves=15
num_cat=0
split_feature=16 16 16 0 8 16 6 1 6 6 6 16 4 16
split_gain=4.30223 5.99396 8.15188 5.7911 5.50979 5.15301 8.97149 8.75892 4.78752 4.03443 5.76465 4.45565 7.65421 4.05947
threshold=900.50000000000011 740.50000000000011 760.50000000000011 4.7565030000000013 27.500000000000004 837.50000000000011 -2.6064839999999996 4.4193465000000005 -2.0916689999999996 -2.5795659999999994 -3.0641699999999994 505.50000000000006 0.7768425000000001 43.500000000000007
decision_type=2 2 2 2 2 2 2 2 2 2 2 2 2 2
left_child=1 4 -3 5 -1 6 -4 -7 9 10 13 12 -11 -6
right_child=-2 2 3 -5 8 7 -8 -9 -10 11 -12 -13 -14 -15
leaf_value=-0.064007831518197986 -0.05727263169745668 0.065751817812478172 -0.022983703625277241 -0.045239069561604367 -0.054754940751641168 0.076404488564210865 0.055886023057686654 -0.0118713390649485 -0.030010398082325713 -0.023961888165005239 -0.030719567663045955 0.062295985175477679 0.074372032006263272 0.0011865882201290707
leaf_weight=3.5148944407701483 3.2507988959550849 7.4583558291196814 12.87648666650057 4.4359640553593627 3.2806777060031882 7.1464588195085508 5.007983002811673 4.6308718770742416 13.69948001205921 6.6876471862196905 15.548869125545023 5.3182766810059539 2.8106452077627182 282.03621979057789
leaf_count=23 30 37 66 32 42 44 61 38 109 60 109 31 13 1654
internal_value=-3.41663e-07 0.000496866 0.0184015 0.00804437 -0.0017382 0.016013 -0.000898718 0.0416942 -0.00107371 0.000182034 -0.00107233 0.0256532 0.00513616 0.000543352
internal_weight=377.704 374.453 41.5561 34.0978 332.897 29.6618 17.8845 11.7773 329.382 315.682 300.866 14.8166 9.49829 285.317
internal_count=2349 2319 278 241 2041 209 127 82 2018 1909 1805 104 73 1696
is_linear=0
shrinkage=0.05


Tree=61
num_leaves=15
num_cat=0
split_feature=2 4 5 7 7 5 16 2 6 5 3 16 5 6
split_gain=4.881 4.87324 6.77586 5.97506 10.4886 7.89691 5.62613 5.35656 4.80378 4.6316 4.58722 4.42094 18.1533 6.73468
threshold=-11.520850499999998 -0.41825099999999993 25.593359000000003 -24.957438999999997 -20.103445499999996 51.87092950000001 288.50000000000006 -2.5382514999999999 -11.103275499999999 31.581298500000006 -4.6230259999999994 505.50000000000006 36.720007500000001 -6.8924969999999997
decision_type=2 2 2 2 2 2 2 2 2 2 2 2 2 2
left_child=-1 2 -2 9 -5 8 -4 -8 -6 -3 -9 -10 13 -13
right_child=1 3 6 4 5 -7 7 10 11 -11 -12 12 -14 -15
leaf_value=0.016095854325627278 -0.06958144340664256 -0.069165791045527419 -0.046326990429407085 0.058291913648478522 0.044817179162816662 -0.043501153340491844 0.062449487425902089 0.028800464178726594 -0.0048536179823152814 -0.0049289834446237385 -0.046105284441068893 -0.012880207184702673 -0.045228404936934197 0.021402451945631257
leaf_weight=45.084888853132725 5.91633212566376 5.3546847999095899 6.2539724558591869 7.945505663752555 6.2939047664403907 10.042242564260958 3.6729962527751949 3.9234738573431995 155.8064216375351 5.8957293778657913 4.2664942219853321 17.299669906497002 14.016067534685133 83.323882400989532
leaf_count=253 44 24 38 45 32 84 20 24 1038 32 23 101 96 492
internal_value=0.000664572 -0.00144359 -0.0231233 0.000259256 0.00162437 5.43575e-05 -0.00795173 0.0122791 0.00163488 -0.0355028 -0.010221 0.000629933 0.00808261 0.0155084
internal_weight=375.096 330.011 24.0333 305.978 294.728 286.782 18.1169 11.863 276.74 11.2504 8.18997 270.446 114.64 100.624
internal_count=2346 2093 149 1944 1888 1843 105 67 1759 56 47 1727 689 593
is_linear=0
shrinkage=0.05


Tree=62
num_leaves=15
num_cat=0
split_feature=18 18 18 5 1 7 2 6 6 7 18 4 7 8
split_gain=4.16614 6.9949 7.97163 8.92715 6.85231 5.1387 4.37611 7.56197 10.1582 5.52318 6.3304 6.82737 5.60279 5.80122
threshold=892.50000000000011 745.50000000000011 760.50000000000011 29.052776500000004 -7.7367989999999986 -5.1960904999999995 -15.187401499999998 -13.160831 -12.874794499999998 -18.846248999999997 496.50000000000006 0.16985150000000002 -18.292418999999999 57.500000000000007
decision_type=2 2 2 2 2 2 2 2 2 2 2 2 2 2
left_child=1 6 -3 -4 -5 -6 -1 -8 -9 10 -10 -12 -11 -14
right_child=-2 2 3 4 5 -7 7 8 9 12 11 -13 13 -15
leaf_value=0.018227541492529725 -0.04650586619644044 0.075794814645571307 0.034710710011199519 0.058041552909269038 -0.056643854085301537 0.018202159426844378 -0.04075793456248003 0.092352444113326868 0.044107136816921529 -0.060651843559268982 0.039323368821995441 -0.042999845663999281 0.00052807685090519704 -0.017547242500835815
leaf_weight=26.581802114844322 4.6621786803007117 5.7341875731945029 18.13491984829307 2.3884462267160425 8.0130543857812864 3.2127305306494209 12.65964889153838 2.8676374182105056 13.122400529682638 4.330579347908496 4.3600926995277387 5.962936133146286 208.67122249305248 56.384920142591
leaf_count=147 37 29 154 15 44 27 81 13 75 28 21 26 1311 360
internal_value=0.000466328 0.00105435 0.021538 0.0117387 -0.0188613 -0.0352235 -0.00123798 -0.00291598 -0.00129588 -0.00221295 0.0210634 -0.00822935 -0.00423875 -0.00331705
internal_weight=377.087 372.425 37.4833 31.7492 13.6142 11.2258 334.941 308.359 295.7 292.832 23.4454 10.323 269.387 265.056
internal_count=2368 2331 269 240 86 71 2062 1915 1834 1821 122 47 1699 1671
is_linear=0
shrinkage=0.05


Tree=63
num_leaves=15
num_cat=0
split_feature=16 16 0 16 16 3 16 8 4 16 2 3 16 16
split_gain=3.85595 9.20063 5.63265 5.43548 4.76854 8.33631 8.06643 7.60421 12.5855 11.6786 13.1816 9.0703 7.12601 10.5583
threshold=186.50000000000003 144.50000000000003 -1.1455764999999998 126.50000000000001 294.50000000000006 6.0638030000000009 505.50000000000006 62.500000000000007 -0.16956399999999996 430.50000000000006 -4.068132499999999 -2.8434879999999993 330.50000000000006 370.50000000000006
decision_type=2 2 2 2 2 2 2 2 2 2 2 2 2 2
left_child=1 2 -1 -4 5 -2 7 8 9 10 11 -6 -10 -14
right_child=4 -3 3 -5 6 -7 -8 -9 12 -11 -12 -13 13 -15
leaf_value=0.023275204822013559 0.0066057686126481385 -0.048979934232175809 -0.031675006077750603 0.027860675790743607 -0.023677145525929359 0.055065108871260815 0.0059874061441621733 -0.059354500835281189 -0.052266720516583376 0.073598819710917515 -0.05359436920132056 0.063667029663807023 0.027574316142318984 -0.025377334031599676
leaf_weight=15.187455646693705 65.432934254407883 12.96852422505617 15.43368110060692 5.1007836461067191 4.7569319456815755 10.267393313348292 154.56041711196303 7.9095497131347647 13.820163510739802 7.4253893941640845 7.2584121525287637 7.9227046817541122 12.722533516585825 36.200335189700127
leaf_count=124 346 155 149 34 21 52 902 52 98 35 49 34 79 244
internal_value=0.000223331 -0.0129072 0.000188693 -0.0168863 0.00217087 0.0131784 -0.00112823 -0.0123488 -0.00822264 0.0200733 0.000139155 0.0308987 -0.020563 -0.0116071
internal_weight=376.967 48.6904 35.7219 20.5345 328.277 75.7003 252.576 98.016 90.1065 27.3634 19.938 12.6796 62.743 48.9229
internal_count=2374 462 307 183 1912 398 1514 612 560 139 104 55 421 323
is_linear=0
shrinkage=0.05


Tree=64
num_leaves=15
num_cat=0
split_feature=16 16 4 16 6 8 7 7 6 7 7 7 7 3
split_gain=3.89357 5.50669 16.1957 7.42977 4.34141 4.29163 5.67057 7.01703 4.22853 4.00011 10.1267 11.2647 9.21152 5.29037
threshold=61.500000000000007 105.50000000000001 -0.077298999999999993 117.50000000000001 -4.2723209999999989 67.500000000000014 -14.782782499999998 -22.316093499999997 -17.603214999999995 -23.941125499999995 -26.344495999999996 -32.354953999999992 -19.412206999999999 1.9337120000000001
decision_type=2 2 2 2 2 2 2 2 2 2 2 2 2 2
left_child=-1 2 -2 -3 -4 8 7 -7 -5 10 11 -10 13 -11
right_child=1 3 4 5 -6 6 -8 -9 9 12 -12 -13 -14 -15
leaf_value=-0.03890387793155823 0.098584686712646086 -0.064679882987656853 0.01789667569740493 0.038679552391300644 -0.055773273655204306 -0.043358226443641436 -0.064831171475493679 0.037977392899755838 -0.040113117612625093 0.061381503598589529 -0.045160824801253475 0.058474986333715818 0.0005321372913108973 0.0045551548865826672
leaf_weight=6.1973503455519667 5.4999271631240836 4.4040690064430228 4.9134968444705001 7.6283047944307318 3.3723939731717101 5.3248274102807054 5.6598106622695914 5.2823238596320161 5.0155611336231232 10.131625436246397 14.784779228270052 6.8607797659933585 285.79001571238041 6.8748111501336089
leaf_count=78 37 33 37 41 38 28 41 35 25 59 68 40 1786 38
internal_value=0.000401204 0.00105682 0.0320659 -0.000138089 -0.0120873 0.000666337 -0.0244175 -0.00285338 0.00187682 0.00102469 -0.0175423 0.0168397 0.00265951 0.0384096
internal_weight=377.74 371.543 13.7858 357.757 8.28589 353.353 16.267 10.6072 337.086 329.458 26.6611 11.8763 302.796 17.0064
internal_count=2384 2306 112 2194 75 2161 104 63 2057 2016 133 65 1883 97
is_linear=0
shrinkage=0.05


Tree=65
num_leaves=15
num_cat=0
split_feature=7 6 6 3 2 7 5 16 7 6 8 7 5 16
split_gain=4.15204 3.33909 4.21728 3.98326 12.066 9.52865 10.4324 8.01674 6.76625 10.1132 6.03597 11.8173 13.6238 11.4335
threshold=-3.6658359999999997 -1.0896519999999998 -1.6531729999999998 2.6679790000000003 10.323484000000002 -14.923908999999998 61.281258000000008 616.50000000000011 -8.4600644999999979 -4.339736499999999 52.500000000000007 -7.4350499999999995 37.65539900000001 327.50000000000006
decision_type=2 2 2 2 2 2 2 2 2 2 2 2 2 2
left_child=1 2 3 10 5 6 7 -5 9 -6 13 12 -12 -1
right_child=-2 -3 -4 4 8 -7 -8 -9 -10 -11 11 -13 -14 -15
leaf_value=-0.012723463621779972 0.05321879010635383 0.038237283546419441 -0.058850179575479868 -0.042256962952604379 -0.045090196487381058 0.034791415666792586 0.056252632704524456 0.032205606191371292 -0.051894911624263212 0.015630565586401385 -0.019316464010566345 0.028349949479814923 0.030798841709883507 0.01901200857776961
leaf_weight=41.547988511621952 3.470888163894414 5.1533035635948172 3.2666710019111624 17.016106344759471 12.953794777393343 18.806071370840073 4.6317980624735346 4.5895394608378401 18.745372980833054 14.570345185697077 98.674317516386509 21.03229109197855 15.72193083912134 89.556150145828724
leaf_count=327 62 46 27 88 98 100 27 26 124 79 623 136 78 501
internal_value=-0.00121049 -0.00172629 -0.00229659 -0.00178033 -0.0107929 0.00762819 -0.0118414 -0.0264394 -0.028726 -0.0129467 0.00130735 -0.00609589 -0.0124289 0.00895477
internal_weight=369.737 366.266 361.112 357.846 91.313 45.0435 26.2374 21.6056 46.2695 27.5241 266.533 135.429 114.396 131.104
internal_count=2342 2280 2234 2207 542 241 141 114 301 177 1665 837 701 828
is_linear=0
shrinkage=0.05


Tree=66
num_leaves=15
num_cat=0
split_feature=5 6 7 2 7 7 4 16 8 2 16 16 5 3
split_gain=4.87658 6.29744 3.55817 4.17479 8.77893 14.6015 8.78273 8.2046 10.606 7.19668 7.11142 8.44415 6.93993 6.34584
threshold=10.415935000000003 -1.0896519999999998 -3.6658359999999997 6.6265090000000013 -7.4350499999999995 -8.9462234999999968 0.84378450000000005 234.50000000000003 57.500000000000007 0.86410050000000005 105.50000000000001 192.50000000000003 53.807834000000007 -4.8830934999999984
decision_type=2 2 2 2 2 2 2 2 2 2 2 2 2 2
left_child=-1 2 3 4 5 6 7 8 12 -9 -6 -12 -2 -10
right_child=1 -3 -4 -5 10 -7 -8 9 13 -11 11 -13 -14 -15
leaf_value=-0.055295769579755565 -0.059133968967190004 0.060642080594080799 0.053090158520047483 -0.007677995905481589 0.086937431343208735 -0.053361218578986097 0.074560661782239676 0.012174240911701962 -0.025369799683866292 -0.021821571304046959 -0.056037031047977498 0.02671573657520819 0.01883103309685873 0.029474447909308695
leaf_weight=3.9798078946769229 15.977034695446493 4.2805173359811297 3.0866558924317351 137.04542329162359 4.2127427756786338 12.419356949627398 4.1582691408693782 108.39896138012409 9.2938265204429644 18.178237527608871 3.4519118294119826 28.821297965943813 3.4750939831137648 12.195227816700934
leaf_count=50 152 42 57 865 30 100 27 554 64 91 38 174 20 98
internal_value=-0.000247741 0.000352489 -0.000362955 -0.000824305 0.00343383 -0.00100682 0.00278058 0.000998795 -0.0184577 0.00729197 0.0258399 0.0178646 -0.0452056 0.00575479
internal_weight=368.974 364.995 360.714 357.627 220.582 184.096 171.677 167.518 40.9412 126.577 36.486 32.2732 19.4521 21.4891
internal_count=2362 2312 2270 2213 1348 1106 1006 979 334 645 242 212 172 162
is_linear=0
shrinkage=0.05


Tree=67
num_leaves=15
num_cat=0
split_feature=0 5 6 16 4 16 16 8 16 16 16 7 16 6
split_gain=4.31062 3.80542 6.57928 3.35862 8.60761 6.80219 7.74284 6.50661 16.1041 9.95724 11.1185 8.62833 8.21302 7.9751
threshold=-6.3086619999999991 10.172116500000001 -1.0896519999999998 297.50000000000006 0.24167200000000003 598.50000000000011 628.50000000000011 52.500000000000007 327.50000000000006 315.50000000000006 430.50000000000006 -10.042532499999998 370.50000000000006 -6.8924969999999997
decision_type=2 2 2 2 2 2 2 2 2 2 2 2 2 2
left_child=-1 -2 3 -3 7 -6 -7 8 -5 -9 -11 -12 -10 -14
right_child=1 2 -4 4 5 6 -8 9 12 10 11 -13 13 -15
leaf_value=0.023724078163436326 -0.05512543154247395 0.0051035201631823958 0.059708537605172668 -0.075064809312902298 -0.036240727097841485 0.067656509249057958 -0.012493898223397103 0.072335489816934093 0.063961913488271155 -0.042817528089528357 -0.015046545529647459 0.03174055922729474 -0.011860396594935594 0.021987497070471405
leaf_weight=17.499313727021217 3.3023487515747538 112.3228766694665 4.3780497796833506 5.2605007812380782 33.932854495942593 3.3496840000152579 29.99674404039979 3.4637154042720786 7.8059043660759917 23.086020223796368 31.092073149979115 14.426130332052706 26.799271315336227 49.631776243448257
leaf_count=102 43 789 46 27 244 19 211 14 38 152 164 85 151 273
internal_value=-0.000491828 -0.00170657 -0.00119606 -0.00197762 -0.00545322 -0.0204803 -0.0044427 0.000804374 0.00980844 -0.0103773 -0.0145533 -0.000218261 0.0151087 0.0101193
internal_weight=366.347 348.848 345.546 341.168 228.845 67.2793 33.3464 161.565 89.4975 72.0679 68.6042 45.5182 84.237 76.431
internal_count=2358 2256 2213 2167 1378 474 230 904 489 415 401 249 462 424
is_linear=0
shrinkage=0.05


Tree=68
num_leaves=15
num_cat=0
split_feature=5 6 2 7 4 6 16 7 13 0 16 16 5 16
split_gain=3.21886 5.49498 2.83674 7.11861 7.3304 5.36588 8.09681 7.50729 6.13746 5.21391 5.12913 10.0947 8.31815 8.3104
threshold=10.415935000000003 -1.0896519999999998 6.1343225000000006 -3.9591564999999993 0.59413250000000006 -3.0641699999999994 583.50000000000011 -6.6763724999999994 2.2587620000000004 -5.7934444999999988 297.50000000000006 120.50000000000001 36.720007500000001 448.50000000000006
decision_type=2 2 2 2 2 2 2 2 2 2 2 2 2 2
left_child=-1 2 3 4 5 7 -7 -2 -9 -4 11 -11 13 -12
right_child=1 -3 9 -5 -6 6 -8 8 -10 10 12 -13 -14 -15
leaf_value=-0.044500010074277375 -0.00061394968982622991 0.059315934178249097 0.037863306108902435 0.065951746775375839 0.046521225449749626 -0.044004340663165088 0.058714584690302232 0.010896378233655709 0.074533625902734685 -0.045392002609256556 -0.046768060673496328 0.023253040671170636 -0.039411553968551151 0.00096156008334846775
leaf_weight=4.0308128707110873 174.6687249802053 3.9187711998820296 6.533242590725421 4.4480569735169402 8.881675608456133 12.7999733351171 2.2566959634423247 9.9662828147411364 6.1126582622528067 6.7286547571420661 10.557915724813936 26.247622899711132 23.657657593488693 66.953624863177538
leaf_count=53 1029 42 40 28 50 118 21 67 33 53 91 159 185 406
internal_value=-6.43802e-05 0.000428048 -0.000213308 0.00334383 0.00204666 0.000127324 -0.0286088 0.00239561 0.0350891 -0.00575423 -0.00787852 0.00924634 -0.0134604 -0.00553973
internal_weight=367.762 363.732 359.813 219.134 214.686 205.804 15.0567 190.748 16.0789 140.679 134.145 32.9763 101.169 77.5115
internal_count=2375 2322 2280 1346 1318 1268 139 1129 100 934 894 212 682 497
is_linear=0
shrinkage=0.05


Tree=69
num_leaves=15
num_cat=0
split_feature=16 16 16 3 16 16 8 3 1 5 2 8 5 16
split_gain=3.53054 2.87373 3.50171 6.68165 7.96927 8.67207 9.31377 7.54815 7.0831 13.1039 7.43459 5.99695 4.94848 4.90612
threshold=43.500000000000007 892.50000000000011 640.50000000000011 2.2649230000000005 679.50000000000011 837.50000000000011 52.500000000000007 -1.1219164999999998 7.8280325000000008 37.953338500000008 10.188336500000002 37.500000000000007 24.539844000000006 785.50000000000011
decision_type=2 2 2 2 2 2 2 2 2 2 2 2 2 2
left_child=-1 2 11 4 -4 6 7 -6 10 -10 13 -2 -9 -5
right_child=1 -3 3 8 5 -7 -8 12 9 -11 -12 -13 -14 -15
leaf_value=-0.054211491915213142 -0.022962917429035463 -0.038130809851091789 0.058542660989188658 0.044925828555002503 0.057745770374007258 0.061171008264738896 -0.043240763812125882 0.03836496769037008 0.045309852654793287 -0.061138039335832464 -0.062178497331889321 0.00095948602011804239 -0.032229325565885841 -0.036034774605905644
leaf_weight=2.9668832793831816 29.203331340104342 4.7387396022677413 11.569951139390467 3.8890888802707257 7.3611137717962274 6.7815636806190005 9.1251245215535146 3.8022880218923127 11.026151824742554 3.9186144769191733 8.5858822315931302 254.52947628125548 7.1512347012758255 3.6065400987863541
leaf_count=43 197 38 63 23 44 48 53 25 110 29 45 1602 37 22
internal_value=0.000111536 0.000552748 0.00106117 0.0105312 0.0226694 0.010541 -0.00197192 0.01859 -0.00738344 0.0173985 -0.0304137 -0.00150274 -0.00772398 0.00597144
internal_weight=368.256 365.289 360.55 76.8176 45.7913 34.2213 27.4398 18.3146 31.0263 14.9448 16.0815 283.733 10.9535 7.49563
internal_count=2379 2336 2298 499 270 207 159 106 229 139 90 1799 62 45
is_linear=0
shrinkage=0.05


Tree=70
num_leaves=15
num_cat=0
split_feature=5 6 10 8 13 0 16 5 0 7 7 7 2 16
split_gain=4.13491 5.50522 3.63473 4.05993 4.90968 5.70466 4.72298 3.71958 3.29502 4.18032 12.5335 8.64361 7.65689 6.30273
threshold=10.415935000000003 -1.0896519999999998 3.5000000000000004 62.500000000000007 3.4648950000000003 -0.14179099999999997 195.50000000000003 16.109372500000003 -5.7934444999999988 -7.2716629999999993 -7.8904974999999995 -7.2270284999999985 8.2639560000000021 637.50000000000011
decision_type=2 2 2 2 2 2 2 2 2 2 2 2 2 2
left_child=-1 2 8 4 5 -4 -5 -6 -2 10 13 -11 -13 -10
right_child=1 -3 3 6 7 -7 -8 -9 9 11 -12 12 -14 -15
leaf_value=-0.054471684395222944 0.02081888088201618 0.05929835536582756 -0.0053264209462880957 0.039669459406662992 0.10778903509518829 0.068013035098642344 -0.035534480674126324 0.035769991751317259 -0.0070795909468899495 0.07821112564358057 -0.049532328649526114 0.019938114254086682 -0.012563814823870654 0.015525102648139201
leaf_weight=3.4372383914887896 15.412475533783434 3.9546355865895739 13.920129857957365 3.0007212460041028 2.3481584116816503 3.275424204766753 6.8617678135633469 7.5808712020516396 174.96938598901033 4.0613546669483176 15.597922354936598 35.300581894814968 37.233625512570143 37.434469558298588
leaf_count=50 91 44 91 24 13 21 38 45 1087 19 116 240 272 212
internal_value=0.000109182 0.00062894 -2.09714e-05 0.0148189 0.0248078 0.00864334 -0.0126532 0.0528021 -0.00173618 -0.00287746 -0.00627249 0.00722854 0.00325406 -0.0030957
internal_weight=364.389 360.952 356.997 36.9871 27.1246 17.1956 9.86249 9.92903 320.01 304.597 228.002 76.5956 72.5342 212.404
internal_count=2363 2313 2269 232 170 112 62 58 2037 1946 1415 531 512 1299
is_linear=0
shrinkage=0.05


Tree=71
num_leaves=15
num_cat=0
split_feature=5 7 5 0 16 0 2 7 6 7 8 7 16 7
split_gain=3.51274 7.48345 4.57353 3.99424 3.49875 10.2797 9.16118 8.68777 10.6209 8.21969 7.38957 12.507 7.92715 7.33154
threshold=61.281258000000008 -19.595347499999999 51.87092950000001 0.35566250000000005 234.50000000000003 -1.5200639999999999 48.871490500000007 -7.089732999999999 -4.3376024999999991 -26.633228999999996 57.500000000000007 -15.412226999999998 424.50000000000006 -23.941125499999995
decision_type=2 2 2 2 2 2 2 2 2 2 2 2 2 2
left_child=2 -2 4 -4 5 -1 7 -7 -9 -6 13 12 -12 -11
right_child=1 -3 3 -5 9 6 -8 8 -10 10 11 -13 -14 -15
leaf_value=0.012150658622735488 0.059038397047387697 -0.039438453183359895 0.00084943306238264801 -0.054609148124350582 0.07779740952282832 -0.049828171458363518 0.066675316818278679 0.055542779211116472 -0.041405039935611371 -0.040294857960111397 0.07880087315127976 -0.029795819017746656 -0.0059890348229377126 0.0070780948091033694
leaf_weight=28.77091196924448 6.4817025661468506 2.7466972172260267 5.7626660168170911 7.4361302256584167 3.5464385896921149 25.246361151337624 2.4352492094039908 5.190501194447279 6.1990097053349 8.5049236267805082 4.7987488210201246 38.413256864994764 6.4774294942617416 205.68957698345184
leaf_count=215 39 26 41 51 18 232 10 36 65 39 22 234 33 1278
internal_value=-0.000719469 0.0297282 -0.0015258 -0.0303956 -0.000389271 -0.0105303 -0.027232 -0.0334742 0.00277664 0.00218332 0.00116712 -0.0162047 0.0300946 0.00519708
internal_weight=357.7 9.2284 348.471 13.1988 335.272 67.842 39.0711 36.6359 11.3895 267.43 263.884 49.6894 11.2762 214.195
internal_count=2339 65 2274 92 2182 558 343 333 101 1624 1606 289 55 1317
is_linear=0
shrinkage=0.05


Tree=72
num_leaves=15
num_cat=0
split_feature=6 3 0 7 6 7 7 1 7 7 7 7 5 3
split_gain=3.15335 4.22481 5.1399 5.73747 4.13281 6.74694 4.00071 3.78526 4.95304 4.68884 7.02503 8.38721 8.77116 3.73668
threshold=-20.264350499999995 -5.4916104999999993 -4.7288429999999986 -9.2818959999999979 -11.103275499999999 -22.316093499999997 -12.790780999999997 -10.535551999999997 -33.728653499999993 -26.633228999999996 -25.545219999999997 -19.412206999999999 51.87092950000001 4.9606235000000014
decision_type=2 2 2 2 2 2 2 2 2 2 2 2 2 2
left_child=-1 4 3 6 5 -2 -3 -4 -9 -10 -11 13 -13 -12
right_child=1 2 7 -5 -6 -7 -8 8 9 10 11 12 -14 -15
leaf_value=0.038013759771677313 -0.046802148270859135 0.014904667254366816 0.045092658640489912 -0.028708803335392958 -0.060392147501819607 0.016160437019208006 0.070806004412787185 -0.07083626866079118 0.040589099517938793 -0.039229616624151926 0.045695483447368353 -0.0010568696213458825 -0.058299997257146241 -0.0027042307372893673
leaf_weight=5.306620053946971 7.2693543434143111 6.2597622796893129 4.4314160272479048 3.5049477964639655 5.2847759872674933 10.260258108377457 6.5492022484540948 2.5505767613649359 6.6721793450415126 12.030322827398775 13.690601017326118 267.58061009645462 6.8635647930204859 5.6268954277038565
leaf_count=30 45 38 25 23 32 62 37 13 39 58 86 1799 70 29
internal_value=-0.000247288 -0.000813522 0.000601209 0.0279761 -0.0216342 -0.00994952 0.0434869 -0.000796809 -0.00144235 -0.000875904 -0.00178064 -0.000247008 -0.00248846 0.0315974
internal_weight=363.881 358.574 335.76 16.3139 22.8144 17.5296 12.809 319.446 315.015 312.464 305.792 293.762 274.444 19.3175
internal_count=2386 2356 2217 98 139 107 75 2119 2094 2081 2042 1984 1869 115
is_linear=0
shrinkage=0.05


Tree=73
num_leaves=15
num_cat=0
split_feature=5 6 6 3 6 7 1 13 5 0 7 8 13 16
split_gain=3.64035 4.38255 3.47918 3.55913 5.15104 6.55428 4.61245 5.56592 9.23711 4.48099 3.79962 3.38254 3.03947 2.98139
threshold=10.415935000000003 -1.0896519999999998 -20.264350499999995 -5.4916104999999993 -11.103275499999999 -22.316093499999997 -6.1587109999999994 6.6537680000000012 25.375767000000007 -3.3140609999999993 -14.655997999999999 67.500000000000014 8.9048625000000019 204.50000000000003
decision_type=2 2 2 2 2 2 2 2 2 2 2 2 2 2
left_child=-1 2 -2 4 5 13 7 -5 12 -10 -7 -8 -9 -4
right_child=1 -3 3 6 -6 10 11 8 9 -11 -12 -13 -14 -15
leaf_value=-0.054213771209168593 0.042827084865688057 0.058673156411550013 -0.066149199855582527 0.062055815788572014 -0.066302507861837237 0.050697878931039719 0.00013738301414231751 -0.055784445064638366 0.068364732744572942 0.013618662653193512 -0.011518278724788613 -0.050717722317614101 0.0094059647553050661 -0.0045705868910452382
leaf_weight=2.9715294763445845 4.8609416633844367 3.3042997494339934 4.6800822876393831 6.1840069219470015 4.5834813117980948 5.0606983602046993 287.71322293952107 5.5542992912232894 5.1933149844408062 13.335730593651531 4.7642211541533444 3.3073336258530608 2.6368607729673386 3.3889822512865067
leaf_count=45 28 40 31 39 29 33 1872 45 29 74 26 24 19 18
internal_value=0.00089733 0.0013592 0.000820053 0.000230583 -0.0190092 -0.00689518 0.00156565 0.0193096 0.00941659 0.0289629 0.0205285 -0.000440565 -0.0347986 -0.0402864
internal_weight=357.539 354.567 351.263 346.402 22.4775 17.894 323.925 32.9042 26.7202 18.529 9.82492 291.021 8.19116 8.06906
internal_count=2352 2307 2267 2239 137 108 2102 206 167 103 59 1896 64 49
is_linear=0
shrinkage=0.05


Tree=74
num_leaves=15
num_cat=0
split_feature=2 8 7 7 6 16 16 16 4 7 16 0 2 6
split_gain=3.86477 5.50417 10.0926 5.79676 6.73987 6.86728 14.441 6.16687 5.22102 5.16446 5.66942 11.2905 12.623 11.4017
threshold=-13.342830999999999 57.500000000000007 -7.4350499999999995 -15.521558499999999 -4.5289444999999988 586.50000000000011 538.50000000000011 285.50000000000006 -0.15141749999999995 -24.957438999999997 586.50000000000011 -1.0629434999999996 0.38060550000000004 -4.5179854999999991
decision_type=2 2 2 2 2 2 2 2 2 2 2 2 2 2
left_child=-1 8 3 7 5 6 -5 -3 -2 -10 -11 -12 -13 -14
right_child=1 2 -4 4 -6 -7 -8 -9 9 10 11 12 13 -15
leaf_value=0.016034110234572824 0.015055494210914094 -0.044957308016666989 0.030329734787691832 -0.041285603917929188 0.023646993348155593 -0.081644256998631926 0.078875313778889455 0.036808484482950689 -0.036352019386613386 -0.0066672221154694972 0.047543372924247151 0.064870028817738248 -0.041920049338160389 0.0092073172324577384
leaf_weight=33.333073362708092 54.389886870980263 3.5092907994985563 9.9803597144782525 24.169190037995573 4.5706673935055795 7.9855243489146224 2.7889259308576575 6.7253342494368553 10.584959287196396 131.02697032317519 16.205259475857019 6.5808824263513079 16.943813756108284 30.59313303604722
leaf_count=191 329 35 65 189 28 41 12 34 57 909 101 51 103 222
internal_value=-0.000182413 -0.00184026 -0.015558 -0.0247638 -0.03345 -0.0409183 -0.0288545 0.00877229 0.00123626 -0.00231024 -0.000520665 0.0109317 -3.14646e-05 -0.00901625
internal_weight=359.387 326.054 59.7293 49.7489 39.5143 34.9436 26.9581 10.2346 266.325 211.935 201.35 70.3231 54.1178 47.5369
internal_count=2367 2176 404 339 270 242 201 69 1772 1443 1386 477 376 325
is_linear=0
shrinkage=0.05


Tree=75
num_leaves=15
num_cat=0
split_feature=7 7 2 16 5 16 16 1 16 7 7 7 16 16
split_gain=3.47113 15.7698 7.14325 8.72857 12.7933 11.6994 10.9335 10.1652 8.97878 8.93545 8.87959 10.2875 10.2114 8.45316
threshold=-11.346329999999998 -11.788986 -8.4044484999999991 445.50000000000006 36.720007500000001 297.50000000000006 276.50000000000006 2.9930535000000007 460.50000000000006 -7.089732999999999 -9.6145504999999982 -8.9238344999999981 547.50000000000011 601.50000000000011
decision_type=2 2 2 2 2 2 2 2 2 2 2 2 2 2
left_child=1 -1 -2 5 8 6 7 9 -5 -4 -10 -12 -13 -14
right_child=2 -3 3 4 -6 -7 -8 -9 10 -11 11 12 13 -15
leaf_value=0.0016874156027399355 0.042535092433395628 0.058999690107625881 -0.027038283035553431 0.08032016199078415 -0.044806922278689307 -0.043450377836895634 0.065510132256623402 -0.059308967700527529 -0.035917976141715706 0.025409913262553041 0.054238188335817589 0.04332888254489433 -0.070873262935187628 0.00046835369236027677
leaf_weight=159.64699219167233 7.9293149560689917 12.978177726268767 15.102507852017874 4.3629145100712767 11.923231951892374 29.376754313707352 5.1546534895896903 8.8269742093980295 10.640197947621344 17.566239569336179 12.51001799106597 13.13941346108914 4.6060032173991194 42.139070285484195
leaf_count=992 47 70 130 28 89 249 26 71 71 132 64 78 26 279
internal_value=0.00090828 0.00599622 -0.00388395 -0.00598304 0.00377708 -0.0187335 -0.00316881 -0.0117002 0.0104052 0.00116352 0.00673159 0.013 0.00438527 -0.00656126
internal_weight=355.902 172.625 183.277 175.348 99.3208 76.0271 46.6504 41.4957 87.3976 32.6687 83.0347 72.3945 59.8845 46.7451
internal_count=2352 1062 1290 1243 635 608 359 333 546 262 518 447 383 305
is_linear=0
shrinkage=0.05


Tree=76
num_leaves=15
num_cat=0
split_feature=0 10 6 7 7 4 7 7 4 6 6 7 7 7
split_gain=3.41369 4.49525 2.95922 2.81085 7.24687 4.71181 3.40683 17.4321 10.1628 7.0391 8.09238 8.03228 7.22153 9.77045
threshold=-5.7934444999999988 2.5000000000000004 -13.874939499999998 -32.354953999999992 -29.518501999999994 -0.95086149999999992 -11.346329999999998 -11.788986 -0.3489934999999999 -5.4149914999999984 -2.7096619999999993 -12.008987499999998 -12.790780999999997 -13.130407
decision_type=2 2 2 2 2 2 2 2 2 2 2 2 2 2
left_child=1 2 -1 -2 -5 -6 7 9 -9 11 -11 12 13 -7
right_child=3 -3 -4 4 5 6 -8 8 -10 10 -12 -13 -14 -15
leaf_value=0.010213390148960735 -0.035695441948392574 -0.0047613670200250639 0.063332312922429579 0.067578827362274663 -0.05642682539647427 0.009228971812057998 -0.0056899966371012712 -0.045210170788827608 0.076186825421661997 -0.034189633979814747 0.02725213603699643 -0.049983780525353266 0.054472995221419795 -0.061588139365740084
leaf_weight=4.4281518459320068 5.8919501751661292 10.032036378979681 6.4278459772467631 3.8238930590450755 3.8799730539321891 81.163689065724611 175.73276285082102 2.0220309570431718 11.696522533893582 25.436106845736504 6.7895348481833926 6.1026917025446883 8.0578099414706212 5.1814851090311995
leaf_count=29 30 59 34 25 22 483 1252 14 62 160 68 49 37 33
internal_value=-0.000244724 0.0193676 0.0416652 -0.00146476 -0.000853383 -0.00165592 -0.000996327 0.00463585 0.0582936 -0.000909997 -0.0212446 0.00561 0.00920387 0.00497931
internal_weight=356.666 20.888 10.856 335.778 329.886 326.063 322.183 146.45 13.7186 132.731 32.2256 100.506 94.403 86.3452
internal_count=2357 122 63 2235 2205 2180 2158 906 76 830 228 602 553 516
is_linear=0
shrinkage=0.05


Tree=77
num_leaves=15
num_cat=0
split_feature=4 12 12 4 2 5 8 16 16 16 8 16 3 1
split_gain=2.99915 6.9178 4.90252 6.06012 5.70661 5.91662 5.79854 7.13238 5.60482 11.4176 6.84922 8.95684 4.71779 8.28961
threshold=1.2721910000000003 20.205925500000003 9.057612500000003 0.24167200000000003 13.8995975 35.578937500000002 42.500000000000007 634.50000000000011 430.50000000000006 406.50000000000006 67.500000000000014 562.50000000000011 -4.3563739999999997 -1.5786904999999998
decision_type=2 2 2 2 2 2 2 2 2 2 2 2 2 2
left_child=1 2 3 8 6 -6 7 -4 9 -1 11 -10 -13 -14
right_child=-2 -3 4 -5 5 -7 -8 -9 10 -11 -12 12 13 -15
leaf_value=-0.0024606535929210605 0.028793686763055742 -0.046802042773294091 -0.01334565646120107 -0.018450864159839517 0.019122919178703787 -0.041477399413217639 0.06443067189365001 0.076113041055423908 0.030546963063558554 -0.066573386955271763 -0.050055668575272452 0.037429924283965653 -0.027433573638493271 0.0094297313574403657
leaf_weight=127.68734121322632 8.6809835284948331 8.0394537150859815 8.2114727720618266 47.186322931200266 10.456488722935321 6.5512582808732978 9.197049565613268 3.0577526725828639 39.700250834226608 7.3436809368431559 4.7362520024180403 8.0627376437187177 23.022749476134777 45.175077825784683
leaf_count=903 57 65 51 322 106 53 52 20 219 50 29 45 133 269
internal_value=-0.000235914 -0.000959178 0.00012356 -0.001987 0.0171839 -0.00421988 0.0349707 0.0109278 0.00105087 -0.00594743 0.0088803 0.0112875 0.00126121 -0.00301487
internal_weight=357.109 348.428 340.388 302.914 37.474 17.0077 20.4663 11.2692 255.728 135.031 120.697 115.961 76.2606 68.1978
internal_count=2374 2317 2252 1970 282 159 123 71 1648 953 695 666 447 402
is_linear=0
shrinkage=0.05


Tree=78
num_leaves=15
num_cat=0
split_feature=7 7 0 7 7 7 16 16 16 16 16 7 7 7
split_gain=3.14594 3.7178 5.72586 3.78556 4.22423 10.3207 5.01778 3.41653 3.03919 10.442 5.14941 3.8683 8.50899 6.96096
threshold=-3.6658359999999997 -3.8766169999999995 -0.14179099999999997 -3.9591564999999993 -4.721576999999999 -5.1778004999999991 249.50000000000003 637.50000000000011 89.500000000000014 105.50000000000001 117.50000000000001 -8.9238344999999981 -7.4270144999999994 -6.4314919999999995
decision_type=2 2 2 2 2 2 2 2 2 2 2 2 2 2
left_child=1 3 -3 4 5 8 -6 -8 -1 -10 -11 -12 -13 -14
right_child=-2 2 -4 -5 6 -7 7 -9 9 10 11 12 13 -15
leaf_value=-0.028854382807317065 0.0527311324427336 0.01217388748893641 -0.075771322663177834 0.040019942357298041 0.020564418533016018 0.05970516715926566 -0.061943104234080296 -0.0016882625483951074 0.069361013136032004 -0.06005499998491183 0.0031585826017655619 -0.033847110568616279 0.017061404615789751 -0.022466599796501174
leaf_weight=9.1181547977030259 2.8162094559520474 3.4306002855300903 4.0190243422985068 5.9340782538056365 4.2073143422603598 7.3055113404989234 7.7114098817110044 3.3853533864021301 5.3986247442662707 3.6220438554882994 225.01232376694679 24.839753497391939 29.74519581720233 17.804540906101465
leaf_count=111 59 22 21 39 37 46 53 20 31 27 1388 188 202 118
internal_value=9.54452e-05 -0.00032623 -0.035272 0.000430366 -0.000264378 0.000952354 -0.0259319 -0.0435608 -0.000407913 0.000438563 -0.000797506 -7.58117e-05 -0.0101295 0.00226052
internal_weight=354.35 351.534 7.44962 344.084 338.15 322.846 15.3041 11.0968 315.541 306.422 301.024 297.402 72.3895 47.5497
internal_count=2362 2303 43 2260 2221 2111 110 73 2065 1954 1923 1896 508 320
is_linear=0
shrinkage=0.05


Tree=79
num_leaves=15
num_cat=0
split_feature=2 5 7 7 2 5 3 5 6 3 16 16 16 3
split_gain=4.27828 4.32689 4.47538 6.38275 4.77394 9.07152 7.49173 3.77537 3.61834 4.18085 3.71423 8.37618 7.35649 9.3028
threshold=52.573757000000008 61.281258000000008 -23.172414999999997 -19.412206999999999 -17.277555999999997 31.190792000000005 -2.4453879999999999 51.87092950000001 -12.874794499999998 -5.3231604999999993 183.50000000000003 195.50000000000003 105.50000000000001 -0.63185299999999989
decision_type=2 2 2 2 2 2 2 2 2 2 2 2 2 2
left_child=1 2 4 -4 5 -1 -7 8 -5 -10 12 -12 13 -11
right_child=-2 -3 3 7 -6 6 -8 -9 9 10 11 -13 -14 -15
leaf_value=-0.050782962767708564 -0.046007070774317378 0.036873986031141961 0.031423517550990536 0.041505178980612983 -0.034267614594464535 0.072014375511495782 -0.012989116320679787 -0.052406349617790504 -0.032099668128620307 0.051539609572812506 0.068042675789532922 0.0018109962816913094 -0.03450907038790188 -0.036729958335203899
leaf_weight=5.1864792108535758 4.9668518975377074 8.0870972536504251 17.147610276937485 5.3191424682736388 18.729402873665094 5.2702915072441092 5.1008031144738188 3.3924962505698195 9.8628735691308957 7.2184350788593292 4.8724642097949973 235.49621507152915 19.142440039664507 5.0894715413451213
leaf_count=34 52 56 107 26 104 27 25 35 60 69 22 1479 213 64
internal_value=7.19531e-05 0.000726019 -0.000129183 0.00178108 -0.0172635 0.00320725 0.0302072 3.07113e-05 0.000650544 -0.000120935 0.0010394 0.00315357 -0.0151187 0.0150391
internal_weight=354.882 349.915 341.828 307.541 34.287 15.5576 10.3711 290.394 287.001 281.682 271.819 240.369 31.4503 12.3079
internal_count=2373 2321 2265 2075 190 86 52 1968 1933 1907 1847 1501 346 133
is_linear=0
shrinkage=0.05


Tree=80
num_leaves=15
num_cat=0
split_feature=18 18 18 5 6 12 1 7 7 2 0 7 7 8
split_gain=3.18509 2.93215 7.78705 6.67171 4.05112 5.6332 4.04388 3.79935 10.5728 6.70563 6.58685 3.32622 6.6538 10.6841
threshold=892.50000000000011 745.50000000000011 760.50000000000011 29.052776500000004 -3.9842824999999995 7.6676320000000002 -6.361607499999999 -4.721576999999999 -5.0636754999999996 7.3703410000000007 -1.4483634999999997 -6.1822194999999995 -6.556462999999999 47.500000000000007
decision_type=2 2 2 2 2 2 2 2 2 2 2 2 2 2
left_child=1 7 -3 4 -4 -6 -5 8 11 10 -9 12 -1 -14
right_child=-2 2 3 6 5 -7 -8 9 -10 -11 -12 -13 13 -15
leaf_value=-0.0006850272017898259 -0.042596367347253139 0.071418706294426024 0.056172625288041012 0.038563390012205323 -0.027372211146771269 0.05339057193040523 -0.035174152104125937 -0.049149794516787589 0.067014332254380554 -0.038280929874951547 0.03669745325792325 -0.025907159514901169 -0.032572735324062893 0.073605110593407463
leaf_weight=257.48777097836137 4.2457655146718016 5.1760142743587485 6.6578061319887629 2.2596981897950164 5.4292732179164904 3.5846233814954758 10.494768515229223 3.1299998760223389 5.9709084630012503 16.611259300261736 7.8091698065400141 12.064649682492016 3.4994758144021016 7.3357873223721981
leaf_count=1665 36 27 44 16 38 68 70 24 36 115 55 80 33 46
internal_value=0.000447935 0.000973835 0.0150116 0.00474061 0.0265932 0.00474533 -0.0221101 -0.000528826 0.00117738 -0.0182631 0.0121342 -0.000224628 0.000930139 0.0393127
internal_weight=351.757 347.511 33.6022 28.4262 15.6717 9.0139 12.7545 313.909 286.359 27.5504 10.9392 280.388 268.323 10.8353
internal_count=2353 2317 263 236 150 106 86 2054 1860 194 79 1824 1744 79
is_linear=0
shrinkage=0.05


Tree=81
num_leaves=15
num_cat=0
split_feature=2 6 6 6 16 16 8 2 13 3 16 3 6 2
split_gain=2.941 4.53971 5.56524 5.55796 8.45104 10.7655 13.1989 9.25121 6.5539 4.98494 5.15807 6.50796 8.17299 6.71758
threshold=-13.342830999999999 -7.4960949999999995 -7.705491499999999 -6.1392874999999991 562.50000000000011 508.50000000000006 47.500000000000007 1.1328295000000002 6.0768290000000009 -2.7839899999999997 586.50000000000011 2.4130750000000005 -4.5179854999999991 9.8918605000000017
decision_type=2 2 2 2 2 2 2 2 2 2 2 2 2 2
left_child=-1 2 -2 4 5 6 -3 -6 -8 -5 -11 -12 -13 -14
right_child=1 3 -4 9 7 -7 8 -9 -10 10 11 12 13 -15
leaf_value=0.01336923228415381 -0.0077705145534796936 0.061736155084470182 -0.054633795550146996 0.041954071988419293 0.049045662717389263 0.09156337338649756 -0.035146010824292022 -0.039740611537054861 0.046469562471131022 -0.0098013868442037664 0.02547175641490192 -0.058131391810167035 0.04405147729643185 -0.011673295013013407
leaf_weight=35.107466541230679 84.324762403964996 9.7330752983689361 6.8497845865786067 6.2494629546999922 4.1520526781678191 6.249975934624671 9.9560949169099313 10.000271677970884 3.2668899074196807 113.23166856169701 28.83854391053319 6.3378951698541668 7.7781972214579609 17.749896677210927
leaf_count=204 547 54 53 37 27 29 74 70 27 824 176 37 59 138
internal_value=-0.000357051 -0.00188825 -0.0112913 0.00194687 0.0180189 0.0333851 0.0175455 -0.0136922 -0.0149819 -0.00192056 -0.00349696 0.00826263 -0.00731154 0.00530558
internal_weight=349.826 314.719 91.1745 223.544 43.3584 29.206 22.9561 14.1523 13.223 180.186 173.936 60.7045 31.866 25.5281
internal_count=2356 2152 600 1552 281 184 155 97 101 1271 1234 410 234 197
is_linear=0
shrinkage=0.05


Tree=82
num_leaves=15
num_cat=0
split_feature=16 16 6 16 16 3 4 16 8 3 16 16 2 7
split_gain=3.31656 3.55549 2.05659 3.32982 3.17676 8.30597 10.1256 5.19395 4.09122 5.14195 11.4934 6.61174 7.9744 11.3819
threshold=892.50000000000011 865.50000000000011 -1.0896519999999998 43.500000000000007 105.50000000000001 -0.63185299999999989 -0.28786849999999992 117.50000000000001 52.500000000000007 -0.13460649999999999 637.50000000000011 297.50000000000006 8.8535505000000025 -22.489228499999996
decision_type=2 2 2 2 2 2 2 2 2 2 2 2 2 2
left_child=1 2 3 -1 5 6 -5 -6 9 10 -9 -11 13 -13
right_child=-2 -3 -4 4 7 -7 -8 8 -10 11 -12 12 -14 -15
leaf_value=-0.054007147952100189 -0.043779379930781487 0.038645769685297593 0.03684397269615701 -0.0055294208774615107 -0.057411231081047287 -0.018552161351280915 0.10417962912906156 0.0036180280344264453 -0.0073334709296179329 0.01785453548944628 0.05621944176710264 -0.047584289200865687 -0.021821266654402136 0.016427516331896787
leaf_weight=2.864225421100854 4.2295600846409789 6.0857553184032431 3.7629223056137553 3.7914954870939255 4.0205161646008483 6.8770223744213572 4.7231860533356649 39.217889383435249 122.61656633764505 35.315053910017014 14.124875202775 8.2487915307283384 48.750405360013247 43.916336208581924
leaf_count=44 37 42 50 38 33 72 28 249 777 230 81 40 378 256
internal_value=0.000226952 0.000767525 8.59821e-05 -0.000327565 0.000136095 0.022318 0.0553274 -0.000943619 -0.000216404 0.00438693 0.0175466 -0.000765895 -0.00728205 0.00630543
internal_weight=348.545 344.315 338.229 334.466 331.602 15.3917 8.51468 316.21 312.19 189.573 53.3428 136.231 100.916 52.1651
internal_count=2355 2318 2276 2226 2182 138 66 2044 2011 1234 330 904 674 296
is_linear=0
shrinkage=0.05


Tree=83
num_leaves=15
num_cat=0
split_feature=16 16 6 5 16 8 5 5 2 2 13 4 1 16
split_gain=3.44382 3.49454 7.30633 10.5738 4.47411 4.22871 11.5953 4.80545 6.59526 8.35651 5.1748 4.06967 5.99174 5.15573
threshold=43.500000000000007 105.50000000000001 -3.7139284999999993 18.262194500000003 117.50000000000001 57.500000000000007 36.720007500000001 29.142815500000005 -11.520850499999998 -17.447814999999995 6.4060760000000014 -0.22909199999999999 -3.6225979999999995 508.50000000000006
decision_type=2 2 2 2 2 2 2 2 2 2 2 2 2 2
left_child=-1 2 3 -2 -3 -6 7 8 9 -7 -11 -10 -13 -14
right_child=1 4 -4 -5 5 6 -8 -9 11 10 -12 12 13 -15
leaf_value=-0.053801464920328723 0.089729224563898133 -0.055117160681198984 -0.055070442664284937 0.00086325923668962581 0.0036622432391526165 -0.041446185907070027 0.042901787383880993 -0.050668671136576415 -0.04013423971540879 -0.0019769488453237854 0.082502571942828493 0.02785129460704255 -0.054602769700350606 0.009385060139035506
leaf_weight=2.8682552054524413 5.7632160186767596 3.6294164210557929 2.4834847599267951 7.985317163169384 254.49689675681293 3.6100193709135056 8.8646505996584875 9.6663661897182447 17.150560803711407 2.9067541658878309 4.8162324577569962 7.6700902916491058 7.547682520002132 5.4004217274487019
leaf_count=46 37 31 34 71 1688 26 47 59 130 22 26 43 56 31
internal_value=0.000757679 0.00121526 0.0238575 0.0381148 8.70383e-05 0.000709021 -0.0104037 -0.0184444 -0.0121006 0.0213521 0.0507064 -0.0221385 -0.00716935 -0.0279146
internal_weight=344.859 341.991 16.232 13.7485 325.759 322.13 67.6328 58.7681 49.1018 11.333 7.72299 37.7688 20.6182 12.9481
internal_count=2347 2301 142 108 2159 2128 440 393 334 74 48 260 130 87
is_linear=0
shrinkage=0.05


Tree=84
num_leaves=15
num_cat=0
split_feature=16 8 2 5 0 10 10 4 16 16 5 16 12 2
split_gain=2.64931 2.93794 5.03121 6.30414 2.86419 3.32029 2.69 2.77356 5.98283 4.7776 6.48119 7.47593 5.54807 10.0641
threshold=61.500000000000007 67.500000000000014 -12.036897999999999 25.896373000000004 -5.121310499999999 2.5000000000000004 3.5000000000000004 -0.098026499999999975 105.50000000000001 725.50000000000011 42.464622000000013 813.50000000000011 4.4193465000000005 28.646576500000005
decision_type=2 2 2 2 2 2 2 2 2 2 2 2 2 2
left_child=-1 4 3 -3 5 -2 7 8 -6 -9 11 -11 -13 -14
right_child=1 2 -4 -5 6 -7 -8 9 -10 10 -12 12 13 -15
leaf_value=-0.035001740832376012 0.038694236965505488 0.051690945316733343 -0.054598557717340339 -0.034835927245883434 0.068143356468829783 -0.003233237341818468 0.016377640053122713 -0.0077320314156907339 0.0037694627549639719 0.056541967708306065 -0.061342052616969601 0.035854536847963719 -0.075994657240643138 0.027649558722599804
leaf_weight=5.1477512717247 11.068419322371485 3.853414870798586 6.2810921445488921 4.6395928338170052 3.7485250607132903 8.2351121380925161 25.871427740901709 151.25869400054216 97.203974343836308 9.7968414984643513 2.5562700927257529 6.7050063535571125 4.6437378376722318 4.7257828898727894
leaf_count=77 66 23 56 25 24 49 173 1036 601 77 20 38 30 58
internal_value=0.000599933 0.00113803 -0.0206697 0.00442271 0.00212691 0.0208075 0.000950432 -0.000471766 0.00615977 -0.00419754 0.0146089 0.0221134 0.00113045 -0.0237188
internal_weight=345.736 340.588 14.7741 8.49301 325.814 19.3035 306.51 280.639 100.952 179.686 28.4276 25.8714 16.0745 9.36952
internal_count=2353 2276 104 48 2172 115 2057 1884 625 1259 223 203 126 88
is_linear=0
shrinkage=0.05


Tree=85
num_leaves=15
num_cat=0
split_feature=5 6 0 3 5 3 16 16 7 7 7 7 6 5
split_gain=2.55234 3.33665 2.12356 3.8414 4.8013 4.46207 3.53926 3.90283 3.06996 5.45188 4.08762 6.40875 6.95388 6.36583
threshold=10.172116500000001 -1.1323529999999999 -5.121310499999999 -4.8830934999999984 34.793238000000009 -4.715190999999999 171.50000000000003 207.50000000000003 -33.728653499999993 -26.633228999999996 -25.545219999999997 -19.412206999999999 -7.5629829999999991 37.034252500000008
decision_type=2 2 2 2 2 2 2 2 2 2 2 2 2 2
left_child=-1 2 6 4 -4 -5 -2 -8 -7 -10 -11 -12 -13 -14
right_child=1 -3 3 5 -6 8 7 -9 9 10 11 12 13 -15
leaf_value=-0.053786074106967174 0.058004253118435878 0.051040446581356126 -0.045262552259638517 0.063730430287950654 0.018440990144288679 -0.047029022527375654 -0.038140410080906656 0.016431211644627724 0.044090438596872228 -0.029348675814176835 0.027975200529772232 -0.018544602994200139 0.0046957227625170836 -0.030892799600988202
leaf_weight=2.162002768367528 3.893057323992255 3.2618341930210581 9.9575262330472452 2.7476380914449683 4.2076825313270083 3.4709052443504325 4.0329434126615551 17.463257871568203 6.9309884645044795 12.002897657454012 19.649895749986172 49.213035654276609 192.6485092677176 13.442108061164616
leaf_count=37 28 51 66 17 27 17 25 100 42 62 120 351 1312 113
internal_value=0.000369933 0.000711367 0.000228046 -0.000895659 -0.0263398 0.000305323 0.0141374 0.00619293 -0.000280735 0.000271377 -0.000787004 0.000459835 -0.00165793 0.00237449
internal_weight=345.084 342.922 339.66 314.271 14.1652 300.106 25.3893 21.4962 297.358 293.887 286.956 274.954 255.304 206.091
internal_count=2368 2331 2280 2127 93 2034 153 125 2017 2000 1958 1896 1776 1425
is_linear=0
shrinkage=0.05


Tree=86
num_leaves=15
num_cat=0
split_feature=5 7 5 8 3 7 7 0 0 7 1 6 5 7
split_gain=2.96694 3.91752 3.32294 2.86681 2.85514 2.58429 5.88558 4.25827 4.48933 3.98316 3.63834 3.34109 8.56071 8.95368
threshold=59.299730000000004 -19.595347499999999 51.87092950000001 42.500000000000007 -0.16041699999999998 -22.489228499999996 -19.412206999999999 -6.3086619999999991 -3.8481984999999996 -18.292418999999999 4.2644930000000008 -7.4960949999999995 28.563098500000006 -10.042532499999998
decision_type=2 2 2 2 2 2 2 2 2 2 2 2 2 2
left_child=2 -2 5 -4 -5 -1 10 -8 -9 -10 -7 12 -11 -14
right_child=1 -3 3 4 -6 6 7 8 9 11 -12 -13 13 -15
leaf_value=-0.014303670735240024 0.045345838617488171 -0.022990760926835711 -0.06778367968057028 -0.04264694443167321 0.019528462137988159 0.052267494280528862 0.033585683094821357 -0.023693721804061471 -0.035116079748677531 -0.034572390243854757 -0.0070905223756137286 0.0043790015566898943 -0.0071672715190231259 0.063327975070878728
leaf_weight=29.658277500420809 7.4251617230474949 2.9227447062730771 3.2487664185464364 3.6768022254109383 3.7090074494481087 8.7890687659382802 8.9734560623764974 20.889175549149513 7.6427762955427161 20.60358490422368 3.6551957055926314 197.6194247212261 20.140373870730404 5.8017639033496371
leaf_count=173 50 31 28 25 28 59 46 132 53 142 23 1410 129 36
internal_value=-0.000323891 0.0260443 -0.00113983 -0.0286412 -0.0114237 -0.000236526 0.00118199 -0.000304696 -0.0014199 0.000427861 0.0348325 0.00154045 -0.0105112 0.00859846
internal_weight=344.756 10.3479 334.408 10.6346 7.38581 323.773 294.115 281.671 272.697 251.808 12.4443 244.165 46.5457 25.9421
internal_count=2365 81 2284 81 53 2203 2030 1948 1902 1770 82 1717 307 165
is_linear=0
shrinkage=0.05


Tree=87
num_leaves=15
num_cat=0
split_feature=16 16 16 4 16 2 16 16 3 8 1 2 16 5
split_gain=3.7161 2.53678 2.21531 5.89782 4.32825 3.64343 9.22503 7.14533 6.26727 5.52504 4.61626 3.29733 5.01706 3.34345
threshold=61.500000000000007 892.50000000000011 105.50000000000001 -0.098026499999999975 117.50000000000001 34.684217000000011 183.50000000000003 144.50000000000003 -4.8245629999999986 42.500000000000007 12.581663500000003 25.688312000000003 780.50000000000011 41.08008250000001
decision_type=2 2 2 2 2 2 2 2 2 2 2 2 2 2
left_child=-1 2 3 -2 -4 6 8 -7 -6 10 -9 13 -13 -8
right_child=1 -3 4 -5 5 7 11 9 -10 -11 -12 12 -14 -15
leaf_value=-0.044052512154382814 0.057960049136957265 -0.040031174640495978 -0.054015128225610637 -0.010021817777795896 0.02400603281457523 0.071735860006316252 0.0001301465383927591 -0.01547224315647437 -0.052424772905034889 -0.035388124226221833 0.060548741446635704 -0.039728474967047928 0.0415637119488656 0.017578328440778012
leaf_weight=4.8771169632673255 5.8214927166700363 3.9313014671206465 3.7265270501375189 7.0590189248323423 3.3509142398834255 5.1452786773443249 242.64627471007407 3.4222402740269882 13.439014088362454 5.6370015963912001 4.7947502955794334 10.006357237696646 2.3422550298273555 30.958823747932911
leaf_count=74 34 37 34 73 30 22 1476 28 187 64 41 71 32 184
internal_value=-0.000715391 -9.7887e-05 0.0003661 0.0207034 -0.000438751 0.000181787 -0.00115112 0.0214211 -0.0371708 0.00273448 0.0288873 0.00096379 -0.0243092 0.00210443
internal_weight=347.158 342.281 338.35 12.8805 325.469 321.743 302.744 18.9993 16.7899 13.854 8.21699 285.954 12.3486 273.605
internal_count=2387 2313 2276 107 2169 2135 1980 155 217 133 69 1763 103 1660
is_linear=0
shrinkage=0.05


Tree=88
num_leaves=15
num_cat=0
split_feature=2 16 8 16 2 4 4 0 16 6 6 1 2 16
split_gain=3.11257 4.19125 5.06636 4.48358 3.93539 9.09453 4.88536 8.8451 9.34822 6.07768 6.23055 5.8702 4.569 3.89357
threshold=32.096041500000005 243.50000000000003 42.500000000000007 765.50000000000011 10.037865000000002 0.84378450000000005 0.23669400000000004 2.5609985000000006 601.50000000000011 -4.5875804999999987 -3.4843029999999993 13.843662 23.319637000000004 526.50000000000011
decision_type=2 2 2 2 2 2 2 2 2 2 2 2 2 2
left_child=4 -2 -3 -4 5 -1 7 8 13 -8 11 -11 -10 -6
right_child=1 2 3 -5 6 -7 9 -9 12 10 -12 -13 -14 -15
leaf_value=0.0002151362403025884 0.048197855230556169 0.029064445134483072 -0.048951674570326627 0.038783884255908181 -0.00083533612186917426 0.070854492568588182 -0.052964285661354749 -0.039968996475729553 0.056670046491398667 -0.022852019100450604 -0.032056316720446884 0.060380492279399914 -0.0036781681494493347 -0.060988555551596213
leaf_weight=241.35190030187368 7.487489968538287 8.7489692512899655 5.7167441248893729 1.9538673795759676 11.63599541410804 4.6441276110708705 12.716187063604592 10.388451732695101 11.509451352059839 3.8000762537121755 12.190347727388145 4.7869130596518517 4.3112540543079367 3.4990478679537764
leaf_count=1627 33 83 55 20 86 33 111 68 58 30 102 24 25 25
internal_value=-0.000208733 0.0171957 0.00305844 -0.0266036 -0.00150563 0.00154873 -0.0115455 -4.72668e-05 0.0133501 -0.0257388 -0.00907628 0.0235469 0.0402247 -0.0147421
internal_weight=344.741 23.9071 16.4196 7.67061 320.834 245.996 74.8377 41.3442 30.9557 33.4935 20.7773 8.58699 15.8207 15.135
internal_count=2380 191 158 75 2189 1660 529 262 194 267 156 54 83 111
is_linear=0
shrinkage=0.05


Tree=89
num_leaves=15
num_cat=0
split_feature=12 2 6 7 3 16 16 4 16 16 8 16 0 1
split_gain=2.69179 5.62762 9.10998 7.17904 6.46042 5.59835 9.84448 4.99476 4.67144 9.85575 5.46153 7.56128 5.50304 10.1167
threshold=9.057612500000003 9.6968755000000026 -4.5179854999999991 -14.923908999999998 2.3839525000000004 294.50000000000006 643.50000000000011 0.24167200000000003 430.50000000000006 406.50000000000006 67.500000000000014 562.50000000000011 2.5609985000000006 -0.34779649999999995
decision_type=2 2 2 2 2 2 2 2 2 2 2 2 2 2
left_child=7 3 4 -2 -3 -4 -7 8 9 -1 11 -10 13 -13
right_child=1 2 5 -5 -6 6 -8 -9 10 -11 -12 12 -14 -15
leaf_value=-0.0027422268139942925 0.0085604768403917553 0.031622926072690148 0.051777163760080729 0.076791174810550339 -0.057238843929683383 -0.045295576839096678 0.035641769991396101 -0.017303689516031669 0.02761635902816564 -0.065248158840955334 -0.046589034060739914 -0.010478573259689932 -0.024083520686198356 0.032389549688484495
leaf_weight=122.45061559975147 10.20136644691229 2.6431847587227812 7.7203155606985119 6.1971732825040808 9.0433494187891466 6.7890956848859778 8.4119361843913776 46.260571241378784 39.451766051352024 6.6489200517535201 4.4374221563339225 31.749788656830788 17.40243860706687 24.293936930596828
leaf_count=902 70 17 37 33 91 59 95 329 220 47 30 191 104 149
internal_value=-0.000381273 0.0102185 -0.00121387 0.0343455 -0.0371407 0.0171035 -0.000506526 -0.00222843 0.000601485 -0.00596142 0.0078224 0.00996103 0.000477427 0.00810398
internal_weight=343.702 51.0064 34.6079 16.3985 11.6865 22.9213 15.201 292.695 246.435 129.1 117.335 112.898 73.4462 56.0437
internal_count=2374 402 299 103 108 191 154 1972 1643 949 694 664 444 340
is_linear=0
shrinkage=0.05


Tree=90
num_leaves=15
num_cat=0
split_feature=5 6 16 4 2 5 16 4 16 8 0 6 16 6
split_gain=2.55335 3.52386 2.2084 2.09153 4.30665 4.53259 5.58823 2.63043 4.2002 7.80573 4.9364 5.3729 4.62751 3.72483
threshold=10.172116500000001 -1.1323529999999999 43.500000000000007 0.90818900000000002 9.0390140000000034 35.578937500000002 315.50000000000006 0.24167200000000003 297.50000000000006 47.500000000000007 3.1120460000000008 -4.4087219999999991 745.50000000000011 -6.8924969999999997
decision_type=2 2 2 2 2 2 2 2 2 2 2 2 2 2
left_child=-1 2 -2 7 -5 -6 -7 13 9 10 11 -9 -10 -4
right_child=1 -3 3 4 5 6 -8 8 12 -11 -12 -13 -14 -15
leaf_value=-0.053464595398157427 -0.053649977141956344 0.051633328415301098 -0.0050594628042735269 0.066746752294487718 0.056994143173373091 0.024368721441754063 -0.051411016012960421 0.020116833836603124 -0.025170782581817843 0.055478245366276192 0.021160510319120768 -0.065039941397565207 0.010104406920295968 0.0074384690187454102
leaf_weight=2.2111881002783766 1.9121697023510922 3.3283611927181473 107.87532939389348 3.5110207870602634 3.0918064266443244 5.0012077465653402 4.7371802292764187 2.8020335286855698 39.092318665236235 6.4677796512842169 6.8763703927397719 5.4648628085851687 12.198157995939253 133.26629876345396
leaf_count=41 32 50 691 26 16 39 45 21 270 39 35 47 119 879
internal_value=8.87391e-05 0.000441563 -7.11858e-05 0.000238913 0.0176788 0.00425127 -0.0124939 -0.000668573 -0.00899113 0.00949803 -0.0101404 -0.0361764 -0.0167815 0.00184749
internal_weight=337.836 335.625 332.297 330.384 16.3412 12.8302 9.73839 314.043 72.9015 21.611 15.1433 8.2669 51.2905 241.142
internal_count=2350 2309 2259 2227 126 100 84 2101 531 142 103 68 389 1570
is_linear=0
shrinkage=0.05


Tree=91
num_leaves=15
num_cat=0
split_feature=6 16 16 16 16 2 16 16 16 6 7 16 2 2
split_gain=2.61563 2.47363 2.18674 4.1033 3.23689 2.29517 5.33966 10.5814 5.81652 6.20165 5.25975 6.3389 6.26212 5.24874
threshold=-22.123105499999998 43.500000000000007 892.50000000000011 865.50000000000011 877.50000000000011 0.76181300000000018 297.50000000000006 421.50000000000006 282.50000000000006 -2.4775934999999998 -10.042532499999998 622.50000000000011 17.105295500000004 -1.5473544999999997
decision_type=2 2 2 2 2 2 2 2 2 2 2 2 2 2
left_child=-1 -2 3 5 -5 13 8 -8 9 -7 11 -9 -13 -3
right_child=1 2 -4 4 -6 6 7 10 -10 -11 -12 12 -14 -15
leaf_value=0.047383872882340354 -0.053219445541848036 6.9154842865894994e-05 -0.038792180152721664 0.081452240821732705 0.0042892642979613779 0.010155436152369225 -0.044704347215269676 -0.042164450181300467 0.064996922095613294 -0.056442568031676334 0.0031722887741239139 0.040486000707593554 -0.032823572283352191 0.026846180764440643
leaf_weight=2.8495394363999358 2.2290527448058119 137.32205404341221 3.6628874763846389 2.7368160448968402 2.6998142525553703 37.791243437677622 18.862189035862684 16.537636145949367 4.3123450726270667 3.8519234284758559 73.002035299316049 6.1812059096991998 5.5093960091471672 21.114742673933506
leaf_count=20 42 890 34 19 22 248 180 101 22 47 497 45 40 147
internal_value=-0.000318052 -0.000722826 -0.000372037 5.45147e-05 0.0431333 -0.000667256 -0.00477489 -0.0103214 0.00971947 0.00399523 -0.00391486 -0.0222432 0.00593761 0.00363771
internal_weight=338.663 335.813 333.584 329.921 5.43663 324.485 166.048 120.092 45.9555 41.6432 101.23 28.2282 11.6906 158.437
internal_count=2354 2334 2292 2258 41 2217 1180 863 317 295 683 186 85 1037
is_linear=0
shrinkage=0.05


Tree=92
num_leaves=15
num_cat=0
split_feature=6 10 1 6 4 2 5 18 12 12 4 18 6 0
split_gain=2.50672 2.37708 3.16859 5.20661 2.8095 4.04908 3.66725 5.356 3.47342 3.85811 5.66859 3.46969 4.57462 4.15654
threshold=-22.123105499999998 3.5000000000000004 -11.452573999999998 -10.647072 0.90818900000000002 9.0390140000000034 35.578937500000002 315.50000000000006 16.163798500000002 9.057612500000003 0.50015450000000017 439.50000000000006 -4.5179854999999991 1.4784125000000004
decision_type=2 2 2 2 2 2 2 2 2 2 2 2 2 2
left_child=-1 4 -3 -4 8 -6 -7 -8 9 10 -2 -11 13 -13
right_child=1 2 3 -5 5 6 7 -9 -10 11 -12 12 -14 -15
leaf_value=0.04676504144340405 -0.0023727842553715661 -0.036158517183395099 0.07204076629834473 0.009456102175288552 0.066793071633190662 0.056459043410712999 0.025836623913816789 -0.050034261688240059 -0.036365121120753227 0.037671883681831525 -0.048255226130303391 0.016422067134742917 0.024941395470289483 -0.065292737992999755
leaf_weight=2.8833535909652701 246.20222032815218 3.139458216726779 3.7343306504189959 30.186677325516939 3.4689135588705531 2.7330989092588416 5.0113967023789865 4.3410812951624393 7.4375777952373019 11.153882324695589 6.9208862818777552 2.6743386313319197 8.4346981290727836 3.7221932113170624
leaf_count=21 1670 19 21 208 27 14 39 43 58 75 50 15 104 26
internal_value=0.000341773 -5.28915e-05 0.0118982 0.016346 -0.00151901 0.0191766 0.00550929 -0.00937989 -0.00264242 -0.00174379 -0.0036273 0.0166036 0.00075915 -0.0311284
internal_weight=342.044 339.161 37.0605 33.921 302.1 15.5545 12.0856 9.35248 286.546 279.108 253.123 25.9851 14.8312 6.39653
internal_count=2390 2369 248 229 2121 123 96 82 1998 1940 1720 220 145 41
is_linear=0
shrinkage=0.05


Tree=93
num_leaves=15
num_cat=0
split_feature=4 16 0 6 0 7 2 3 16 16 16 16 4 6
split_gain=2.51028 2.38761 2.00579 5.00898 5.78516 4.94597 7.61693 8.31287 5.64513 6.04063 5.72847 4.49577 5.13725 8.67723
threshold=-1.1119419999999998 43.500000000000007 0.37907000000000007 -2.0916689999999996 1.0000000180025095e-35 -14.655997999999999 10.323484000000002 2.8923120000000004 294.50000000000006 517.50000000000011 264.50000000000006 105.50000000000001 -0.065487999999999991 -6.494944499999999
decision_type=2 2 2 2 2 2 2 2 2 2 2 2 2 2
left_child=-1 -2 3 4 11 -4 7 -7 10 -10 -8 12 13 -3
right_child=1 2 5 -5 -6 6 8 -9 9 -11 -12 -13 -14 -15
leaf_value=0.044998438848890703 -0.053010451359472278 0.0024231730025161147 -0.017590417906843667 -0.054239928036190467 0.037254322062080618 0.0021995525958238378 -0.0074449684026097473 0.044582049207329728 -0.056175866748591735 -0.010263916738115362 0.070041722296268691 0.0001149983595577972 -0.02029782627600801 0.1212660243364234
leaf_weight=3.0597875565290442 2.1505720131099215 3.0586635991930962 48.233458274975419 3.676708295941352 12.673118297010658 40.731525931507349 6.5978736877441388 16.159658215939999 9.3103461712598783 31.080494645982981 3.7356855124235153 150.48333373293281 2.7330204844474775 3.0852202326059341
leaf_count=20 43 26 300 42 89 284 44 96 112 239 20 999 25 16
internal_value=-8.36015e-05 -0.000496959 -0.000156344 0.00350623 0.00474038 -0.00428566 0.00167755 0.0142381 -0.01241 -0.0208469 0.0205672 0.00215471 0.0367324 0.0621014
internal_weight=336.769 333.71 331.559 175.71 172.033 155.849 107.616 56.8912 50.7244 40.3908 10.3336 159.36 8.8769 6.14388
internal_count=2355 2335 2292 1197 1155 1095 795 380 415 351 64 1066 67 42
is_linear=0
shrinkage=0.05


Tree=94
num_leaves=15
num_cat=0
split_feature=10 8 7 0 16 2 16 16 0 1 4 7 16 2
split_gain=2.40323 5.64394 3.40369 2.89795 2.35847 4.54336 6.74584 7.54233 6.54061 6.48887 12.8946 11.1211 8.38715 4.57092
threshold=3.5000000000000004 62.500000000000007 -6.1567379999999989 -6.3086619999999991 487.50000000000006 17.105295500000004 805.50000000000011 745.50000000000011 0.37907000000000007 -1.6323724999999996 0.22866200000000003 -4.6788879999999997 559.50000000000011 -1.1965989999999997
decision_type=2 2 2 2 2 2 2 2 2 2 2 2 2 2
left_child=3 2 -2 -1 -5 6 7 9 -8 12 11 -11 -6 -12
right_child=1 -3 -4 4 5 -7 8 -9 -10 10 13 -13 -14 -15
leaf_value=0.022664154665169359 0.030266913040345917 -0.023813860577696612 -0.016273216015291997 -0.0069693979193221154 0.024075391145338399 -0.015860984551862616 0.016142516025216443 0.061553149902251386 -0.056168848932242089 0.049641887241432467 -0.053313800112185242 -0.026146928665146531 -0.036070180673355233 0.00022777697854976231
leaf_weight=11.449995212256907 23.324332784861326 8.6284694783389551 4.7242929153144386 162.60126516595483 9.2730499804019946 27.496865414083004 5.2937339730560762 7.0900188982486716 7.6405780352652073 27.861579593271014 5.3623458817601231 5.8580611348152187 15.459328249096869 15.53309980034828
leaf_count=72 150 66 33 1222 47 230 36 65 51 157 25 37 83 92
internal_value=-0.000534183 0.0115494 0.0224281 -0.00200697 -0.00298284 0.00212654 0.00710381 0.0121432 -0.0265734 0.00772821 0.0173502 0.0364752 -0.0135195 -0.0135125
internal_weight=337.597 36.6771 28.0486 300.92 289.47 126.869 99.3718 86.4375 12.9343 79.3475 54.6151 33.7196 24.7324 20.8954
internal_count=2366 249 183 2117 2045 823 593 506 87 441 311 194 130 117
is_linear=0
shrinkage=0.05


Tree=95
num_leaves=15
num_cat=0
split_feature=7 7 12 4 3 7 2 8 7 16 16 3 16 2
split_gain=2.22404 8.99763 6.36484 6.57599 6.22799 4.8297 6.55202 4.40065 8.80706 6.42636 6.31675 5.59705 7.22143 12.1862
threshold=-8.9462234999999968 -7.4661974999999989 1.4521770000000003 0.17544600000000002 5.8879105000000012 -9.6536394999999988 26.4926335 52.500000000000007 -16.298619999999996 216.50000000000003 445.50000000000006 1.6287980000000004 231.50000000000003 26.972924000000003
decision_type=2 2 2 2 2 2 2 2 2 2 2 2 2 2
left_child=5 -2 -3 -4 -5 7 -7 11 9 -9 -11 12 13 -1
right_child=1 2 3 4 -6 6 -8 8 -10 10 -12 -13 -14 -15
leaf_value=-0.049365740017522829 -0.036383834829355421 0.015800853998511031 -0.042331441687561186 0.0082361007572063598 -0.04671835717311016 0.036850210928834462 -0.039793150793880142 -0.011678472632157606 -0.021004506431001942 0.060272134552542725 0.0045689158634799982 -0.0045400415935062813 0.025887213001287275 0.082769973323619447
leaf_weight=7.9843250066041929 20.295598614960909 38.564802847802639 12.682777017354963 31.626670740544796 6.1597670949995509 18.020941931754354 3.2989305630326262 17.922966431826353 54.515064720064402 9.1394028365612048 11.485357560217379 56.795912317931652 47.044642999768257 2.2328632473945618
leaf_count=97 188 278 86 246 71 110 26 135 358 43 65 389 270 10
internal_value=-0.000476168 -0.00634091 0.000507478 -0.0111786 -0.000722316 0.00233065 0.0249908 -1.86916e-06 -0.00807034 0.0102215 0.0292526 0.00658141 0.0176124 -0.0204888
internal_weight=337.77 109.33 89.034 50.4692 37.7864 228.44 21.3199 207.121 93.0628 38.5477 20.6248 114.058 57.2618 10.2172
internal_count=2372 869 681 403 317 1503 136 1367 601 243 108 766 377 107
is_linear=0
shrinkage=0.05


Tree=96
num_leaves=15
num_cat=0
split_feature=2 7 5 7 6 6 7 7 16 7 5 16 3 5
split_gain=2.85465 4.73848 10.098 5.85727 3.80005 8.82057 3.64166 9.92117 9.03759 6.33957 4.14286 13.1769 3.79603 3.73096
threshold=-14.860059499999998 -21.153106499999996 61.281258000000008 -19.595347499999999 -13.160831 -12.874794499999998 -12.790780999999997 -11.553163 261.50000000000006 -12.973799999999999 20.564629500000002 300.50000000000006 -1.7903419999999997 37.65539900000001
decision_type=2 2 2 2 2 2 2 2 2 2 2 2 2 2
left_child=-1 2 -2 -3 -5 -6 9 8 -8 10 11 12 -7 -9
right_child=1 3 -4 4 5 6 7 13 -10 -11 -12 -13 -14 -15
leaf_value=0.015801232623574846 -0.037104326736425254 0.04102587167966041 0.049127190785981552 -0.053827282095833352 0.079207035645133123 0.024374020313004882 -0.041049110825520298 -9.940098754677724e-06 0.042576708886971307 -0.059970533309808373 -0.012806151977532841 0.066589838789272798 -0.065378446163437048 -0.025952434171126859
leaf_weight=25.660224553197622 20.323968373239044 8.5469475500285608 4.0758763477206221 3.3630727231502524 3.4398824870586386 1.7043372318148611 3.7694042064249542 157.16854864358902 22.611380137503147 6.0865033827722064 51.081777680665255 6.7214771583676338 3.8153860121965391 15.199460584670303
leaf_count=154 120 58 34 31 16 18 36 1174 130 53 314 54 37 125
internal_value=-0.000221406 -0.00155669 -0.0226998 0.000262969 -0.00100411 -0.000350029 -0.00137057 0.00207278 0.0306279 -0.0112303 -0.00654551 0.0195797 -0.0376654 -0.00229756
internal_weight=333.568 307.908 24.3998 283.508 274.961 271.598 268.158 198.749 26.3808 69.4095 63.323 12.2412 5.51972 172.368
internal_count=2354 2200 154 2046 1988 1957 1941 1465 166 476 423 109 55 1299
is_linear=0
shrinkage=0.05


Tree=97
num_leaves=15
num_cat=0
split_feature=16 0 7 16 16 2 5 5 0 7 8 16 7 6
split_gain=2.06402 5.12092 7.73157 7.4964 6.75695 9.13367 5.00794 4.73889 4.35669 3.94989 2.9232 4.86392 6.00671 5.3709
threshold=637.50000000000011 0.37907000000000007 -7.5782199999999991 658.50000000000011 805.50000000000011 19.740774500000004 37.034252500000008 31.700851500000002 -3.2844994999999995 -10.621294499999999 37.500000000000007 475.50000000000006 -5.3596829999999995 -5.1522569999999996
decision_type=2 2 2 2 2 2 2 2 2 2 2 2 2 2
left_child=10 3 4 -2 5 -3 -7 8 -5 -9 11 12 13 -1
right_child=1 2 -4 7 -6 6 -8 9 -10 -11 -12 -13 -14 -15
leaf_value=0.038498928248854827 0.07972074740728341 0.059019835475288933 -0.029369424872091984 -0.017687637405453756 -0.041406988962641771 0.020330585072028628 -0.058568506906873034 0.0181920302880474 0.039398603001090042 -0.050838717755972651 0.00040375654609845006 -0.042916723534831273 0.067088243634466985 -0.037195929647018809
leaf_weight=3.3384457044303408 4.9392489790916434 10.500333273783331 16.959367720410228 4.3161258473992374 4.3167416118085375 5.0794754028320295 3.3294993564486504 3.8804869428277016 14.811758050695063 4.4470212273299676 235.73919884301722 10.769102588295935 2.8131095468997982 7.8627655543386927
leaf_count=23 31 81 150 26 27 25 31 29 96 35 1646 77 17 76
internal_value=0.00076389 0.00822067 -0.00370376 0.0230129 0.015037 0.0279224 -0.0109092 0.0128111 0.0265173 -0.0186715 -0.00131353 -0.0176483 0.00176893 -0.0146356
internal_weight=333.103 72.5801 40.1854 32.3946 23.226 18.9093 8.40897 27.4554 19.1279 8.32751 260.523 24.7834 14.0143 11.2012
internal_count=2370 531 314 217 164 137 56 186 122 64 1839 193 116 99
is_linear=0
shrinkage=0.05


Tree=98
num_leaves=15
num_cat=0
split_feature=10 8 13 0 1 13 3 18 18 7 7 7 7 1
split_gain=2.51398 3.45923 4.04449 5.20871 3.81872 3.37006 4.80429 3.58174 3.35184 3.17062 4.01857 4.56617 5.30929 5.48958
threshold=3.5000000000000004 62.500000000000007 3.4648950000000003 -0.62540849999999992 -6.0938169999999987 11.961474500000003 -4.8830934999999984 207.50000000000003 195.50000000000003 -32.354953999999992 -26.633228999999996 -25.545219999999997 -19.113004499999999 4.2644930000000008
decision_type=2 2 2 2 2 2 2 2 2 2 2 2 2 2
left_child=5 2 3 -2 -4 6 -1 -7 -3 -8 -11 -12 13 -13
right_child=1 8 4 -5 -6 7 9 -9 -10 10 11 12 -14 -15
leaf_value=-0.03131558110033468 -0.0083792680448914747 0.027712902282126379 0.011561661707793467 0.057927021366447257 0.073096912381318879 -0.011138148560693095 -0.049788266956918695 0.045404942822724406 -0.033033447157313017 0.044237366905921234 -0.033872814588073619 0.047648993406157629 -0.0014593359188718028 -0.0060337038060971375
leaf_weight=13.17662540450692 12.656956352293493 3.478044178336857 4.3745835088193417 3.8666676841676262 5.9509444013237935 4.3760996125638467 3.2102293297648421 7.7801065519452095 6.5423055179417133 5.0818122494965783 9.9517529979348165 11.592290185391905 231.46394758671522 8.0826790109276754
leaf_count=86 90 33 25 27 33 31 18 49 41 35 53 77 1709 50
internal_value=0.000812288 0.0131212 0.0224775 0.00713696 0.0470265 -0.000727586 -0.00183659 0.0250501 -0.0119485 -0.000394646 0.000201076 -0.000656037 0.000660227 0.0255956
internal_weight=331.585 36.8695 26.8492 16.5236 10.3255 294.716 282.559 12.1562 10.0203 269.383 266.172 261.091 251.139 19.675
internal_count=2357 249 175 117 58 2108 2028 80 74 1942 1924 1889 1836 127
is_linear=0
shrinkage=0.05


Tree=99
num_leaves=15
num_cat=0
split_feature=10 8 18 8 5 7 18 5 4 18 6 1 18 8
split_gain=2.51449 3.54159 2.9395 2.81759 8.19336 7.16457 6.20863 5.06144 4.64383 4.52217 4.00827 5.88313 5.08894 4.9212
threshold=3.5000000000000004 62.500000000000007 195.50000000000003 52.500000000000007 37.65539900000001 -7.4350499999999995 505.50000000000006 36.720007500000001 -0.11544199999999998 523.50000000000011 -3.0641699999999994 11.8977345 526.50000000000011 37.500000000000007
decision_type=2 2 2 2 2 2 2 2 2 2 2 2 2 2
left_child=3 -2 -3 7 5 -5 8 10 -7 -6 11 13 -12 -1
right_child=1 2 -4 4 9 6 -8 -9 -10 -11 12 -13 -14 -15
leaf_value=-0.018935030610587725 0.021227231693706328 0.025063341952317176 -0.034484932470740824 -0.020819905047338279 0.042600400882011606 0.020083698010018275 0.058986801965541458 -0.013599696188665689 -0.05116410916309401 -0.019956708780223865 -0.02648441614824092 0.051170945116624893 0.012288855425387483 0.011867794068598402
leaf_weight=15.139830656349657 27.148145761340857 3.117331996560095 6.182617362588644 72.673096343874931 10.848892681300638 5.9453846588730803 5.5620392188429824 41.680583225563169 3.7167867347598067 3.9373703077435485 18.657449148595333 8.2983095534145814 15.487171256914733 90.337478931993246
leaf_count=94 183 31 39 523 53 41 37 325 32 31 195 54 151 570
internal_value=-0.000278392 0.012105 -0.0145244 -0.00182261 -0.00849338 -0.0142862 0.0169024 0.00179013 -0.00732349 0.0259423 0.00612664 0.0106355 -0.0088978 0.00744647
internal_weight=328.732 36.4481 9.29995 292.284 102.684 87.8973 15.2242 189.601 9.66217 14.7863 147.92 113.776 34.1446 105.477
internal_count=2359 253 70 2106 717 633 110 1389 73 84 1064 718 346 664
is_linear=0
shrinkage=0.05


Tree=100
num_leaves=15
num_cat=0
split_feature=2 16 2 5 8 16 5 5 5 8 1 16 16 5
split_gain=2.36924 5.43526 3.29688 5.1776 3.03296 5.43739 4.63113 4.89141 4.40247 3.79005 5.39114 7.38325 5.04314 4.77344
threshold=-15.187401499999998 234.50000000000003 -19.718244499999994 37.953338500000008 57.500000000000007 141.50000000000003 37.034252500000008 28.952797500000006 15.180705000000001 62.500000000000007 -3.6225979999999995 342.50000000000006 511.50000000000006 24.381227500000005
decision_type=2 2 2 2 2 2 2 2 2 2 2 2 2 2
left_child=1 2 3 -1 -2 8 7 9 -6 10 11 -7 -11 -13
right_child=4 -3 -4 -5 5 6 -8 -9 -10 12 -12 13 -14 -15
leaf_value=-0.052872397648487696 0.0012657993611486825 0.048165571171513877 0.030957676438173695 0.018892957196476205 0.064545752125092323 0.067909027357744109 0.032122500009509426 -0.064327767557236321 -0.013624749103108276 -0.056679650025174881 -0.02906246021409405 -0.049748661767587229 0.0043550898680201613 0.022103651255484528
leaf_weight=5.3021013140678388 248.96500534191728 8.1997827887535077 4.9543909430503872 4.7781934887170792 3.9692602306604376 4.7084742374718163 4.3621039167046538 5.8939714021980754 3.2974554263055325 9.8100791536271554 11.742771577090029 4.0510882660746557 5.1670516803860655 5.3828096389770508
leaf_count=40 1805 46 34 23 35 25 26 42 39 92 80 30 29 29
internal_value=2.43177e-05 0.0154195 -0.00243997 -0.0188547 -0.0011395 -0.0113961 -0.0171491 -0.0217459 0.0290739 -0.0156039 -0.00402093 0.0167717 -0.0356229 -0.00875105
internal_weight=330.585 23.2345 15.0347 10.0803 307.35 58.3851 51.1183 46.7562 7.26672 40.8623 25.8851 14.1424 14.9771 9.4339
internal_count=2375 143 97 63 2232 427 353 327 74 285 164 84 121 59
is_linear=0
shrinkage=0.05


Tree=101
num_leaves=15
num_cat=0
split_feature=16 10 16 4 1 8 3 0 16 4 6 5 2 16
split_gain=2.27028 1.75096 2.18154 2.87634 3.31734 2.5361 2.3585 3.8327 4.67354 1.86856 5.11663 8.33743 7.21323 5.82467
threshold=43.500000000000007 3.5000000000000004 138.50000000000003 -0.07472949999999999 -3.6225979999999995 62.500000000000007 -2.7180544999999996 -2.911419 505.50000000000006 -0.14763499999999999 -6.8924969999999997 25.375767000000007 -1.0000000180025095e-35 192.50000000000003
decision_type=2 2 2 2 2 2 2 2 2 2 2 2 2 2
left_child=-1 9 -3 4 5 -4 -5 -8 -9 10 11 -2 13 -13
right_child=1 2 3 6 -6 -7 7 8 -10 -11 -12 12 -14 -15
leaf_value=-0.052795976205430785 -0.031167281178956303 0.044378358231007442 0.027393460203018236 0.061768899646991206 -0.04841766417700049 -0.017199009056845561 -0.03179360012809631 0.002661425560740499 0.077429162698002874 -0.0038791699385387411 0.023323067532243683 -0.034628461894789762 -0.014857198310739689 0.032977216301716163
leaf_weight=2.0333642885088912 18.529590133577585 4.2078810408711425 6.0932256579399127 2.9535051286220524 3.9399114772677413 6.6883736476302147 3.5651682354509804 5.8523945175111312 3.2511168010532856 195.75483200326562 26.475818984210491 3.6523832641541985 19.897527646273375 24.950302433222532
leaf_count=43 142 27 32 18 24 47 25 42 27 1447 176 30 154 133
internal_value=-0.000127484 0.000201216 0.0105126 0.00610666 -0.00830548 0.00405905 0.021533 0.0121526 0.0293631 -0.00110175 0.00471281 -0.00263798 0.00826169 0.0243444
internal_weight=327.845 325.812 36.5516 32.3437 16.7215 12.7816 15.6222 12.6687 9.10351 289.26 93.5056 67.0298 48.5002 28.6027
internal_count=2367 2324 242 215 103 79 112 94 69 2082 635 459 317 163
is_linear=0
shrinkage=0.05


Tree=102
num_leaves=15
num_cat=0
split_feature=5 6 16 16 1 2 6 6 16 16 2 6 1 8
split_gain=2.11792 2.44803 2.09956 3.11726 3.47545 1.75201 3.14134 7.89082 4.05254 2.8824 3.24222 6.24532 2.79479 2.53895
threshold=10.172116500000001 -1.4061024999999998 892.50000000000011 865.50000000000011 4.4193465000000005 -15.187401499999998 -13.160831 -12.874794499999998 550.50000000000011 234.50000000000003 -20.745513499999998 -16.807554499999998 -9.4357384999999976 57.500000000000007
decision_type=2 2 2 2 2 2 2 2 2 2 2 2 2 2
left_child=-1 2 3 5 -5 9 8 -8 -7 10 11 -2 -10 -9
right_child=1 -3 -4 4 -6 6 7 13 12 -11 -12 -13 -14 -15
leaf_value=-0.053033827078118746 0.019776054425103544 0.041461212533709074 -0.03832368006689077 0.076625072292964905 0.00039411382752343148 -0.050073237775286619 0.074698396123973151 0.0011744971921608953 0.036981087612801188 0.03736153413911681 0.030351339061979867 -0.063179844604571406 -0.029893902953612741 -0.011259990412787977
leaf_weight=1.8630467224866141 4.9443429037928581 3.5947832614183417 3.5400420948863021 2.8110063411295405 3.1940705589950085 7.321140091866253 3.4736088439822188 220.20973836816847 3.2392103001475334 7.9461482912302008 5.4808472953736791 4.1927673667669296 3.0177889466285706 50.459155455231667
leaf_count=39 26 63 35 23 20 65 17 1534 25 45 39 32 16 365
internal_value=0.000123764 0.000429972 -3.12058e-05 0.000397379 0.0360782 -0.000293168 -0.00134533 -0.000182609 -0.0248206 0.0131232 -5.25205e-05 -0.0182901 0.00472687 -0.00114359
internal_weight=325.288 323.425 319.83 316.29 6.00508 310.285 287.721 274.143 13.5781 22.5641 14.618 9.13711 6.257 270.669
internal_count=2344 2305 2242 2207 43 2164 2022 1916 106 142 97 58 41 1899
is_linear=0
shrinkage=0.05


Tree=103
num_leaves=15
num_cat=0
split_feature=7 7 7 6 18 18 1 6 5 5 7 7 7 2
split_gain=2.28138 11.7032 6.83378 6.23018 9.14884 6.48121 5.20956 5.16964 4.00624 8.67443 5.21097 4.45156 6.48379 6.10549
threshold=-11.346329999999998 -11.788986 -10.9414605 -5.2984354999999992 574.50000000000011 813.50000000000011 9.7157225000000018 -7.0818709999999987 20.467929000000002 23.553182500000002 -16.921163499999995 -12.790780999999997 -12.973799999999999 1.7425030000000004
decision_type=2 2 2 2 2 2 2 2 2 2 2 2 2 2
left_child=1 3 -2 8 6 -6 -5 -3 10 -10 -1 12 -11 -13
right_child=2 7 -4 4 5 -7 -8 -9 9 11 -12 13 -14 -15
leaf_value=-0.020924211689690171 -0.044502181072515946 -0.0042941720913451204 -0.0024112140805723917 -0.060088698256950436 0.039538239855098016 -0.049718691355329511 -0.0063980862991327731 0.071937328667815797 -0.045489331121155524 0.0049864539981653733 0.0532215861243917 0.080227544404516182 -0.063211099790720496 0.0058317146622133944
leaf_weight=3.290844999253749 10.277214121073483 3.0142498090863219 156.32564703002572 12.618034671992069 7.9312781896442157 2.7352086901664734 7.0379794612526885 8.482734512537716 8.9203359782695753 82.882806856185184 8.4653448648750764 4.553594306111334 3.6382194533944263 6.9929666742682457
leaf_count=20 70 21 1219 103 78 14 45 51 58 524 57 21 28 58
internal_value=-0.000908785 0.00334428 -0.00500768 -0.0004046 -0.0206326 0.0166501 -0.0408644 0.0519511 0.00476083 0.00171646 0.0324664 0.00601035 0.00211874 0.0351711
internal_weight=327.166 160.564 166.603 149.067 30.3225 10.6665 19.656 11.497 118.744 106.988 11.7562 98.0676 86.521 11.5466
internal_count=2367 1078 1289 1006 240 92 148 72 766 689 77 631 552 79
is_linear=0
shrinkage=0.05


Tree=104
num_leaves=15
num_cat=0
split_feature=1 13 5 3 16 7 5 16 5 7 7 5 6 9
split_gain=1.72024 4.26774 3.29293 4.78559 4.69048 3.77659 6.30593 3.47071 4.62071 3.26099 4.44486 3.2487 4.97528 3.31354
threshold=-6.1587109999999994 6.6537680000000012 25.265975500000003 -6.2479914999999995 282.50000000000006 -32.209499499999993 31.700851500000002 490.50000000000006 34.793238000000009 -33.728653499999993 -29.518501999999994 51.87092950000001 -11.897619999999998 2.5000000000000004
decision_type=2 2 2 2 2 2 2 2 2 2 2 2 2 2
left_child=1 -1 3 -3 5 -4 -7 -6 -9 -2 -11 12 -12 -13
right_child=9 2 4 -5 7 6 -8 8 -10 10 11 13 -14 -15
leaf_value=0.047914669044788458 -0.06659706752527482 0.044777447720822351 0.030256870326339082 -0.03964584118895792 0.056676541306329001 0.012609706975392779 -0.06439516375628529 -0.023760274639971685 0.039939493901773128 0.057121481019636634 0.049438250765054675 -0.010664951221867967 -0.0019435102684721836 -0.068903163300033834
leaf_weight=5.9563244730234137 1.9353068321943272 2.1197169311344615 4.1110074371099463 8.0665427111089212 6.5343183986842659 5.2786778919398767 5.3562883175909519 5.21211029589176 6.2736154720187187 3.1997174229472867 4.8000721000134936 8.2501522898673993 254.71293236128986 3.4695185162127009
leaf_count=42 11 13 20 75 34 44 42 28 45 26 28 79 1850 31
internal_value=-0.000391327 0.00825217 0.00275205 -0.0220777 0.0104711 -0.0104415 -0.0261737 0.0275841 0.0110332 -0.00192096 -0.00146486 -0.002156 -0.00099313 -0.0279059
internal_weight=325.276 48.9086 42.9523 10.1863 32.766 14.746 10.635 18.02 11.4857 276.368 274.432 271.233 259.513 11.7197
internal_count=2368 343 301 88 213 106 86 107 73 2025 2014 1988 1878 110
is_linear=0
shrinkage=0.05


Tree=105
num_leaves=15
num_cat=0
split_feature=0 7 4 7 5 2 4 5 4 7 7 7 5 6
split_gain=2.12994 5.35965 5.25363 4.02399 4.01277 1.80098 4.04709 3.84312 5.15995 4.92203 3.05697 5.46886 4.45205 3.35217
threshold=-5.7934444999999988 -12.441174499999997 -0.37782399999999994 -20.479762999999995 37.65539900000001 -14.860059499999998 -0.53834099999999985 25.375767000000007 -0.29710999999999993 -32.354953999999992 -25.545219999999997 -19.412206999999999 51.87092950000001 -11.897619999999998
decision_type=2 2 2 2 2 2 2 2 2 2 2 2 2 2
left_child=1 2 3 4 -1 7 -7 8 -2 -9 -8 -12 13 -13
right_child=5 -3 -4 -5 -6 6 10 9 -10 -11 11 12 -14 -15
leaf_value=-0.051729983901221216 -0.065667161051549239 0.058607198488565153 -0.054933565456810968 0.058022574457474933 0.034723764880169823 -0.030975000679566579 -0.024832863794786789 -0.015384110027314156 0.023973256007153589 0.049261487027828038 0.031016353644439644 0.044345132182935731 -0.046541578798023828 -0.0004799175058841493
leaf_weight=2.7246479839086533 2.9953334927558899 5.4967098869383326 3.2841122858226308 3.813980333507061 2.6453158482909203 11.011279474943874 11.922702727839349 4.2741652727127084 3.4595770649611977 9.4646268524229491 14.396748276427386 4.2442297562956801 5.1808175370097151 241.2392533570528
leaf_count=21 25 32 23 24 20 83 70 24 22 58 91 23 70 1777
internal_value=0.000740058 0.0174756 -0.000657818 0.0187508 -0.00914171 -0.00023548 -0.0012476 0.014199 -0.0176234 0.0291501 -6.58077e-05 0.00104824 -0.000672962 0.000295075
internal_weight=326.154 17.9648 12.4681 9.18394 5.36996 308.189 287.995 20.1937 6.45491 13.7388 276.984 265.061 250.664 245.483
internal_count=2363 120 88 65 41 2243 2114 129 47 82 2031 1961 1870 1800
is_linear=0
shrinkage=0.05


Tree=106
num_leaves=15
num_cat=0
split_feature=16 4 12 2 7 16 5 5 5 5 0 5 7 12
split_gain=2.3119 2.14999 3.28927 3.27209 3.81158 2.97371 7.47097 2.57147 2.78873 2.98317 2.97891 2.29384 7.201 5.74946
threshold=43.500000000000007 0.90818900000000002 20.205925500000003 9.0390140000000034 -11.935514499999998 300.50000000000006 37.254839000000011 59.299730000000004 50.745927500000008 48.197055000000013 0.90994000000000008 32.137669500000008 -10.732265999999997 1.5999040000000002
decision_type=2 2 2 2 2 2 2 2 2 2 2 2 2 2
left_child=-1 2 7 -3 -5 -6 -7 8 9 11 -10 -2 13 -13
right_child=1 3 -4 4 5 6 -8 -9 10 -11 -12 12 -14 -15
leaf_value=-0.052770686634487064 0.0011370201485007411 0.064060466380834125 -0.052472666647895044 -0.048430387314662753 0.065202594130664121 0.061863732986105362 -0.043984788269296547 0.037763927363860784 -0.00073034054641225518 0.045920772499776732 -0.061887485725607809 0.013084777121536004 -0.05044750791949737 -0.023856715086998201
leaf_weight=2.1144093163311473 231.77701030485332 3.0835114717483512 3.099575236439704 2.5131976827979079 2.6996809840202314 3.0034293532371521 3.7465652115643024 4.2832021117210379 4.1001276709139338 3.427197851240634 3.8710448183119297 25.952968470752239 9.2605881281197053 17.726895112544298
leaf_count=46 1663 26 28 24 16 15 47 35 34 23 29 171 91 105
internal_value=-0.000660379 -0.000314486 -0.00122911 0.0181342 0.00629636 0.0208513 0.00311281 -0.000700364 -0.00125674 -0.000449689 -0.0304301 -0.00100786 -0.0103983 -0.00190744
internal_weight=320.659 318.545 303.499 15.0464 11.9629 9.44968 6.74999 300.399 296.116 288.145 7.97117 284.717 52.9405 43.6799
internal_count=2353 2307 2179 128 102 78 62 2151 2116 2053 63 2030 367 276
is_linear=0
shrinkage=0.05


Tree=107
num_leaves=15
num_cat=0
split_feature=16 16 16 5 5 16 16 2 16 3 7 3 7 1
split_gain=2.16537 2.7382 3.1894 2.52499 2.52713 7.80132 3.65867 8.10899 5.63275 4.5013 5.0187 8.70355 7.20285 8.33622
threshold=892.50000000000011 865.50000000000011 853.50000000000011 10.415935000000003 11.721660000000002 216.50000000000003 231.50000000000003 26.972924000000003 294.50000000000006 6.9405635000000006 -13.773882499999997 2.1211990000000003 -6.4936539999999985 1.6090845000000003
decision_type=2 2 2 2 2 2 2 2 2 2 2 2 2 2
left_child=1 2 3 -1 5 -5 7 -6 9 10 11 -8 -12 -14
right_child=-2 -3 -4 4 6 -7 8 -9 -10 -11 12 -13 13 -15
leaf_value=-0.052961837060705265 -0.038202249768282764 0.034807180796383459 -0.052769654232308776 0.057752784932168934 -0.018503060268312426 -0.048749248377747391 0.072643545957670252 0.03667094416870692 -0.00058498905974403497 0.069408765839034423 -0.031020793768221522 -0.010089487621488286 0.067502795483840569 -0.027927908115640596
leaf_weight=2.20665837265551 3.6606975719332686 5.7030415311455718 2.853805609047412 6.0802090987563115 50.782810555770993 2.3974526971578598 7.672832787036894 7.6645347401499739 203.07519103214145 4.1942187696695319 10.101115949451922 5.4276120662689209 5.7527050226926821 3.8000549897551537
leaf_count=47 38 41 23 48 510 28 45 37 1364 24 63 33 33 25
internal_value=3.32648e-05 0.000473816 -0.000153744 0.000331952 0.000715082 0.0276344 -4.9524e-05 -0.0112678 0.00268219 0.0206392 0.0143942 0.0383666 -0.00158486 0.0295408
internal_weight=321.373 317.712 312.009 309.155 306.949 8.47766 298.471 58.4473 240.024 36.9485 32.7543 13.1004 19.6539 9.55276
internal_count=2359 2321 2280 2257 2210 76 2134 547 1587 223 199 78 121 58
is_linear=0
shrinkage=0.05


Tree=108
num_leaves=15
num_cat=0
split_feature=6 6 5 12 6 6 6 16 1 6 16 0 6 13
split_gain=1.9485 1.96147 5.94113 4.36496 3.50653 3.21459 7.71535 5.98348 7.38551 4.14901 5.50808 3.60396 3.68824 3.93604
threshold=-1.0896519999999998 -3.3016709999999994 16.927326000000004 0.6247545000000001 -2.7096619999999993 -4.4087219999999991 -4.2854119999999991 445.50000000000006 -2.2381714999999995 -3.8821259999999995 577.50000000000011 7.0338185000000006 -20.264350499999995 15.759381500000002
decision_type=2 2 2 2 2 2 2 2 2 2 2 2 2 2
left_child=1 5 -3 -4 -5 11 -7 8 -8 10 -9 12 -1 -14
right_child=-2 2 3 4 -6 6 7 9 -10 -11 -12 -13 13 -15
leaf_value=0.05380873412156495 0.038879777481504098 -0.03275801115823878 0.073527812410361534 -0.022339040203549692 0.014175340546823012 0.057379039089513695 0.030242953165014949 -0.05655218037363699 -0.044824995784449748 0.032480794240501529 0.015456330184809684 -0.028022582382824703 -0.00020084893787885593 -0.054445521985524492
leaf_weight=3.1026116311550131 3.1256100013852111 18.017753850668669 2.0842027999460724 11.571678239852194 15.226378165185448 7.9082079082727423 4.7445483393967143 3.6775050014257422 10.589357189834116 17.648807551711801 9.5574541948735696 12.433014554902909 195.10632733628154 3.4024634286761275
leaf_count=24 54 169 15 97 138 49 35 25 97 128 57 93 1344 25
internal_value=-0.000403601 -0.000793306 -0.0102269 0.00382885 -0.00159195 0.000856518 0.0117427 0.00393401 -0.0215978 0.0166107 -0.00455217 -0.0018963 -0.000285144 -0.00113061
internal_weight=318.196 315.07 46.9 28.8823 26.7981 268.17 54.1259 46.2177 15.3339 30.8838 13.235 214.044 201.611 198.509
internal_count=2350 2296 419 250 235 1877 391 342 132 210 82 1486 1393 1369
is_linear=0
shrinkage=0.05


Tree=109
num_leaves=15
num_cat=0
split_feature=7 7 7 2 18 0 6 7 5 6 6 3 18 18
split_gain=1.60758 12.5404 6.02358 4.34667 4.78129 6.6671 5.48656 4.23318 4.30439 13.0199 10.5623 4.35204 4.03167 4.54085
threshold=-8.9462234999999968 -7.4270144999999994 -7.2270284999999985 6.6265090000000013 601.50000000000011 -0.11846799999999999 -4.5179854999999991 -3.9591564999999993 16.519088500000006 -4.6885194999999991 -4.3376024999999991 -1.6875109999999998 640.50000000000011 676.50000000000011
decision_type=2 2 2 2 2 2 2 2 2 2 2 2 2 2
left_child=-1 -2 -3 7 -5 -6 -7 8 10 -10 11 -4 -8 -14
right_child=1 2 3 4 5 6 12 -9 9 -11 -12 -13 13 -15
leaf_value=0.002218991599850209 -0.039043849950739055 0.040767408731760546 -0.0080195100324762392 -0.030456088833026487 0.051975836983192095 -0.056533536392564289 0.069641514987855299 0.061956353115024933 -0.045992511899201546 0.073825170992235109 -0.045503565106942867 0.067673117059085477 -0.054895401725936988 0.017183979546703632
leaf_weight=217.04663909599185 21.798081139102578 9.6392239704728109 3.4338969960808754 18.889373783022165 5.4206491373479393 4.8673494979739216 2.0840421617031089 3.8462172448635092 3.4860835149884224 6.4849612154066545 9.2385339755564946 4.248493440449244 3.2835571020841581 6.5310523323714733
leaf_count=1515 205 66 29 165 34 32 12 30 26 40 95 25 16 81
internal_value=-0.000224158 -0.00535994 0.00365434 -0.00132714 -0.0119683 0.00377197 -0.0118129 0.0128928 0.00587551 0.0319344 -0.00948031 0.0338398 0.00648083 -0.00693076
internal_weight=320.298 103.252 81.4534 71.8142 41.076 22.1867 16.766 30.7382 26.892 9.97104 16.9209 7.68239 11.8987 9.81461
internal_count=2371 856 651 585 340 175 141 245 215 66 149 54 109 97
is_linear=0
shrinkage=0.05


Tree=110
num_leaves=15
num_cat=0
split_feature=16 16 1 16 16 7 5 7 5 5 16 3 16 16
split_gain=1.89639 2.46803 3.56665 3.38269 3.0782 2.08401 8.93393 6.2109 4.40879 7.45866 15.4238 11.6651 9.33394 5.68294
threshold=892.50000000000011 865.50000000000011 4.4193465000000005 853.50000000000011 833.50000000000011 -8.9462234999999968 25.375767000000007 -7.940078999999999 25.375767000000007 20.564629500000002 386.50000000000006 -1.1219164999999998 342.50000000000006 402.50000000000006
decision_type=2 2 2 2 2 2 2 2 2 2 2 2 2 2
left_child=1 3 -3 4 5 8 7 -7 9 10 11 12 -1 -12
right_child=-2 2 -4 -5 -6 6 -8 -9 -10 -11 13 -13 -14 -15
leaf_value=0.031380436379499374 -0.036833594508768483 0.073713920450906897 -0.0031220066417994765 -0.056044234099938299 0.050127258440029354 -0.054544723840393654 -0.038604150737904713 0.0048877464107384156 0.007670092009049289 -0.024989903515472634 0.10290145818326379 -0.054861378253921372 -0.059250282888003825 0.030090848247038678
leaf_weight=13.365676540881397 3.4502589702606192 2.7797784991562358 3.3072501458227634 2.6864744722843161 3.0694312304258338 4.6946318317204705 17.529388133436441 69.080227790400386 140.83898124285042 33.141805458813906 4.0069684386253348 10.535890752449633 3.607712782919406 8.0919998399913293
leaf_count=103 37 24 22 21 36 54 150 551 923 215 17 102 30 91
internal_value=3.49024e-05 0.000436517 0.0319668 -0.000181305 0.000306008 -0.000195554 -0.00651807 0.00110579 0.00250717 -0.00748787 0.00715677 -0.0135355 0.0121168 0.0542045
internal_weight=320.186 316.736 6.08703 310.649 307.963 304.893 91.3042 73.7749 213.589 72.7501 39.6082 27.5093 16.9734 12.099
internal_count=2376 2339 46 2293 2272 2236 755 605 1481 558 343 235 133 108
is_linear=0
shrinkage=0.05


Tree=111
num_leaves=15
num_cat=0
split_feature=6 6 5 0 2 7 5 6 0 6 16 16 16 6
split_gain=1.69014 9.61732 8.68718 7.11354 6.86054 8.0487 7.75849 5.22092 7.13493 5.38142 6.23483 4.73551 4.71898 4.53792
threshold=-6.1392874999999991 -6.8924969999999997 25.375767000000007 -0.69221399999999988 -1.0000000180025095e-35 -13.773882499999997 28.856231000000005 -4.5289444999999988 2.3864070000000006 -4.2854119999999991 141.50000000000003 141.50000000000003 192.50000000000003 -9.4787029999999977
decision_type=2 2 2 2 2 2 2 2 2 2 2 2 2 2
left_child=1 2 -1 -3 5 12 -6 8 -2 -9 -11 -8 -4 -13
right_child=7 3 4 -5 6 -7 11 9 -10 10 -12 13 -14 -15
leaf_value=-0.02961255556697023 -0.0055450955950904525 0.0041608295904652899 -0.033500787514280018 0.059451807084775876 -0.049024962875783396 0.066852145097978183 0.039941234023732813 0.037574865531619948 -0.045477400478282068 -0.051307266297062032 0.0031053407810833584 -0.021920440437931066 0.017328720491906553 0.013006340820054564
leaf_weight=22.395648319274187 51.158922614529729 10.949198404327037 5.3511630333960047 12.411274122074245 9.1540128607302886 7.4661068692803374 6.7972638681530944 10.540705952793358 14.316540025174616 5.5896878708153954 90.523169592022896 19.702568653970953 31.128839917480946 17.614047791808847
leaf_count=186 345 84 50 77 70 35 55 69 95 79 746 170 180 122
internal_value=0.000174734 0.00419276 -0.00153826 0.0335366 0.00492934 0.019553 -0.00713523 -0.00316263 -0.0142765 0.00366026 -5.91629e-05 0.00155725 0.00987266 -0.00543443
internal_weight=315.099 142.97 119.61 23.3605 97.214 43.9461 53.2679 172.129 65.4755 106.654 96.1129 44.1139 36.48 37.3166
internal_count=2363 1029 868 161 682 265 417 1334 440 894 825 347 230 292
is_linear=0
shrinkage=0.05


Tree=112
num_leaves=15
num_cat=0
split_feature=16 3 16 16 7 8 3 12 6 2 2 16 16 2
split_gain=1.93748 4.63238 7.2562 7.11746 5.86197 6.6153 7.57698 4.5385 4.71767 4.51273 3.83128 3.05625 2.71022 8.08244
threshold=640.50000000000011 2.2649230000000005 705.50000000000011 837.50000000000011 -9.1463144999999972 52.500000000000007 -1.0000000180025095e-35 7.6676320000000002 -4.5179854999999991 20.528792500000005 8.5836365000000026 885.50000000000011 315.50000000000006 16.394403500000003
decision_type=2 2 2 2 2 2 2 2 2 2 2 2 2 2
left_child=12 2 9 4 5 6 -4 10 -9 -2 -3 -5 -1 -14
right_child=1 7 3 11 -6 -7 -8 8 -10 -11 -12 -13 13 -15
leaf_value=0.0041846557269784486 0.061799746842394768 0.0062187595924684744 0.073976341922611363 0.064921740292047614 -0.064638416426800377 -0.043426680134036895 -0.018754826450894515 -0.044661831234638433 0.030271634853350323 0.0030277331373406882 -0.046577232991990403 -0.0021420225215446273 -0.0032859529689736053 -0.056350613793962917
leaf_weight=114.50759085454047 11.376525562256573 5.4726971052587059 4.4070143997669229 5.1179229691624633 4.4530809372663525 5.2148536518216124 4.4043790604919204 2.6777459532022467 9.7431540004909021 4.5814984440803519 9.2343599982559663 2.5429452918469906 127.75129306316376 7.602881856262683
leaf_count=944 67 41 32 40 30 33 29 27 122 28 57 25 820 90
internal_value=0.000573812 0.00797579 0.0183586 0.00213942 -0.0146592 0.00120828 0.0276246 -0.0081366 0.0141172 0.0449265 -0.0269311 0.0426606 -0.00147696 -0.00626661
internal_weight=319.088 69.2262 42.0982 26.1402 18.4793 14.0262 8.81139 27.128 12.4209 15.958 14.7071 7.66087 249.862 135.354
internal_count=2385 531 284 189 124 94 61 247 149 95 98 65 1854 910
is_linear=0
shrinkage=0.05


Tree=113
num_leaves=15
num_cat=0
split_feature=16 16 16 0 2 4 7 2 3 6 16 2 16 8
split_gain=1.98977 2.14053 7.69404 7.65174 4.62229 3.58848 5.43027 2.96157 2.75221 2.44086 6.12231 5.37013 5.81562 5.35166
threshold=43.500000000000007 144.50000000000003 183.50000000000003 -1.9276199999999999 48.871490500000007 -0.052280499999999987 -6.556462999999999 15.004296000000002 -3.4543254999999995 -10.219042999999997 195.50000000000003 17.105295500000004 592.50000000000011 57.500000000000007
decision_type=2 2 2 2 2 2 2 2 2 2 2 2 2 2
left_child=-1 3 -3 8 5 6 7 -5 -2 11 -11 12 -4 -12
right_child=1 2 9 4 -6 -7 -8 -9 -10 10 13 -13 -14 -15
leaf_value=-0.052474410760660728 0.069851605831686037 -0.046971652228231242 -0.012911252417010003 -0.043328918817213777 0.057551970290629841 -0.041780340135457832 0.062994363046545973 0.035789348762326451 0.019416870009090471 0.062144471427237329 0.0046714179652409902 -0.059163290960519012 0.036909789199103871 -0.016969706280321822
leaf_weight=1.7914178296923626 5.8420674055814743 8.8029819168150407 32.958044029772282 4.2885449454188347 2.4571517556905738 7.3633380960673085 2.800185784697538 1.6332468017935751 5.0373260825872439 4.2359354943037024 193.42582239210606 4.9690770730376235 7.123494390398263 33.517542220652103
leaf_count=44 42 143 199 59 11 93 16 12 36 19 1356 53 58 234
internal_value=7.1573e-05 0.000370922 -0.000954453 0.0132109 -0.00632052 -0.0160775 0.00562152 -0.0215079 0.0464995 0.000512038 0.00258687 -0.010135 -0.0040568 0.00147521
internal_weight=316.246 314.455 285.033 29.4219 18.5425 16.0853 8.72198 5.92179 10.8794 276.23 231.179 45.0506 40.0815 226.943
internal_count=2375 2331 2062 269 191 180 87 71 78 1919 1609 310 257 1590
is_linear=0
shrinkage=0.05


Tree=114
num_leaves=15
num_cat=0
split_feature=0 4 3 16 7 7 0 7 5 7 16 7 6 6
split_gain=1.99761 4.11664 4.5037 3.33494 3.06359 3.61764 2.72139 2.61759 3.55996 3.50814 4.27927 4.54156 2.99714 3.94381
threshold=-2.6449274999999997 0.46237650000000002 -0.27074349999999997 123.50000000000001 -32.354953999999992 -29.518501999999994 -2.3974339999999992 -8.9238344999999981 14.898979000000002 -33.115928999999987 538.50000000000011 -14.655997999999999 -13.874939499999998 -11.103275499999999
decision_type=2 2 2 2 2 2 2 2 2 2 2 2 2 2
left_child=1 2 3 -1 -2 -6 -7 8 -5 -10 12 -12 -11 -14
right_child=4 -3 -4 7 5 6 -8 -9 9 10 11 -13 13 -15
leaf_value=0.045576800829562794 -0.046799927838741963 0.049210792842066219 -0.052050831997099437 0.06524462078160731 0.062893636379922527 -0.035335667918103331 -0.00086591615248448174 -0.019389716980890388 0.065823162306788432 -0.043834335160401902 0.066678388530966984 0.004528989983817378 0.029873879538683808 -0.016907410380505302
leaf_weight=5.2177635170519343 3.7301813066005698 5.5307198744267216 3.3660790510475627 2.6411833204329005 2.1859196424484244 5.8729219269007435 228.96263348311186 9.9883243404328805 2.2676847353577534 5.2441005818545774 4.3577163480222216 9.0319626964628679 6.7293566763400987 13.630569774657507
leaf_count=42 21 42 25 18 18 45 1782 70 13 42 29 51 42 87
internal_value=0.000297928 0.00786503 0.0042048 0.00740841 -0.00183956 -0.00113199 -0.00172796 0.00371291 0.00896902 0.00536676 0.00185091 0.0247557 -0.0101272 -0.00144527
internal_weight=308.757 68.0055 62.4747 59.1087 240.752 237.021 234.836 53.8909 43.9026 41.2614 38.9937 13.3897 25.604 20.3599
internal_count=2327 461 419 394 1866 1845 1827 352 282 264 251 80 171 129
is_linear=0
shrinkage=0.05


Tree=115
num_leaves=15
num_cat=0
split_feature=12 12 2 6 3 8 16 16 7 0 2 1 7 1
split_gain=1.99096 3.86856 3.79226 4.65117 4.90001 4.34388 2.8806 6.56985 4.38488 5.40107 5.33595 5.42216 5.51935 6.2979
threshold=9.057612500000003 6.9477460000000013 10.707893 -4.5179854999999991 2.3839525000000004 47.500000000000007 505.50000000000006 517.50000000000011 -23.941125499999995 -1.5200639999999999 1.0000000180025095e-35 1.0000000180025095e-35 -4.6788879999999997 5.1494605000000009
decision_type=2 2 2 2 2 2 2 2 2 2 2 2 2 2
left_child=1 6 5 4 -4 -2 -1 -8 9 -9 -10 -12 13 -13
right_child=2 -3 3 -5 -6 -7 7 8 10 -11 11 12 -14 -15
leaf_value=-0.0048874179983632478 0.01242233121995545 -0.026082357581230758 0.028114215336296069 0.012732883465166468 -0.05215616526048629 0.068559206498716385 0.07012523477660447 0.032694702215620125 0.027554015874513976 -0.047688131332841582 -0.019666486455949043 0.031326271296505538 -0.033089171486260865 -0.021756670039008597
leaf_weight=153.94830041192472 13.025738539174201 15.837049543857573 2.6076657846570033 17.802344441413879 7.0175157561898232 4.6856761723756781 3.84455582499504 2.8347491584718227 23.461418107151985 7.9514701664447767 22.994361508637667 24.746535159647465 5.9548143036663559 7.2172059193253508
leaf_count=1211 94 127 17 179 88 24 22 18 153 43 154 150 31 55
internal_value=-0.000477677 -0.00210943 0.00923897 -0.00240704 -0.0304092 0.0272737 -0.000608517 0.00604497 0.00345608 -0.0265625 0.0072936 -0.000509972 0.0111068 0.0193405
internal_weight=313.929 268.79 45.1389 27.4275 9.62518 17.7114 252.953 99.0051 95.1606 10.7862 84.3743 60.9129 37.9186 31.9637
internal_count=2366 1964 402 284 105 118 1837 626 604 61 543 390 236 205
is_linear=0
shrinkage=0.05


Tree=116
num_leaves=15
num_cat=0
split_feature=1 6 16 1 16 1 7 2 8 16 5 8 2 5
split_gain=1.85605 5.3038 3.30953 4.36004 3.49903 5.90228 5.25366 3.08082 5.78236 4.23551 2.7495 2.72509 2.1046 3.9299
threshold=-6.1587109999999994 -7.4768189999999999 246.50000000000003 -12.410987999999998 141.50000000000003 -9.4357384999999976 -32.209499499999993 -8.2785889999999984 57.500000000000007 436.50000000000006 39.880193500000011 67.500000000000014 32.096041500000005 46.693933500000007
decision_type=2 2 2 2 2 2 2 2 2 2 2 2 2 2
left_child=1 2 4 -4 5 -1 -6 9 10 -5 -9 12 -2 -14
right_child=11 -3 3 7 6 -7 -8 8 -10 -11 -12 -13 13 -15
leaf_value=0.062682058299415574 -0.0024904266137211438 0.055363710673557082 0.058069181614362357 0.056135332474854277 0.013474954635118802 -0.04674692544672187 -0.059490304331628621 0.050362018566400872 -0.047486620163682387 -0.012601155749011109 -0.01348282503874406 -0.048991456207648526 0.025855872743323023 -0.029689420699058933
leaf_weight=3.0581177547574043 238.31315046176314 5.4591961037367573 4.5876911208033553 5.2124383300542849 3.9728664234280577 2.0638439748436204 6.5086077116429797 3.5609350465238112 5.9378192499279976 3.931576918810606 3.203288808465004 3.0169223211705676 15.632979189977052 3.9989746361970893
leaf_count=27 1786 38 34 28 21 25 66 18 40 25 22 26 130 51
internal_value=-9.20641e-05 0.00899921 0.00297804 0.0137568 -0.0152822 0.0185887 -0.0318338 0.0044511 -0.0114801 0.0265813 0.0201274 -0.00174672 -0.00119415 0.0145415
internal_weight=308.458 47.4964 42.0372 26.4337 15.6034 5.12196 10.4815 21.8461 12.702 9.14402 6.76422 260.962 257.945 19.632
internal_count=2337 344 306 167 139 52 87 133 80 53 40 1993 1967 181
is_linear=0
shrinkage=0.05


Tree=117
num_leaves=15
num_cat=0
split_feature=16 16 5 16 16 7 7 7 2 0 16 3 5 7
split_gain=1.87157 5.37895 5.3341 2.94419 2.48485 3.07495 2.16853 7.20938 6.89277 6.65074 3.84343 8.89336 6.42227 3.84501
threshold=745.50000000000011 760.50000000000011 28.512030500000005 892.50000000000011 710.50000000000011 -8.2149594999999973 -4.721576999999999 -5.0636754999999996 7.3703410000000007 -1.4483634999999997 637.50000000000011 -0.27074349999999997 36.093426000000008 -6.232992499999999
decision_type=2 2 2 2 2 2 2 2 2 2 2 2 2 2
left_child=4 -2 3 -3 6 -6 7 10 9 -8 13 -12 -13 -1
right_child=1 2 -4 -5 5 -7 8 -9 -10 -11 11 12 -14 -15
leaf_value=-0.0014366354590990159 0.067307200444231829 0.036359151803802135 -0.020866972951936926 -0.027947629823898135 -0.0060941590431819702 -0.064745584037798218 -0.048102016611245697 0.05644796909952287 -0.035485600655849006 0.045081860981501923 0.061677767022661006 0.018341082420627132 -0.057053514747211959 -0.039005811490844179
leaf_weight=214.5581935569644 3.778773199766877 10.674436608329417 11.889434590935705 2.1360586248338214 6.4825190082192421 3.4103582575917226 2.6689236853271723 5.6483266912400714 15.419695522636173 6.7769477646797913 7.8922263383865383 8.9078560546040517 4.1360013894736758 7.0336803160607806
leaf_count=1589 26 137 104 20 41 23 24 38 121 48 41 50 44 64
internal_value=-0.000466493 0.0117512 0.0032518 0.0256365 -0.00169626 -0.026313 -0.000804342 0.000606107 -0.0148816 0.0187528 -0.000694415 0.0197831 -0.00556535 -0.00262914
internal_weight=311.413 28.4787 24.6999 12.8105 282.935 9.89288 273.042 248.176 24.8656 9.44587 242.528 20.9361 13.0439 221.592
internal_count=2370 287 261 157 2083 64 2019 1826 193 72 1788 135 94 1653
is_linear=0
shrinkage=0.05


Tree=118
num_leaves=15
num_cat=0
split_feature=18 7 2 18 7 7 7 7 7 8 3 4 7 18
split_gain=1.94237 1.55779 5.35132 6.1759 3.91808 4.13585 4.71431 3.24077 3.82168 11.4655 3.67957 6.5121 3.47616 4.67652
threshold=43.500000000000007 -3.9591564999999993 7.4952845000000012 673.50000000000011 -4.6788879999999997 -5.1778004999999991 -4.721576999999999 -6.1822194999999995 -6.556462999999999 47.500000000000007 2.2649230000000005 0.12388200000000001 -8.9238344999999981 508.50000000000006
decision_type=2 2 2 2 2 2 2 2 2 2 2 2 2 2
left_child=-1 4 -3 -4 5 7 -7 8 12 -10 11 -9 -2 -14
right_child=1 2 3 -5 -6 6 -8 10 9 -11 -12 -13 13 -15
leaf_value=-0.052415075256411627 0.0013431153221367808 0.061873648585828216 -0.03937801648001249 0.042677948643869347 -0.034154561107996466 0.059346581971019087 -0.014241392612103118 -0.043007465165564855 -0.051166293200426108 0.064911806632156385 -0.0621819212491777 0.037515636763315617 -0.033395276071438579 0.00062738512632081562
leaf_weight=1.8089207280427206 210.03164357878268 4.3476161435246459 5.5011148378252965 3.9321728181093931 8.7622098028659803 5.9514513574540615 3.431217744946478 5.7203500643372518 3.0395248122513276 7.0884204842150211 4.4438804462552062 4.4751152917742729 18.280759822577238 22.570053443312645
leaf_count=46 1491 34 40 64 77 41 23 46 37 52 39 22 196 144
internal_value=-0.000755201 -0.000451378 0.0159784 -0.0051738 -0.00122204 -0.000209661 0.0324357 -0.00132085 -3.69074e-05 0.0300753 -0.0242128 -0.0076633 -0.00125252 -0.0145978
internal_weight=309.384 307.576 13.7809 9.43329 293.795 285.032 9.38267 275.65 261.01 10.1279 14.6393 10.1955 250.882 40.8508
internal_count=2352 2306 138 104 2168 2091 64 2027 1920 89 107 68 1831 340
is_linear=0
shrinkage=0.05


Tree=119
num_leaves=15
num_cat=0
split_feature=0 5 4 2 5 2 7 16 2 8 7 16 7 5
split_gain=1.65579 4.93247 4.19439 3.49452 5.88672 4.15642 3.29505 3.73589 3.45603 4.71218 4.90423 6.77338 5.06296 4.91202
threshold=-1.4799349999999998 12.343194000000002 0.46237650000000002 13.522269500000002 39.200812000000006 -0.18949199999999997 -23.941125499999995 81.500000000000014 10.560054000000003 57.500000000000007 -14.655997999999999 541.50000000000011 -18.846248999999997 22.277235500000003
decision_type=2 2 2 2 2 2 2 2 2 2 2 2 2 2
left_child=1 -1 3 5 -5 -3 -2 -8 9 10 11 12 -9 -12
right_child=6 2 -4 4 -6 -7 7 8 -10 -11 13 -13 -14 -15
leaf_value=0.057220926159284841 -0.020691746364743163 0.0040530392740972306 0.037706525449822087 0.048556659420324749 -0.022973690256009083 -0.020631404456867668 -0.053575806554905625 0.011059930890519329 -0.0091558920910342814 -0.016096959373615726 0.0071424427279202273 0.0250756825086621 -0.041096594985787743 0.03453760491759391
leaf_weight=4.3820679206401101 22.117249254137278 51.600887425243855 7.9937279634177676 8.4187348261475545 4.3689652755856505 25.471460966393352 3.2311371918767682 7.0648270770907429 60.204278457909822 21.01104580797255 44.167042491957545 11.132914278656243 13.629217060282828 25.991802584379911
leaf_count=37 135 340 63 51 30 206 64 36 529 180 366 96 105 142
internal_value=0.000110539 0.00532303 0.00299895 -8.85511e-05 0.024118 -0.00410487 -0.00244475 -0.000280026 0.000659957 0.0054646 0.0099067 -0.00637235 -0.0232907 0.0172916
internal_weight=310.785 102.236 97.8538 89.86 12.7877 77.0723 208.55 186.432 183.201 122.997 101.986 31.827 20.694 70.1588
internal_count=2380 727 690 627 81 546 1653 1518 1454 925 745 237 141 508
is_linear=0
shrinkage=0.05


Tree=120
num_leaves=15
num_cat=0
split_feature=8 5 7 16 2 16 7 7 3 6 16 16 2 16
split_gain=2.21306 5.88497 6.41179 5.37828 5.11966 4.98277 5.70097 4.97307 4.22437 7.10265 6.64355 7.77073 5.49207 7.92286
threshold=52.500000000000007 37.65539900000001 -7.4350499999999995 529.50000000000011 -3.5429419999999996 505.50000000000006 -5.9045189999999996 -6.556462999999999 0.12222000000000001 -3.1051594999999996 327.50000000000006 291.50000000000006 -1.8966434999999999 622.50000000000011
decision_type=2 2 2 2 2 2 2 2 2 2 2 2 2 2
left_child=8 2 4 -3 -2 6 7 -4 9 10 11 -1 -12 -14
right_child=1 3 5 -5 -6 -7 -8 -9 -10 -11 12 -13 13 -15
leaf_value=0.0089070585167533144 -0.0071784876836297647 0.040309616901256062 -0.023947443191339388 -0.032221721016075087 -0.03305219024073186 0.052267767445310268 -0.055616605854795748 0.053516139403231966 -0.0025116888872787624 -0.058150083518355856 0.052139060339847269 -0.072296830340675577 -0.019039455170445179 0.038846920303779654
leaf_weight=14.639240149408581 55.030959319323301 11.166171185672281 3.6625250801444054 3.3144832886755458 29.297562202438712 6.3494545444846144 3.5552797634154567 4.7707209475338459 129.82394661381841 3.2814278136938801 15.546627711504696 3.6883778423070899 10.345991089940073 13.789841476827858
leaf_count=147 406 60 29 31 239 44 34 35 1029 42 86 20 68 92
internal_value=-0.000720817 -0.00613195 -0.0103407 0.0237079 -0.0161676 0.0164545 -0.00251325 0.019874 0.00259602 0.0134149 0.017463 -0.00743498 0.0289624 0.0140335
internal_weight=308.263 117.147 102.667 14.4807 84.3285 18.338 11.9885 8.43325 191.115 61.2915 58.0101 18.3276 39.6825 24.1358
internal_count=2362 878 787 91 645 142 98 64 1484 455 413 167 246 160
is_linear=0
shrinkage=0.05


Tree=121
num_leaves=15
num_cat=0
split_feature=10 4 2 7 1 1 1 6 7 4 4 9 3 16
split_gain=1.89438 2.13605 2.66056 2.94651 2.17617 1.89457 2.30254 2.0453 3.04782 4.29468 2.37876 1.85499 3.34376 3.09333
threshold=3.5000000000000004 0.90818900000000002 9.0390140000000034 -11.935514499999998 19.923217500000003 5.7336810000000016 2.6808590000000003 -4.4087219999999991 -10.002885999999998 -0.082453499999999985 -0.17179649999999996 2.5000000000000004 8.4657790000000013 853.50000000000011
decision_type=2 2 2 2 2 2 2 2 2 2 2 2 2 2
left_child=1 4 -3 -4 11 6 7 8 9 -2 -10 12 -1 -13
right_child=5 2 3 -5 -6 -7 -8 -9 10 -11 -12 13 -14 -15
leaf_value=-0.0045087063861681959 0.0030121483624545625 0.065546606290972614 -0.045656527770681805 0.021350671905929465 -0.046031729038532067 0.04853624759411538 -0.035457017863882966 0.036706068838655598 0.0149176710785491 0.065470964059123157 -0.046298193835140181 0.0083848582703351885 0.050862759820551176 -0.039925116415556849
leaf_weight=183.85657878033817 12.209186661988502 2.5046340692788354 2.0443841591477385 8.3067213818430883 2.7239232286810866 3.1848385259509078 2.7713916115462771 6.6032688375562456 2.556634433567524 3.5531865172088137 4.184088133275508 65.123658530414104 2.7675228230655184 3.4911741521209469
leaf_count=1428 80 22 20 73 27 24 24 49 25 23 29 487 20 30
internal_value=0.000829728 -0.000586099 0.0193054 0.00811649 -0.0015774 0.0117654 0.00809168 0.0122382 0.0050584 0.0170917 -0.0230801 -0.00110298 -0.00368758 0.00592681
internal_weight=305.881 270.819 12.8557 10.3511 257.963 35.0626 31.8778 29.1064 22.5031 15.7624 6.74072 255.239 186.624 68.6148
internal_count=2361 2107 115 93 1992 254 230 206 157 103 54 1965 1448 517
is_linear=0
shrinkage=0.05


Tree=122
num_leaves=15
num_cat=0
split_feature=5 6 16 16 12 16 4 13 5 7 2 6 0 6
split_gain=1.87361 2.70843 1.71685 2.20942 2.22908 1.85523 1.63065 3.63018 3.61627 2.74446 6.89018 3.3978 2.65376 2.49573
threshold=10.172116500000001 -1.1323529999999999 892.50000000000011 865.50000000000011 4.4193465000000005 853.50000000000011 -0.40828149999999996 6.0768290000000009 41.08008250000001 -22.710222999999996 -11.644047999999998 -12.874794499999998 4.7565030000000013 -7.4768189999999999
decision_type=2 2 2 2 2 2 2 2 2 2 2 2 2 2
left_child=-1 2 3 5 -5 6 8 -8 9 -2 -11 -12 -10 -9
right_child=1 -3 -4 4 -6 -7 7 13 12 10 11 -13 -14 -15
leaf_value=-0.052401457662751866 -0.043662366668810293 0.053139827267076549 -0.036889240670720233 0.070007060549070341 0.005186163714485742 -0.0416290098490881 0.00025305962136653145 0.010619205896211372 0.034057574631497722 0.039856361850934878 0.022233116961143246 -0.04165826226923617 -0.025685285589551684 0.049407276188196535
leaf_weight=1.662726156413554 7.9201146475970736 2.4535604435950509 3.0565289929509154 2.2811618745326987 3.1684020385146141 2.6285421159118405 235.21995392628014 13.133105831220748 6.6363274753093702 5.2457094490528133 2.6292050108313587 9.9785246402025205 2.5819771401584148 6.0609540343284598
leaf_count=43 64 51 33 23 22 23 1772 96 51 36 14 85 16 38
internal_value=0.000529704 0.000820172 0.000393043 0.000776104 0.0323199 0.000187475 0.000567275 0.00195918 -0.0095528 -0.0191657 -0.00829855 -0.0283344 0.0173241 0.0228674
internal_weight=304.657 302.994 300.541 297.484 5.44956 292.034 289.406 254.414 34.9919 25.7736 17.8534 12.6077 9.2183 19.1941
internal_count=2367 2324 2273 2240 45 2195 2172 1906 266 199 135 99 67 134
is_linear=0
shrinkage=0.05


Tree=123
num_leaves=15
num_cat=0
split_feature=7 7 16 1 0 6 8 7 4 2 12 5 3 6
split_gain=1.70616 6.68949 4.27077 3.78018 3.60017 2.58246 2.17986 2.42018 1.75315 3.35989 3.09942 2.2514 2.04295 2.75669
threshold=-4.721576999999999 -5.1778004999999991 800.50000000000011 1.0859310000000002 0.51194850000000014 -3.4905049999999993 37.500000000000007 -3.9591564999999993 0.90818900000000002 10.037865000000002 17.995780500000002 46.055489000000009 7.1614010000000006 -5.1522569999999996
decision_type=2 2 2 2 2 2 2 2 2 2 2 2 2 2
left_child=1 8 3 4 5 -2 7 -5 10 -10 12 -11 13 -1
right_child=2 -3 -4 6 -6 -7 -8 -9 9 11 -12 -13 -14 -15
leaf_value=0.0024033569236300133 -0.042005264255985636 0.056172326840778886 0.053802219837891088 -0.045738510619885958 0.057035239970014577 0.025538956819334904 -0.050735580381405535 0.013195986938739745 0.062810505453861881 0.020057839344317398 -0.045467553306254377 -0.036760658493868302 0.023191928459121783 -0.0088624490457379131
leaf_weight=171.40105849690735 3.3707050662487745 5.3717189431190482 2.223282864317297 3.1321633532643318 2.6111139021813869 2.4391783885657841 8.3242122605442983 3.9248792082071295 3.1680866684764615 5.4924946390092355 3.8596421461552373 2.5542459674179554 8.9144038148224336 79.479828380048275
leaf_count=1199 35 38 55 22 22 19 72 27 29 39 35 33 61 679
internal_value=-0.000224455 0.000912815 -0.0124705 -0.0186608 0.00826888 -0.013648 -0.0334044 -0.0129612 -0.000167109 0.0191943 -0.000990667 0.00202216 -0.000329897 -0.00116568
internal_weight=306.267 280.241 26.0255 23.8023 8.421 5.80988 15.3813 7.05704 274.87 11.2148 263.655 8.04674 259.795 250.881
internal_count=2365 2113 252 197 76 54 121 49 2075 101 1974 72 1939 1878
is_linear=0
shrinkage=0.05


Tree=124
num_leaves=15
num_cat=0
split_feature=16 16 1 16 16 6 16 5 16 16 16 16 7 5
split_gain=1.92901 2.8422 2.22107 1.96654 1.85587 1.32994 3.38572 1.22147 8.00143 7.99241 1.83358 7.43853 5.32415 5.00755
threshold=892.50000000000011 865.50000000000011 5.4562590000000002 853.50000000000011 43.500000000000007 -1.4061024999999998 457.50000000000006 11.721660000000002 219.50000000000003 183.50000000000003 228.50000000000003 147.50000000000003 -29.518501999999994 12.919424000000001
decision_type=2 2 2 2 2 2 2 2 2 2 2 2 2 2
left_child=1 3 -3 4 -1 7 -7 8 9 -6 11 -9 -13 -14
right_child=-2 2 -4 -5 5 6 -8 10 -10 -11 -12 12 13 -15
leaf_value=-0.052180875352848669 -0.037625040886842723 0.068867623714646178 0.0035664599147100032 -0.044189494191674832 -0.018179300910529366 -0.053766525390527779 0.057065471451452382 0.0096159214435194897 -0.055555413973708161 0.095509903737842156 0.0015327066619149222 0.0081567127379420564 0.0089546098205350172 -0.055417209052839159
leaf_weight=1.6779706627130497 3.3511409796774378 2.6784414369612923 2.5341352988034487 2.510291250422596 2.6361791715025884 0.91008945554494802 2.8372973268851638 26.849627248942852 2.60224892757833 3.7377732694149017 227.92571267299354 7.3158479444682625 3.8004648275673416 14.733405655249951
leaf_count=47 39 27 17 20 37 15 58 246 42 17 1560 49 21 185
internal_value=0.000101768 0.000519367 0.0371209 -0.00012186 0.000253098 0.000553024 0.0301488 0.000170059 0.0183264 0.0484896 -0.000410698 -0.00881596 -0.0279608 -0.0422174
internal_weight=306.101 302.749 5.21258 297.537 295.027 293.349 3.74739 289.601 8.9762 6.37395 280.625 52.6993 25.8497 18.5339
internal_count=2380 2341 44 2297 2277 2230 73 2157 96 54 2061 501 255 206
is_linear=0
shrinkage=0.05


Tree=125
num_leaves=15
num_cat=0
split_feature=12 2 5 6 8 12 16 16 7 2 2 0 6 7
split_gain=1.85034 4.23125 6.43159 4.89835 4.50831 3.1073 3.00973 6.3842 2.92301 2.44095 2.54503 2.38424 2.86896 3.23264
threshold=9.057612500000003 10.037865000000002 36.720007500000001 -2.5795659999999994 42.500000000000007 6.9477460000000013 643.50000000000011 300.50000000000006 -13.835873499999998 -3.4151979999999997 10.560054000000003 7.1620680000000005 -20.264350499999995 -23.172414999999997
decision_type=2 2 2 2 2 2 2 2 2 2 2 2 2 2
left_child=5 4 6 -4 8 11 7 -3 -2 -7 -11 12 -1 -14
right_child=1 2 3 -5 -6 9 -8 -9 -10 10 -12 -13 13 -15
leaf_value=0.051238762443228961 -0.019953284442691836 0.054961271370463173 -0.045013790566147086 0.028403540400406366 0.055420606788977915 -0.069783559000877349 0.045463666661086262 -0.036749959873276832 0.047080076196184241 0.010199917166393378 -0.036086523197998092 -0.034781695629234388 -0.017549357015164174 0.0022823271102294369
leaf_weight=2.8084461167454711 4.9560713935643426 3.1623860821127909 9.7113871835172159 2.9657335281372061 8.5300994198769313 2.3886478152126083 6.707989695481956 4.7445395067334175 2.4204960912466049 5.585897715762254 6.3410454429686069 4.7475946806371203 22.692862067371607 217.44808389805257
leaf_count=24 42 18 114 22 54 16 92 46 17 49 58 32 144 1658
internal_value=0.000581872 0.0101697 -0.00177679 -0.0278383 0.030667 -0.000998901 0.0208292 -6.99231e-05 0.00204258 -0.0236483 -0.0144086 0.000310115 0.000995861 0.000408271
internal_weight=305.211 43.1987 27.292 12.6771 15.9067 262.013 14.6149 7.90693 7.37657 14.3156 11.9269 247.697 242.949 240.141
internal_count=2386 405 292 136 113 1981 156 64 59 123 107 1858 1826 1802
is_linear=0
shrinkage=0.05


Tree=126
num_leaves=15
num_cat=0
split_feature=12 12 16 16 6 1 0 13 7 2 16 16 2 8
split_gain=1.71078 4.04848 2.74401 7.6065 4.3514 3.77518 4.23315 4.78021 4.02552 6.96312 3.534 7.46132 6.79574 6.63353
threshold=9.057612500000003 7.3443350000000009 505.50000000000006 529.50000000000011 -3.4492824999999994 1.0000000180025095e-35 4.0183410000000004 6.1881655000000011 -23.172414999999997 4.6383090000000005 141.50000000000003 186.50000000000003 26.972924000000003 67.500000000000014
decision_type=2 2 2 2 2 2 2 2 2 2 2 2 2 2
left_child=1 2 4 -4 10 6 7 -5 -7 -10 12 -12 13 -1
right_child=-2 -3 3 5 -6 8 -8 -9 9 -11 11 -13 -14 -15
leaf_value=-0.0069695078300781761 0.0099399344272249959 -0.030802865547138514 0.053723551999226973 -0.013432872140243142 -0.028383716529044607 -0.034436532656017427 -0.060279318895542625 0.026933228776082636 0.049251711145360227 0.0044663910976181446 -0.049728953341954346 -0.00095162951833100112 0.071401144136451697 0.095077232389333355
leaf_weight=16.042301747947938 41.122523847967386 10.941060414537786 7.9341212287545195 29.425689479336143 16.255592679604888 4.1890588700771323 3.5651089102029792 9.7691038604825717 12.012640591710804 31.275141887366772 8.4725687485188228 105.01942666061223 4.5881767570972434 1.7680406477302302
leaf_count=191 386 102 44 195 201 22 23 67 95 187 138 670 23 15
internal_value=0.000460447 -0.00103164 0.000269623 0.00678676 -0.0039355 0.00265982 -0.00811649 -0.00337183 0.0123655 0.0168946 -0.00101094 -0.00459302 0.0171393 0.00316072
internal_weight=302.381 261.258 250.317 98.1709 152.146 90.2367 42.7599 39.1948 47.4768 43.2878 135.891 113.492 22.3985 17.8103
internal_count=2359 1973 1871 633 1238 589 285 262 304 282 1037 808 229 206
is_linear=0
shrinkage=0.05


Tree=127
num_leaves=15
num_cat=0
split_feature=12 2 7 6 3 16 16 16 0 4 0 16 16 8
split_gain=1.49485 3.90039 3.854 3.62109 4.99074 3.73084 6.56069 3.36636 3.19563 2.73908 3.02693 2.86858 9.29218 5.00016
threshold=8.9715800000000012 9.6968755000000026 -14.923908999999998 -4.5179854999999991 2.3839525000000004 294.50000000000006 634.50000000000011 222.50000000000003 2.9524715000000001 0.24167200000000003 4.8484030000000011 430.50000000000006 406.50000000000006 67.500000000000014
decision_type=2 2 2 2 2 2 2 2 2 2 2 2 2 2
left_child=9 2 7 4 -3 -5 -7 -2 -9 11 -11 12 -1 -13
right_child=1 3 -4 5 -6 6 -8 8 -10 10 -12 13 -14 -15
leaf_value=-0.0014343277564747628 0.057131377789297812 0.033278243756259047 0.062888891091694973 0.042137699891559417 -0.050631950372979212 -0.055200513461097334 0.020743143378563499 0.027427555613799559 -0.040824650768031538 -0.009619616700093387 -0.059452903847492689 0.0086959729656900277 -0.063360794816525942 -0.053199906408986745
leaf_weight=108.58690233901143 2.7173897735774499 2.4075946882367116 5.3759992681443682 6.0744606554508271 6.7129398286342621 4.3538237903267136 8.1998908072710019 3.2493414804339409 3.6319215595722198 35.596761886030436 3.3324870131909838 98.250170908868313 6.41556024365127 3.3749594464898101
leaf_count=905 25 15 33 35 91 53 104 27 22 294 22 644 51 27
internal_value=-0.000227378 0.00842962 0.0289949 -0.00266847 -0.0284817 0.00996995 -0.0055953 0.0100116 -0.00859587 -0.00167463 -0.0138855 0.000519736 -0.00488898 0.00664042
internal_weight=298.28 42.7234 14.9747 27.7487 9.12053 18.6282 12.5537 9.59865 6.88126 255.557 38.9292 216.628 115.002 101.625
internal_count=2348 405 107 298 106 192 157 74 49 1943 316 1627 956 671
is_linear=0
shrinkage=0.05


Tree=128
num_leaves=15
num_cat=0
split_feature=16 8 16 0 16 6 16 16 2 2 4 1 2 16
split_gain=1.84821 4.34438 7.08287 5.87042 5.55291 5.25215 5.08106 4.81352 4.69373 4.08103 3.58152 4.92069 4.20272 8.1109
threshold=598.50000000000011 57.500000000000007 622.50000000000011 -1.0629434999999996 720.50000000000011 -6.1561229999999991 805.50000000000011 715.50000000000011 -4.8947199999999986 26.4926335 -0.098026499999999975 -3.0854239999999993 1.0000000180025095e-35 547.50000000000011
decision_type=2 2 2 2 2 2 2 2 2 2 2 2 2 2
left_child=10 2 -2 5 -5 7 -6 -4 -3 -8 -1 -12 -13 -14
right_child=1 8 3 4 6 -7 9 -9 -10 -11 11 12 13 -15
leaf_value=0.0044187681314057439 0.062696002897315181 0.024261715245085271 0.030662398442724271 -0.021195888462577795 0.040841357629044672 0.057135159031203801 -0.024981724715294994 -0.043764565125421505 -0.046824084164878065 0.033681714283589487 0.031189566416390577 -0.024668203837543385 0.0013846562014423686 -0.056267187720456503
leaf_weight=102.89199057035148 6.0401306152343741 3.4560165628790855 6.0122285969555396 22.553383007645607 9.8768858592957276 9.0362990312278253 9.2837374471127969 3.4014697540551424 7.0779901184141618 4.3555616680532685 7.3630541972815982 37.28355965949595 65.404631061479449 6.7283379659056655
leaf_count=764 43 19 30 150 102 62 73 34 48 72 49 304 570 52
internal_value=-1.36982e-06 0.0064496 0.0109212 0.00607415 -0.00347029 0.0299066 0.0135296 0.00376956 -0.0235021 -0.00624819 -0.0023828 -0.00837552 -0.011038 -0.00399293
internal_weight=300.765 81.0937 70.5597 64.5196 46.0696 18.45 23.5162 9.4137 10.534 13.6393 219.672 116.78 109.417 72.133
internal_count=2372 633 566 523 397 126 247 64 67 145 1739 975 926 622
is_linear=0
shrinkage=0.05


Tree=129
num_leaves=15
num_cat=0
split_feature=16 3 6 3 7 8 5 7 2 8 13 5 3 5
split_gain=1.35321 5.20818 6.57205 3.11938 2.84068 2.77437 9.81865 3.2922 6.94554 5.18609 6.49983 6.16858 4.11877 8.49653
threshold=105.50000000000001 -0.63185299999999989 -7.1188014999999991 -2.2293359999999995 -24.520225499999995 57.500000000000007 35.842374500000005 -14.943362999999998 1.2342505000000001 52.500000000000007 5.327579000000001 17.920064000000004 1.6287980000000004 27.086108500000005
decision_type=2 2 2 2 2 2 2 2 2 2 2 2 2 2
left_child=1 2 4 -4 -1 7 -7 12 9 11 -11 -9 13 -2
right_child=5 -3 3 -5 -6 6 -8 8 -10 10 -12 -13 -14 -15
leaf_value=0.036940219334498425 -0.029065213779199336 -0.022274040176324977 0.11091042995213858 0.0381783555586847 -0.055792691691280316 -0.018962283251593538 0.040972701244782826 0.0097894839920149579 -0.0010963884196546507 -0.013950386977006938 0.066206473244131231 0.058476771771123537 -0.024506127971151492 0.022903279470877034
leaf_weight=1.3864878229796889 12.931192018091677 6.055979721248149 2.5152577068656674 3.5617472417652607 2.0422916933894149 50.650622693821788 7.8989651873707762 12.034609612077476 125.331662947312 13.895762778818609 3.0917804166674605 14.160751003772019 24.534068271517754 20.075297757983208
leaf_count=10 88 85 20 31 38 401 51 96 1020 100 17 83 182 148
internal_value=-0.000391287 0.0139657 0.0370535 0.068282 -0.0182945 -0.00117631 -0.0108764 0.00133608 0.00486201 0.0221553 0.000638386 0.036109 -0.00899005 0.00254321
internal_weight=300.166 15.5618 9.50578 6.077 3.42878 284.605 58.5496 226.055 168.515 43.1829 16.9875 26.1954 57.5406 33.0065
internal_count=2370 184 99 51 48 2186 452 1734 1316 296 117 179 418 236
is_linear=0
shrinkage=0.05


Tree=130
num_leaves=15
num_cat=0
split_feature=0 16 6 4 4 13 3 2 10 6 4 7 0 7
split_gain=1.88091 2.75786 2.66135 2.39606 2.31632 2.27074 2.46892 2.17416 2.2865 2.73306 2.85527 3.78521 3.4281 3.24896
threshold=7.1620680000000005 664.50000000000011 -19.457300999999998 -0.90438549999999995 0.84378450000000005 11.961474500000003 -7.5833819999999994 48.871490500000007 3.5000000000000004 -11.164909999999997 -0.082453499999999985 -9.2818959999999979 -2.911419 -12.790780999999997
decision_type=2 2 2 2 2 2 2 2 2 2 2 2 2 2
left_child=2 4 -1 -4 -2 7 -7 8 -5 -10 -11 13 -13 -12
right_child=1 -3 3 5 -6 6 -8 -9 9 10 11 12 -14 -15
leaf_value=0.040233260620255708 -0.045465694062705321 0.024484148040356805 -0.045195782176895204 -0.0031955650795483059 0.0038415742592194653 -0.0016303644866503021 0.063239041190125092 0.032677536923607781 0.062405716757700069 -0.0095533735861795099 0.01269742391991709 -0.048870183062488304 0.02017517477823047 0.075669768556335434
leaf_weight=4.0318724382668725 7.6806075032800418 2.9112078025937072 2.9906044155359259 233.88973619695753 3.4525539819151163 2.9545803479850292 2.9128622934222212 4.7463679108768693 2.388591341674327 14.152789127081634 3.9846517648547888 2.7204174138605604 5.3003602735698196 4.214853126555683
leaf_count=31 57 26 23 1866 38 25 21 39 14 102 31 23 43 26
internal_value=-0.000982648 -0.0188447 -0.000100226 -0.00068048 -0.0301748 -0.000200334 0.0305737 -0.000865649 -0.00146271 0.0109083 0.00685849 0.0211784 -0.00324303 0.0450676
internal_weight=298.332 14.0444 284.288 280.256 11.1332 277.265 5.86744 271.398 266.651 32.7617 30.3731 16.2203 8.02078 8.1995
internal_count=2365 121 2244 2213 95 2190 46 2144 2105 239 225 123 66 57
is_linear=0
shrinkage=0.05


Tree=131
num_leaves=15
num_cat=0
split_feature=5 16 2 16 5 16 0 7 8 16 16 8 5 16
split_gain=1.24309 3.29952 3.05411 7.44545 6.22095 3.4423 3.37801 2.91399 3.96799 3.22419 6.81648 7.9106 5.01346 6.80526
threshold=33.18941550000001 294.50000000000006 15.270728500000002 120.50000000000001 58.054240500000006 192.50000000000003 -3.4445064999999997 -26.135629499999997 52.500000000000007 505.50000000000006 562.50000000000011 42.500000000000007 28.376112500000001 475.50000000000006
decision_type=2 2 2 2 2 2 2 2 2 2 2 2 2 2
left_child=7 2 4 -4 5 -2 -7 8 -1 12 11 -11 13 -9
right_child=1 -3 3 -5 -6 6 -8 9 -10 10 -12 -13 -14 -15
leaf_value=0.0044942404860873301 -0.056650340644598653 -0.013729275697688496 -0.037800881768414576 0.05536144527098983 0.051632265464846061 0.04084824789912167 -0.022179536919384575 -0.0028633425871773793 -0.064048791936266086 -0.0093355364193688593 0.005207322481209975 0.070511980632635793 0.017513479974911074 -0.055974285627813383
leaf_weight=4.754139378666876 4.33125450275839 42.534283058717847 2.9728180132806283 7.698096863925457 3.925441386178135 3.0264816433191317 7.1439184434711898 99.251503692939878 3.7985052466392517 4.6914120987057677 73.318947361782193 9.1551037356257421 28.579403951764107 6.4216121323406687
leaf_count=29 57 358 23 48 32 19 39 864 25 31 560 46 207 52
internal_value=0.000897989 -0.00485357 0.00812058 0.0294073 -0.0042063 -0.0193212 -0.00342389 0.00268951 -0.0259479 0.00379568 0.0112836 0.0434584 -0.00106599 -0.00609082
internal_weight=301.603 71.6323 29.098 10.6709 18.4271 14.5017 10.1704 229.971 8.55264 221.418 87.1655 13.8465 134.253 105.673
internal_count=2390 576 218 71 147 115 58 1814 54 1760 637 77 1123 916
is_linear=0
shrinkage=0.05


Tree=132
num_leaves=15
num_cat=0
split_feature=2 16 3 3 7 7 7 16 16 16 16 16 16 4
split_gain=1.79126 2.51995 2.60024 4.08582 2.21849 5.96542 5.34224 6.54598 4.84287 8.1044 5.83734 5.16801 4.64768 8.09953
threshold=-15.187401499999998 234.50000000000003 -2.4453879999999999 -4.8245629999999986 -12.790780999999997 -13.130407 -11.595308999999999 261.50000000000006 144.50000000000003 204.50000000000003 276.50000000000006 120.50000000000001 541.50000000000011 -0.21597049999999998
decision_type=2 2 2 2 2 2 2 2 2 2 2 2 2 2
left_child=1 2 3 -1 5 8 7 -6 11 -10 -11 -2 13 -12
right_child=4 -3 -4 -5 6 -7 -8 -9 9 10 12 -13 -14 -15
leaf_value=-0.01753390244956991 -0.021449496639950986 0.035284653631928391 -0.030223657624725148 0.050907073857929856 -0.043430941939660933 -0.057612563285593534 -0.0015728602155835826 0.035300013071239499 -0.053914333201816378 0.036114689922336546 0.007065083238952676 0.058397439268464406 0.0057773022361530006 -0.042232760791728358
leaf_weight=4.4383011460304251 3.1197595465928298 8.1475938186049444 4.6426224671304253 4.2869486883282653 3.0580342598259476 5.6381586827337733 157.01697858143598 19.318714797496796 8.7442487925291044 8.4441374782472831 14.690805595368145 5.7828799113631248 31.486341340467334 19.24897725507617
leaf_count=38 40 50 36 27 34 56 1332 125 126 56 82 34 232 114
internal_value=-0.000530114 0.0133664 7.34913e-06 0.016093 -0.00161126 -0.00769658 0.00168441 0.0245405 -0.00462137 -0.0083971 -0.00300909 0.0304166 -0.00805855 -0.0208942
internal_weight=298.065 21.5155 13.3679 8.72525 276.549 97.1553 179.394 22.3767 91.5171 82.6145 73.8703 8.90264 65.4261 33.9398
internal_count=2382 151 101 65 2231 740 1491 159 684 610 484 74 428 196
is_linear=0
shrinkage=0.05


Tree=133
num_leaves=15
num_cat=0
split_feature=16 16 7 5 7 0 5 6 4 5 3 8 2 16
split_gain=1.6898 3.33149 1.92957 4.5787 4.46488 2.91186 3.77353 3.14561 3.49885 2.66016 2.14992 2.68723 4.71944 4.44572
threshold=61.500000000000007 73.500000000000014 -23.941125499999995 61.281258000000008 -19.412206999999999 6.9063810000000005 26.029478000000005 -19.457300999999998 0.041139500000000002 51.87092950000001 -6.8758444999999986 57.500000000000007 -10.214234499999998 333.50000000000006
decision_type=2 2 2 2 2 2 2 2 2 2 2 2 2 2
left_child=-1 -2 3 5 -4 6 -3 -8 -9 10 -6 12 -12 -13
right_child=1 2 4 -5 9 -7 7 8 -10 -11 11 13 -14 -15
leaf_value=-0.03816913274930904 0.058542088245931378 -0.059608377619212886 0.026882926573199892 0.035460029814331682 0.034928340470617734 -0.068744443610318562 0.038863749970776282 -0.034157400509765082 0.016051430650144426 -0.040765295138803413 -0.034143156152543083 0.0049487989835907626 0.0025164512013056144 -0.026296833008637499
leaf_weight=3.1471518818289033 2.3047114871442309 4.016447991132746 14.137383284047244 4.0295312404632559 4.0226173400878897 2.9365109205245963 3.2091943174600699 9.4393576458096415 5.4866359792649737 4.3511840365827075 9.2320248726755363 20.127878692001104 178.98466438613832 26.206505762413144
leaf_count=69 20 28 112 37 21 16 22 61 36 76 68 164 1407 209
internal_value=-0.00172956 -0.00133203 -0.00181422 -0.0140131 -0.000432437 -0.0219593 -0.0157572 -0.00604539 -0.0157012 -0.0020221 -0.00131549 -0.00193708 0.000718298 -0.0127236
internal_weight=291.632 288.485 286.18 29.1177 257.062 25.0881 22.1516 18.1352 14.926 242.925 238.574 234.551 188.217 46.3344
internal_count=2346 2277 2257 200 2057 163 147 119 97 1945 1869 1848 1475 373
is_linear=0
shrinkage=0.05


Tree=134
num_leaves=15
num_cat=0
split_feature=5 16 16 8 16 3 13 16 3 6 6 8 16 3
split_gain=1.71432 3.02726 8.0349 6.70502 4.43075 3.66739 7.80351 4.03302 4.98034 3.38584 3.38413 4.68534 5.22458 3.72986
threshold=32.137669500000008 505.50000000000006 562.50000000000011 42.500000000000007 490.50000000000006 -4.2320754999999997 2.0927590000000005 574.50000000000011 0.45982800000000007 -6.4499214999999994 -3.7425039999999994 42.500000000000007 105.50000000000001 4.3815565000000012
decision_type=2 2 2 2 2 2 2 2 2 2 2 2 2 2
left_child=1 4 3 -3 10 -4 7 -7 9 -9 11 -1 -13 -12
right_child=-2 2 5 -5 -6 6 -8 8 -10 -11 13 12 -14 -15
leaf_value=0.032885657574272441 -0.0058787078928444515 -0.0052191829735160917 0.046163153397203234 0.074278058937007868 -0.062155516778844427 -0.04606060739739868 -0.031602023428793168 -0.012263427576336985 0.0033818274299910155 0.049403665751315051 -0.026116288345654267 0.033774634674167865 -0.0048085667398972218 0.024984364517939645
leaf_weight=11.864278268069027 78.243862152099609 3.9647423550486556 4.8110411614179602 8.0130559504032117 3.002120040357112 3.0958121716976157 14.555856749415396 2.747371479868888 39.23296969383955 11.726226743310688 20.529601041227583 9.8612090889364463 79.577488088980317 4.3228296302258959
leaf_count=82 642 28 22 41 23 22 90 21 319 92 254 105 605 30
internal_value=0.000467453 0.00275249 0.00989608 0.0479639 -0.00212285 0.00390983 0.00106107 0.00943113 0.0126298 0.037698 -0.000694256 0.00336189 -0.000554513 -0.0172278
internal_weight=295.548 217.305 88.1471 11.9778 129.158 76.1693 71.3582 56.8024 53.7066 14.4736 126.155 101.303 89.4387 24.8524
internal_count=2376 1734 635 69 1099 566 544 454 432 113 1076 792 710 284
is_linear=0
shrinkage=0.05


Tree=135
num_leaves=15
num_cat=0
split_feature=2 4 4 12 5 3 2 3 18 2 7 7 7 3
split_gain=1.79645 3.35567 3.68065 3.12061 5.43401 4.79005 6.05232 3.96788 4.56136 3.39325 3.28508 3.05758 5.45521 4.1831
threshold=0.76181300000000018 -0.41825099999999993 -0.36010799999999993 3.8951600000000006 22.765427500000005 0.42119500000000004 10.037865000000002 -3.7108214999999993 246.50000000000003 24.663233500000004 -3.8327899999999997 -11.346329999999998 -11.935514499999998 6.0638030000000009
decision_type=2 2 2 2 2 2 2 2 2 2 2 2 2 2
left_child=-1 -2 -3 4 -4 -5 -7 -6 9 -9 11 12 13 -8
right_child=1 2 3 5 7 6 10 8 -10 -11 -12 -13 -14 -15
leaf_value=0.0035240239916906205 -0.03546270355072486 0.046117129068859467 0.0022568686288802864 0.04408050195009322 0.013964223180773731 0.019647924734137401 0.018787181471757577 -0.031012549769893174 -0.040784091634377587 0.062483533371878112 0.033981399019233256 -0.025883851381892947 0.055758514704364139 -0.059395361183162187
leaf_weight=138.57049897685647 8.1972957290709001 3.7793442718684664 35.818368498235941 6.6089355424046508 5.3441926650702944 23.274700425565243 3.4336896128952503 1.8724433034658461 24.965396974235773 2.0145120024681091 3.4888779632747235 26.290333082899451 3.6155578270554454 3.4098930843174458
leaf_count=1071 64 29 288 42 36 176 29 30 173 11 66 244 34 40
internal_value=-0.000594251 -0.00434587 -0.00257349 -0.00388662 -0.0113536 0.00356896 -0.000646527 -0.0256096 -0.0329397 0.0174441 -0.0123853 -0.0167872 0.00607848 -0.0201682
internal_weight=290.684 152.114 143.916 140.137 70.0149 70.122 63.5131 34.1965 28.8524 3.88696 40.2384 36.7495 10.4591 6.84358
internal_count=2333 1262 1198 1169 538 631 589 250 214 41 413 347 103 69
is_linear=0
shrinkage=0.05


Tree=136
num_leaves=15
num_cat=0
split_feature=16 16 8 16 16 13 0 5 5 2 5 16 8 2
split_gain=1.30127 7.92097 3.44984 6.59709 10.6586 6.4394 7.91328 5.69104 10.7516 4.79655 4.0926 4.35571 11.0157 5.45373
threshold=315.50000000000006 324.50000000000006 57.500000000000007 502.50000000000006 586.50000000000011 3.0604560000000007 0.51194850000000014 17.086185000000004 21.924682500000003 -4.403154999999999 36.720007500000001 490.50000000000006 47.500000000000007 9.5956465000000026
decision_type=2 2 2 2 2 2 2 2 2 2 2 2 2 2
left_child=-1 -2 5 -4 -5 10 7 -7 -9 -8 11 12 13 -3
right_child=1 2 3 4 -6 6 9 8 -10 -11 -12 -13 -14 -15
leaf_value=0.0051589896238221512 -0.063630792485129206 0.027775913068705971 -0.04385825786353606 0.049653748382416263 -0.02724541932029393 0.11021289956660896 0.031584296286998853 -0.039118444044457801 0.055054422463416013 -0.04612576834434743 -0.02345606506095332 0.0084508774437051844 -0.044910659650629244 -0.055739723665826968
leaf_weight=104.33565906435251 5.0417406037449828 13.213647374883296 12.235533187165858 7.4761670604348209 11.342484997585414 2.6912178322672906 3.2693071439862251 4.0294212922453907 12.229908157140015 5.0575296916067582 18.582702441141009 75.072963711805642 14.773686941713093 2.2941717617213717
leaf_count=938 34 93 121 46 75 14 18 24 75 33 179 568 123 28
internal_value=0.000684012 -0.00180864 -9.85753e-05 -0.0152778 0.00330464 0.00301871 0.0250123 0.0428638 0.0317163 -0.015615 -0.00182186 0.00199404 -0.0140136 0.0154209
internal_weight=291.646 187.31 182.269 31.0542 18.8187 151.215 27.2774 18.9505 16.2593 8.32684 123.937 105.354 30.2815 15.5078
internal_count=2369 1431 1397 242 121 1155 164 113 99 51 991 812 244 121
is_linear=0
shrinkage=0.05


Tree=137
num_leaves=15
num_cat=0
split_feature=4 13 2 7 5 5 7 7 4 0 7 7 3 0
split_gain=1.49321 4.12877 2.51966 2.93639 8.09293 2.2447 3.65654 2.61243 2.23982 2.74986 2.71364 3.83643 3.54303 2.48025
threshold=-0.3957119999999999 9.8181360000000009 -11.959154499999999 -22.710222999999996 34.793238000000009 25.593359000000003 -13.582623499999999 -16.829162499999999 -0.14763499999999999 -2.2585669999999998 -13.582623499999999 -10.042532499999998 -3.9958624999999999 -6.0699539999999992
decision_type=2 2 2 2 2 2 2 2 2 2 2 2 2 2
left_child=2 8 3 4 -1 -4 7 -7 9 10 -2 -12 -13 -10
right_child=1 -3 5 -5 -6 6 -8 -9 13 -11 11 12 -14 -15
leaf_value=-0.060018277890745354 0.022958252982170455 0.059615074301859021 -0.047955731508999899 0.036321327056880875 0.037645472174204483 -0.0094335154711618699 0.021583209834071061 -0.062739713588613313 0.031869547583158728 0.016523257984208447 -0.052064468410785637 0.047791616700589928 -0.027022827224965542 -0.0026594615375074848
leaf_weight=4.2337347790598852 5.1155817657709148 3.0319359079003325 5.4500724133104113 5.3105839453637591 4.251051090657711 6.2867344692349416 5.613960549235343 3.6229663826525211 5.3504038229584685 41.010304465889931 5.3256796300411233 2.7846532054245481 3.6656864099204505 185.95889340154827
leaf_count=38 34 19 58 35 26 61 39 25 36 312 42 19 33 1557
internal_value=0.000280627 0.00161959 -0.00943326 0.00716319 -0.0110867 -0.0203495 -0.0106574 -0.0289222 0.000914005 0.00953018 -0.00744796 -0.0206566 0.00527505 -0.00169378
internal_weight=287.012 252.243 34.7691 13.7954 8.48479 20.9737 15.5237 9.9097 249.211 57.9019 16.8916 11.776 6.45034 191.309
internal_count=2334 2052 282 99 64 183 125 86 2033 440 128 94 52 1593
is_linear=0
shrinkage=0.05


Tree=138
num_leaves=15
num_cat=0
split_feature=0 16 7 5 0 6 6 2 16 6 7 16 2 16
split_gain=1.57911 4.33971 4.82104 6.80091 4.28153 3.89854 3.35126 6.35036 5.47651 3.98502 4.32356 6.81674 4.05091 4.91714
threshold=0.37907000000000007 297.50000000000006 -7.089732999999999 26.5249275 1.0000000180025095e-35 -4.0308929999999989 -3.8821259999999995 10.707893 448.50000000000006 -5.2984354999999992 -13.582623499999999 562.50000000000011 -15.187401499999998 610.50000000000011
decision_type=2 2 2 2 2 2 2 2 2 2 2 2 2 2
left_child=4 2 3 -2 -1 -6 9 8 -8 10 12 -12 -3 -14
right_child=1 6 -4 -5 5 -7 7 -9 -10 -11 11 -13 13 -15
leaf_value=0.0013371877746657496 -0.040958677324083217 0.034351367908750145 0.038076836322888566 0.013052987564501831 0.05259334839576494 -0.010429780224018373 -0.051515030283556099 -0.019243358242713879 0.040823238419979917 -0.036263706912100027 0.023966030453789384 -0.027805981814930644 -0.054891436026298285 0.00059367821808434902
leaf_weight=143.90575901046395 7.7753416039049652 2.4192529693245914 10.977790307253597 23.272735357284546 7.9216012563556433 3.5550308991223556 1.851777128875258 13.856459653005002 12.086593388579784 17.683141645044088 16.9472167827189 10.175709739327429 10.991055559366943 6.2713650763034812
leaf_count=1142 86 12 93 171 56 42 24 144 109 146 112 99 59 42
internal_value=0.000248984 -0.00372163 0.00959672 -0.000473104 0.00368108 0.0330711 -0.00978686 0.00472659 0.0285557 -0.0160423 -0.00840249 0.00454272 -0.026242 -0.0347339
internal_weight=289.691 134.308 42.0259 31.0481 155.382 11.4766 92.2826 27.7948 13.9384 64.4877 46.8046 27.1229 19.6817 17.2624
internal_count=2337 1097 350 257 1240 98 747 277 133 470 324 211 113 101
is_linear=0
shrinkage=0.05


Tree=139
num_leaves=15
num_cat=0
split_feature=7 7 6 7 2 16 16 16 6 2 16 5 1 16
split_gain=1.20186 5.92986 3.66313 3.5764 5.62759 2.99781 2.84551 6.25827 7.06072 7.80171 4.49234 5.52665 5.20433 4.25595
threshold=-8.9462234999999968 -7.4661974999999989 -4.8626289999999992 -9.6536394999999988 25.688312000000003 634.50000000000011 406.50000000000006 231.50000000000003 -5.480329499999999 26.972924000000003 424.50000000000006 22.134738500000001 -5.1953439999999995 73.500000000000014
decision_type=2 2 2 2 2 2 2 2 2 2 2 2 2 2
left_child=3 2 -2 6 -5 -4 7 8 9 13 -8 12 -12 -1
right_child=1 -3 5 4 -6 -7 10 -9 -10 -11 11 -13 -14 -15
leaf_value=0.039729203311989057 -0.053765498665168346 0.0015114277905495614 -0.033207829284863426 0.034744761580303436 -0.037166933707916933 0.027750542896732636 -0.062503198701117507 0.017600303300956639 -0.050565808282292103 0.064766175515478266 -0.048643156623503013 -0.0083821686839100629 0.058289751071085541 -0.014810082824764434
leaf_weight=4.1463429722934988 8.7002116348594445 77.645054532214999 4.7383765801787359 16.350238015875224 3.2636430449783793 3.5115378201007843 3.4404214918613425 52.961694337427616 7.974727362394332 4.2860627211630336 1.4132770486176012 70.768001936376095 5.8383732065558425 26.049379132688046
leaf_count=41 102 685 68 107 29 17 25 348 92 25 9 461 86 273
internal_value=0.000292806 -0.00433765 -0.0311311 0.002522 0.022779 -0.00726118 0.00027571 0.00613534 -0.00816646 0.0016394 -0.00658796 -0.00412227 0.0374496 -0.00732099
internal_weight=291.087 94.5952 16.9501 196.492 19.6139 8.24991 176.878 95.4182 42.4565 34.4818 81.4601 78.0197 7.25165 30.1957
internal_count=2368 872 187 1496 136 85 1360 779 431 339 581 556 95 314
is_linear=0
shrinkage=0.05


Tree=140
num_leaves=15
num_cat=0
split_feature=6 6 3 7 7 0 5 5 7 6 1 4 2 16
split_gain=1.66766 8.86609 4.82538 4.64773 4.43342 3.66175 3.36796 5.14967 5.43156 3.34941 3.33302 3.74567 3.24625 5.19799
threshold=-6.8924969999999997 -6.1392874999999991 -2.7839899999999997 -9.9768264999999978 -8.9462234999999968 -0.45466599999999996 25.375767000000007 20.467929000000002 -14.655997999999999 -8.8435474999999979 -5.4513419999999995 -0.07472949999999999 0.86410050000000005 243.50000000000003
decision_type=2 2 2 2 2 2 2 2 2 2 2 2 2 2
left_child=4 3 -3 10 6 -5 7 8 -1 -9 -2 -12 -8 -14
right_child=1 2 -4 5 -6 -7 12 9 -10 -11 11 -13 13 -15
leaf_value=0.062203340229751963 0.10300519255600088 0.039608262161739773 -0.0030675831397145021 -0.018092013209770455 -0.045211978452012268 0.043105778505341114 0.011680259310487547 -0.018306276310865573 -0.03463668160712282 -0.069233627479424631 3.6680385781619921e-05 0.064085721397329765 0.021760090836060782 -0.018970482072091458
leaf_weight=3.1993994116783142 2.6350220441818228 6.9353063479065886 147.47134243510664 5.8819007351994514 6.3748826198279849 4.182366304099558 43.066523469984531 8.4850172884762287 2.6450108252465752 5.2115238942205879 3.6987386643886557 5.9623208027333048 10.685430893674491 29.344664754346013
leaf_count=29 15 43 1266 50 75 37 291 68 26 40 23 43 98 238
internal_value=0.000111056 0.00311053 -0.00115076 0.0325364 -0.00475269 0.0073397 -0.00223974 -0.0209172 0.0183764 -0.0376841 0.0531597 0.0395645 0.00215245 -0.00809807
internal_weight=285.779 176.767 154.407 22.3603 109.012 10.0643 102.638 19.541 5.84441 13.6965 12.2961 9.66106 83.0966 40.0301
internal_count=2342 1477 1309 168 865 87 790 163 55 108 81 66 627 336
is_linear=0
shrinkage=0.05


Tree=141
num_leaves=15
num_cat=0
split_feature=3 6 3 2 2 7 7 5 16 2 16 16 16 6
split_gain=1.78019 3.48417 2.51428 4.72189 5.28624 3.32985 3.46168 2.95431 2.47783 5.59914 4.50631 4.91819 3.45171 3.30909
threshold=-5.4916104999999993 -11.103275499999999 -3.9338699999999998 10.959785500000001 0.76181300000000018 -33.728653499999993 -29.518501999999994 23.977284500000003 183.50000000000003 48.871490500000007 204.50000000000003 225.50000000000003 135.50000000000003 -4.3376024999999991
decision_type=2 2 2 2 2 2 2 2 2 2 2 2 2 2
left_child=1 -1 3 4 7 -4 -7 -2 9 12 -10 -12 13 -8
right_child=2 -3 5 -5 -6 6 8 -9 10 -11 11 -13 -14 -15
leaf_value=-0.0040787292471815796 -0.0084593462854899281 -0.057826757538564602 -0.054880980579356212 0.077325298800112185 -0.044122374603722592 0.053413017604888063 0.000899688984263776 0.042256121832977757 0.04048462721278049 0.054988768000249537 -0.055215282761280939 0.0010718241232550586 -0.054531258726583057 -0.046835624977459099
leaf_weight=14.605309998616578 4.5350472871214205 3.7995896581560364 2.7776750400662413 2.8863760940730563 3.7495391257107249 3.0155793540179721 14.193868627771741 7.8283995352685452 7.1071608215570441 2.6227775588631621 3.9569893553853026 201.69395402632654 6.0957878790795794 4.8783050626516369
leaf_count=124 38 30 16 19 29 28 148 53 36 13 41 1544 129 84
internal_value=-0.000137253 -0.0151747 0.000905792 0.0184314 0.00788157 -0.00044589 0.000174903 0.0236531 -0.000492504 -0.0145335 0.00134155 -1.12124e-05 -0.0217785 -0.0113101
internal_weight=283.746 18.4049 265.341 18.9994 16.113 246.342 243.564 12.3634 240.549 27.7907 212.758 205.651 25.168 19.0722
internal_count=2332 154 2178 139 120 2039 2023 91 1995 374 1621 1585 361 232
is_linear=0
shrinkage=0.05


Tree=142
num_leaves=15
num_cat=0
split_feature=7 7 16 1 0 16 6 4 9 5 5 5 6 16
split_gain=1.36158 5.58214 3.5008 3.17889 3.43512 3.14195 2.53746 2.59133 1.98305 2.32542 4.11959 2.08477 5.28595 6.51054
threshold=-4.721576999999999 -5.1778004999999991 800.50000000000011 1.0859310000000002 -1.4483634999999997 496.50000000000006 -2.9661824999999995 0.20100350000000003 4.5000000000000009 20.076146000000005 31.190792000000005 15.539791500000002 -3.2131389999999995 386.50000000000006
decision_type=2 2 2 2 2 2 2 2 2 2 2 2 2 2
left_child=1 8 3 4 -2 -6 7 -5 11 -10 -11 12 13 -1
right_child=2 -3 -4 6 5 -7 -8 -9 9 10 -12 -13 -14 -15
leaf_value=0.012178578422829949 -0.038810733820060048 0.050618336778951292 0.053270314103322405 -0.038969530877592327 0.055973654540722444 -0.020523411560120337 -0.052490323286459542 0.017149462488452682 -0.043198732701574698 0.026127177676078805 -0.039974061159829023 0.00063347397977192663 -0.026824141541038134 0.076256440985548124
leaf_weight=20.955343483015898 2.6115787550806999 5.8792305290698996 2.0317613258957854 4.0916456282138842 3.9423854202032143 2.0352692529559135 6.5345083363354162 4.1367609295994043 5.2353712841868392 5.5753265209496004 4.0834375154227018 212.60348274372518 6.2857556035742155 4.8888847902417174
leaf_count=176 24 47 59 26 38 19 60 36 46 37 32 1648 115 26
internal_value=0.00138274 0.00244045 -0.00968056 -0.0151576 0.00902779 0.029928 -0.029229 -0.0107562 0.00134947 -0.0163639 -0.00181846 0.00242747 0.0142983 0.0243
internal_weight=290.891 265.507 25.3839 23.3521 8.58923 5.97765 14.7629 8.22841 259.628 14.8941 9.65876 244.733 32.13 25.8442
internal_count=2389 2127 262 203 81 57 122 62 2080 115 69 1965 317 202
is_linear=0
shrinkage=0.05


Tree=143
num_leaves=15
num_cat=0
split_feature=10 0 18 18 18 7 6 4 5 7 2 5 3 3
split_gain=2.2146 1.91428 1.77247 4.34636 1.88774 1.59538 2.70013 3.57404 3.61873 2.15916 1.46966 2.89036 2.78238 2.89301
threshold=3.5000000000000004 -0.14179099999999997 877.50000000000011 865.50000000000011 853.50000000000011 -16.719693499999995 -8.2418664999999987 -0.12039099999999998 15.372130000000002 -10.002885999999998 -14.113801499999999 23.553182500000002 -1.1219164999999998 -7.2740229999999988
decision_type=2 2 2 2 2 2 2 2 2 2 2 2 2 2
left_child=2 5 3 4 10 -2 -7 -8 -9 -10 11 -1 13 -13
right_child=1 -3 -4 -5 -6 6 7 8 9 -11 -12 12 -14 -15
leaf_value=-0.024526385508430157 -0.016010908785066336 0.045005179981098938 -0.033752683008252335 0.063776707402267943 -0.043236164982345601 0.043377916715180716 -0.033927386145080403 0.059844315085499769 0.028402334354978839 -0.022212192856158247 -0.002863461952816791 0.00097653104118005935 -0.0073025188693952685 0.058957362806766826
leaf_weight=4.2612955309450653 5.8005773909389999 3.8362952936440697 4.3430513553321353 2.5216282587498418 2.7713198885321608 5.6286117210984257 4.6472797412425342 3.5802410393953279 3.751966312527661 4.8060819730162558 223.63343296200037 3.3287020102143288 5.1363503672182533 6.0828453339636326
leaf_count=33 43 33 52 18 22 34 43 25 30 41 1874 25 35 44
internal_value=-0.000513015 0.0118666 -0.00208704 -0.00153191 -0.00220351 0.00736079 0.0134092 0.00335991 0.0176358 -2.20866e-05 -0.00173447 0.0116888 0.0222967 0.0384505
internal_weight=284.13 32.0511 252.079 247.736 245.214 28.2148 22.4142 16.7856 12.1383 8.55805 242.443 18.8092 14.5479 9.41155
internal_count=2352 249 2103 2051 2033 216 173 139 96 71 2011 137 104 69
is_linear=0
shrinkage=0.05


Tree=144
num_leaves=15
num_cat=0
split_feature=5 8 7 16 16 0 6 8 16 16 12 7 7 8
split_gain=1.74459 2.99002 2.49151 3.01157 5.46616 4.1204 4.7237 5.50908 6.41613 4.04468 3.80745 5.1589 3.57106 3.62024
threshold=33.18941550000001 62.500000000000007 -25.545219999999997 505.50000000000006 529.50000000000011 -0.6709449999999999 -7.4768189999999999 37.500000000000007 745.50000000000011 562.50000000000011 3.8951600000000006 -14.655997999999999 -10.493961499999999 42.500000000000007
decision_type=2 2 2 2 2 2 2 2 2 2 2 2 2 2
left_child=2 -2 -1 -4 -5 10 -7 8 -8 -9 11 -6 -13 -14
right_child=1 -3 3 4 5 6 7 9 -10 -11 -12 12 13 -15
leaf_value=-0.023087439796212979 -0.009291074199848667 0.032870523960095703 -0.001022127092345381 0.069102216534781102 0.058271427037426715 -0.044066648001658187 -0.041602121929189724 0.059023747700807531 0.044190377449446087 0.0088060326956483723 0.06935753338264547 -0.030979536269917646 -0.025850448907381463 0.032150658411130545
leaf_weight=8.9256927631795389 62.402138797566295 4.5089812465012065 125.07866185903549 3.8910664245486251 5.664183169603354 5.4685733169317237 9.930469408631323 4.6826130524277678 2.7920054709538809 27.901600070297718 3.9098521471023551 5.2947062104940477 3.6247839555144266 10.435831394046543
leaf_count=62 536 37 1089 22 37 35 68 26 68 219 25 37 23 70
internal_value=0.000610793 -0.0064499 0.00278193 0.00388845 0.0112358 0.00841086 -0.000170216 0.00512814 -0.0227746 0.0160227 0.0234719 0.0163012 0.004019 0.0171981
internal_weight=284.511 66.9111 217.6 208.674 83.5957 79.7046 50.7753 45.3067 12.7225 32.5842 28.9294 25.0195 19.3553 14.0606
internal_count=2354 573 1781 1719 630 608 416 381 136 245 192 167 130 93
is_linear=0
shrinkage=0.05


Tree=145
num_leaves=15
num_cat=0
split_feature=4 12 3 0 0 1 13 16 4 1 3 16 16 4
split_gain=1.76278 1.88438 2.47918 1.93301 2.2646 1.84592 1.63397 5.8171 3.36148 3.44939 2.89184 2.23654 3.33013 7.98993
threshold=1.2721910000000003 20.205925500000003 10.332231500000001 7.1620680000000005 6.5749295000000005 23.510927500000005 11.961474500000003 207.50000000000003 -0.3957119999999999 -5.6463184999999987 -5.3231604999999993 67.500000000000014 105.50000000000001 -0.098026499999999975
decision_type=2 2 2 2 2 2 2 2 2 2 2 2 2 2
left_child=1 2 3 4 6 -3 8 -8 -1 10 -10 -11 13 -13
right_child=-2 5 -4 -5 -6 -7 7 -9 9 11 -12 12 -14 -15
leaf_value=-0.019871628820231815 0.027276761969352539 -0.065746837105935374 0.043407777710811016 -0.024624605239097153 0.03643044410379645 -0.0042880274883737145 -0.020654720945712187 0.05548932443798299 -0.02647304940919264 -0.053081929462185207 0.028047057078442895 0.089104837875168777 -0.0018606778592299691 -0.014054839592334884
leaf_weight=21.49469018727541 5.9007147047668687 2.1498936936259261 3.2823548167943946 7.9335781037807456 4.2959568910300723 2.8300350736826658 4.7476779036223871 5.3176952973008156 2.8247929122298983 2.0504356790333977 17.500499658286572 3.3833917900919914 195.65511209331453 4.2157603166997424
leaf_count=182 55 27 31 62 27 32 44 44 22 52 130 16 1582 54
internal_value=0.000234001 -0.000340655 0.000215951 -0.000310258 0.000427448 -0.0308205 -0.000173926 0.0195734 -0.000978232 0.000821651 0.0204699 -0.00112354 -0.000599379 0.0318752
internal_weight=283.583 277.682 272.702 269.42 261.486 4.97993 257.19 10.0654 247.125 225.63 20.3253 205.305 203.254 7.59915
internal_count=2360 2305 2246 2215 2153 59 2126 88 2038 1856 152 1704 1652 70
is_linear=0
shrinkage=0.05


Tree=146
num_leaves=15
num_cat=0
split_feature=16 16 16 6 8 6 0 4 7 3 16 12 16 5
split_gain=1.31208 1.36113 4.29986 5.49461 2.94647 4.1541 3.36629 2.44859 3.59796 2.43764 2.28608 3.20563 2.97944 3.23177
threshold=892.50000000000011 186.50000000000003 147.50000000000003 -11.897619999999998 62.500000000000007 -6.494944499999999 -5.121310499999999 -0.25631999999999994 -12.293161499999998 -1.3299214999999998 294.50000000000006 20.205925500000003 285.50000000000006 12.845915000000002
decision_type=2 2 2 2 2 2 2 2 2 2 2 2 2 2
left_child=1 2 3 -1 6 -6 -5 -8 -9 -10 12 -12 13 -3
right_child=-2 10 -4 4 5 -7 7 8 9 -11 11 -13 -14 -15
leaf_value=0.05577348235771587 -0.033918396394182662 0.03788396525894519 -0.043425080710479909 0.04722061761719757 -0.029431759289886911 0.077018474710864204 -0.056277905356439943 0.022603471791148331 0.0010699876688166159 -0.048715753964074453 -0.00010067513767859913 -0.04046413249803945 0.046846634639757578 0.0013345028475334137
leaf_weight=3.7871474325656918 2.8717752657830706 7.0869413651525965 7.2536471504718056 1.9140407275408566 1.5882203076034787 2.1668781004846087 4.1606292054057219 4.8412615396082481 3.9931143615394902 6.3982360772788276 186.39181259274483 5.0523342657834283 5.107675537467002 41.259432984516025
leaf_count=31 35 46 138 14 28 15 60 35 40 102 1419 66 31 303
internal_value=-0.000292998 5.06465e-05 -0.00901263 -0.000360296 -0.00884261 0.0319953 -0.0160397 -0.0222833 -0.012998 -0.0295844 0.00138677 -0.00116589 0.010529 0.00669217
internal_weight=283.873 281.001 36.1032 28.8495 25.0624 3.7551 21.3073 19.3932 15.2326 10.3914 244.898 191.444 53.454 48.3464
internal_count=2363 2328 463 325 294 43 251 237 177 142 1865 1485 380 349
is_linear=0
shrinkage=0.05


Tree=147
num_leaves=15
num_cat=0
split_feature=4 2 5 16 0 7 13 16 3 5 7 3 6 0
split_gain=1.72888 3.54185 3.13215 3.21948 2.41502 2.56107 2.00242 5.79404 2.49227 1.94886 4.10514 3.29009 5.70675 4.17241
threshold=0.87874250000000009 9.0390140000000034 35.578937500000002 315.50000000000006 7.1620680000000005 -13.582623499999999 11.961474500000003 207.50000000000003 -5.4916104999999993 32.137669500000008 -10.732265999999997 1.6661595000000002 -9.5695129999999988 5.9586790000000009
decision_type=2 2 2 2 2 2 2 2 2 2 2 2 2 2
left_child=4 -2 -3 -4 6 -6 8 -8 -1 -10 11 12 -11 -13
right_child=1 2 3 -5 5 -7 7 -9 9 10 -12 13 -14 -15
leaf_value=-0.025123203222579327 0.06650514513852393 0.049971779530182309 0.016128822196089916 -0.055089504079093791 -0.050596979242996831 -0.00015062940825500771 -0.017789211507874509 0.056589408926795176 0.0023588302944842474 -0.0096606935939682753 -0.043007519715031597 -0.030962419585937387 0.042723560443972408 0.03190514845001325
leaf_weight=10.160480149090288 2.9115907661616793 2.5459202751517278 3.5664565674960613 2.8589365594089031 4.9444272723048925 5.1225366517901403 4.9673255644738656 5.5369002353399992 194.45143133215606 13.709661399945617 7.4631385393440715 13.866095509380104 8.3751968760043383 3.2596294730901709
leaf_count=80 29 15 39 44 34 47 46 46 1618 99 86 101 54 18
internal_value=-7.96743e-05 0.0185885 0.00303741 -0.0155593 -0.000895663 -0.0249275 2.8468e-05 0.0214166 -0.000865599 0.000156563 -0.00901849 -0.0025492 0.0102049 -0.0189965
internal_weight=283.74 11.8829 8.97131 6.42539 271.857 10.067 261.79 10.5042 251.286 241.125 46.6737 39.2106 22.0849 17.1257
internal_count=2356 127 98 83 2229 81 2148 92 2056 1976 358 272 153 119
is_linear=0
shrinkage=0.05


Tree=148
num_leaves=15
num_cat=0
split_feature=2 7 16 16 7 7 6 16 7 7 6 4 6 2
split_gain=1.70809 3.67138 2.65894 7.53395 5.3153 4.53464 4.82574 4.94766 6.22028 4.63982 3.78238 3.44508 3.33583 3.28151
threshold=5.9682405000000012 -3.9591564999999993 481.50000000000006 406.50000000000006 -15.412226999999998 -21.087831499999997 -4.7992349999999986 586.50000000000011 -13.835873499999998 -16.226709499999995 -7.1538444999999991 0.21754250000000003 -2.8697494999999997 -15.187401499999998
decision_type=2 2 2 2 2 2 2 2 2 2 2 2 2 2
left_child=1 2 3 12 -5 11 7 8 -7 -9 -11 13 -1 -4
right_child=-2 -3 5 4 -6 6 -8 9 -10 10 -12 -13 -14 -15
leaf_value=0.0048766939288656533 -0.0050430929171164903 0.05974248328924199 0.045696096955558714 0.0082412037039575007 -0.058684716632829814 0.002059846324022977 0.057042419509245004 0.050155214082969801 0.067637979872156126 -0.041969278533631846 0.0075744935528622871 -0.054848147156984654 -0.031422670798710028 -0.014941080825792194
leaf_weight=91.999412629753351 110.67925480380654 2.7973760627210131 3.0293241403996936 4.3627133890986434 9.271680720150469 7.5206756293773651 7.1344684511423102 3.1239317208528492 6.9647803604602796 7.5439704842865432 7.8724960107356381 3.6281518787145606 6.7967358455061904 8.4684404395520669
leaf_count=766 960 26 20 23 93 40 90 30 31 52 60 22 99 51
internal_value=-0.000206164 0.00293345 0.00198592 -0.00242879 -0.0372699 0.0109637 0.0197518 0.011696 0.0335906 -0.00540999 -0.0166695 -0.0123693 0.00237946 0.00103504
internal_weight=281.193 170.514 167.717 112.431 13.6344 55.2862 40.1603 33.0259 14.4855 18.5404 15.4165 15.1259 98.7961 11.4978
internal_count=2363 1403 1377 981 116 396 303 213 71 142 112 93 865 71
is_linear=0
shrinkage=0.05


Tree=149
num_leaves=15
num_cat=0
split_feature=9 5 5 16 16 3 16 5 7 0 4 5 16 16
split_gain=1.10462 2.43252 1.81839 1.66168 1.41177 4.24348 1.85296 1.83837 1.76015 1.84596 1.92038 1.7488 7.88086 13.4912
threshold=4.5000000000000009 15.113609000000002 32.665242000000006 619.50000000000011 837.50000000000011 2.6288345000000004 825.50000000000011 21.818471500000005 -3.8766169999999995 -0.24927049999999998 0.16272450000000002 20.564629500000002 386.50000000000006 315.50000000000006
decision_type=2 2 2 2 2 2 2 2 2 2 2 2 2 2
left_child=4 -2 3 -3 6 -6 8 -7 11 -10 -11 12 13 -1
right_child=1 2 -4 -5 5 7 -8 -9 9 10 -12 -13 -14 -15
leaf_value=0.0081104178217815924 -0.045197783726544427 0.030612613000352187 -0.034909929390970006 -0.011955351056252879 0.044976467591515419 -0.062920792121473071 -0.043571977488984552 0.0041588262574069586 0.012509910967395607 -0.084680840791343415 -0.016231508037667621 -0.0028763192111096172 0.027048462301292958 -0.053109596378436555
leaf_weight=40.412002103403211 4.4441357925534275 4.5571717433631402 3.1355723310261956 4.6134192850440741 6.0623214934021217 1.5621008798480032 2.530107006430625 2.9507932160049677 2.0048684887588024 1.8069098740816105 2.3669514246284962 163.45955694559962 28.892999734729528 11.577341912314294
leaf_count=391 45 34 26 35 61 9 21 44 17 15 30 1262 249 118
internal_value=-0.00104032 -0.0134909 -0.0020405 0.00919809 -0.00024924 0.0176493 -0.000997236 -0.0190602 -0.000567257 -0.0269229 -0.045864 9.92037e-05 0.0061126 -0.00552247
internal_weight=280.376 16.7503 12.3062 9.17059 263.626 10.5752 253.051 4.51289 250.521 6.17873 4.17386 244.342 80.8823 51.9893
internal_count=2357 140 95 69 2217 114 2103 53 2082 62 45 2020 758 509
is_linear=0
shrinkage=0.05


Tree=150
num_leaves=15
num_cat=0
split_feature=12 16 16 0 12 2 0 6 4 6 6 3 2 4
split_gain=1.46948 2.34107 4.09215 2.56666 2.53366 2.33371 2.13791 2.42062 2.08235 2.74993 2.76003 2.54672 3.20071 3.80345
threshold=9.057612500000003 430.50000000000006 643.50000000000011 -1.4483634999999997 20.205925500000003 42.698430500000008 -0.94589699999999988 -2.8697494999999997 0.24167200000000003 -6.0656054999999993 -7.5629829999999991 3.2933025000000007 11.605264000000002 0.41140300000000002
decision_type=2 2 2 2 2 2 2 2 2 2 2 2 2 2
left_child=8 3 6 -2 -4 -5 -3 -8 -1 10 -10 -11 13 -13
right_child=1 2 4 5 -6 -7 7 -9 9 11 -12 12 -14 -15
leaf_value=0.00057728650467567732 0.073786393182289814 0.029344553956835096 0.03556955065717423 0.025363242145884115 -0.01943306479266076 -0.021346295540498678 -0.052507975254717634 0.0088083035586038801 -0.01562467758007028 -0.033260669415896053 0.041146860970469545 0.055551594518340658 -0.040213347916524755 -0.01299164919642698
leaf_weight=205.75958234257996 2.1312449555844095 1.4798735566437233 7.1821754127740842 12.473025216720997 2.9552450645714998 3.4038339518010607 5.967024376615881 2.2041595056653049 4.3299562223255634 15.734714314341547 4.2346374467015249 3.3736947141587716 3.9278616979718199 5.0585403926670551
leaf_count=1647 21 10 109 103 28 46 58 22 30 151 31 29 39 43
internal_value=5.09675e-05 0.00922083 -0.00264992 0.0222652 0.0195353 0.0153492 -0.0259531 -0.035968 -0.00137875 -0.0123574 0.0124452 -0.0199184 -0.0029334 0.0144322
internal_weight=280.216 37.7966 19.7885 18.0081 10.1374 15.8769 9.65106 8.17118 242.419 36.6594 8.56459 28.0948 12.3601 8.43224
internal_count=2367 397 227 170 137 149 90 80 1970 323 61 262 111 72
is_linear=0
shrinkage=0.05


Tree=151
num_leaves=15
num_cat=0
split_feature=5 5 0 1 16 2 2 16 4 4 0 5 1 8
split_gain=1.60777 1.83234 2.74181 4.6064 2.57285 4.36687 3.2586 3.01263 3.80896 5.43689 3.24558 3.79971 2.90858 2.68909
threshold=10.705341000000002 11.721660000000002 -1.4235394999999997 -1.7014794999999998 231.50000000000003 48.871490500000007 -15.956467499999999 105.50000000000001 -0.3489934999999999 -0.098026499999999975 -1.6987964999999996 53.807834000000007 0.97467450000000011 67.500000000000014
decision_type=2 2 2 2 2 2 2 2 2 2 2 2 2 2
left_child=-1 2 -2 -4 5 7 -6 8 -3 -10 -9 -12 -11 -8
right_child=1 4 3 -5 6 -7 13 10 9 12 11 -13 -14 -15
leaf_value=-0.038378574003164502 0.070584728806296085 -0.057136444949840451 -0.056955328794588062 0.045635321253484684 0.038148518610730348 0.053493398634078183 0.0019681916631882151 -0.0035022155137345045 0.060205460258552293 -0.054791442273804614 -0.043451669987540721 0.014250627845527043 0.016660066187637514 -0.042210057073561416
leaf_weight=2.6752483714371911 2.3015225306153297 1.9185011964291323 1.8553036227822302 2.6671211849898091 6.1534968912601462 2.5563194304704657 209.21428192593157 15.361679906025524 4.6050268746912471 2.392563145607709 17.177979717031128 3.4212301010265938 3.5193677935749292 3.5021822825074187
leaf_count=60 16 30 21 30 46 13 1598 153 33 40 217 29 37 33
internal_value=0.000196835 0.00056987 0.0261576 0.00354799 -7.72556e-05 -0.0101965 0.00227849 -0.0135606 0.0076533 0.0194722 -0.0208965 -0.0338682 -0.0122564 0.00124084
internal_weight=279.322 276.647 6.82395 4.52242 269.823 50.9527 218.87 48.3963 12.4355 10.517 35.9609 20.5992 5.91193 212.716
internal_count=2356 2296 67 51 2229 552 1677 539 140 110 399 246 77 1631
is_linear=0
shrinkage=0.05


Tree=152
num_leaves=15
num_cat=0
split_feature=4 2 8 4 1 8 7 7 5 1 7 7 6 1
split_gain=1.15293 4.14137 2.21129 1.91943 1.68636 1.64681 3.04825 3.72849 3.4168 3.96532 3.37048 4.94713 4.52632 4.37731
threshold=0.87874250000000009 10.037865000000002 42.500000000000007 0.68701500000000004 13.546475500000001 52.500000000000007 -33.728653499999993 -26.344495999999996 52.882591000000012 -7.8531429999999984 -7.8904974999999995 -14.943362999999998 -5.4149914999999984 2.9930535000000007
decision_type=2 2 2 2 2 2 2 2 2 2 2 2 2 2
left_child=3 -2 -3 5 -5 6 -1 -8 10 -10 11 -9 -12 -14
right_child=1 2 -4 4 -6 -7 7 8 9 -11 12 -13 13 -15
leaf_value=-0.061347083437747897 0.065218259152746427 0.012884738469363576 -0.041124289015924541 0.00069763654756648246 -0.048578916953884062 -0.004963982651153013 0.058110083194724729 -0.0062158255004110714 0.027629525476622924 -0.064243841860721393 -0.038439827551888406 0.019366173544832759 0.018508567097953885 -0.011769612574980555
leaf_weight=1.8122282549738873 3.0552590684965244 7.0878425668925029 2.5868921875953674 3.1221249997615805 3.9114193543791771 107.78826481662691 3.1051475405693045 28.688453664071851 1.6984332296997307 3.8069616276770821 8.6333598643541318 55.37911978550256 20.427070312201977 28.719140423461795
leaf_count=13 32 67 39 19 41 884 22 237 16 41 71 422 177 289
internal_value=-0.000231284 0.0144697 -0.00155654 -0.000931957 -0.0267055 -0.000234884 0.00311273 0.00388914 0.00274654 -0.0359006 0.00424652 0.0106362 -0.00505027 0.000815173
internal_weight=279.822 12.73 9.67473 267.092 7.03354 260.058 152.27 150.458 147.353 5.50539 141.847 84.0676 57.7796 49.1462
internal_count=2370 138 106 2232 60 2172 1288 1275 1253 57 1196 659 537 466
is_linear=0
shrinkage=0.05


Tree=153
num_leaves=15
num_cat=0
split_feature=16 16 7 0 2 16 6 8 6 5 4 12 0 0
split_gain=1.03991 1.262 3.77442 6.1777 5.85414 5.05335 4.43881 3.2022 2.63292 2.4924 2.11322 2.10856 1.81481 4.26791
threshold=892.50000000000011 637.50000000000011 -7.8904974999999995 -0.11846799999999999 26.4926335 765.50000000000011 -5.864346499999999 57.500000000000007 -10.219042999999997 28.512030500000005 -0.15868649999999998 1.0000000180025095e-35 7.1620680000000005 5.6854545000000014
decision_type=2 2 2 2 2 2 2 2 2 2 2 2 2 2
left_child=1 12 4 6 5 7 -4 8 -3 11 -11 -7 13 -1
right_child=-2 2 3 -5 -6 9 -8 -9 -10 10 -12 -13 -14 -15
leaf_value=-0.002101546562245398 -0.031059285981875063 0.013493695614684867 -0.01204669752300158 -0.027147386771405768 -0.049389510382530227 -0.030205938676679978 0.056858728630961156 -0.010779929602312581 0.057059883983319015 0.012711904438330432 -0.049083037666961767 0.051047580985082268 -0.022289697460732925 0.035893775081047845
leaf_weight=198.28254459332675 2.710857179015874 4.6878518462181153 4.4566677920520306 15.804944869130848 2.9778597652912131 1.153232760727404 4.9145899750292319 2.9129679054021826 13.327267266809942 2.2051794212311506 3.7129421681165695 2.5952510256320238 10.201931674033402 7.6770118782296768
leaf_count=1678 34 38 31 159 28 8 43 18 88 20 25 44 93 56
internal_value=-0.000242718 6.11608e-05 0.00655937 -0.00807563 0.0175342 0.0240481 0.0240895 0.0378586 0.0457232 -0.00585145 -0.0260573 0.0260497 -0.00170493 -0.000685295
internal_weight=277.621 274.91 58.7488 25.1762 33.5726 30.5947 9.37126 20.9281 18.0151 9.66661 5.91812 3.74848 216.161 205.96
internal_count=2363 2329 502 233 269 241 74 144 126 97 45 52 1827 1734
is_linear=0
shrinkage=0.05


Tree=154
num_leaves=15
num_cat=0
split_feature=0 4 16 3 16 3 5 4 2 4 2 5 5 5
split_gain=1.34468 4.91765 2.79587 4.85144 2.61046 1.99041 2.29687 1.92656 2.99914 3.73022 5.0207 3.74519 5.25733 4.26207
threshold=-4.7288429999999986 0.46237650000000002 541.50000000000011 -3.8546354999999997 150.50000000000003 -4.8830934999999984 23.553182500000002 -0.14763499999999999 15.270728500000002 -0.24603599999999998 0.76181300000000018 25.375767000000007 20.217179000000005 17.614488500000004
decision_type=2 2 2 2 2 2 2 2 2 2 2 2 2 2
left_child=1 2 4 -4 -1 6 -2 8 9 10 11 12 13 -7
right_child=5 -3 3 -5 -6 7 -8 -9 -10 -11 -12 -13 -14 -15
leaf_value=0.032827458464301414 -0.067634556215401168 0.076500731110251491 0.076225793557247803 -0.016198066209871641 -0.018192661359760137 -0.013669563499756128 -0.010432803456680032 -0.0034125188028999395 0.040042200362712443 0.017772170904691506 -0.041717546132090916 0.021195743448153601 -0.057153147410611373 0.053205023972961965
leaf_weight=3.1428118273615899 2.2522363420575839 2.5579643202945581 3.0398661568760872 2.6642661690711966 12.394758922979234 8.8913920763880068 7.9477563537657261 170.66181682515889 6.0457507930696002 26.492862502112985 8.0479605644941312 14.507937777787445 4.889183120802044 3.2546366639435282
leaf_count=28 19 20 25 16 98 94 72 1524 40 189 80 94 45 26
internal_value=-0.000357071 0.0110053 0.00311826 0.0330568 -0.00787273 -0.00142597 -0.0230634 -0.00051695 0.00633408 0.00325026 -0.00646724 0.00252657 -0.0133729 0.00425008
internal_weight=276.791 23.7997 21.2417 5.70413 15.5376 252.992 10.2 242.792 72.1297 66.084 39.5911 31.5431 17.0352 12.146
internal_count=2370 187 167 41 126 2183 91 2092 568 528 339 259 165 120
is_linear=0
shrinkage=0.05


Tree=155
num_leaves=15
num_cat=0
split_feature=0 10 4 1 6 3 3 2 18 6 18 5 18 3
split_gain=1.62026 3.0707 1.92345 6.13525 3.04324 2.97218 4.0504 2.3427 2.90372 1.96861 3.21564 3.8195 3.12192 3.02606
threshold=-5.6447874999999987 2.5000000000000004 -0.37782399999999994 -6.1587109999999994 -9.1480694999999983 -4.3563739999999997 -3.2447349999999995 -1.0000000180025095e-35 216.50000000000003 -8.0663599999999978 499.50000000000006 40.70950650000001 457.50000000000006 -2.7839899999999997
decision_type=2 2 2 2 2 2 2 2 2 2 2 2 2 2
left_child=1 -1 4 -4 7 -5 -7 8 -2 10 12 -12 -8 -11
right_child=2 -3 3 5 -6 6 9 -9 -10 13 11 -13 -14 -15
leaf_value=0.036771282038546245 -0.02654152735337964 -0.0064291573243913424 0.035085356886345807 0.037819407578935475 -0.066438311200960623 -0.039144392072664437 -0.0096708054173122067 -0.02800915882267789 0.017988794610883371 0.036791036851828288 -0.062604075958810471 0.0020688035221562216 0.051671044256101729 1.0821936346702482e-05
leaf_weight=8.3959595039486903 5.4482951406389573 8.0643259584903699 12.443874906748531 4.8197891823947421 2.4246853198856106 7.053191550076007 12.503940374590458 9.2583484631031734 11.158735703676937 5.775479555130004 5.6935038790106756 3.8111875131726265 2.4866900369524947 176.30248296819627
leaf_count=63 54 65 94 31 32 63 126 79 79 36 43 27 13 1542
internal_value=0.000394695 0.0156063 -0.000571376 0.000936355 -0.0128768 -0.00100896 -0.00188499 -0.00785577 0.00337966 -0.000612816 -0.0139204 -0.0366716 0.000504762 0.00117748
internal_weight=275.64 16.4603 259.18 230.89 28.2901 218.446 213.626 25.8654 16.607 206.573 24.4953 9.50469 14.9906 182.078
internal_count=2347 128 2219 1975 244 1881 1850 212 133 1787 209 70 139 1578
is_linear=0
shrinkage=0.05


Tree=156
num_leaves=15
num_cat=0
split_feature=6 16 2 6 0 0 2 16 16 16 2 16 1 16
split_gain=1.0524 3.52344 3.87828 3.15701 3.01343 2.54603 2.46557 1.83134 1.79757 4.59926 1.76865 3.42685 5.01856 4.21148
threshold=-2.6064839999999996 243.50000000000003 10.707893 -2.8213814999999998 3.2703245000000005 1.1795380000000002 29.157798500000002 460.50000000000006 877.50000000000011 837.50000000000011 0.76181300000000018 246.50000000000003 7.470901500000001 424.50000000000006
decision_type=2 2 2 2 2 2 2 2 2 2 2 2 2 2
left_child=3 -2 5 8 -5 7 -4 -3 9 10 -1 12 -12 -13
right_child=1 2 6 4 -6 -7 -8 -9 -10 -11 11 13 -14 -15
leaf_value=0.0043527314215535953 -0.038337519987661293 -0.0091011857141741741 -0.027500130208265184 -0.052395348699266278 0.016562096163625504 0.059069061382671068 0.031657968680575153 0.054632904416494814 -0.031890943874096626 0.047973000284957289 0.028771237341341762 -0.028390107261503858 -0.026852252065080719 -0.0025651338544408937
leaf_weight=126.78451333194971 3.1028563771396902 3.4683828912675398 5.2899805577471843 5.3377685435116282 2.2530274204909801 6.2800303343683481 2.6403868813067675 1.6697046244516967 4.1300529278814784 5.1816358827054492 15.186384005472066 20.711387487128377 5.5323751904070368 66.39529369212687
leaf_count=985 69 38 56 60 13 63 40 28 50 61 137 207 46 500
internal_value=0.000752647 0.0111249 0.019057 -0.000173232 -0.0319281 0.0377129 -0.00780366 0.0116102 0.000814972 0.00137828 0.000349184 -0.00435831 0.0139185 -0.00870555
internal_weight=273.964 22.4513 19.3485 251.512 7.5908 11.4181 7.93037 5.13809 243.922 239.792 234.61 107.825 20.7188 87.1067
internal_count=2353 294 225 2059 73 129 96 66 1986 1936 1875 890 183 707
is_linear=0
shrinkage=0.05


Tree=157
num_leaves=15
num_cat=0
split_feature=5 7 2 8 5 5 16 16 16 12 2 7 13 4
split_gain=1.19229 2.1476 1.67761 3.14034 1.57448 1.71378 6.10023 3.93643 3.62706 4.7397 4.5638 5.26828 3.10002 8.10687
threshold=61.281258000000008 -19.327466999999995 48.871490500000007 42.500000000000007 10.415935000000003 11.721660000000002 216.50000000000003 183.50000000000003 231.50000000000003 1.5999040000000002 26.972924000000003 -6.556462999999999 10.019063000000001 -0.6730894999999999
decision_type=2 2 2 2 2 2 2 2 2 2 2 2 2 2
left_child=2 -2 4 -4 -1 6 7 -6 9 10 11 12 -7 -14
right_child=1 -3 3 -5 5 8 -8 -9 -10 -11 -12 -13 13 -15
leaf_value=-0.051886809617607103 0.042443740480097414 -0.025102553094300619 0.082870419814991381 -0.012694236999262629 -0.00086606294201564823 -0.03137424965950774 -0.050107182446921583 0.079883018504871686 0.0015551657236226044 -0.051240864545041447 0.06346284055948842 0.031106807304142649 -0.030349485718648025 0.071838110075618966
leaf_weight=1.4935219902545203 4.054084618575871 1.6580456234514702 1.6967101953923696 1.7425003387033937 2.5500128958374244 19.657730272039771 2.1865535024553537 3.6979921758174896 213.33651249762625 7.2295297123491755 2.1661111786961547 6.0190445110201862 5.6783751435577869 2.9487597569823247
leaf_count=48 38 29 11 31 35 260 32 19 1628 98 14 52 56 17
internal_value=0.000231269 0.0228372 -0.00024627 0.0344519 -0.000693275 -0.000405264 0.0217719 0.0469267 -0.001133 -0.0142563 -0.00692482 -0.0113694 -0.0204084 0.00457829
internal_weight=276.115 5.71213 270.403 3.43921 266.964 265.471 8.43456 6.24801 257.036 43.6996 36.47 34.3039 28.2849 8.62713
internal_count=2368 67 2301 42 2259 2211 86 54 2125 497 399 385 333 73
is_linear=0
shrinkage=0.05


Tree=158
num_leaves=15
num_cat=0
split_feature=4 13 17 7 7 7 10 13 7 7 12 16 16 6
split_gain=1.23665 1.27307 2.02895 2.51845 2.00522 2.18975 2.07861 1.89104 1.70908 4.29236 3.32034 4.62319 3.20436 2.94165
threshold=-1.1119419999999998 15.759381500000002 -13.898823999999999 -32.354953999999992 -26.633228999999996 -25.545219999999997 1.0000000180025095e-35 11.961474500000003 -18.846248999999997 -18.292418999999999 1.3801125000000003 517.50000000000011 243.50000000000003 -13.160831
decision_type=2 2 2 2 2 2 2 2 2 2 2 2 2 2
left_child=-1 2 -2 -4 -5 6 -6 8 10 -10 12 -12 -7 -11
right_child=1 -3 3 4 5 7 -8 -9 9 13 11 -13 -14 -15
leaf_value=0.039627740146732982 0.043594524898358793 -0.033464906913524224 -0.044490240438096143 0.031353659346446176 -0.041984050164609772 -0.014787700077762703 0.0024495840336701616 0.04494511154013589 -0.053241318773145301 -0.061960818986095303 0.039045613354537767 -0.034635917005607302 0.047495488679166982 -3.2736313361029724e-05
leaf_weight=1.9205333609133948 2.6095761284232131 2.9213164523243895 3.2446872293949118 4.949998619966208 6.1209010444581491 2.7437508329749134 4.6176436096429825 2.3375179544091216 3.9378784671425811 1.9345465302467335 3.3041091673076135 5.9857696909457445 8.3490031510591489 218.73297159932554
leaf_count=19 23 30 25 41 38 30 27 17 39 29 23 39 62 1915
internal_value=-0.000353246 -0.000635762 -0.000279066 -0.000709066 -0.000168958 -0.000773602 -0.0228773 0.000186112 -0.00024095 -0.001499 0.0136221 -0.00842978 0.03209 -0.000575647
internal_weight=273.71 271.79 268.868 266.259 263.014 258.064 10.7385 247.326 244.988 224.605 20.3826 9.28988 11.0928 220.668
internal_count=2357 2338 2308 2285 2260 2219 65 2154 2137 1983 154 62 92 1944
is_linear=0
shrinkage=0.05


Tree=159
num_leaves=15
num_cat=0
split_feature=0 10 8 5 5 6 3 7 1 18 18 18 7 18
split_gain=1.06066 1.57518 1.89929 1.32143 2.31631 3.80572 4.76509 4.90785 4.40191 3.24454 8.50918 4.32874 5.52801 5.90412
threshold=-5.6447874999999987 2.5000000000000004 57.500000000000007 32.137669500000008 30.861102500000005 -7.4960949999999995 -4.1080299999999994 -17.583693999999998 -6.1587109999999994 505.50000000000006 547.50000000000011 475.50000000000006 -3.9591564999999993 406.50000000000006
decision_type=2 2 2 2 2 2 2 2 2 2 2 2 2 2
left_child=1 2 -1 4 5 6 -2 -8 -7 11 -11 12 13 -10
right_child=3 -3 -4 -5 -6 8 7 -9 9 10 -12 -13 -14 -15
leaf_value=0.045329339345439229 0.0073997430896211754 -0.0036825461717486761 -0.0056419845984778576 -0.0075031383664991127 0.024265802330009037 0.048737866059879058 0.019997562239797539 -0.045342279872718425 -0.00067809409987046733 0.063744463138327809 0.0036554403935781864 -0.052396057255799169 0.060912687249150721 -0.047430083978766281
leaf_weight=5.2795327324420231 12.474673926830294 7.9358073137700549 2.7951953504234552 61.857295374386013 10.041046500205992 5.039611915126442 3.566911373287442 14.7925130110234 72.88354660756886 6.5591389164328566 57.895685005933046 4.5657712593674651 3.3111908063292494 7.4425554433837524
leaf_count=38 101 64 25 551 70 37 27 150 652 41 484 43 27 76
internal_value=-0.000353887 0.0121372 0.0276848 -0.00112181 0.00086604 -0.000380213 -0.0164457 -0.0326479 0.00276101 0.00124321 0.0097703 -0.00498801 -0.0024 -0.00500987
internal_weight=276.44 16.0105 8.07473 260.43 198.573 188.532 30.8341 18.3594 157.697 152.658 64.4548 88.2031 83.6373 80.3261
internal_count=2386 127 63 2259 1708 1638 278 177 1360 1323 525 798 755 728
is_linear=0
shrinkage=0.05


end of trees

feature_importances:
navSampleSize=544
maxDrawdown60d=382
return60d=234
maxDrawdown20d=232
volatility20d=218
trendSlope20d=121
lossDayRatio20d=103
ma20Deviation=101
return5d=96
return20d=78
holdingDays=44
lossPressure=35
profitBuffer=32
consecutiveDownDays=15
consecutiveUpDays=4
holdingProfitRate=1

parameters:
[boosting: gbdt]
[objective: binary]
[metric: auc]
[tree_learner: serial]
[device_type: cpu]
[data_sample_strategy: bagging]
[data: ]
[valid: ]
[num_iterations: 160]
[learning_rate: 0.05]
[num_leaves: 15]
[num_threads: 8]
[seed: 0]
[deterministic: 0]
[force_col_wise: 0]
[force_row_wise: 0]
[histogram_pool_size: -1]
[max_depth: -1]
[min_data_in_leaf: 20]
[min_sum_hessian_in_leaf: 0.001]
[bagging_fraction: 0.9]
[pos_bagging_fraction: 1]
[neg_bagging_fraction: 1]
[bagging_freq: 1]
[bagging_seed: 3]
[bagging_by_query: 0]
[feature_fraction: 0.9]
[feature_fraction_bynode: 1]
[feature_fraction_seed: 2]
[extra_trees: 0]
[extra_seed: 6]
[early_stopping_round: 0]
[early_stopping_min_delta: 0]
[first_metric_only: 0]
[max_delta_step: 0]
[lambda_l1: 0]
[lambda_l2: 0]
[linear_lambda: 0]
[min_gain_to_split: 0]
[drop_rate: 0.1]
[max_drop: 50]
[skip_drop: 0.5]
[xgboost_dart_mode: 0]
[uniform_drop: 0]
[drop_seed: 4]
[top_rate: 0.2]
[other_rate: 0.1]
[min_data_per_group: 100]
[max_cat_threshold: 32]
[cat_l2: 10]
[cat_smooth: 10]
[max_cat_to_onehot: 4]
[top_k: 20]
[monotone_constraints: ]
[monotone_constraints_method: basic]
[monotone_penalty: 0]
[feature_contri: ]
[forcedsplits_filename: ]
[refit_decay_rate: 0.9]
[cegb_tradeoff: 1]
[cegb_penalty_split: 0]
[cegb_penalty_feature_lazy: ]
[cegb_penalty_feature_coupled: ]
[path_smooth: 0]
[interaction_constraints: ]
[verbosity: -1]
[saved_feature_importance_type: 0]
[use_quantized_grad: 0]
[num_grad_quant_bins: 4]
[quant_train_renew_leaf: 0]
[stochastic_rounding: 1]
[linear_tree: 0]
[max_bin: 255]
[max_bin_by_feature: ]
[min_data_in_bin: 3]
[bin_construct_sample_cnt: 200000]
[data_random_seed: 1]
[is_enable_sparse: 1]
[enable_bundle: 1]
[use_missing: 1]
[zero_as_missing: 0]
[feature_pre_filter: 1]
[pre_partition: 0]
[two_round: 0]
[header: 0]
[label_column: ]
[weight_column: ]
[group_column: ]
[ignore_column: ]
[categorical_feature: ]
[forcedbins_filename: ]
[precise_float_parser: 0]
[parser_config_file: ]
[objective_seed: 5]
[num_class: 1]
[is_unbalance: 0]
[scale_pos_weight: 1]
[sigmoid: 1]
[boost_from_average: 1]
[reg_sqrt: 0]
[alpha: 0.9]
[fair_c: 1]
[poisson_max_delta_step: 0.7]
[tweedie_variance_power: 1.5]
[lambdarank_truncation_level: 30]
[lambdarank_norm: 1]
[label_gain: ]
[lambdarank_position_bias_regularization: 0]
[eval_at: ]
[multi_error_top_k: 1]
[auc_mu_weights: ]
[num_machines: 1]
[local_listen_port: 12400]
[time_out: 120]
[machine_list_filename: ]
[machines: ]
[gpu_platform_id: -1]
[gpu_device_id: -1]
[gpu_use_dp: 0]
[num_gpu: 1]

end of parameters

pandas_categorical:[]
