tree
version=v4
num_class=1
num_tree_per_iteration=1
label_index=0
max_feature_idx=18
objective=regression
feature_names=return5d return20d return60d ma20Deviation trendSlope20d volatility20d maxDrawdown20d maxDrawdown60d lossDayRatio20d consecutiveUpDays consecutiveDownDays positionToSingleLimit profitBuffer lossPressure themeRate estimateGrowthRate navSampleSize holdingProfitRate holdingDays
feature_infos=[-18.602474999999998:35.835351000000003] [-25.483103:47.490637] [-34.982695:106.18034400000001] [-20.443919999999999:35.679302999999997] [-1.282003:2.0631849999999998] [8.2914999999999992:84.913120000000006] [-26.317771:-0.68485600000000002] [-39.054544999999997:-1.0902670000000001] [15:75] [0:9] [0:8] none [0:47.490637] [0:25.483103] none none [20:932] [-25.483103:47.490637] [20:932]
tree_sizes=1353 1402 1385 1405 1380 1402 1405 1400 1401 1403 1400 1412 1411 1394 1395 1402 1403 1404 1414 1400 1415 1394 1406 1403 1418 1412 1422 1416 1414 1406 1417 1426 1413 1405 1407 1409 1423 1420 1418 1389 1412 1410 1412 1425 1400 1418 1416 1406 1402 1418 1412 1417 1398 1425 1418 1405 1415 1419 1391 1431 1410 1425 1430 1422 1407 1422 1407 1421 1404 1417 1415 1427 1441 1430 1438 1417 1423 1403 1389 1439 1407 1409 1423 1413 1412 1409 1437 1423 1409 1428 1404 1427 1416 1404 1421 1407 1440 1416 1430 1427 1418 1421 1419 1410 1425 1399 1412 1421 1422 1427 1408 1431 1418 1417 1432 1431 1425 1414 1423 1406 1418 1422 1409 1416 1414 1422 1439 1409 1401 1418 1431 1407 1420 1424 1409 1408 1424 1433 1423 1431 1409 1426 1429 1414 1420 1400 1415 1414 1410 1410 1427 1422 1403 1401 1422 1416 1430 1409 1426 1414

Tree=0
num_leaves=15
num_cat=0
split_feature=7 16 16 2 6 2 7 16 6 6 7 2 16 7
split_gain=9533.65 14396.9 13936.3 5933.05 7315.27 3969.32 5161.19 5015.77 4824.62 3923.35 3127.69 2980.47 2470.39 2185.03
threshold=-24.464679999999998 225.50000000000003 89.500000000000014 35.873079000000011 -2.6064839999999996 8.8535505000000025 -3.6658359999999997 541.50000000000011 -6.8924969999999997 -14.111805499999997 -4.5191724999999989 1.0000000180025095e-35 213.50000000000003 -20.103445499999996
decision_type=2 2 2 2 2 2 2 2 2 2 2 2 2 2
left_child=2 9 -1 5 10 7 -7 13 11 -2 -5 -9 -4 -3
right_child=1 3 12 4 -6 6 -8 8 -10 -11 -12 -13 -14 -15
leaf_value=3.3203524736411532 1.0350129826608563 2.2367535903968281 2.3394269924773368 1.7575275785843418 3.0124135641105134 1.6807287010960636 2.3245469211296488 2.0504951154618438 2.1648565877654273 1.5827853018967435 2.3473889621964181 1.5297515179783066 1.8898051915358449 1.7766938015974743
leaf_weight=22 35 27 39 55 22 549 33 50 233 495 38 61 141 585
leaf_count=22 35 27 39 55 22 549 33 50 233 495 38 61 141 585
internal_value=1.80379 1.77338 2.13242 1.84608 2.1925 1.82018 1.71723 1.88286 2.03561 1.54661 1.99855 1.76432 1.98722 1.79699
internal_weight=2385 2183 202 1653 115 1538 582 956 344 530 93 111 180 612
internal_count=2385 2183 202 1653 115 1538 582 956 344 530 93 111 180 612
is_linear=0
shrinkage=1


Tree=1
num_leaves=15
num_cat=0
split_feature=16 7 2 6 2 7 16 5 2 4 2 7 5 4
split_gain=9253.96 17515.2 5476.83 6567.59 3335.12 4723.77 4094.5 5782.19 3070.04 2599.76 2580.52 2439.82 2410.53 3528.72
threshold=186.50000000000003 -24.464679999999998 37.363762500000007 -2.7565659999999998 6.6265090000000013 -3.6658359999999997 481.50000000000006 21.494803000000005 -14.860059499999998 0.60796900000000009 26.972924000000003 -4.5191724999999989 22.831983500000003 0.37612450000000003
decision_type=2 2 2 2 2 2 2 2 2 2 2 2 2 2
left_child=1 -1 4 11 6 -6 8 -8 -2 -10 12 -4 -3 -14
right_child=2 10 3 -5 5 -7 7 -9 9 -11 -12 -13 13 -15
leaf_value=1.2121835331122082 0.29320747666969532 -0.20596101838466901 -0.0083407721519470224 1.2203829261660577 -0.085193652570402872 0.48810138514167384 0.48435066190763165 0.085525029081086446 -0.060385877135223587 0.39681458978941953 0.12784378701134733 0.55076787103898828 -0.5495336604980684 0.16210989566519857
leaf_weight=21 82 246 50 20 660 38 130 302 538 33 38 32 135 20
leaf_count=21 82 246 50 20 660 38 130 302 538 33 38 32 135 20
internal_value=0.00259375 -0.198472 0.0516603 0.407992 0.0312756 -0.0539827 0.0861239 0.205542 0.00712143 -0.0339627 -0.265953 0.209848 -0.30327 -0.457709
internal_weight=2345 460 1885 102 1783 698 1085 432 653 571 439 82 401 155
internal_count=2345 460 1885 102 1783 698 1085 432 653 571 439 82 401 155
is_linear=0
shrinkage=0.05


Tree=2
num_leaves=15
num_cat=0
split_feature=18 7 2 18 2 7 18 5 5 2 5 18 7 7
split_gain=7749.19 18604.5 3862.89 4555.85 3472.59 4651.57 3612.01 5559.76 3094.82 2581.65 2306.92 2640.04 2239.27 5412.01
threshold=183.50000000000003 -23.941125499999995 37.363762500000007 309.50000000000006 8.8535505000000025 -3.6658359999999997 490.50000000000006 21.494803000000005 47.575063500000006 26.972924000000003 22.831983500000003 162.50000000000003 -8.9238344999999981 -11.788986
decision_type=2 2 2 2 2 2 2 2 2 2 2 2 2 2
left_child=1 -1 4 -4 6 -6 8 12 -2 10 -3 -12 13 -8
right_child=2 9 3 -5 5 -7 7 -9 -10 -11 11 -13 -14 -15
leaf_value=1.2308946696872063 -0.02093971020809722 -0.20438138642377213 0.83861995637416842 0.11341623461235371 -0.10687622256593882 0.46458682198273515 0.33976701305946339 0.061697614170760841 0.39840191932434732 0.12768206466466955 -0.33216778222437299 -0.82097469906549192 0.21279200701456935 1.1952152010196677
leaf_weight=22 689 242 32 67 566 38 64 323 47 39 109 37 72 26
leaf_count=22 689 242 32 67 566 38 64 323 47 39 109 37 72 26
internal_value=-7.92793e-06 -0.187045 0.0436406 0.347826 0.0271396 -0.0709232 0.075649 0.181588 0.0058389 -0.260101 -0.299079 -0.456044 0.420628 0.586896
internal_weight=2373 449 1924 99 1825 604 1221 485 736 427 388 146 162 90
internal_count=2373 449 1924 99 1825 604 1221 485 736 427 388 146 162 90
is_linear=0
shrinkage=0.05


Tree=3
num_leaves=15
num_cat=0
split_feature=7 16 16 6 2 16 6 7 2 16 5 2 6 5
split_gain=7080.88 11618 11066.3 4848.89 6314.68 3604.44 3408.71 2923.44 3944 2566.26 3216.26 2202.93 1970.47 1936.85
threshold=-24.464679999999998 225.50000000000003 198.50000000000003 -2.6064839999999996 35.873079000000011 610.50000000000011 -14.111805499999997 -5.0636754999999996 6.6265090000000013 541.50000000000011 20.808717000000005 32.607265500000004 -5.0822129999999994 58.054240500000006
decision_type=2 2 2 2 2 2 2 2 2 2 2 2 2 2
left_child=2 6 -1 7 5 -5 -2 8 9 12 -11 -9 -3 -4
right_child=1 3 13 4 -6 -7 -8 11 -10 10 -12 -13 -14 -15
leaf_value=1.0667197992672792 -0.67468268379569052 0.062441990316154307 0.0040786911960409471 -0.035907612891698429 1.0546436909078198 0.3697888354437614 -0.19422943540207172 0.09592791896196097 -0.12317189147376884 0.53531907936030965 0.090732682940683207 0.51365019711000581 -0.15224007639733161 0.3923289160836827
leaf_weight=37 40 318 119 110 22 109 479 127 543 53 175 42 161 44
leaf_count=37 40 318 119 110 22 109 479 127 543 53 175 42 161 44
internal_value=0.00135453 -0.0247793 0.286082 0.0397766 0.247134 0.166014 -0.231259 0.00455944 -0.021829 0.0560057 0.19408 0.199741 -0.00971628 0.108882
internal_weight=2379 2179 200 1660 241 219 519 1419 1250 707 228 169 479 163
internal_count=2379 2179 200 1660 241 219 519 1419 1250 707 228 169 479 163
is_linear=0
shrinkage=0.05


Tree=4
num_leaves=15
num_cat=0
split_feature=16 7 2 6 2 7 16 5 2 2 7 7 5 16
split_gain=6447.75 16754 3702.07 4758.97 2642.22 3795.85 2946.44 4681.82 2516.7 2311.15 2122.56 5202.81 2027.67 2681.47
threshold=186.50000000000003 -24.464679999999998 37.363762500000007 -2.7565659999999998 8.8535505000000025 -3.6658359999999997 484.50000000000006 21.494803000000005 -14.860059499999998 26.972924000000003 -8.9238344999999981 -11.788986 22.831983500000003 159.50000000000003
decision_type=2 2 2 2 2 2 2 2 2 2 2 2 2 2
left_child=1 -1 4 -4 6 -6 8 10 -2 12 11 -8 -3 -14
right_child=2 9 3 -5 5 -7 7 -9 -10 -11 -12 -13 13 -15
leaf_value=1.0986160418987276 0.26677771759469338 -0.18162079763521133 0.16699330004056295 1.0350393618643285 -0.088386687969343847 0.42787163822274465 0.2912654048717413 0.058640859634042142 -0.028026554683670948 0.13626788801107653 0.18652199297403432 1.1145309314131737 -0.26999274092970543 -0.72575102575281836
leaf_weight=25 82 258 75 20 565 38 61 333 618 39 73 28 103 47
leaf_count=25 82 258 75 20 565 38 61 333 618 39 73 28 103 47
internal_value=0.00432177 -0.161012 0.0455461 0.34974 0.0294736 -0.055853 0.0725296 0.165894 0.00650766 -0.231461 0.386359 0.55027 -0.266612 -0.412797
internal_weight=2365 472 1893 95 1798 603 1195 495 700 447 162 89 408 150
internal_count=2365 472 1893 95 1798 603 1195 495 700 447 162 89 408 150
is_linear=0
shrinkage=0.05


Tree=5
num_leaves=15
num_cat=0
split_feature=4 7 16 16 16 7 2 16 5 6 7 2 5 7
split_gain=5484.7 6288.18 9191.3 7769.1 5261.02 4720.12 4223.11 3284.39 3368.75 2917.46 2728.74 2265.97 2045.45 1694.54
threshold=0.46237650000000002 -24.464679999999998 198.50000000000003 261.50000000000006 303.50000000000006 -11.670829499999998 6.6265090000000013 541.50000000000011 21.494803000000005 -14.111805499999997 -4.5191724999999989 0.38060550000000004 31.374794500000004 -11.346329999999998
decision_type=2 2 2 2 2 2 2 2 2 2 2 2 2 2
left_child=1 2 -1 9 5 -2 7 -5 -9 -3 -6 -10 -8 -7
right_child=4 3 -4 6 10 13 12 8 11 -11 -12 -13 -14 -15
leaf_value=1.0507648436228434 0.17811902462468521 -0.61876170489846205 0.083862976904835226 0.0033762265305487052 -0.046939255133980798 1.1020033419132234 -0.040190272633370577 0.43051692498858057 0.23013614933303694 -0.18149323256731581 0.31353251742465155 -0.15558335052191979 -0.26817694825195049 0.5340279228728394
leaf_weight=30 77 41 136 451 210 24 349 114 94 548 70 64 137 29
leaf_count=30 77 41 136 451 210 24 349 114 94 548 70 64 137 29
internal_value=-0.00111571 -0.0358395 0.258604 -0.063024 0.16522 0.428077 0.00952062 0.086137 0.223362 -0.211931 0.0431787 0.0738953 -0.104458 0.791224
internal_weight=2374 1964 166 1798 410 130 1209 723 272 589 280 158 486 53
internal_count=2374 1964 166 1798 410 130 1209 723 272 589 280 158 486 53
is_linear=0
shrinkage=0.05


Tree=6
num_leaves=15
num_cat=0
split_feature=16 7 2 6 7 2 16 5 7 5 2 5 16 16
split_gain=4860.08 14275.2 3309.7 4836.34 2630.78 2358.89 2743.09 3896.59 2402.47 2048.59 1935.62 1828.08 2138.08 1790.25
threshold=186.50000000000003 -23.941125499999995 34.978512500000008 -2.5795659999999994 -4.5191724999999989 8.8535505000000025 490.50000000000006 21.818471500000005 -3.6658359999999997 49.534786500000003 26.972924000000003 22.831983500000003 162.50000000000003 291.50000000000006
decision_type=2 2 2 2 2 2 2 2 2 2 2 2 2 2
left_child=1 -1 5 4 -4 6 9 -8 13 -2 11 -3 -13 -7
right_child=2 10 3 -5 -6 8 7 -9 -10 -11 -12 12 -14 -15
leaf_value=0.99242590768979155 -0.02076857862089173 -0.1643801611644794 -0.064567751173050178 0.95760452368042692 0.45166169069707396 0.21442540811167823 0.34655252710252471 0.04557287782740576 0.39545324820059319 0.36091590096821657 0.14254994188036238 -0.27424815136451869 -0.71517907928776103 -0.11477628931059017
leaf_weight=26 705 253 62 22 41 45 167 302 27 37 35 107 37 502
leaf_count=26 705 253 62 22 41 45 167 302 27 37 35 107 37 502
internal_value=0.000860725 -0.145419 0.0359373 0.284658 0.140922 0.0185199 0.0580919 0.152745 -0.0649674 -0.00173579 -0.213901 -0.245326 -0.387543 -0.0876939
internal_weight=2368 458 1910 125 103 1785 1211 469 574 742 432 397 144 547
internal_count=2368 458 1910 125 103 1785 1211 469 574 742 432 397 144 547
is_linear=0
shrinkage=0.05


Tree=7
num_leaves=15
num_cat=0
split_feature=16 7 2 16 16 5 2 2 2 5 4 2 16 1
split_gain=4410.51 12343.3 2675.8 3664.94 2129.46 7425.6 3922.01 2744.67 1769.69 1642.06 2383.21 1410.15 1845.6 3060.34
threshold=186.50000000000003 -24.464679999999998 37.363762500000007 309.50000000000006 601.50000000000011 21.818471500000005 -4.403154999999999 -14.860059499999998 26.972924000000003 22.831983500000003 0.32576400000000005 9.8918605000000017 297.50000000000006 6.1260415000000004
decision_type=2 2 2 2 2 2 2 2 2 2 2 2 2 2
left_child=1 -1 4 -4 7 6 -6 -2 9 -3 -11 -9 13 -13
right_child=2 8 3 -5 5 -7 -8 11 -10 10 -12 12 -14 -15
leaf_value=1.0157074404033748 0.22098069682894717 -0.15266699540324538 0.72324747927486899 0.072805145300869178 0.90772469377517706 -0.045073708096873666 0.24420017158808346 -0.016085814580455157 0.11190706590811413 -0.43872723275079184 0.14755903918296098 -0.26934968864633924 -0.21602949544345029 0.59486589843407278
leaf_weight=22 105 259 32 67 25 373 204 835 42 130 20 21 200 20
leaf_count=22 105 259 32 67 25 373 204 835 42 130 20 21 200 20
internal_value=-0.00426868 -0.140758 0.0300349 0.283049 0.0159865 0.0925207 0.316637 -0.0230259 -0.197171 -0.22891 -0.360556 -0.046837 -0.153381 0.152219
internal_weight=2355 473 1882 99 1783 602 229 1181 451 409 150 1076 241 41
internal_count=2355 473 1882 99 1783 602 229 1181 451 409 150 1076 241 41
is_linear=0
shrinkage=0.05


Tree=8
num_leaves=15
num_cat=0
split_feature=16 7 2 16 2 6 6 16 16 5 2 5 2 5
split_gain=4166.34 12408.8 2653.18 3126.15 2023.14 2588.05 2955 2314.83 2121.46 4453.96 2523.48 1936.93 1623.69 1739.59
threshold=186.50000000000003 -23.359291499999994 37.363762500000007 309.50000000000006 6.6265090000000013 -4.6736219999999991 -4.3376024999999991 601.50000000000011 601.50000000000011 22.134738500000001 -4.403154999999999 58.054240500000006 26.972924000000003 22.831983500000003
decision_type=2 2 2 2 2 2 2 2 2 2 2 2 2 2
left_child=1 -1 4 -4 8 -6 -7 -8 11 10 -10 -2 13 -3
right_child=2 12 3 -5 5 6 7 -9 9 -11 -12 -13 -14 -15
leaf_value=0.83504174082509941 0.010350114513158377 -0.15181167962923575 0.69170165713876486 0.089501747579285598 -0.14991667951540966 0.47326828166842461 -0.14351322143249642 0.11952732036608225 0.8623384742736816 -0.0047880950399249904 0.29449638605945644 0.44860020554982705 0.10880321050301577 -0.36718724799942071
leaf_weight=31 832 262 32 66 328 36 157 179 25 136 90 26 39 146
leaf_count=31 832 262 32 66 328 36 157 179 25 136 90 26 39 146
internal_value=-0.000334236 -0.132331 0.0327516 0.286138 0.0190247 -0.0475303 0.0427459 -0.0033815 0.0610341 0.188892 0.41794 0.0236304 -0.19942 -0.228882
internal_weight=2385 478 1907 98 1809 700 372 336 1109 251 115 858 447 408
internal_count=2385 478 1907 98 1809 700 372 336 1109 251 115 858 447 408
is_linear=0
shrinkage=0.05


Tree=9
num_leaves=15
num_cat=0
split_feature=16 7 2 6 2 7 7 16 5 16 2 7 2 5
split_gain=3941.84 10159.5 2355.75 3475.51 2417.19 2325.87 1993.26 1613.58 4168.63 2602.2 1854.19 1836.36 1499.62 1471.75
threshold=186.50000000000003 -23.359291499999994 34.684217000000011 -2.5795659999999994 8.8535505000000025 -4.5191724999999989 -3.6658359999999997 613.50000000000011 22.393342000000001 760.50000000000011 -14.860059499999998 -4.9005624999999986 30.061026500000001 22.671966500000003
decision_type=2 2 2 2 2 2 2 2 2 2 2 2 2 2
left_child=1 -1 4 5 7 -4 -6 10 9 11 -2 -9 13 -3
right_child=2 12 3 -5 6 -7 -8 8 -10 -11 -12 -13 -14 -15
leaf_value=0.77817397477297945 0.22789086672620706 -0.14193243244922613 -0.056665494840811285 0.81245358965613623 -0.086445388199112891 0.41657247825392657 0.36181691793295057 0.84901455408997006 -0.0069703268212421487 0.15941078261161845 0.0039934686563905704 0.26918527287515731 0.13025165796279908 -0.34072755783343234
leaf_weight=29 104 251 68 22 537 42 26 36 150 60 834 22 34 148
leaf_count=29 104 251 68 22 537 42 26 36 150 60 834 22 34 148
internal_value=0.00316658 -0.127829 0.0350025 0.238763 0.0197982 0.124025 -0.0657441 0.0597321 0.167932 0.390265 0.0288179 0.629079 -0.188508 -0.215671
internal_weight=2363 462 1901 132 1769 110 563 1206 268 118 938 58 433 399
internal_count=2363 462 1901 132 1769 110 563 1206 268 118 938 58 433 399
is_linear=0
shrinkage=0.05


Tree=10
num_leaves=15
num_cat=0
split_feature=4 2 18 18 18 7 2 6 6 8 5 5 18 7
split_gain=4033.84 4143.29 4867.2 4496.67 3865.95 4078.74 2579.8 2152.33 2119.62 1918.39 1610.62 1526.63 3945.08 3549.11
threshold=0.46237650000000002 -14.860059499999998 267.50000000000006 168.50000000000003 306.50000000000006 -11.670829499999998 8.8535505000000025 -14.678177999999997 -14.111805499999997 42.500000000000007 22.134738500000001 21.628885000000004 398.50000000000006 -8.9238344999999981
decision_type=2 2 2 2 2 2 2 2 2 2 2 2 2 2
left_child=1 3 8 -1 5 9 11 -5 -3 -2 -6 12 -4 -14
right_child=4 2 6 7 10 -7 -8 -9 -10 -11 -12 -13 13 -15
leaf_value=0.88552862459963022 -0.13339324298461802 -0.5606446093682087 -0.063174309063005765 0.36557707105576998 0.25832955506112842 0.66935344924529394 -0.0975648961878606 -0.056816763358533778 -0.14752127767921916 0.36270053055137397 -0.028994519064737552 -0.008692730173944882 0.49094547107815745 0.097360408313664229
leaf_weight=22 38 33 163 50 63 60 407 76 525 40 216 438 96 142
leaf_count=22 38 33 163 50 63 60 407 76 525 40 216 438 96 142
internal_value=0.0017927 -0.0283634 -0.0492282 0.225962 0.142955 0.359422 0.0057321 0.1108 -0.171953 0.121014 0.0358851 0.0558416 0.126331 0.256117
internal_weight=2369 1952 1804 148 417 138 1246 126 558 78 279 839 401 238
internal_count=2369 1952 1804 148 417 138 1246 126 558 78 279 839 401 238
is_linear=0
shrinkage=0.05


Tree=11
num_leaves=15
num_cat=0
split_feature=7 16 16 6 2 6 16 7 7 7 16 1 5 16
split_gain=3472.4 5777.95 5338.08 2194.2 3098.03 2144.59 2051.58 1989.57 1594.27 2511.98 3239.08 5715.24 2461.4 5562.33
threshold=-24.464679999999998 228.50000000000003 198.50000000000003 -2.6064839999999996 35.873079000000011 -14.111805499999997 610.50000000000011 -20.103445499999996 -4.9005624999999986 -8.9238344999999981 279.50000000000006 6.356777000000001 20.864860000000004 402.50000000000006
decision_type=2 2 2 2 2 2 2 2 2 2 2 2 2 2
left_child=2 5 -1 7 6 -2 -5 -3 9 10 11 -9 13 -12
right_child=1 3 -4 4 -6 -7 -8 8 -10 -11 12 -13 -14 -15
leaf_value=0.74284870334573705 -0.51807117813672776 0.28516162768250608 0.077601859857973882 -0.038383032794479494 0.76742999076843266 -0.13270719320988311 0.2749567119241918 -0.037345026745911572 0.14120518613315655 -0.13569477675533523 -0.054237011386810446 1.016393489187414 -0.048409081658628297 0.58882145951941334
leaf_weight=37 39 61 163 106 20 486 103 31 160 366 92 22 609 53
leaf_count=37 39 61 163 106 20 486 103 31 160 366 92 22 609 53
internal_value=0.0014044 -0.0171494 0.200673 0.0294908 0.172928 -0.161334 0.116038 0.00592752 -0.00685063 -0.0270458 0.0222299 0.400056 -0.00432811 0.180812
internal_weight=2348 2148 200 1623 229 525 209 1394 1333 1173 807 53 754 145
internal_count=2348 2148 200 1623 229 525 209 1394 1333 1173 807 53 754 145
is_linear=0
shrinkage=0.05


Tree=12
num_leaves=15
num_cat=0
split_feature=7 16 16 16 4 7 2 16 16 6 6 6 6 5
split_gain=2838.74 5190.83 4362.16 3135.01 7575.83 2552.15 2547.95 4262.86 1896.99 1872.07 1755.18 1847.61 1540.63 1374.36
threshold=-24.100376499999996 255.50000000000003 89.500000000000014 297.50000000000006 0.58035950000000014 -5.0636754999999996 -0.65202049999999989 643.50000000000011 740.50000000000011 -14.111805499999997 -4.2723209999999989 -5.2159194999999992 -1.0896519999999998 32.137669500000008
decision_type=2 2 2 2 2 2 2 2 2 2 2 2 2 2
left_child=2 9 -1 4 10 6 7 -5 -9 -2 11 -3 -8 -4
right_child=1 3 13 5 -6 -7 12 8 -10 -11 -12 -13 -14 -15
leaf_value=0.84324943369085137 -0.49727586567401882 0.073106825915852297 -0.098074600752443078 0.0032607882399719938 0.95825310707092282 0.1643676282795461 -0.091743209683479002 0.7172093985542175 0.20655612254684624 -0.12034497153828852 -0.18540059886006421 0.62688752464950093 0.28630522106375017 0.19420672366242919
leaf_weight=22 35 61 60 360 30 219 718 31 44 560 43 20 28 122
leaf_count=22 35 61 60 360 30 219 718 31 44 560 43 20 28 122
internal_value=-1.17707e-05 -0.0169325 0.178236 0.0311518 0.245277 0.00759805 -0.0214727 0.0747031 0.417626 -0.142517 0.0727826 0.209843 -0.0775537 0.0978502
internal_weight=2353 2149 204 1554 154 1400 1181 435 75 595 124 81 746 182
internal_count=2353 2149 204 1554 154 1400 1181 435 75 595 124 81 746 182
is_linear=0
shrinkage=0.05


Tree=13
num_leaves=15
num_cat=0
split_feature=7 16 16 8 7 6 16 16 16 2 1 5 7 7
split_gain=2600.12 5395.55 4357.22 2064.08 2554.66 1983.82 1476.33 1529.49 2267.28 1981.98 1787.39 2751.31 1558.2 4444.02
threshold=-24.100376499999996 183.50000000000003 225.50000000000003 52.500000000000007 -17.933947499999999 -14.111805499999997 900.50000000000011 730.50000000000011 755.50000000000011 37.363762500000007 15.657567000000002 49.534786500000003 -10.493961499999999 -11.788986
decision_type=2 2 2 2 2 2 2 2 2 2 2 2 2 2
left_child=1 -1 5 6 -5 -2 7 9 -9 12 -11 -12 13 -4
right_child=2 -3 3 4 -6 -7 -8 8 -10 10 11 -13 -14 -15
leaf_value=0.89326196131498925 -0.48480923059277048 0.07973317572763762 -0.01087924142439778 0.36433972247383178 -0.083365469251408503 -0.11391080419866827 -0.29426571971603804 0.63390772067583523 0.13313635790322215 -0.015384504419785958 0.8918980720368298 0.081612306386232389 -0.035604452783926023 0.39461620969991934
leaf_weight=23 39 179 234 34 507 477 28 26 173 27 22 20 471 95
leaf_count=23 39 179 234 34 507 477 28 26 173 27 22 20 471 95
internal_value=0.000841605 0.172363 -0.0152509 0.024684 -0.0552287 -0.141944 0.06413 0.0735261 0.198564 0.0448927 0.302009 0.506048 0.0227164 0.106209
internal_weight=2355 202 2153 1637 541 516 1096 1068 199 869 69 42 800 329
internal_count=2355 202 2153 1637 541 516 1096 1068 199 869 69 42 800 329
is_linear=0
shrinkage=0.05


Tree=14
num_leaves=15
num_cat=0
split_feature=2 16 16 16 1 16 5 2 1 16 2 6 6 6
split_gain=2948.77 3548.43 3254.2 3249.16 7201.87 2196.52 4426.08 2428.76 2059.53 1853.29 1443.13 1368.88 1291.1 1149.73
threshold=-14.860059499999998 258.50000000000006 171.50000000000003 306.50000000000006 10.632916000000003 601.50000000000011 22.393342000000001 -4.2742644999999992 9.5695715000000003 183.50000000000003 4.394867500000001 -2.7920989999999994 -14.111805499999997 -12.588751499999999
decision_type=2 2 2 2 2 2 2 2 2 2 2 2 2 2
left_child=2 8 -1 4 -3 -5 7 -7 12 -4 -10 -6 -2 -8
right_child=1 3 9 5 11 6 13 -9 10 -11 -12 -13 -14 -15
leaf_value=0.77506051605398008 -0.45743679942623267 0.025731097379078468 -0.30047485279765995 -0.051095709777431379 1.0369097357210906 0.69399922760919885 0.2634819496671359 0.18358645233273921 0.45276147264242178 0.2000682290097506 -0.036376352637614073 0.49711019794146227 -0.12542117502060576 -0.05893639489776184
leaf_weight=22 31 114 22 807 23 26 30 225 25 116 38 24 528 353
leaf_count=22 31 114 22 807 23 26 30 225 25 116 38 24 528 353
internal_value=0.00298328 -0.011932 0.210305 0.0274217 0.240453 0.00362013 0.0732663 0.236458 -0.11329 0.120272 0.157726 0.761267 -0.143833 -0.0336817
internal_weight=2384 2224 160 1602 161 1441 634 251 622 138 63 47 559 383
internal_count=2384 2224 160 1602 161 1441 634 251 622 138 63 47 559 383
is_linear=0
shrinkage=0.05


Tree=15
num_leaves=15
num_cat=0
split_feature=16 7 2 1 16 2 7 2 5 16 16 5 6 16
split_gain=2229.17 5318.74 1679.32 2041.16 2292.45 1677.04 1685.71 1290.86 1417.32 1667.96 1265.99 1583.8 1648.93 2794.09
threshold=186.50000000000003 -23.359291499999994 37.363762500000007 16.594507000000004 306.50000000000006 6.6265090000000013 -3.6658359999999997 26.972924000000003 22.831983500000003 162.50000000000003 484.50000000000006 21.818471500000005 -9.2475974999999995 502.50000000000006
decision_type=2 2 2 2 2 2 2 2 2 2 2 2 2 2
left_child=1 -1 5 -4 -5 10 -7 8 -3 -10 -2 -12 13 -13
right_child=2 7 3 4 -6 6 -8 -9 9 -11 11 12 -14 -15
leaf_value=0.54373802145322159 0.0064980275926185757 -0.1011558340789061 -0.0024622931480407714 0.80067797886828584 0.11654160237312317 -0.066877474776650889 0.28904312480773248 0.12615846276283266 -0.19480939333667407 -0.58188693868486507 0.25533524330826007 0.74094945430755621 -0.038933782326808622 0.082602208460742857
leaf_weight=30 668 254 50 24 25 672 35 40 104 38 139 20 186 83
leaf_count=30 668 254 50 24 25 672 35 40 104 38 139 20 186 83
internal_value=-0.00222123 -0.10023 0.0217913 0.22229 0.451629 0.0107823 -0.0492576 -0.144539 -0.171882 -0.298394 0.0495124 0.116647 0.0499422 0.210437
internal_weight=2368 466 1902 99 49 1803 707 436 396 142 1096 428 289 103
internal_count=2368 466 1902 99 49 1803 707 436 396 142 1096 428 289 103
is_linear=0
shrinkage=0.05


Tree=16
num_leaves=15
num_cat=0
split_feature=2 16 16 16 1 1 5 16 2 3 8 7 16 16
split_gain=2154.67 3105.38 2531.25 2374.24 4220.02 1932.8 1414.16 2978.82 1384.44 1349.61 1889.9 1210.98 1200.69 1157.69
threshold=-14.860059499999998 168.50000000000003 261.50000000000006 297.50000000000006 10.632916000000003 9.5695715000000003 25.784961500000005 613.50000000000011 4.394867500000001 -4.5119444999999994 52.500000000000007 -4.5191724999999989 186.50000000000003 386.50000000000006
decision_type=2 2 2 2 2 2 2 2 2 2 2 2 2 2
left_child=1 -1 5 4 -4 -2 7 13 -7 -8 11 -11 -3 -5
right_child=2 12 3 6 -6 8 9 -9 -10 10 -12 -13 -14 -15
leaf_value=0.73898311910175141 -0.13499055066943275 -0.21294750179405564 0.047785069861082718 -0.13413785143139587 0.69780838546507507 0.42787258531208394 0.14330274164676668 0.16580811305684132 -0.045763552188873291 -0.0593544633351685 -0.26411568517154405 0.27410979019156817 0.16054088439757253 0.024360164364805849
leaf_weight=21 556 27 94 183 34 27 74 298 36 445 116 29 106 311
leaf_count=21 556 27 94 183 34 27 74 298 36 445 116 29 106 311
internal_value=-0.0068744 0.173938 -0.019514 0.0139901 0.220448 -0.10525 -0.00416 0.0409591 0.157223 -0.0579768 -0.083222 -0.0389526 0.0847199 -0.0343547
internal_weight=2357 154 2203 1584 128 619 1456 792 63 664 590 474 133 494
internal_count=2357 154 2203 1584 128 619 1456 792 63 664 590 474 133 494
is_linear=0
shrinkage=0.05


Tree=17
num_leaves=15
num_cat=0
split_feature=16 7 5 7 7 5 16 5 16 1 16 2 4 16
split_gain=1848.78 4094.61 1197.63 1315.58 2327.88 1870.69 1667.06 3081.9 2379.14 1911.68 1473.01 2069.45 1452.03 1204.34
threshold=186.50000000000003 -23.359291499999994 59.299730000000004 -5.2088734999999993 -9.1463144999999972 24.945697500000005 640.50000000000011 22.393342000000001 740.50000000000011 23.510927500000005 780.50000000000011 20.147761500000005 0.74530550000000007 720.50000000000011
decision_type=2 2 2 2 2 2 2 2 2 2 2 2 2 2
left_child=1 -1 3 4 6 -6 9 8 -8 -2 11 -9 13 -7
right_child=2 -3 -4 -5 5 12 7 10 -10 -11 -12 -13 -14 -15
leaf_value=0.48709276064202706 -0.0051854868670636548 -0.12629845202117312 0.23339387393914737 0.11760616592316425 -0.02903539030840235 -0.20478430782400428 0.82570708370208745 0.34461405246422211 0.21735855274730259 0.48944929525256153 -0.16998011405313654 -0.1131170238519824 0.1214387955872909 -0.54100495592141762
leaf_weight=29 838 440 65 267 338 84 25 58 45 20 56 43 23 39
leaf_count=29 838 440 65 267 338 84 25 58 45 20 56 43 23 39
internal_value=0.000538368 -0.0883702 0.0224732 0.015006 -0.00245372 -0.0936404 0.0382231 0.158716 0.434626 0.00634446 0.0356987 0.149738 -0.243205 -0.311391
internal_weight=2370 469 1901 1836 1569 484 1085 227 70 858 157 101 146 123
internal_count=2370 469 1901 1836 1569 484 1085 227 70 858 157 101 146 123
is_linear=0
shrinkage=0.05


Tree=18
num_leaves=15
num_cat=0
split_feature=5 16 7 7 7 6 6 7 5 0 16 16 4 16
split_gain=1800.92 1490.24 4705.89 1451.08 2010.84 1638.29 1601.04 1525.88 1778.71 1436.88 1364.66 2761.13 2681.88 1235.21
threshold=65.365225000000024 186.50000000000003 -24.464679999999998 -5.3596829999999995 -9.1463144999999972 -6.6600519999999994 -2.5795659999999994 -9.3086534999999984 26.391469500000003 -6.3086619999999991 279.50000000000006 237.50000000000003 0.41852800000000007 720.50000000000011
decision_type=2 2 2 2 2 2 2 2 2 2 2 2 2 2
left_child=1 2 -1 4 6 13 7 9 -9 -3 11 -11 -13 -6
right_child=-2 3 -4 -5 5 -7 -8 8 -10 10 -12 12 -14 -15
leaf_value=0.62183717380870474 0.27244283653924178 0.24064575930864646 -0.12799465959069153 0.11585853830809989 -0.12307114368852448 -0.057668198693472034 0.2515733499005437 0.59212702883717916 -0.016613782197237015 -0.06076543648913503 -0.044580801670513905 0.15892570347145751 0.83671282649040224 -0.5632514302184185
leaf_weight=22 58 58 428 276 34 416 75 24 24 100 764 54 20 30
leaf_count=22 58 58 428 276 34 416 75 24 24 100 764 54 20 30
internal_value=-0.0027599 -0.00962517 -0.0913362 0.00998548 -0.00828905 -0.0938999 0.0284341 0.012404 0.287757 -0.000866042 -0.0157996 0.110573 0.342111 -0.329406
internal_weight=2383 2325 450 1875 1599 480 1119 1044 48 996 938 174 74 64
internal_count=2383 2325 450 1875 1599 480 1119 1044 48 996 938 174 74 64
is_linear=0
shrinkage=0.05


Tree=19
num_leaves=15
num_cat=0
split_feature=4 2 16 16 7 2 6 6 5 16 7 7 16 6
split_gain=2275.26 2209.31 2226.31 2127.47 2138.94 1686.28 1236.85 1154.05 985.56 2524.24 2281.07 2151.17 1698.29 833.049
threshold=0.46237650000000002 -15.956467499999999 267.50000000000006 303.50000000000006 -11.670829499999998 8.8535505000000025 -13.643390499999997 -11.897619999999998 21.628885000000004 398.50000000000006 -8.9238344999999981 -11.788986 312.50000000000006 -11.103275499999999
decision_type=2 2 2 2 2 2 2 2 2 2 2 2 2 2
left_child=1 -1 6 4 -2 8 -3 -8 9 12 11 -11 -4 -10
right_child=3 2 5 -5 -6 -7 7 -9 13 10 -12 -13 -14 -15
leaf_value=0.17434361295091164 0.11546612491902825 -0.40797856660450205 0.24943955934581324 0.033698959497141315 0.53188664390175944 -0.07963774967995868 0.27571768879890446 -0.11157050933216738 0.12705598767117962 0.15233633630737967 0.075553789558996276 0.61850402437150487 -0.13449858785535282 -0.041628898263716414
leaf_weight=139 78 34 37 273 51 407 20 503 92 49 143 50 130 358
leaf_count=139 78 34 37 273 51 407 20 503 92 49 143 50 130 358
internal_value=0.00439976 -0.017804 -0.0324548 0.112767 0.280097 0.0041957 -0.115757 -0.0967603 0.0439166 0.100094 0.20328 0.387775 -0.0494344 -0.00714221
internal_weight=2364 1962 1823 402 129 1266 557 523 859 409 242 99 167 450
internal_count=2364 1962 1823 402 129 1266 557 523 859 409 242 99 167 450
is_linear=0
shrinkage=0.05


Tree=20
num_leaves=15
num_cat=0
split_feature=2 16 16 1 7 2 16 7 16 8 6 7 6 6
split_gain=1772.54 2116.02 1804.86 4789.36 1309.84 1505.39 1936.54 5571.16 1623.34 1359.97 1228.2 1753.6 1122.38 1110.35
threshold=-15.956467499999999 258.50000000000006 300.50000000000006 10.632916000000003 -5.0636754999999996 0.58536050000000006 484.50000000000006 -13.835873499999998 445.50000000000006 57.500000000000007 -15.494007499999999 -19.595347499999999 -1.0896519999999998 -11.897619999999998
decision_type=2 2 2 2 2 2 2 2 2 2 2 2 2 2
left_child=-1 10 3 -3 5 6 8 -8 -4 -9 -2 -12 -7 -13
right_child=1 2 4 -5 -6 12 7 9 -10 -11 11 13 -14 -15
leaf_value=0.17555375529070652 -0.38766376068815589 0.015634171710837457 0.0048813832568567854 0.66451187418320057 0.12082456790420384 -0.069760879111860782 0.013957818122431237 0.70981819745661179 -0.37175667249795163 0.21255840070545676 0.1940132058960827 0.26784266471862794 0.25852793234365956 -0.11185910877985555
leaf_weight=140 32 105 215 39 212 729 187 44 33 20 57 20 27 516
leaf_count=140 32 105 215 39 212 729 187 44 33 20 57 20 27 516
internal_value=0.0029631 -0.00784311 0.022453 0.191372 0.00587198 -0.0135463 0.0538573 0.151766 -0.0452358 0.554425 -0.0859343 -0.0696521 -0.0580363 -0.0976911
internal_weight=2376 2236 1611 144 1467 1255 499 251 248 64 625 593 756 536
internal_count=2376 2236 1611 144 1467 1255 499 251 248 64 625 593 756 536
is_linear=0
shrinkage=0.05


Tree=21
num_leaves=15
num_cat=0
split_feature=2 16 4 16 16 5 8 5 2 8 2 7 16 0
split_gain=1582.42 2197.65 1851.66 2090.26 2052.78 1934.43 1902.28 1624.99 1335.2 1300.04 1197.87 1116.87 1096.09 964.566
threshold=-14.860059499999998 168.50000000000003 0.46237650000000002 267.50000000000006 345.50000000000006 26.5249275 47.500000000000007 37.254839000000011 8.2639560000000021 67.500000000000014 22.563356000000002 -11.670829499999998 186.50000000000003 -6.3086619999999991
decision_type=2 2 2 2 2 2 2 2 2 2 2 2 2 2
left_child=1 -1 3 -2 5 -4 11 -6 9 13 -9 -7 -3 -5
right_child=2 12 4 8 7 6 -8 10 -10 -11 -12 -13 -14 -15
leaf_value=0.63215148789542064 -0.11101928894517121 -0.21655925124883654 -0.13917994187052907 0.39673889026045805 0.085061816855457176 0.1164401347619585 0.76100234359502794 0.020754413519586838 -0.066455955440090655 -0.31228061246871952 -0.37749554340432334 0.45752767299612362 0.15052255638148807 0.045071007065944246
leaf_weight=21 555 25 29 20 166 72 20 35 424 25 41 36 109 778
leaf_count=21 555 25 29 20 166 72 20 35 424 25 41 36 109 778
internal_value=0.0021545 0.156569 -0.00871975 -0.0302997 0.0887415 0.229545 0.313084 -0.002606 0.00562605 0.0427619 -0.194091 0.230136 0.0820371 0.0538847
internal_weight=2356 155 2201 1802 399 157 128 242 1247 823 76 108 134 798
internal_count=2356 155 2201 1802 399 157 128 242 1247 823 76 108 134 798
is_linear=0
shrinkage=0.05


Tree=22
num_leaves=15
num_cat=0
split_feature=6 1 16 16 16 5 7 16 2 5 6 16 7 7
split_gain=1323.03 1312.01 3383.66 2800.35 1539.83 2944.76 1868.59 2509.79 1199.38 1094.74 906.278 868.907 862.291 2362.15
threshold=-22.123105499999998 10.632916000000003 306.50000000000006 258.50000000000006 601.50000000000011 23.145672000000001 -24.464679999999998 183.50000000000003 -4.5157459999999991 37.254839000000011 -2.7920989999999994 430.50000000000006 -14.245439499999998 -13.574112999999999
decision_type=2 2 2 2 2 2 2 2 2 2 2 2 2 2
left_child=-1 4 3 -3 6 8 7 -2 -6 -4 -5 -11 -8 -14
right_child=1 2 9 10 5 -7 12 -9 -10 11 -12 -13 13 -15
leaf_value=0.40652422159910206 0.63156894553791398 0.087723740122535018 0.07595976042598486 0.82824890712896981 0.46992506431415682 -0.059192289146244997 -0.12051683282210993 0.039485707555043825 0.14132205701787912 0.078439841259803092 0.389030956444533 -0.25714557510950875 0.29515556673017834 -0.050681417009265664
leaf_weight=20 22 55 125 24 32 253 390 96 210 28 23 62 52 978
leaf_count=20 22 55 125 24 32 253 390 96 210 28 23 62 52 978
internal_value=0.00157555 -0.00187082 0.0927405 0.329907 -0.0166233 0.06008 -0.04131 0.149874 0.184774 -0.0197755 0.613312 -0.152741 -0.0571971 -0.0332217
internal_weight=2370 2350 317 102 2033 495 1538 118 242 215 47 90 1420 1030
internal_count=2370 2350 317 102 2033 495 1538 118 242 215 47 90 1420 1030
is_linear=0
shrinkage=0.05


Tree=23
num_leaves=15
num_cat=0
split_feature=2 4 16 16 16 5 2 7 5 16 16 5 16 16
split_gain=1383.12 1562.14 2224.46 2872.91 1544.67 2648.41 1055.21 985.766 1570.33 868.157 787.878 877.891 1657.97 1169.23
threshold=-15.956467499999999 0.66954650000000016 309.50000000000006 255.50000000000003 610.50000000000011 24.539844000000006 4.7637405000000008 -9.241877999999998 42.464622000000013 43.500000000000007 174.50000000000003 33.586008000000014 213.50000000000003 234.50000000000003
decision_type=2 2 2 2 2 2 2 2 2 2 2 2 2 2
left_child=10 4 3 6 9 -6 -3 -7 -9 -2 -1 13 -13 -12
right_child=1 2 -4 -5 5 7 -8 8 -10 -11 11 12 -14 -15
leaf_value=0.42693350870500918 -0.27660471680687698 0.33860696226358417 -0.0084258197407637327 0.67688140080255632 0.15733098003152585 0.022320228998859725 -0.148652508020401 -0.086314804775982495 -0.56276409739539746 -0.043220706169881933 -0.17924400351586797 0.59938460645221525 0.011668868682214194 0.23788024016789031
leaf_weight=22 41 20 126 34 277 150 25 98 21 1417 42 21 28 28
leaf_count=22 41 20 126 34 277 150 25 98 21 1417 42 21 28 28
internal_value=0.000218794 -0.00947242 0.121991 0.329997 -0.0229205 0.0488129 0.0679073 -0.0629326 -0.170394 -0.0497836 0.152048 0.101229 0.263547 -0.0123943
internal_weight=2350 2209 205 79 2004 546 45 269 119 1458 141 119 49 70
internal_count=2350 2209 205 79 2004 546 45 269 119 1458 141 119 49 70
is_linear=0
shrinkage=0.05


Tree=24
num_leaves=15
num_cat=0
split_feature=2 16 16 4 16 7 16 5 2 2 16 5 16 16
split_gain=1386.22 1295.9 915.605 981.998 2982.48 1866.6 1250.9 1970.92 1661.31 1095.32 850.409 1539.64 829.319 805.277
threshold=-17.818881499999996 186.50000000000003 900.50000000000011 0.60796900000000009 309.50000000000006 -14.923908999999998 601.50000000000011 21.818471500000005 -4.2742644999999992 14.187886000000001 159.50000000000003 28.135441000000004 37.500000000000007 520.50000000000011
decision_type=2 2 2 2 2 2 2 2 2 2 2 2 2 2
left_child=-1 10 3 6 5 -5 9 8 -8 -3 12 -12 -2 -11
right_child=1 2 -4 4 -6 -7 7 -9 -10 13 11 -13 -14 -15
leaf_value=0.17708444848511984 -0.29662993014790118 -0.015589637292703247 -0.26606792449951172 0.067319155842638936 -0.012115291804075242 0.6142518641092839 0.56377618958552678 -0.024202839715362398 0.12475873662127951 -0.11661786200369106 -0.048728365412292383 -0.48480569771357945 -0.029315360485788713 -0.46237932216553457
leaf_weight=103 32 942 30 26 145 39 24 297 211 85 48 35 311 21
leaf_count=103 32 942 30 26 145 39 24 297 211 85 48 35 311 21
internal_value=-0.0022779 -0.0105033 0.00787139 0.0124625 0.114045 0.395479 -0.00103889 0.0614032 0.169595 -0.0327366 -0.0890056 -0.232616 -0.0542543 -0.185118
internal_weight=2349 2246 1820 1790 210 65 1580 532 235 1048 426 83 343 106
internal_count=2349 2246 1820 1790 210 65 1580 532 235 1048 426 83 343 106
is_linear=0
shrinkage=0.05


Tree=25
num_leaves=15
num_cat=0
split_feature=5 16 7 16 16 1 6 2 6 5 16 7 6 16
split_gain=1037.2 1104.09 1583.16 3561.71 1526.03 1938.63 1045.01 1017.13 1008.21 1879.84 1336.31 1092.26 1071.11 1011.05
threshold=59.299730000000004 261.50000000000006 -24.464679999999998 198.50000000000003 300.50000000000006 10.632916000000003 -14.111805499999997 3.0969575000000007 -12.874794499999998 31.374794500000004 505.50000000000006 -4.6788879999999997 -7.0818709999999987 765.50000000000011
decision_type=2 2 2 2 2 2 2 2 2 2 2 2 2 2
left_child=1 2 3 -1 5 -3 -4 -2 -6 10 -10 13 -12 -11
right_child=7 4 6 -5 8 -7 -8 -9 9 11 12 -13 -14 -15
leaf_value=0.52958172261714942 0.44984469463427862 0.06708176566008478 -0.33850213904411364 -0.12540000041618068 0.19403980073268312 0.50413108757313563 -0.070820894026796199 0.058640877047070751 -0.039315743044601559 -0.10128427427027281 -0.080194575362838805 0.23093219598134362 0.10194547489465489 -0.35734764593450924
leaf_weight=35 24 100 39 51 65 34 560 54 473 238 96 21 507 46
leaf_count=35 24 100 39 51 65 34 560 54 473 238 96 21 507 46
internal_value=-0.000256067 -0.00642951 -0.0594472 0.141162 0.016556 0.177975 -0.0882492 0.179011 0.0015974 -0.00746035 0.0235979 -0.11703 0.0729481 -0.142759
internal_weight=2343 2265 685 86 1580 134 599 78 1446 1381 1076 305 603 284
internal_count=2343 2265 685 86 1580 134 599 78 1446 1381 1076 305 603 284
is_linear=0
shrinkage=0.05


Tree=26
num_leaves=15
num_cat=0
split_feature=5 16 7 16 16 1 3 7 5 16 6 5 8 16
split_gain=1254.66 1245.76 1615.74 2555.84 1139.13 1934.45 1024.17 1090.58 1187.3 1654.04 1473.5 1504.84 1211.63 2843.44
threshold=65.365225000000024 255.50000000000003 -24.464679999999998 198.50000000000003 294.50000000000006 10.632916000000003 -8.086018499999998 -5.3596829999999995 37.034252500000008 481.50000000000006 -9.961669999999998 52.423532000000002 57.500000000000007 508.50000000000006
decision_type=2 2 2 2 2 2 2 2 2 2 2 2 2 2
left_child=1 2 3 -1 5 -3 -6 8 9 -8 11 -10 13 -11
right_child=-2 4 -4 -5 6 -7 7 -9 10 12 -12 -13 -14 -15
leaf_value=0.49169862256385388 0.22908613676654885 0.052296320575280719 -0.094427795120630362 -0.054174152996677619 0.3600126257538796 0.49538404848426582 -0.069261875853592919 0.099501360351324605 0.18701037285583361 0.64940131540325563 -0.24773322987167734 -0.20129736029439504 -0.089255469259680129 0.067115016245166248
leaf_weight=32 58 107 585 65 20 32 441 231 56 22 115 45 111 446
leaf_count=32 58 107 585 65 20 32 441 231 56 22 115 45 111 446
internal_value=-0.000597635 -0.00636958 -0.0630898 0.125908 0.0174208 0.154302 0.00462557 -0.000219513 -0.0188567 0.00369439 -0.125348 0.014002 0.0592621 0.0944874
internal_weight=2366 2308 682 97 1626 139 1487 1467 1236 1020 216 101 579 468
internal_count=2366 2308 682 97 1626 139 1487 1467 1236 1020 216 101 579 468
is_linear=0
shrinkage=0.05


Tree=27
num_leaves=15
num_cat=0
split_feature=5 2 16 5 3 0 16 5 7 16 16 2 5 5
split_gain=1085.8 1007.35 960.995 935.208 1160.23 1137.75 1011.55 1310.21 1224.84 1541.78 1076.25 864.783 1324.12 978.818
threshold=59.299730000000004 3.0969575000000007 37.500000000000007 46.055489000000009 -4.715190999999999 6.5749295000000005 610.50000000000011 22.277235500000003 -24.464679999999998 198.50000000000003 661.50000000000011 34.684217000000011 38.775022000000007 32.137669500000008
decision_type=2 2 2 2 2 2 2 2 2 2 2 2 2 2
left_child=2 -2 -1 5 -5 6 8 10 9 -4 -8 13 -13 -10
right_child=1 -3 3 4 -6 -7 7 -9 11 -11 -12 12 -14 -15
leaf_value=-0.26952128822860472 0.4292859160651763 0.057473815375539875 0.49217680776119233 0.19854296762698698 -0.18964879651932773 0.16553057471494775 0.33392011626797213 -0.0097551800466873922 -0.023911527576084928 0.021220882897052849 0.083867862663647666 -0.061040336728096015 0.48478572845458984 -0.14611660207314564
leaf_weight=34 27 56 25 23 118 107 59 298 1153 57 159 25 20 191
leaf_count=34 27 56 25 23 118 107 59 298 1153 57 159 25 20 191
internal_value=0.000799285 0.178425 -0.00569825 -0.00168484 -0.126327 0.00670796 -0.00184465 0.05839 -0.0229739 0.164805 0.151543 -0.0340594 0.181549 -0.0412785
internal_weight=2352 83 2269 2235 141 2094 1987 516 1471 82 218 1389 45 1344
internal_count=2352 83 2269 2235 141 2094 1987 516 1471 82 218 1389 45 1344
is_linear=0
shrinkage=0.05


Tree=28
num_leaves=15
num_cat=0
split_feature=16 16 2 5 16 0 4 16 5 16 5 6 6 2
split_gain=971.9 1196.11 1871.65 1292.32 856.083 834.067 818.305 1842.63 1143.99 782.595 1627.79 1229.57 2492.9 1339.11
threshold=186.50000000000003 156.50000000000003 -15.956467499999999 28.135441000000004 900.50000000000011 -7.4057129999999995 0.60796900000000009 309.50000000000006 53.807834000000007 613.50000000000011 25.692416500000004 -4.2854119999999991 -4.339736499999999 8.2639560000000021
decision_type=2 2 2 2 2 2 2 2 2 2 2 2 2 2
left_child=1 2 -1 -3 5 -2 9 8 -8 11 -11 12 13 -7
right_child=4 3 -4 -5 -6 6 7 -9 -10 10 -12 -13 -14 -15
leaf_value=0.4523794458061457 0.23731125166470354 -0.061577030669573242 -0.04554035706445575 -0.40463900136503766 -0.24272568499849689 0.037761783555842844 0.49189980895962659 0.011129737094112595 0.05132931676166861 0.13294685978996104 -0.053458635870139215 -0.091289440712382861 0.53174892041994182 -0.13002026883761089
leaf_weight=20 44 66 335 47 31 574 41 144 23 291 196 379 23 150
leaf_count=20 44 66 335 47 31 574 41 144 23 291 196 379 23 150
internal_value=0.00194213 -0.0625866 -0.0174885 -0.204267 0.0178701 0.0222017 0.0170041 0.110342 0.33357 0.00496801 0.0579253 -0.0179363 0.0192804 0.00300031
internal_weight=2364 468 355 113 1896 1865 1821 208 64 1613 487 1126 747 724
internal_count=2364 468 355 113 1896 1865 1821 208 64 1613 487 1126 747 724
is_linear=0
shrinkage=0.05


Tree=29
num_leaves=15
num_cat=0
split_feature=2 16 16 7 7 7 16 4 7 7 6 7 16 7
split_gain=865.816 1202.86 967.861 1008.74 1873.1 2890.44 1937.83 2010.74 1853.18 1906.19 1251.36 1492.38 1950.76 1283.69
threshold=-14.860059499999998 168.50000000000003 261.50000000000006 -12.790780999999997 -13.389685999999998 -13.835873499999998 538.50000000000011 -0.18532899999999997 -11.553163 -11.788986 -7.2417989999999994 -9.1463144999999972 730.50000000000011 -7.2954159999999995
decision_type=2 2 2 2 2 2 2 2 2 2 2 2 2 2
left_child=1 -1 -2 4 5 6 7 -4 9 -5 -10 12 -12 -13
right_child=2 -3 3 8 -6 -7 -8 -9 10 -11 11 13 -14 -15
leaf_value=0.45267608174207541 -0.064015887011219894 0.054581614956259732 0.02318350142542867 0.060928526721894742 -0.29059354419154781 0.41715631875106035 0.050814446098733659 -0.33305415092536839 -0.10665360554600033 0.46443810196748631 0.10035999529435241 -0.12135085403850232 0.58819178912950598 0.042885060506263735
leaf_weight=22 622 138 69 75 70 36 202 93 180 48 188 162 23 448
leaf_count=22 622 138 69 75 70 36 202 93 180 48 188 162 23 448
internal_value=-0.00300747 0.10932 -0.0111177 0.00952384 -0.0519868 -0.0102306 -0.0524996 -0.181323 0.0352445 0.218396 0.0127394 0.0389157 0.153536 -0.000731691
internal_weight=2376 160 2216 1594 470 400 364 162 1124 123 1001 821 211 610
internal_count=2376 160 2216 1594 470 400 364 162 1124 123 1001 821 211 610
is_linear=0
shrinkage=0.05


Tree=30
num_leaves=15
num_cat=0
split_feature=5 5 2 16 5 2 2 7 16 7 7 2 16 16
split_gain=992.395 966.711 1202.68 931.845 1062.6 1590.21 1381.33 1037.35 2403.9 2060.11 1740.93 1444.72 1108.27 1539.31
threshold=59.299730000000004 56.435234500000007 52.573757000000008 231.50000000000003 25.009628000000003 26.972924000000003 -17.818881499999996 -9.1463144999999972 273.50000000000006 -7.2954159999999995 -10.002885999999998 9.5956465000000026 643.50000000000011 664.50000000000011
decision_type=2 2 2 2 2 2 2 2 2 2 2 2 2 2
left_child=1 2 3 4 6 -6 -1 8 -5 -9 12 -12 -10 -14
right_child=-2 -3 -4 7 5 -7 -8 9 10 -11 11 -13 13 -15
leaf_value=0.37445207681845538 0.17233659701376428 -0.35077612131834029 0.32403997241386345 0.30676710811604596 -0.20140127167818164 0.23146215081214905 -0.034038417264125327 -0.17169747199481114 -0.032414282979211562 0.020343380439524897 0.40449200799944357 0.038179514439482441 0.39671791622767577 0.031191725673583838
leaf_weight=22 82 20 28 81 183 24 349 195 642 492 51 57 37 130
leaf_count=22 82 20 28 81 183 24 349 195 642 492 51 57 37 130
internal_value=0.00140046 -0.00466477 -0.00164329 -0.00567295 -0.0604547 -0.151214 -0.00981526 0.0131186 0.0456683 -0.034166 0.0226051 0.21116 -0.00256673 0.112177
internal_weight=2393 2311 2291 2263 578 207 371 1685 998 687 917 108 809 167
internal_count=2393 2311 2291 2263 578 207 371 1685 998 687 917 108 809 167
is_linear=0
shrinkage=0.05


Tree=31
num_leaves=15
num_cat=0
split_feature=0 4 16 16 7 7 6 7 2 0 7 6 2 16
split_gain=837.99 782.726 1031.61 1850.61 816.896 768.335 2993.27 1057.58 1190.66 772.733 685.033 804.181 600.194 1077.7
threshold=-6.3086619999999991 0.66954650000000016 309.50000000000006 255.50000000000003 -3.6658359999999997 -9.1463144999999972 -6.7229154999999992 -9.3086534999999984 16.051484000000006 1.2398425000000002 -7.4270144999999994 -4.2723209999999989 11.605264000000002 445.50000000000006
decision_type=2 2 2 2 2 2 2 2 2 2 2 2 2 2
left_child=-1 4 3 -3 5 7 9 -2 -9 -7 -8 -12 13 -13
right_child=1 2 -4 -5 -6 6 10 8 -10 -11 11 12 -14 -15
leaf_value=0.14009861922868999 -0.0059116308906345906 0.0096878102179183533 -0.0034041495757085867 0.49936073090348931 0.18556405988008695 -0.25156674185587513 -0.11788676113696994 0.47228456270694735 -0.026197877331920295 -0.59648578600449997 0.087061745107962968 -0.094722687117755416 -0.16717530883991125 0.10166199556101235
leaf_weight=101 1201 43 122 35 49 62 157 25 23 22 180 160 76 124
leaf_count=101 1201 43 122 35 49 62 157 25 23 22 180 160 76 124
internal_value=-0.00083429 -0.00708011 0.0873945 0.229413 -0.0161686 -0.021038 -0.0599383 0.00328638 0.233428 -0.341903 -0.0259569 0.00077083 -0.0423746 -0.00897726
internal_weight=2380 2279 200 78 2079 2030 781 1249 48 84 697 540 360 284
internal_count=2380 2279 200 78 2079 2030 781 1249 48 84 697 540 360 284
is_linear=0
shrinkage=0.05


Tree=32
num_leaves=15
num_cat=0
split_feature=16 16 16 7 16 7 2 16 8 2 2 5 16 5
split_gain=728.339 868.145 1534.88 1419.08 878.767 1577.75 739.973 702.813 622.288 1228.29 835.562 812.987 689.085 650.215
threshold=43.500000000000007 101.50000000000001 186.50000000000003 -18.602939499999994 67.500000000000014 -19.595347499999999 30.061026500000001 900.50000000000011 52.500000000000007 -11.959154499999999 15.748768000000002 33.586008000000014 502.50000000000006 20.864860000000004
decision_type=2 2 2 2 2 2 2 2 2 2 2 2 2 2
left_child=-1 4 3 -3 -2 -6 -5 8 -4 11 12 -10 -11 -14
right_child=1 2 7 6 5 -7 -8 -9 9 10 -12 -13 13 -15
leaf_value=-0.20402657802970636 -0.049618797041863824 -0.41156147376579399 0.039736669384451591 -0.10133474488098485 0.53193236019994528 0.077388024214572707 0.1458032249552863 -0.22518366838494941 0.028238414647057654 -0.072189805836513118 -0.26455228727843083 0.31784475950094371 0.19431033976100109 -0.018183985473243177
leaf_weight=42 45 34 1228 225 28 60 35 30 64 348 42 39 54 108
leaf_count=42 45 34 1228 225 28 60 35 30 64 348 42 39 54 108
internal_value=0.00234471 0.00604881 -0.00142743 -0.10779 0.130109 0.222016 -0.0680662 0.014919 0.0187443 -0.0206125 -0.0501891 0.137895 -0.0325356 0.0526475
internal_weight=2382 2340 2207 294 133 88 260 1913 1883 655 552 103 510 162
internal_count=2382 2340 2207 294 133 88 260 1913 1883 655 552 103 510 162
is_linear=0
shrinkage=0.05


Tree=33
num_leaves=15
num_cat=0
split_feature=4 16 7 2 2 8 7 6 7 2 16 16 16 7
split_gain=830.799 1367.68 977.19 841.923 787.668 850.829 827.872 2123.61 1501.08 1245.53 2959.67 1488 1778.02 1484.75
threshold=0.66954650000000016 345.50000000000006 -9.9768264999999978 4.394867500000001 -15.956467499999999 57.500000000000007 -9.1463144999999972 -6.7229154999999992 -14.943362999999998 4.8899265000000005 481.50000000000006 342.50000000000006 261.50000000000006 -13.835873499999998
decision_type=2 2 2 2 2 2 2 2 2 2 2 2 2 2
left_child=4 2 3 -2 -1 6 8 -8 -6 10 -10 12 -11 -12
right_child=1 -3 -4 -5 5 -7 7 -9 9 11 13 -13 -14 -15
leaf_value=0.10758885808343835 0.413818259129212 -0.024351755083814541 0.52812375534664502 0.037653882319436359 -0.046515329700846438 -0.07865484320204022 -0.29785692642132439 -0.011376984599974807 0.037947440615130799 0.041515056156750885 0.10628829982244609 -0.077424348626201123 0.55201652710852422 0.5180976679806526
leaf_weight=136 21 108 22 51 367 436 72 637 180 66 33 176 23 65
leaf_count=136 21 108 22 51 367 436 72 637 180 66 33 176 23 65
internal_value=-8.50909e-07 0.0970261 0.236481 0.147368 -0.00894628 -0.0166586 3.71379e-05 -0.0404694 0.0315967 0.0843906 0.158325 0.00682901 0.173442 0.379427
internal_weight=2393 202 94 72 2191 2055 1619 709 910 543 278 265 89 98
internal_count=2393 202 94 72 2191 2055 1619 709 910 543 278 265 89 98
is_linear=0
shrinkage=0.05


Tree=34
num_leaves=15
num_cat=0
split_feature=5 7 7 7 7 7 16 16 4 7 7 16 5 7
split_gain=764.208 698.747 536.326 1746.81 1142.34 2609.07 1108.16 1714.02 870.861 775.247 683.498 881.574 1051.59 796.385
threshold=65.365225000000024 -3.2281234999999993 -8.9462234999999968 -7.4270144999999994 -11.788986 -11.595308999999999 760.50000000000011 730.50000000000011 -0.14763499999999999 -10.9414605 -24.464679999999998 198.50000000000003 28.778944000000003 -19.113004499999999
decision_type=2 2 2 2 2 2 2 2 2 2 2 2 2 2
left_child=1 2 4 -4 8 -6 7 9 10 -7 -1 13 -13 -12
right_child=-2 -3 3 -5 5 6 -8 -9 -10 -11 11 12 -14 -15
leaf_value=0.14874733844085744 0.18524625606036613 0.19803824722766877 -0.15978941681484382 0.0053551270491074962 0.42023845114270036 -0.10091285134073009 -0.22596629700006768 0.39981868407305554 -0.066661770696581732 0.06786055043308685 -0.28527623087167742 -0.026266208140408871 0.19545044743696627 -0.025972056238536254
leaf_weight=95 56 43 216 619 49 88 37 34 482 300 40 134 89 114
leaf_count=95 56 43 216 619 49 88 37 34 482 300 40 134 89 114
internal_value=0.00271115 -0.00165721 -0.00539552 -0.0373649 0.0128633 0.0734303 0.0364072 0.0594115 -0.0193883 0.029582 0.0288868 -0.00131683 0.0622216 -0.0933238
internal_weight=2396 2340 2297 835 1462 508 459 422 954 388 472 377 223 154
internal_count=2396 2340 2297 835 1462 508 459 422 954 388 472 377 223 154
is_linear=0
shrinkage=0.05


Tree=35
num_leaves=15
num_cat=0
split_feature=5 16 5 16 7 16 4 7 16 7 6 4 16 5
split_gain=814.465 667.691 828.272 1155.69 946.983 939.738 764.83 697.071 623.208 612.039 598.417 662.521 2345.18 1045.91
threshold=61.281258000000008 231.50000000000003 25.009628000000003 159.50000000000003 -24.100376499999996 67.500000000000014 -0.79894549999999986 -12.874794499999998 135.50000000000003 -18.602939499999994 -12.874794499999998 0.68701500000000004 309.50000000000006 32.137669500000008
decision_type=2 2 2 2 2 2 2 2 2 2 2 2 2 2
left_child=1 2 9 5 6 -4 -5 8 -7 -1 -3 13 -13 -12
right_child=-2 10 3 4 -6 7 -8 -9 -10 -11 11 12 -14 -15
leaf_value=0.25645402028624503 0.16092974724248055 0.14948137512570886 -0.23574751242995262 0.15128938242793086 -0.38632946176487104 0.3926567497476936 -0.25062765612684451 -0.14081490547568709 0.047835844147362208 -0.02159230919493238 0.011792422715849753 0.448678396722755 -0.012563820951833837 -0.10168693528315167
leaf_weight=21 75 73 36 20 57 20 29 27 38 344 1235 37 108 243
leaf_count=21 75 73 36 20 57 20 29 27 38 344 1235 37 108 243
internal_value=-0.0012034 -0.00651808 -0.0522355 -0.12723 -0.247766 -0.0216365 -0.0865799 0.0690458 0.16674 -0.00559512 0.0094399 0.00314105 0.105132 -0.00686487
internal_weight=2363 2288 592 227 106 121 49 85 58 365 1696 1623 145 1478
internal_count=2363 2288 592 227 106 121 49 85 58 365 1696 1623 145 1478
is_linear=0
shrinkage=0.05


Tree=36
num_leaves=15
num_cat=0
split_feature=0 16 8 16 5 2 16 16 16 16 6 4 5 2
split_gain=694.365 593.024 603.257 696.835 1565.22 797.64 682.759 923.585 1464.1 667.965 754.022 717.518 668.269 1180.33
threshold=-5.121310499999999 900.50000000000011 57.500000000000007 598.50000000000011 42.464622000000013 20.147761500000005 664.50000000000011 735.50000000000011 755.50000000000011 562.50000000000011 -3.8619294999999996 0.90818900000000002 32.137669500000008 22.325369500000004
decision_type=2 2 2 2 2 2 2 2 2 2 2 2 2 2
left_child=-1 2 3 9 6 -6 -5 -8 -9 10 12 -12 -2 -14
right_child=1 -3 -4 4 5 -7 7 8 -10 -11 11 -13 13 -15
leaf_value=0.10364229855063201 0.065466299517803903 -0.2419240007033715 -0.054248841454086344 0.18143660640613973 0.050392408687621362 -0.34977288499587411 -0.068852947618778762 0.44557375780173714 0.059887895316546196 -0.150081809987373 -0.076885243238061229 0.21159486262350466 -0.088050186616444107 0.14253186498944823
leaf_weight=159 471 26 437 138 20 33 111 28 203 79 343 23 222 74
leaf_count=159 471 26 437 138 20 33 111 28 203 79 343 23 222 74
internal_value=0.00272497 -0.00454217 -0.00171361 0.0114428 0.0590886 -0.198767 0.0875602 0.0496802 0.106638 -0.00951038 0.000291162 -0.0587567 0.0284679 -0.0304047
internal_weight=2367 2208 2182 1745 533 53 480 342 231 1212 1133 366 767 296
internal_count=2367 2208 2182 1745 533 53 480 342 231 1212 1133 366 767 296
is_linear=0
shrinkage=0.05


Tree=37
num_leaves=15
num_cat=0
split_feature=16 16 16 7 16 7 3 2 6 7 16 4 16 7
split_gain=613.469 765.334 1302.25 1118.76 658.149 1138.9 639.38 596.647 1144.35 1094.78 1710.34 1092.27 1037.86 946.511
threshold=43.500000000000007 101.50000000000001 180.50000000000003 -18.602939499999994 67.500000000000014 -19.595347499999999 -4.8245629999999986 1.2342505000000001 -5.0378254999999994 -14.943362999999998 460.50000000000006 0.41852800000000007 300.50000000000006 -10.523427999999997
decision_type=2 2 2 2 2 2 2 2 2 2 2 2 2 2
left_child=-1 4 3 -3 -2 -6 -5 8 13 -10 -11 -9 -13 -4
right_child=1 2 7 6 5 -7 -8 11 9 10 -12 12 -14 -15
leaf_value=-0.18523681649768897 -0.040010755737735465 -0.42533087927103042 0.060725449103784614 0.18296132568608633 0.47520329370521586 0.083649925625381566 -0.099571496842119994 -0.047856839893189604 -0.15653073801942496 -0.035056758450337913 0.34921439727250903 0.26116999233210531 0.02243106848174899 0.25816361461366927
leaf_weight=44 44 25 457 22 26 65 223 743 115 148 36 54 290 70
leaf_count=44 44 25 457 22 26 65 223 743 115 148 36 54 290 70
internal_value=-0.000285819 0.0032249 -0.00391972 -0.106713 0.118756 0.195522 -0.0742012 0.0105885 0.0426214 -0.0355108 0.0401267 -0.0137529 0.0599075 0.0869506
internal_weight=2362 2318 2183 270 135 91 245 1913 826 299 184 1087 344 527
internal_count=2362 2318 2183 270 135 91 245 1913 826 299 184 1087 344 527
is_linear=0
shrinkage=0.05


Tree=38
num_leaves=15
num_cat=0
split_feature=0 8 2 6 2 16 4 0 3 6 6 16 16 4
split_gain=646.608 614.539 573.149 579.39 741.94 832.068 794.077 706.41 666.654 657.881 938.024 858.116 833.534 704.017
threshold=-6.3086619999999991 57.500000000000007 -5.3125169999999988 -4.8626289999999992 -1.0000000180025095e-35 481.50000000000006 0.037133000000000006 6.5749295000000005 15.028894500000002 -4.2854119999999991 -4.339736499999999 601.50000000000011 556.50000000000011 0.72279500000000019
decision_type=2 2 2 2 2 2 2 2 2 2 2 2 2 2
left_child=-1 2 -2 4 5 -4 -7 9 -9 10 -5 12 13 -11
right_child=1 -3 3 7 -6 6 -8 8 -10 11 -12 -13 -14 -15
leaf_value=0.12888797562918627 0.065165996081006997 -0.054507118540994354 -0.049053231126336916 0.049191581320304142 -0.064208699850951914 0.34383884719327878 -0.045393127053976058 0.30366160251745367 -0.048448241204023364 -0.054876459466168086 0.44076631486415868 0.065334242661125391 -0.33980728272969524 0.22047287178039554
leaf_weight=96 370 470 67 65 540 38 20 41 20 325 20 247 24 25
leaf_count=96 370 470 67 65 540 38 20 41 20 325 20 247 24 25
internal_value=0.00178132 -0.00358938 0.00969105 -0.00464257 -0.0387989 0.0709716 0.209621 0.0249714 0.188216 0.0108668 0.141327 -0.00699009 -0.0547551 -0.0352087
internal_weight=2368 2272 1802 1432 665 125 58 767 61 706 85 621 374 350
internal_count=2368 2272 1802 1432 665 125 58 767 61 706 85 621 374 350
is_linear=0
shrinkage=0.05


Tree=39
num_leaves=15
num_cat=0
split_feature=0 7 16 0 2 7 6 7 7 7 2 16 2 0
split_gain=643.245 577.409 555.098 541.047 911.992 640.107 1828.77 1401.25 2218.95 1016.05 1080.25 2449.66 820.721 1137.67
threshold=-5.121310499999999 -3.2281234999999993 900.50000000000011 13.26993 48.871490500000007 -8.9462234999999968 -6.7229154999999992 -11.788986 -11.595308999999999 -10.9414605 9.1936845000000016 402.50000000000006 -5.3125169999999988 1.5391515000000002
decision_type=2 2 2 2 2 2 2 2 2 2 2 2 2 2
left_child=-1 2 3 4 5 7 -7 -2 -9 -10 11 -11 -13 -14
right_child=1 -3 -4 -5 -6 6 -8 8 9 10 -12 12 13 -15
leaf_value=0.10256243162861496 -0.023446283652980793 0.17797090543520661 -0.23235527773698172 -0.23545328533649446 0.20532235372632457 -0.26729862694456069 -0.016332203371534244 0.42777117657106978 -0.10252629160437039 0.0066861992147057613 -0.0067428749296814215 0.6378561807715375 0.085042884801664664 0.55518012371930214
leaf_weight=153 829 43 27 25 52 81 699 43 86 94 150 23 31 22
leaf_count=153 829 43 27 25 52 81 699 43 86 94 150 23 31 22
internal_value=0.00342334 -0.0034557 -0.0070641 -0.00421498 -0.00147519 -0.00670039 -0.0423941 0.0150845 0.0862248 0.0500512 0.0910564 0.17735 0.388434 0.280194
internal_weight=2358 2205 2162 2135 2110 2058 780 1278 449 406 320 170 76 53
internal_count=2358 2205 2162 2135 2110 2058 780 1278 449 406 320 170 76 53
is_linear=0
shrinkage=0.05


Tree=40
num_leaves=15
num_cat=0
split_feature=5 2 16 16 7 16 2 1 7 2 6 6 6 7
split_gain=665.678 554.599 481.392 656.389 980.65 758.28 907.424 782.92 638.791 466.817 1102.2 973.661 893.848 1198.17
threshold=65.365225000000024 10.418583000000002 43.500000000000007 105.50000000000001 -23.941125499999995 183.50000000000003 20.528792500000005 5.1494605000000009 -18.602939499999994 1.2342505000000001 -4.7268684999999993 -4.2854119999999991 -5.0822129999999994 -10.523427999999997
decision_type=2 2 2 2 2 2 2 2 2 2 2 2 2 2
left_child=2 -2 -1 4 -4 6 8 -8 -5 12 -11 -12 13 -7
right_child=1 -3 3 5 -6 9 7 -9 -10 10 11 -13 -14 -15
leaf_value=-0.1712434121055483 0.38318647462874655 0.057899305234222036 0.41600606224753645 -0.37591543685158957 0.048256577751079339 0.045923539995507807 0.34305027836845037 -0.083766898241910082 -0.097153344807345332 -0.072509052395630796 0.21414373507723214 0.0076611365370112625 -0.034304212362263102 0.27600586323210824
leaf_weight=41 20 38 22 23 103 437 21 22 193 471 64 529 292 65
leaf_count=41 20 38 22 23 103 437 21 22 193 471 64 529 292 65
internal_value=0.00278869 0.170067 -0.00146105 0.0016438 0.11298 -0.00493016 -0.085079 0.124679 -0.126836 0.00624237 -0.0154077 0.0299459 0.0352546 0.0757151
internal_weight=2341 58 2283 2242 125 2117 259 43 216 1858 1064 593 794 502
internal_count=2341 58 2283 2242 125 2117 259 43 216 1858 1064 593 794 502
is_linear=0
shrinkage=0.05


Tree=41
num_leaves=15
num_cat=0
split_feature=5 2 3 7 5 16 8 7 6 5 7 16 6 6
split_gain=555.786 711.27 531.959 487.283 434.659 749.258 548.602 780.573 932.273 914.565 940.059 799.966 779.98 1522.44
threshold=59.299730000000004 3.0969575000000007 5.8879105000000012 -3.2281234999999993 46.055489000000009 676.50000000000011 57.500000000000007 -8.9462234999999968 -6.7229154999999992 32.307914500000003 -9.6145504999999982 730.50000000000011 -9.8821814999999997 -9.5517249999999994
decision_type=2 2 2 2 2 2 2 2 2 2 2 2 2 2
left_child=3 -2 -3 4 6 -6 7 9 -9 10 -1 -12 -11 -14
right_child=1 2 -4 -5 5 -7 -8 8 -10 12 11 -13 13 -15
leaf_value=0.052892580479032406 0.34885038573481147 0.19363574440089557 -0.11536238086720307 0.16464126671596271 -0.03568493120017506 -0.32678192369639875 -0.049343952188008161 -0.22370818288702715 -0.012463717788416082 0.091106169415248003 0.12050677796914465 0.48237261492758993 -0.4917677447909401 -0.041357882006559522
leaf_weight=577 25 26 30 41 105 28 503 57 624 86 42 24 21 176
leaf_count=577 25 26 30 41 105 28 503 57 624 86 42 24 21 176
internal_value=-0.00161271 0.127098 0.028101 -0.00617731 -0.00929972 -0.0969685 -0.00377368 0.0104901 -0.030145 0.0403739 0.0733394 0.252094 -0.0345264 -0.0893711
internal_weight=2365 81 56 2284 2243 133 2110 1607 681 926 643 66 283 197
internal_count=2365 81 56 2284 2243 133 2110 1607 681 926 643 66 283 197
is_linear=0
shrinkage=0.05


Tree=42
num_leaves=15
num_cat=0
split_feature=16 5 2 0 5 2 16 16 2 4 7 7 7 0
split_gain=499.507 1021.27 958.594 759.876 600.694 691.848 563.01 736.194 835.344 636.388 1271.11 735.579 983.365 1142.54
threshold=604.50000000000011 22.134738500000001 -4.2742644999999992 -5.7934444999999988 42.464622000000013 20.147761500000005 559.50000000000011 541.50000000000011 5.4195675000000003 0.63834750000000018 -9.9768264999999978 -24.464679999999998 -32.354953999999992 -3.5106724999999996
decision_type=2 2 2 2 2 2 2 2 2 2 2 2 2 2
left_child=6 2 -2 -3 -5 -6 7 9 -9 11 -11 12 -1 -14
right_child=1 3 -4 4 5 -7 -8 8 -10 10 -12 -13 13 -15
leaf_value=-0.098528625737679634 0.40621653841092037 0.26066440107921757 0.085178125680858197 -0.0025431322700202172 0.049744712673127654 -0.32086575864540307 -0.11731124568736462 0.38810132852196699 -0.034343812479214239 0.021221968234548794 0.41429456925392155 -0.03054409938982576 -0.10025495819747449 0.34819775050391955
leaf_weight=38 26 24 220 302 20 34 119 25 22 116 25 1330 20 49
leaf_count=38 26 24 220 302 20 34 119 25 22 116 25 1330 20 49
internal_value=0.00142156 0.0397351 0.119109 -0.011649 -0.0300072 -0.183603 -0.0123309 -0.00464312 0.190361 -0.0104512 0.0909157 -0.0203975 0.105724 0.218211
internal_weight=2370 626 246 380 356 54 1744 1625 47 1578 141 1437 107 69
internal_count=2370 626 246 380 356 54 1744 1625 47 1578 141 1437 107 69
is_linear=0
shrinkage=0.05


Tree=43
num_leaves=15
num_cat=0
split_feature=0 16 2 7 6 6 6 7 16 4 16 16 2 7
split_gain=518.202 470.523 424.756 909.368 652.93 1791.92 1006.14 933.711 819.262 785.039 930.997 1333.09 687.062 629.41
threshold=-5.121310499999999 900.50000000000011 -14.860059499999998 -32.354953999999992 -6.8959089999999987 -6.8751284999999998 -6.7810334999999986 -8.9462234999999968 604.50000000000011 -0.052280499999999987 398.50000000000006 421.50000000000006 52.573757000000008 -26.633228999999996
decision_type=2 2 2 2 2 2 2 2 2 2 2 2 2 2
left_child=-1 2 3 -2 7 -6 -7 -4 9 10 -8 -12 -11 -5
right_child=1 -3 4 13 5 6 8 -9 -10 12 11 -13 -14 -15
leaf_value=0.088580022422195995 -0.18579137201110524 -0.21660998394856087 -0.028565453239377925 0.37402890658378607 0.39298581441243491 -0.33302561528134078 0.0025461440057953973 -0.22004563406937652 0.067041066738765517 -0.058727419076954203 0.53071486037224536 0.05749389360780302 0.23204768839336576 0.081761947971369542
leaf_weight=158 24 26 550 25 30 22 257 72 410 623 22 46 21 70
leaf_count=158 24 26 550 25 30 22 257 72 410 623 22 46 21 70
internal_value=0.00111844 -0.00516861 -0.00263754 0.0892022 -0.00796094 0.0106293 0.00244175 -0.0507304 0.00779366 -0.0172749 0.0460763 0.210595 -0.0492456 0.158674
internal_weight=2356 2198 2172 119 2053 1431 1401 622 1379 969 325 68 644 95
internal_count=2356 2198 2172 119 2053 1431 1401 622 1379 969 325 68 644 95
is_linear=0
shrinkage=0.05


Tree=44
num_leaves=15
num_cat=0
split_feature=6 8 7 6 5 7 16 5 7 2 16 7 2 3
split_gain=578.908 565.596 570.662 1138.35 851.321 707.973 1222.53 1519.52 1072.82 900.419 849.42 965.552 639.276 1215.8
threshold=-22.123105499999998 57.500000000000007 -9.1463144999999972 -6.6600519999999994 32.665242000000006 -15.220165999999997 643.50000000000011 29.516835500000003 -9.2818959999999979 5.1315675000000009 276.50000000000006 -19.710702499999996 30.061026500000001 5.6064415000000007
decision_type=2 2 2 2 2 2 2 2 2 2 2 2 2 2
left_child=-1 2 4 -4 5 10 7 -7 -8 -9 11 -2 -6 -14
right_child=1 -3 3 -5 12 6 8 9 -10 -11 -12 -13 13 -15
leaf_value=0.26240065356805209 0.3604997922976812 -0.048134195871092744 -0.2026374936533662 -0.0012207815328738525 -0.04956762513458899 0.026548137173056603 0.45486185661582063 0.55042555528166504 0.05273272136605725 0.14288998602917699 -0.062201829107167816 -0.0041072105907875561 0.31838036628591049 -0.064789056781917181
leaf_weight=21 30 507 78 697 351 300 43 23 27 33 165 46 37 47
leaf_count=21 30 507 78 697 351 300 43 23 27 33 165 46 37 47
internal_value=0.00102774 -0.00127462 0.0113827 -0.0214924 0.0345027 0.0699928 0.108738 0.0711786 0.299755 0.310271 0.00150523 0.139817 -0.0199155 0.103988
internal_weight=2405 2384 1877 775 1102 667 426 356 70 56 241 76 435 84
internal_count=2405 2384 1877 775 1102 667 426 356 70 56 241 76 435 84
is_linear=0
shrinkage=0.05


Tree=45
num_leaves=15
num_cat=0
split_feature=5 2 4 5 16 2 16 16 16 16 16 16 2 4
split_gain=489.945 697.832 483.64 589.994 1417.38 1136.62 651.648 581.571 548.08 621.534 1219.57 1085.39 1022.64 997.955
threshold=59.299730000000004 3.0969575000000007 0.90818900000000002 21.628885000000004 402.50000000000006 -4.2742644999999992 321.50000000000006 49.500000000000007 105.50000000000001 234.50000000000003 370.50000000000006 156.50000000000003 -22.284218999999997 -0.86457699999999982
decision_type=2 2 2 2 2 2 2 2 2 2 2 2 2 2
left_child=2 -2 3 4 6 -6 -1 -5 -9 11 -11 -10 13 -13
right_child=1 -3 -4 7 5 -7 -8 8 9 10 -12 12 -14 -15
leaf_value=-0.0061529269286396118 0.3351171036958695 0.018273561383626149 0.1009296256793957 -0.27656161576509475 0.30925712718814613 0.054673754706654414 -0.13004244180938915 0.16803323165936904 0.021998133775778115 0.080049713597067501 -0.053538930009494327 0.23335828121751545 -0.33345268416321944 -0.24486543213327727
leaf_weight=449 25 57 95 25 50 356 139 33 80 224 720 20 72 24
leaf_count=449 25 57 95 25 50 356 139 33 80 224 720 20 72 24
internal_value=-0.00521241 0.114872 -0.00951802 -0.0143048 0.0141732 0.0860264 -0.0354397 -0.0379334 -0.0328475 -0.0386625 -0.0218399 -0.119685 -0.217398 -0.027491
internal_weight=2369 82 2287 2192 994 406 588 1198 1173 1140 944 196 116 44
internal_count=2369 82 2287 2192 994 406 588 1198 1173 1140 944 196 116 44
is_linear=0
shrinkage=0.05


Tree=46
num_leaves=15
num_cat=0
split_feature=0 7 2 8 7 7 7 5 18 2 5 18 6 5
split_gain=456.65 463.148 425.246 564.823 625.73 607.599 570.32 1382.72 951.003 1443.44 1051.25 878.433 536.266 534.225
threshold=-5.121310499999999 -3.2281234999999993 6.6265090000000013 57.500000000000007 -26.633228999999996 -6.4936539999999985 -14.943362999999998 29.946946500000003 445.50000000000006 -0.65202049999999989 25.896373000000004 144.50000000000003 -4.9709334999999983 20.864860000000004
decision_type=2 2 2 2 2 2 2 2 2 2 2 2 2 2
left_child=-1 2 3 6 -5 -6 11 8 -8 -10 -11 -2 -13 -14
right_child=1 -3 -4 4 5 -7 7 -9 9 10 -12 12 13 -15
leaf_value=0.083954299782057429 0.29452767031533378 0.16267492931336167 -0.037123165527727368 0.21654158992354167 -0.073500847062661259 0.20994242329150437 -0.0066067439668094285 0.35153059798635938 0.35592041846651301 0.12492017447633164 -0.20997475409700025 0.013680143411472149 0.015754332837577052 -0.18474720808798853
leaf_weight=151 21 40 831 22 346 20 366 38 52 96 31 204 52 92
leaf_count=151 21 40 831 22 346 20 366 38 52 96 31 204 52 92
internal_value=-0.000171209 -0.00591655 -0.0090228 0.00840363 -0.0424447 -0.0580121 0.0291275 0.0599161 0.0395833 0.134028 0.0431742 -0.0195168 -0.0384677 -0.112344
internal_weight=2362 2211 2171 1340 388 366 952 583 545 179 127 369 348 144
internal_count=2362 2211 2171 1340 388 366 952 583 545 179 127 369 348 144
is_linear=0
shrinkage=0.05


Tree=47
num_leaves=15
num_cat=0
split_feature=0 16 16 3 8 7 16 5 16 16 16 7 7 5
split_gain=406.386 411.557 434.992 626.725 581.886 1065.96 935.518 1059.42 1170.42 1016.07 657.437 541.49 1166.55 1322.91
threshold=13.26993 900.50000000000011 234.50000000000003 -8.086018499999998 52.500000000000007 -16.829162499999999 258.50000000000006 20.864860000000004 386.50000000000006 315.50000000000006 294.50000000000006 -15.220165999999997 -10.493961499999999 38.488631500000004
decision_type=2 2 2 2 2 2 2 2 2 2 2 2 2 2
left_child=1 2 -1 -4 11 10 -7 8 9 -8 -6 -5 13 -13
right_child=-2 -3 3 4 5 6 7 -9 -10 -11 -12 12 -14 -15
leaf_value=-0.027300133082033023 -0.19296039973313994 -0.18829899496502348 0.26015193145032284 -0.029709614925680961 0.39431365191936496 -0.37131668762727221 0.23185503557324411 -0.10429092284903163 0.19121006675774144 -0.13561952082743339 0.061125140362664282 0.22712853146450862 0.020661738973008784 -0.024273696676582884
leaf_weight=635 26 27 27 235 20 22 24 256 84 87 57 168 652 76
leaf_count=635 26 27 27 235 20 22 24 256 84 87 57 168 652 76
internal_value=0.00363948 0.00579627 0.00803296 0.0211691 0.0173306 -0.0248541 -0.0529391 -0.0374084 0.0503962 -0.0561656 0.147668 0.0378448 0.0555628 0.148823
internal_weight=2396 2370 2343 1708 1681 550 473 451 195 111 77 1131 896 244
internal_count=2396 2370 2343 1708 1681 550 473 451 195 111 77 1131 896 244
is_linear=0
shrinkage=0.05


Tree=48
num_leaves=15
num_cat=0
split_feature=0 8 7 7 0 2 2 3 16 16 7 7 8 0
split_gain=427.341 429.344 519.357 561.637 400.183 743.018 470.234 614.396 577.412 876.68 811.689 730.72 633.634 606.543
threshold=-7.4057129999999995 57.500000000000007 -26.633228999999996 -6.4936539999999985 13.26993 48.871490500000007 10.037865000000002 7.734061500000001 601.50000000000011 511.50000000000006 -9.6145504999999982 -9.8848719999999997 37.500000000000007 4.316625000000001
decision_type=2 2 2 2 2 2 2 2 2 2 2 2 2 2
left_child=-1 4 -3 -4 5 6 7 -2 9 11 -11 -8 -12 -10
right_child=1 2 3 -5 -6 -7 8 -9 13 10 12 -13 -14 -15
leaf_value=0.13242646853865711 0.017127280474784224 0.1519261532493176 -0.07547782162496125 0.13883873683710893 -0.18390657311236416 0.20206485718146575 0.032724621670118942 0.23289326267207372 0.060901351953220322 -0.47319747365039327 -0.32507174672050909 -0.15143210638950511 0.023506225552409887 -0.10533156516413167
leaf_weight=59 1114 31 415 33 27 49 157 34 221 23 22 82 32 73
leaf_count=59 1114 31 415 33 27 49 157 34 221 23 22 82 32 73
internal_value=-0.000454248 -0.00384377 -0.0459956 -0.0596911 0.00716536 0.0100203 0.00466756 0.0235176 -0.0308075 -0.0777297 -0.224454 -0.0304589 -0.118507 0.0196258
internal_weight=2372 2313 479 448 1834 1807 1758 1148 610 316 77 239 54 294
internal_count=2372 2313 479 448 1834 1807 1758 1148 610 316 77 239 54 294
is_linear=0
shrinkage=0.05


Tree=49
num_leaves=15
num_cat=0
split_feature=16 16 16 7 16 7 3 5 7 16 2 4 16 7
split_gain=386.176 507.893 794.807 950.181 634.327 931.468 593.789 433.033 366.066 361.398 347.291 1077.78 1228.34 623.941
threshold=37.500000000000007 101.50000000000001 180.50000000000003 -18.602939499999994 67.500000000000014 -19.595347499999999 -4.8245629999999986 24.156332000000003 -12.874794499999998 162.50000000000003 6.6265090000000013 0.41852800000000007 306.50000000000006 -6.4936539999999985
decision_type=2 2 2 2 2 2 2 2 2 2 2 2 2 2
left_child=-1 4 3 -3 7 -6 -5 -2 9 -8 13 -12 -13 -4
right_child=1 2 10 6 5 -7 8 -9 -10 -11 11 12 -14 -15
leaf_value=-0.17393625407712535 0.096424399701685745 -0.37219027372506952 0.011127087922007806 0.19349570028822533 0.4354212903976441 0.072161136170228332 0.045925466598967069 -0.18183113430385237 -0.14753751906637963 -0.13243190681768788 -0.064331015453709506 0.2511040838464858 0.004933011777066126 0.1286337475932669
leaf_weight=32 29 26 962 22 25 60 77 27 104 45 497 63 259 128
leaf_count=32 29 26 962 22 25 60 77 27 104 45 497 63 259 128
internal_value=-0.00142485 0.000950525 -0.00498994 -0.0846245 0.0929225 0.179002 -0.0544765 -0.0377345 -0.0786154 -0.0198621 0.00644006 -0.0181628 0.0530969 0.024926
internal_weight=2356 2324 2183 274 141 85 248 56 226 122 1909 819 322 1090
internal_count=2356 2324 2183 274 141 85 248 56 226 122 1909 819 322 1090
is_linear=0
shrinkage=0.05


Tree=50
num_leaves=15
num_cat=0
split_feature=5 1 7 6 0 16 16 5 0 0 7 16 1 6
split_gain=548.635 366.186 352.298 350.102 376.978 416.534 435.309 408.16 581.426 530.504 494.374 405.557 323.97 321.538
threshold=65.365225000000024 28.540367000000003 -3.2281234999999993 -1.3830209999999998 -5.121310499999999 207.50000000000003 165.50000000000003 46.055489000000009 2.6685285000000003 6.5749295000000005 -11.670829499999998 908.50000000000011 18.227150500000004 -12.874794499999998
decision_type=2 2 2 2 2 2 2 2 2 2 2 2 2 2
left_child=2 -2 3 4 5 6 -1 9 -9 11 -11 -6 -10 -7
right_child=1 -3 -4 -5 7 13 -8 8 12 10 -12 -13 -14 -15
leaf_value=0.093111067424927446 0.26543742666544862 -0.007292296225205064 0.13983502719728721 0.12196096558696951 -0.012481584541238723 0.26323204184571902 -0.18826650287266133 -0.0073544100164038284 -0.2955853312462568 -0.020649257343676355 0.2019163802266121 -0.2388721412420273 -0.063217126205563551 0.067997419519323699
leaf_weight=28 32 20 42 52 1817 30 27 82 40 45 56 20 24 71
leaf_count=28 32 20 42 52 1817 30 27 82 40 45 56 20 24 71
internal_value=-8.80896e-05 0.160541 -0.00366681 -0.00629642 -0.00927383 0.0656967 -0.0450197 -0.0148858 -0.0955047 -0.00881237 0.102753 -0.0149464 -0.208447 0.125988
internal_weight=2386 52 2334 2292 2240 156 55 2084 146 1938 101 1837 64 101
internal_count=2386 52 2334 2292 2240 156 55 2084 146 1938 101 1837 64 101
is_linear=0
shrinkage=0.05


Tree=51
num_leaves=15
num_cat=0
split_feature=5 16 16 6 16 2 5 2 2 6 16 1 16 4
split_gain=367.234 320.196 411.483 634.666 518.045 684.076 574.328 504.952 373.936 599.93 733.417 589.583 1081.37 554.324
threshold=65.365225000000024 43.500000000000007 105.50000000000001 -10.035755499999999 183.50000000000003 26.972924000000003 31.013985000000002 -8.5419789999999978 8.8535505000000025 -9.4787029999999977 646.50000000000011 8.7168470000000031 306.50000000000006 -0.35462199999999994
decision_type=2 2 2 2 2 2 2 2 2 2 2 2 2 2
left_child=1 -1 3 -3 5 6 -4 -5 -6 10 13 -11 -13 -10
right_child=-2 2 4 7 8 -7 -8 -9 9 11 -12 12 -14 -15
leaf_value=-0.13881335876543413 0.12668200182487016 -0.15286463550899343 -0.062578740958533774 0.36316905723651871 0.018247285809532412 0.13633556941195446 -0.25390437120944259 0.083620476408395927 -0.041133487153620946 -0.0552362237246855 0.033003722795763531 0.25036378515024599 -0.0037290161592496 -0.35836545489728455
leaf_weight=44 54 23 182 20 1198 34 50 84 21 315 37 52 215 40
leaf_count=44 54 23 182 20 1198 34 50 84 21 315 37 52 215 40
internal_value=-0.00221349 -0.00522012 -0.00263179 0.0848159 -0.00781176 -0.0731171 -0.103813 0.13738 0.00143809 -0.0281758 -0.142625 -0.00890418 0.0457572 -0.249154
internal_weight=2369 2315 2271 127 2144 266 232 104 1878 680 98 582 267 61
internal_count=2369 2315 2271 127 2144 266 232 104 1878 680 98 582 267 61
is_linear=0
shrinkage=0.05


Tree=52
num_leaves=15
num_cat=0
split_feature=6 8 7 2 7 2 5 5 18 4 2 18 7 7
split_gain=413.299 407.088 558.767 617.159 748.355 520.153 628.768 606.276 808.344 473.543 431.816 511.696 430.979 429.178
threshold=-22.123105499999998 52.500000000000007 -6.556462999999999 -8.2785889999999984 -10.9414605 -10.534818 35.842374500000005 30.052143500000003 147.50000000000003 -0.098026499999999975 -1.0000000180025095e-35 730.50000000000011 -22.316093499999997 -18.602939499999994
decision_type=2 2 2 2 2 2 2 2 2 2 2 2 2 2
left_child=-1 -2 3 4 5 6 7 8 -3 -5 -11 -12 -10 -14
right_child=1 2 -4 9 -6 -7 -8 -9 12 10 11 -13 13 -15
leaf_value=0.21616035401821138 0.014692662207538199 0.30025895065069202 0.089579844807481601 -0.041753025511947012 0.28811167348986089 -0.12231400140838043 0.24803016812636935 -0.19294309448450805 -0.20181032589947187 -0.24505943107545716 -0.015247317927109228 -0.28525873365731019 0.24112800702452664 -0.019550259480873744
leaf_weight=22 1450 25 90 321 23 74 29 34 24 66 74 23 20 75
leaf_count=22 1450 25 90 321 23 74 29 34 24 66 74 23 20 75
internal_value=0.000461122 -0.00157727 -0.0284468 -0.041927 0.0139061 -0.00853776 0.0321359 -0.00303791 0.0418008 -0.0769957 -0.1464 -0.0792706 -0.0124971 0.0353294
internal_weight=2350 2328 878 788 304 281 207 178 144 484 163 97 119 95
internal_count=2350 2328 878 788 304 281 207 178 144 484 163 97 119 95
is_linear=0
shrinkage=0.05


Tree=53
num_leaves=15
num_cat=0
split_feature=6 8 5 5 16 2 4 0 5 6 6 16 6 7
split_gain=365.35 346.192 518.911 838.998 787.473 749.26 493.389 467.191 544.755 788.994 563.411 1083.95 771.262 681.166
threshold=-22.123105499999998 57.500000000000007 21.628885000000004 33.586008000000014 410.50000000000006 -7.9354284999999996 -0.052280499999999987 -2.7861114999999996 32.307914500000003 -2.4908194999999993 -4.2854119999999991 592.50000000000011 -4.4087219999999991 -19.412206999999999
decision_type=2 2 2 2 2 2 2 2 2 2 2 2 2 2
left_child=-1 7 4 -4 6 -5 -3 -2 10 -10 12 -12 13 -9
right_child=1 2 3 5 -6 -7 -8 8 9 -11 11 -13 -14 -15
leaf_value=0.21039021860808138 0.068424683092669344 0.0025879665396161496 -0.14148502146759009 0.21433946554725236 0.24330441472120584 -0.11605661193025299 -0.25287853252320064 0.2439625740019806 -0.067544078322571394 0.25412436723709109 -0.068011699809242307 0.064286064688070188 0.29996708025534952 0.020200015188055448
leaf_weight=20 257 189 197 37 32 32 21 37 407 20 399 253 30 421
leaf_count=20 257 189 197 37 32 32 21 37 407 20 399 253 30 421
internal_value=-0.00240172 -0.00422669 -0.0407311 -0.0889316 0.0122497 0.0611123 -0.0229587 0.00594009 -0.00430786 -0.0524776 0.0137347 -0.0166753 0.0543644 0.0382769
internal_weight=2352 2332 508 266 242 69 210 1824 1567 427 1140 652 488 458
internal_count=2352 2332 508 266 242 69 210 1824 1567 427 1140 652 488 458
is_linear=0
shrinkage=0.05


Tree=54
num_leaves=15
num_cat=0
split_feature=0 8 2 1 4 7 16 4 6 4 8 7 7 16
split_gain=359.687 352.35 411.74 570.965 593.476 425.47 1370.72 400.163 425.403 400.163 386.576 502.3 402.011 356.778
threshold=-7.4057129999999995 62.500000000000007 -5.3125169999999988 -9.4357384999999976 -0.14763499999999999 -11.788986 406.50000000000006 -0.86457699999999982 -6.7229154999999992 -0.14763499999999999 52.500000000000007 -6.8462449999999988 -6.3269884999999997 598.50000000000011
decision_type=2 2 2 2 2 2 2 2 2 2 2 2 2 2
left_child=-1 2 3 -2 -5 -6 -7 -3 -9 -10 13 -12 -13 -4
right_child=1 7 10 4 5 6 -8 8 9 -11 11 12 -14 -15
leaf_value=0.11801249298056769 -0.2125152411915007 0.15000580072402955 -0.017437382361790894 0.13247713429513594 -0.027891903286980629 -0.0094220248038892618 0.41046410019581137 -0.14865451728222531 0.051962601403955005 -0.20123829348944128 -0.084413596255723644 0.24411555397368612 -0.0095264264641970881 0.038032939009834954
leaf_weight=62 21 20 759 159 206 77 26 114 71 20 296 21 61 469
leaf_count=62 21 20 759 159 206 77 26 114 71 20 296 21 61 469
internal_value=-0.000840427 -0.00401667 0.00236909 0.0425396 0.0539844 0.0135949 0.0965686 -0.0634752 -0.0843026 -0.00368595 -0.00986216 -0.054077 0.0554307 0.00374794
internal_weight=2382 2320 2095 489 468 309 103 225 205 91 1606 378 82 1228
internal_count=2382 2320 2095 489 468 309 103 225 205 91 1606 378 82 1228
is_linear=0
shrinkage=0.05


Tree=55
num_leaves=15
num_cat=0
split_feature=6 0 2 4 7 2 6 16 5 5 16 5 16 7
split_gain=392.899 362.131 563.81 344.479 322.712 323.017 699.656 569.217 595.308 712.807 567.403 997.116 871.715 707.584
threshold=-22.123105499999998 13.26993 67.633209000000008 1.3270845000000002 -3.2281234999999993 9.8918605000000017 -12.874794499999998 246.50000000000003 25.009628000000003 54.346298000000012 291.50000000000006 25.784961500000005 267.50000000000006 -6.4936539999999985
decision_type=2 2 2 2 2 2 2 2 2 2 2 2 2 2
left_child=-1 2 3 4 5 7 -7 8 -2 -10 11 13 -13 -9
right_child=1 -3 -4 -5 -6 6 -8 10 9 -11 -12 12 -14 -15
leaf_value=0.21843625783920287 -0.0028727663875038993 -0.18617729737802791 0.22952825421324144 0.15577504712185175 0.13037801744150265 0.23620686457323414 -0.051006081861319857 -0.2291008796704852 -0.15374185870079182 0.12450956337981754 0.010933545167149403 0.51806396194126303 0.11179888725521103 0.1240576982498169
leaf_weight=20 379 27 26 33 42 22 586 23 156 27 953 23 31 37
leaf_count=20 379 27 26 33 42 22 586 23 156 27 953 23 31 37
internal_value=-0.00224567 -0.0041119 -0.00200935 -0.00461314 -0.00693557 -0.00951365 -0.0406135 0.0020939 -0.0386312 -0.112688 0.0235443 0.128965 0.284838 -0.0113198
internal_weight=2385 2365 2338 2312 2279 2237 608 1629 562 183 1067 114 54 60
internal_count=2385 2365 2338 2312 2279 2237 608 1629 562 183 1067 114 54 60
is_linear=0
shrinkage=0.05


Tree=56
num_leaves=15
num_cat=0
split_feature=7 7 7 7 6 2 16 5 5 7 7 16 7 5
split_gain=309.715 1240.89 565.657 977.995 769.769 823.62 1388.9 1209.39 943.304 671.981 1141.97 983.022 514.956 1199.37
threshold=-8.9462234999999968 -7.4270144999999994 -12.790780999999997 -12.973799999999999 -7.4960949999999995 23.786204000000005 402.50000000000006 23.326012500000001 22.393342000000001 -13.835873499999998 -13.574112999999999 162.50000000000003 -18.846248999999997 21.160390000000003
decision_type=2 2 2 2 2 2 2 2 2 2 2 2 2 2
left_child=2 -2 3 9 -4 6 7 -6 -8 12 -11 -12 -1 -14
right_child=1 -3 4 -5 5 -7 8 -9 -10 10 11 -13 13 -15
leaf_value=0.023317072362838399 -0.12904884031667857 0.0086740538130453786 -0.032314294554772929 -0.22880535817891362 -0.025209623233535174 -0.072517421780459917 0.43874687295068393 0.24593793744390663 0.15051944169681519 0.34517810103069579 0.17996714457466798 -0.18967633792332242 0.069062303271299849 -0.12387608013514961
leaf_weight=369 219 646 198 50 163 67 44 55 80 36 37 35 120 245
leaf_count=369 219 646 198 50 163 67 44 55 80 36 37 35 120 245
internal_value=-0.00237023 -0.0261945 0.0113776 -0.0139595 0.0486111 0.0877877 0.119193 0.0431992 0.252794 -0.00120147 0.115246 0.000279341 -0.0183354 -0.0604443
internal_weight=2364 865 1499 892 607 409 342 218 124 842 108 72 734 365
internal_count=2364 865 1499 892 607 409 342 218 124 842 108 72 734 365
is_linear=0
shrinkage=0.05


Tree=57
num_leaves=15
num_cat=0
split_feature=16 16 16 1 2 2 6 13 0 6 16 3 0 16
split_gain=338.978 390.624 535.06 411.391 429.436 406.775 294.499 444.652 306.707 372.579 330.483 300.54 284.84 272.388
threshold=43.500000000000007 101.50000000000001 180.50000000000003 -8.6664774999999974 -8.2785889999999984 30.061026500000001 -22.123105499999998 15.417055000000003 -4.1731519999999991 -11.164909999999997 900.50000000000011 -4.6230259999999994 -1.1455764999999998 207.50000000000003
decision_type=2 2 2 2 2 2 2 2 2 2 2 2 2 2
left_child=-1 3 5 -2 -5 -3 -4 8 9 -8 13 -11 -6 -10
right_child=1 2 6 4 12 -7 7 -9 10 11 -12 -13 -14 -15
leaf_value=-0.13724802772260525 -0.11304667340148063 -0.091569216757365582 0.19346661276760557 0.33779525861144066 0.23947088775180636 0.088867353710035485 0.1951547432245444 -0.1962664680072555 0.10352523924588269 -0.11577378777520997 -0.18212598709991046 0.07585116280610428 0.026837951695132589 0.00065387945649698648
leaf_weight=44 21 236 21 20 21 36 46 27 67 28 24 76 63 1626
leaf_count=44 21 236 21 20 21 36 46 27 67 28 24 76 63 1626
internal_value=0.000230773 0.00284715 -0.0020663 0.0888128 0.129573 -0.0676879 0.00725437 0.00518972 0.00810312 0.0766676 0.00211321 0.0242598 0.0799962 0.00472498
internal_weight=2356 2312 2187 125 104 272 1915 1894 1867 150 1717 104 84 1693
internal_count=2356 2312 2187 125 104 272 1915 1894 1867 150 1717 104 84 1693
is_linear=0
shrinkage=0.05


Tree=58
num_leaves=15
num_cat=0
split_feature=2 7 0 2 16 0 2 6 7 7 6 7 7 7
split_gain=363.299 322.094 667.327 507.079 326.408 312.393 577.877 378.314 290.986 318.1 1139.9 723.113 1609.66 582.928
threshold=-15.956467499999999 -32.354953999999992 -2.2849864999999996 -18.342434499999996 186.50000000000003 13.26993 52.573757000000008 -9.3673184999999979 -3.2281234999999993 -9.1463144999999972 -6.7229154999999992 -11.788986 -11.595308999999999 -10.033946999999998
decision_type=2 2 2 2 2 2 2 2 2 2 2 2 2 2
left_child=1 -1 4 -4 -3 6 8 -8 9 11 -11 -2 -13 -14
right_child=5 2 3 -5 -6 -7 7 -9 -10 10 -12 12 13 -15
leaf_value=-0.049344512075185781 -0.020038614242721266 -0.15757067870526087 0.41735600605607037 0.1090098072340091 0.10126643868099 -0.17577139726625041 0.032192710112957733 0.33231728889402889 0.12694344028103641 -0.19079915160087474 -0.010201273798661386 0.3321765459821715 -0.015092146202361071 0.11084727178035428
leaf_weight=36 823 21 24 30 29 26 21 21 41 99 744 48 279 137
leaf_count=36 823 21 24 30 29 26 21 21 41 99 744 48 279 137
internal_value=0.00141938 0.0795584 0.124179 0.246053 -0.00744515 -0.00346649 -0.00144212 0.182255 -0.00499591 -0.00753559 -0.0314103 0.00810261 0.0580169 0.0263831
internal_weight=2379 140 104 54 50 2239 2213 42 2171 2130 843 1287 464 416
internal_count=2379 140 104 54 50 2239 2213 42 2171 2130 843 1287 464 416
is_linear=0
shrinkage=0.05


Tree=59
num_leaves=15
num_cat=0
split_feature=0 2 7 7 7 7 7 6 16 16 7 7 16 2
split_gain=305.996 378.608 670.714 455.978 416.972 1399.51 813.821 530.442 765.095 596.594 582.731 1010.32 619.574 1885.15
threshold=-5.121310499999999 -15.956467499999999 -32.354953999999992 -26.790360499999995 -13.835873499999998 -13.574112999999999 -14.782782499999998 -7.4960949999999995 463.50000000000006 574.50000000000011 -12.790780999999997 -11.346329999999998 394.50000000000006 -5.8548209999999985
decision_type=2 2 2 2 2 2 2 2 2 2 2 2 2 2
left_child=-1 2 -2 -4 6 -6 -3 8 -7 -10 -9 -12 -13 -14
right_child=1 4 3 -5 5 7 -8 10 9 -11 11 12 13 -15
leaf_value=0.06747455335010781 -0.1280703342071286 -0.029756518639437481 0.35396054549650713 0.087245685512484128 0.33745238202654071 0.011895286114304328 -0.27591216055055462 -0.13057091254471007 -0.36276827886186802 -0.097607881984897435 0.16477051024773606 -0.035312187506252736 0.48342416804769767 0.021619616255679347
leaf_weight=163 27 499 22 59 31 128 36 69 29 79 108 518 23 564
leaf_count=163 27 499 22 59 31 128 36 69 29 79 108 518 23 564
internal_value=0.00138106 -0.00353374 0.0877475 0.159687 -0.00826425 0.00487969 -0.0463203 -0.00191197 -0.0707996 -0.168808 0.0107694 0.0188093 0.00454344 0.0397142
internal_weight=2355 2192 108 81 2084 1549 535 1518 236 108 1282 1213 1105 587
internal_count=2355 2192 108 81 2084 1549 535 1518 236 108 1282 1213 1105 587
is_linear=0
shrinkage=0.05


Tree=60
num_leaves=15
num_cat=0
split_feature=16 16 6 6 4 16 7 16 2 16 7 7 7 16
split_gain=274.594 277.844 467 1022.86 481.263 1029.16 460.64 542.336 378.685 526.118 810.429 769.199 774.507 599.433
threshold=900.50000000000011 613.50000000000011 -4.2854119999999991 -4.339736499999999 0.72279500000000019 309.50000000000006 -3.9591564999999993 475.50000000000006 20.528792500000005 676.50000000000011 -11.965576499999999 -8.2149594999999973 -9.3086534999999984 877.50000000000011
decision_type=2 2 2 2 2 2 2 2 2 2 2 2 2 2
left_child=1 2 3 -1 6 -6 -4 -8 9 10 -3 12 -11 -13
right_child=-2 8 4 -5 5 -7 7 -9 -10 11 -12 13 -14 -15
leaf_value=-0.00012886554877052667 -0.1525733668357134 -0.053374319040292023 -0.082128386236217085 0.30042071741973531 0.29191591482737972 -0.16769132365783057 0.22120398868132254 -0.079611261910007849 -0.027909083192281543 0.03036270090378821 0.22552042264406655 -0.1485444598763091 0.30821221171645452 0.15084907157080515
leaf_weight=1188 30 37 429 29 29 21 29 31 187 116 88 82 32 21
leaf_count=1188 30 37 429 29 29 21 29 31 187 116 88 82 32 21
internal_value=-0.00227167 -0.00032728 -0.010127 0.00703296 -0.0488721 0.0988809 -0.0639798 0.0657828 0.030238 0.0591569 0.142968 0.0174185 0.0904383 -0.0875031
internal_weight=2349 2319 1756 1217 539 50 489 60 563 376 125 251 148 103
internal_count=2349 2319 1756 1217 539 50 489 60 563 376 125 251 148 103
is_linear=0
shrinkage=0.05


Tree=61
num_leaves=15
num_cat=0
split_feature=5 2 5 7 2 16 0 16 5 16 6 6 6 6
split_gain=316.202 370.353 266.755 528.045 393.655 276.14 271.939 310.441 417.381 796.856 349.751 335.922 1126.64 402.846
threshold=65.365225000000024 11.943172500000001 52.423532000000002 -22.489228499999996 48.871490500000007 342.50000000000006 -7.4057129999999995 613.50000000000011 22.393342000000001 661.50000000000011 -10.727540499999998 -4.2854119999999991 -4.339736499999999 -2.5273359999999996
decision_type=2 2 2 2 2 2 2 2 2 2 2 2 2 2
left_child=2 -2 4 -4 6 -5 -1 11 9 -9 -10 12 -8 -13
right_child=1 -3 3 5 -6 -7 7 8 10 -11 -12 13 -14 -15
leaf_value=0.12702534358675888 0.28442445737974986 0.018824416074369636 0.026389677548367119 -0.076501555910900895 0.19158961303808072 -0.31656236779689789 -0.0070887320406234321 0.23655999552031035 0.14249750019775495 0.023032450863438383 -0.022122540506100061 -0.079665345021244421 0.30382898653546975 0.013150649942332808
leaf_weight=41 21 35 54 23 27 25 1012 61 36 154 311 337 30 179
leaf_count=41 21 35 54 23 27 25 1012 61 36 154 311 337 30 179
internal_value=0.00103962 0.118424 -0.00183093 -0.0808682 0.00185363 -0.201533 -0.000516976 -0.0029836 0.0288736 0.0836147 -0.0050438 -0.0144751 0.00186283 -0.0474675
internal_weight=2346 56 2290 102 2188 48 2161 2120 562 215 347 1558 1042 516
internal_count=2346 56 2290 102 2188 48 2161 2120 562 215 347 1558 1042 516
is_linear=0
shrinkage=0.05


Tree=62
num_leaves=15
num_cat=0
split_feature=0 18 8 2 5 18 18 18 18 8 18 7 18 18
split_gain=297.596 302.985 289.182 437.783 588.391 643.675 425.276 419.284 743.625 491.838 495.214 444.201 460.894 434.288
threshold=-5.121310499999999 900.50000000000011 52.500000000000007 -20.745513499999998 20.864860000000004 398.50000000000006 105.50000000000001 730.50000000000011 755.50000000000011 32.500000000000007 710.50000000000011 -3.8766169999999995 601.50000000000011 664.50000000000011
decision_type=2 2 2 2 2 2 2 2 2 2 2 2 2 2
left_child=-1 2 7 -4 5 6 -5 9 -9 -2 11 12 -11 -14
right_child=1 -3 3 4 -6 -7 -8 8 -10 10 -12 -13 13 -15
leaf_value=0.064808697077613442 -0.12179732207441703 -0.17207149189931376 0.15946815013885499 0.12621576629046882 -0.080894879938919764 0.14722971773213323 -0.044444104629038 0.31805265921133535 0.038985056744394508 0.0042356759218927431 -0.2179163943976164 -0.15608894088746686 0.17129626123759167 -0.0035603631660342215
leaf_weight=161 80 27 30 42 365 68 279 27 206 874 24 38 87 60
leaf_count=161 80 27 30 42 365 68 279 27 206 874 24 38 87 60
internal_value=-0.000818083 -0.00560554 -0.0035438 -0.0278441 -0.0352969 0.00748786 -0.0221148 0.0101034 0.0713234 -0.00216167 0.00667568 0.0117656 0.0180129 0.0999262
internal_weight=2368 2207 2180 784 754 389 321 1396 233 1163 1083 1059 1021 147
internal_count=2368 2207 2180 784 754 389 321 1396 233 1163 1083 1059 1021 147
is_linear=0
shrinkage=0.05


Tree=63
num_leaves=15
num_cat=0
split_feature=16 16 5 2 8 4 8 5 4 5 16 1 16 16
split_gain=243.356 236.531 439.674 559.731 425.165 327.884 375.062 359.039 321.331 386.586 298.124 340.858 279.666 542.698
threshold=900.50000000000011 616.50000000000011 44.138349000000005 20.147761500000005 32.500000000000007 0.63834750000000018 47.500000000000007 54.346298000000012 -0.062667499999999987 37.034252500000008 460.50000000000006 10.632916000000003 583.50000000000011 544.50000000000011
decision_type=2 2 2 2 2 2 2 2 2 2 2 2 2 2
left_child=1 4 -3 -4 -1 7 -7 8 12 10 11 -10 13 -6
right_child=-2 2 3 -5 5 6 -8 -9 9 -11 -12 -13 -14 -15
leaf_value=-0.14731935603357851 -0.14033001594502351 0.047980404693223032 0.070231209329974204 -0.24673020424942177 0.0086322228896362815 0.027522036230616404 0.21464551448822022 0.17132901544017454 -0.053985126748565961 -0.15680771965722917 0.03304622528826915 0.1322666489160978 -0.10845409142582313 0.19327606287385737
leaf_weight=50 29 513 26 30 758 114 35 28 445 59 173 26 46 42
leaf_count=50 29 513 26 30 758 114 35 28 445 59 173 26 46 42
internal_value=0.0036237 0.00540393 0.0334588 -0.0995695 -0.00358436 0.000579457 0.0714772 -0.00611919 -0.00932678 -0.0343088 -0.0230861 -0.0437037 0.0114325 0.018326
internal_weight=2374 2345 569 56 1776 1726 149 1577 1549 703 644 471 846 800
internal_count=2374 2345 569 56 1776 1726 149 1577 1549 703 644 471 846 800
is_linear=0
shrinkage=0.05


Tree=64
num_leaves=15
num_cat=0
split_feature=16 16 16 6 16 7 5 6 5 7 0 3 4 16
split_gain=241.639 409.181 410.387 644.011 407.092 602.202 533.526 692.816 281.761 280.518 273.421 243.331 236.249 866.687
threshold=37.500000000000007 101.50000000000001 67.500000000000014 -7.1188014999999991 186.50000000000003 -18.602939499999994 42.085787000000003 -9.1480694999999983 24.381227500000005 -9.0357934999999987 13.26993 -0.39514549999999998 0.60796900000000009 303.50000000000006
decision_type=2 2 2 2 2 2 2 2 2 2 2 2 2 2
left_child=-1 2 8 -4 5 -3 7 -7 -2 -9 12 -5 -6 -14
right_child=1 4 3 11 10 6 -8 9 -10 -11 -12 -13 13 -15
leaf_value=-0.13139458604923943 0.089764232698965954 -0.26155411009676754 0.36557103735208513 0.18543979674577715 0.0021648704033284186 0.1707147528520889 -0.2204207332861243 -0.0038417825963170758 -0.13866073969337675 -0.1317282968043135 -0.16162903079142174 -0.012032627433729478 0.2328682615228419 -0.0038453260114273201
leaf_weight=34 27 32 25 26 1685 45 33 126 27 65 24 39 53 143
leaf_count=34 27 32 25 26 1685 45 33 126 27 65 24 39 53 143
internal_value=0.000946647 0.00286137 0.0845224 0.149905 -0.00246918 -0.0565045 -0.032112 -0.00578068 -0.0244483 -0.0473634 0.00606869 0.0669563 0.00820837 0.060164
internal_weight=2384 2350 144 90 2206 301 269 236 54 191 1905 65 1881 196
internal_count=2384 2350 144 90 2206 301 269 236 54 191 1905 65 1881 196
is_linear=0
shrinkage=0.05


Tree=65
num_leaves=15
num_cat=0
split_feature=7 7 5 7 7 16 16 16 16 3 16 5 8 5
split_gain=224.885 445.508 574.193 469.119 742.029 528.281 731.616 609.883 1279.78 734.896 1562.39 712.885 577.933 502.892
threshold=-5.2088734999999993 -8.9462234999999968 24.156332000000003 -12.790780999999997 -12.973799999999999 147.50000000000003 73.500000000000014 234.50000000000003 273.50000000000006 -0.33453499999999997 490.50000000000006 29.516835500000003 62.500000000000007 59.299730000000004
decision_type=2 2 2 2 2 2 2 2 2 2 2 2 2 2
left_child=1 3 -3 4 5 6 -1 13 -9 11 -11 12 -10 -7
right_child=-2 2 -4 -5 -6 7 -8 8 9 10 -12 -13 -14 -15
leaf_value=-0.10875160457759069 0.038553112235332837 -0.016203679201142185 -0.13473144890400615 0.040902770604394997 -0.20143724750070013 -0.11371295437069949 0.18929445797603736 0.25641199937090281 0.03222238283950029 -0.26995222525050244 0.0065306950656866484 0.15506755216733406 -0.22217286529725999 0.12394735839962961
leaf_weight=29 307 402 137 600 51 203 71 48 97 72 176 95 29 25
leaf_count=29 307 402 137 600 51 203 71 48 97 72 176 95 29 25
internal_value=-0.00133743 -0.00735532 -0.0463304 0.00668718 -0.016225 -0.00504656 0.102861 -0.0195308 0.0105118 -0.014655 -0.0737385 0.0516469 -0.0263289 -0.0876537
internal_weight=2342 2035 539 1496 896 845 100 745 517 469 248 221 126 228
internal_count=2342 2035 539 1496 896 845 100 745 517 469 248 221 126 228
is_linear=0
shrinkage=0.05


Tree=66
num_leaves=15
num_cat=0
split_feature=2 3 4 2 6 6 8 16 5 2 7 6 16 7
split_gain=242.385 551.698 774.072 767.47 606.367 471.591 349.176 307.337 884.594 614.04 692.513 488.314 1350.81 737.325
threshold=10.037865000000002 0.28352100000000008 0.42442400000000008 29.157798500000002 -4.5179854999999991 -3.7139284999999993 47.500000000000007 398.50000000000006 21.494803000000005 -5.5781019999999986 -11.788986 -6.1392874999999991 505.50000000000006 -9.1939424999999986
decision_type=2 2 2 2 2 2 2 2 2 2 2 2 2 2
left_child=7 3 -3 6 -4 -6 -2 -1 9 10 -9 13 -13 -10
right_child=1 2 4 -5 5 -7 -8 8 11 -11 -12 12 -14 -15
leaf_value=-0.0086132509772103346 0.09079217384122823 -0.11888218696754523 -0.10187816103325063 0.30705540525913239 0.22591417813673617 0.017604581573978068 -0.056372414251996419 0.049717582114750435 0.054868569443069941 0.070715567781250377 0.42955119375671658 -0.38147614677747094 -0.0078668554872274397 -0.26072338543832302
leaf_weight=943 73 234 97 25 32 180 90 21 248 216 28 30 125 20
leaf_count=943 73 234 97 25 32 180 90 21 248 216 28 30 125 20
internal_value=-0.00079711 -0.0247221 -0.0502809 0.0490994 0.00166957 0.0490475 0.00953565 0.00992585 0.0353363 0.106966 0.266765 -0.00953831 -0.0801783 0.0313169
internal_weight=2362 731 543 188 309 212 163 1631 688 265 49 423 155 268
internal_count=2362 731 543 188 309 212 163 1631 688 265 49 423 155 268
is_linear=0
shrinkage=0.05


Tree=67
num_leaves=15
num_cat=0
split_feature=5 16 7 16 7 16 16 16 8 16 16 0 7 6
split_gain=265.169 642.568 628.203 581.955 557.917 436.983 386.445 484.568 517.401 380.574 776.029 376.983 426.216 408.134
threshold=20.864860000000004 386.50000000000006 -8.5568064999999986 321.50000000000006 -11.454308999999999 661.50000000000011 270.50000000000006 237.50000000000003 52.500000000000007 67.500000000000014 97.500000000000014 -2.7671254999999992 -5.6831429999999985 -2.4908194999999993
decision_type=2 2 2 2 2 2 2 2 2 2 2 2 2 2
left_child=1 3 4 6 -3 -4 7 -1 -9 -2 -11 -12 13 -13
right_child=9 2 5 -5 -6 -7 -8 8 -10 10 11 12 -14 -15
leaf_value=0.013963592046586513 -0.16302394879360993 0.078045470052088298 0.069777741653796951 -0.11798686086133654 0.29922142080638719 -0.060086843907741883 0.14216763829926446 -0.01209078087256505 -0.35035871990025047 0.22566331458442354 0.03153116949213048 -0.048251835901475505 0.072149821329902816 0.11702564335786379
leaf_weight=333 42 75 195 112 46 97 49 26 20 34 315 884 91 39
leaf_count=333 42 75 195 112 46 97 49 26 20 34 315 884 91 39
internal_value=-0.000971699 0.0193871 0.0663337 -0.0165185 0.162129 0.0266378 0.010034 -0.00704923 -0.159164 -0.0147809 -0.0102129 -0.0162473 -0.0310897 -0.0412683
internal_weight=2358 953 413 540 121 292 428 379 46 1405 1363 1329 1014 923
internal_count=2358 953 413 540 121 292 428 379 46 1405 1363 1329 1014 923
is_linear=0
shrinkage=0.05


Tree=68
num_leaves=15
num_cat=0
split_feature=0 2 2 4 6 16 7 16 2 16 16 7 2 5
split_gain=268.282 440.775 259.102 480.825 437.514 347.469 548.368 1189.13 547.744 1139.82 445.435 2101.9 2086.84 1211.64
threshold=13.26993 67.633209000000008 10.037865000000002 0.66954650000000016 -12.874794499999998 481.50000000000006 -3.9591564999999993 445.50000000000006 -5.4480614999999988 402.50000000000006 559.50000000000011 -13.835873499999998 2.6366250000000004 29.516835500000003
decision_type=2 2 2 2 2 2 2 2 2 2 2 2 2 2
left_child=1 2 3 5 -4 6 7 8 9 -1 11 13 -13 -7
right_child=-2 -3 4 -5 -6 10 -8 -9 -10 -11 -12 12 -14 -15
leaf_value=0.011686733005677954 -0.15012396044772247 0.1966129787009338 0.17077298883900599 0.15910393494831504 -0.034807621023337093 -0.4026144067943096 0.19366422898601743 -0.31183398275664365 -0.040116635639463327 0.31673601539523316 0.010991895626542771 0.68915287554264071 0.1140053207459657 0.050758264559720247
leaf_weight=425 29 29 27 53 624 20 32 33 558 33 386 24 46 56
leaf_count=425 29 29 27 53 624 20 32 33 558 33 386 24 46 56
internal_value=0.00102289 0.00289129 0.000466631 0.0109185 -0.0262812 0.00604945 -0.0102305 -0.0164504 -0.00685623 0.0336663 0.0391296 0.113521 0.311199 -0.0685503
internal_weight=2375 2346 2317 1666 651 1613 1081 1049 1016 458 532 146 70 76
internal_count=2375 2346 2317 1666 651 1613 1081 1049 1016 458 532 146 70 76
is_linear=0
shrinkage=0.05


Tree=69
num_leaves=15
num_cat=0
split_feature=16 16 10 16 6 16 5 2 3 4 16 3 5 8
split_gain=237.274 493.47 338.051 302.388 338.722 653.664 393.716 225.824 432.203 703.984 608.309 588.588 402.988 385.572
threshold=43.500000000000007 101.50000000000001 2.5000000000000004 180.50000000000003 -7.4768189999999999 162.50000000000003 29.410093000000007 14.614225000000003 -0.27074349999999997 0.39231950000000004 306.50000000000006 6.1915000000000004 39.880193500000011 52.500000000000007
decision_type=2 2 2 2 2 2 2 2 2 2 2 2 2 2
left_child=-1 2 -2 4 5 -3 -6 -5 13 12 -11 -12 -10 -9
right_child=1 3 -4 7 6 -7 -8 8 9 10 11 -13 -14 -15
leaf_value=-0.11774941071174866 0.04939672748059637 0.067317752275576306 0.236337476875633 0.011280148542623438 -0.063152924846163236 -0.23006265315672625 -0.26338450072273129 0.16711920154221516 -0.092982015326672884 0.19064863593214088 0.057616884712009667 -0.11671396548016054 -0.2935229005348502 -0.072846188826056632
leaf_weight=43 99 94 32 1499 118 23 31 47 104 36 93 101 33 26
leaf_count=43 99 94 32 1499 118 23 31 47 104 36 93 101 33 26
internal_value=-0.00136356 0.000778813 0.0950616 -0.00482257 -0.054814 0.00885836 -0.104812 0.00203547 -0.0294595 -0.0515607 0.00188526 -0.033143 -0.141287 0.0816521
internal_weight=2379 2336 131 2205 266 117 149 1939 440 367 230 194 137 73
internal_count=2379 2336 131 2205 266 117 149 1939 440 367 230 194 137 73
is_linear=0
shrinkage=0.05


Tree=70
num_leaves=15
num_cat=0
split_feature=0 7 7 7 2 16 2 7 7 1 5 7 7 16
split_gain=248.731 233.769 347.856 601.2 670.009 697.156 771.21 484.975 540.57 358.06 431.614 337.013 525.535 394.139
threshold=-7.4057129999999995 -5.3596829999999995 -8.9462234999999968 -10.523427999999997 14.332724000000002 402.50000000000006 2.9614395000000004 -7.4270144999999994 -7.2270284999999985 19.923217500000003 31.700851500000002 -10.655084999999998 -10.9414605 342.50000000000006
decision_type=2 2 2 2 2 2 2 2 2 2 2 2 2 2
left_child=-1 2 3 11 5 -5 -7 -4 -9 10 -6 12 13 -2
right_child=1 -3 7 4 9 6 -8 8 -10 -11 -12 -13 -14 -15
leaf_value=0.099610721942831271 0.015042694696389578 0.036615141973472563 -0.10250819747499523 0.0086273640894622954 -0.0024848176476856072 0.3905712064355612 0.10496603538592658 0.12758740943766408 -0.036183918275927505 0.14750015986236661 -0.25732180029153823 -0.17171794143505395 0.15836033545758413 -0.045086806031506305
leaf_weight=61 561 325 211 67 54 39 60 62 269 22 24 32 46 530
leaf_count=61 561 325 211 67 54 39 60 62 269 22 24 32 46 530
internal_value=-4.23997e-05 -0.00268308 -0.00914333 0.00374628 0.0715916 0.133182 0.217477 -0.0432699 -0.00550772 -0.030649 -0.0808962 -0.0116916 -0.00718776 -0.0141678
internal_weight=2363 2302 1977 1435 266 166 99 542 331 100 78 1169 1137 1091
internal_count=2363 2302 1977 1435 266 166 99 542 331 100 78 1169 1137 1091
is_linear=0
shrinkage=0.05


Tree=71
num_leaves=15
num_cat=0
split_feature=6 7 2 3 2 5 7 7 6 16 2 7 6 16
split_gain=214.629 248.947 296.74 453.668 643.833 388.786 362.161 1013.03 798.41 684.048 1265.64 596 534.842 574.687
threshold=-1.0896519999999998 -3.2281234999999993 8.5836365000000026 0.42119500000000004 26.972924000000003 61.281258000000008 -14.245439499999998 -13.574112999999999 -6.8959089999999987 402.50000000000006 -3.4151979999999997 -14.923908999999998 -4.9709334999999983 228.50000000000003
decision_type=2 2 2 2 2 2 2 2 2 2 2 2 2 2
left_child=1 2 5 4 -4 6 11 -8 -9 -10 -11 12 13 -1
right_child=-2 -3 3 -5 -6 -7 7 8 9 10 -12 -13 -14 -15
leaf_value=-0.053335887699652078 0.097331216818881489 0.12599791323559151 -0.0069762230583346714 -0.058524728985231533 0.23774866276691037 0.19428884133144664 0.27609251412121871 -0.08595887562933277 -0.00076332659075454439 0.36564499332259098 0.053354894457091795 -0.2656926892399788 -0.10374753469118365 0.060118179143409001
leaf_weight=201 53 36 202 514 31 27 38 166 428 39 193 25 135 251
leaf_count=201 53 36 202 514 31 27 38 166 428 39 193 25 135 251
internal_value=-0.00214032 -0.00444653 -0.00653364 -0.0322901 0.0255837 0.00626747 0.00282805 0.0236728 0.0120603 0.0367136 0.105852 -0.0265998 -0.016417 0.00966626
internal_weight=2339 2286 2250 747 233 1503 1476 864 826 660 232 612 587 452
internal_count=2339 2286 2250 747 233 1503 1476 864 826 660 232 612 587 452
is_linear=0
shrinkage=0.05


Tree=72
num_leaves=15
num_cat=0
split_feature=2 7 7 7 7 16 16 3 16 6 2 0 16 16
split_gain=218.778 269.05 481.231 435.817 1182.12 725.525 1721.62 490.007 548.099 411.448 710.798 479.91 366.478 1078.98
threshold=-15.956467499999999 -23.941125499999995 -19.595347499999999 -13.835873499999998 -13.574112999999999 541.50000000000011 445.50000000000006 1.6031030000000002 282.50000000000006 -7.4960949999999995 26.972924000000003 -0.34060549999999995 267.50000000000006 297.50000000000006
decision_type=2 2 2 2 2 2 2 2 2 2 2 2 2 2
left_child=-1 -2 -3 5 -5 6 7 -4 -9 10 11 -6 -11 -14
right_child=1 2 3 4 9 -7 -8 8 -10 12 -12 -13 13 -15
leaf_value=0.060291977822378599 -0.076244283855203696 0.1057803966232813 -0.0012453341877645694 0.29723019850823812 -0.029776474985126884 0.067130299937992327 -0.3940134406089783 -0.020422811565860625 -0.32283214626127277 -0.031614738538506236 0.14205377076752485 -0.17009262249059975 0.23840501216942803 0.014103777230441867
leaf_weight=139 123 102 177 34 156 92 41 31 29 362 40 100 57 903
leaf_count=139 123 102 177 34 156 92 41 31 29 362 40 100 57 903
internal_value=-0.000581828 -0.0043475 -0.000183983 -0.00552937 0.00545632 -0.054579 -0.0948569 -0.0431041 -0.166587 -0.000674895 -0.0539603 -0.0845875 0.0112559 0.0274217
internal_weight=2386 2247 2124 2022 1652 370 278 237 60 1618 296 256 1322 960
internal_count=2386 2247 2124 2022 1652 370 278 237 60 1618 296 256 1322 960
is_linear=0
shrinkage=0.05


Tree=73
num_leaves=15
num_cat=0
split_feature=0 7 7 6 13 5 16 5 12 6 1 6 7 6
split_gain=236.928 241.338 470.88 431.695 329.87 267.772 491.667 455.2 666.356 525.507 335.934 302.699 1012.26 688.417
threshold=-5.121310499999999 -32.354953999999992 -26.633228999999996 -11.407440499999998 13.621481000000001 32.137669500000008 765.50000000000011 28.563098500000006 9.2487790000000007 -6.8751284999999998 0.40769700000000003 -6.8959089999999987 -14.782782499999998 -6.3976629999999988
decision_type=2 2 2 2 2 2 2 2 2 2 2 2 2 2
left_child=-1 -2 3 -3 5 7 -7 11 9 -9 -11 12 -4 -13
right_child=1 2 4 -5 -6 6 -8 8 -10 10 -12 13 -14 -15
leaf_value=0.061266555671526751 -0.15677827093005181 0.33237597167491917 0.07161220725851529 0.023392143387060901 -0.19229013569976972 -0.016972678123297873 -0.17894278537077865 0.10819714853137544 0.30172154876470036 -0.23526699364185336 0.0013529056015734872 0.14473402721916928 -0.13384117347335345 -0.0030434534653234549
leaf_weight=157 25 20 99 26 23 404 53 118 28 20 60 85 152 1082
leaf_count=157 25 20 99 26 23 404 53 118 28 20 60 85 152 1082
internal_value=0.00192939 -0.00231477 -0.000535235 0.157733 -0.00396289 -0.00190124 -0.035757 0.00750999 0.0734128 0.0411268 -0.0578021 -0.00299356 -0.0528058 0.00772012
internal_weight=2352 2195 2170 46 2124 2101 457 1644 226 198 80 1418 251 1167
internal_count=2352 2195 2170 46 2124 2101 457 1644 226 198 80 1418 251 1167
is_linear=0
shrinkage=0.05


Tree=74
num_leaves=15
num_cat=0
split_feature=2 7 7 6 16 7 7 16 16 3 16 2 6 16
split_gain=216.304 379.709 397.126 336.089 309.486 276.016 1177.23 628.992 1666.05 519.035 571.361 365.271 333.134 572.387
threshold=-17.818881499999996 -23.941125499999995 -19.595347499999999 -4.9709334999999983 201.50000000000003 -13.835873499999998 -13.574112999999999 538.50000000000011 445.50000000000006 1.6031030000000002 282.50000000000006 58.936081000000009 -7.4960949999999995 463.50000000000006
decision_type=2 2 2 2 2 2 2 2 2 2 2 2 2 2
left_child=-1 4 3 -3 -2 7 -7 8 9 -4 -11 12 13 -8
right_child=1 2 5 -5 -6 6 11 -9 -10 10 -12 -13 -14 -15
leaf_value=0.07353797305983549 -0.26148151045753842 0.15165776487630911 0.010109160846242539 -0.034831983266132217 -0.051541948899905259 0.30222485670537663 0.016809803622445729 0.071116454833342377 -0.38067762698882668 0.00079055982331434891 -0.30293783037923278 0.15370069934349312 0.0077191782656159946 -0.12471470572355894
leaf_weight=98 21 78 195 35 107 33 147 96 39 30 32 38 1279 139
leaf_count=98 21 78 195 35 107 33 147 96 39 30 32 38 1279 139
internal_value=0.000809094 -0.00233213 0.00266908 0.0938955 -0.0859852 -0.00241404 0.00661526 -0.0400976 -0.076167 -0.0299572 -0.155972 0.000529727 -0.00318944 -0.0519731
internal_weight=2367 2269 2141 113 128 2028 1636 392 296 257 62 1603 1565 286
internal_count=2367 2269 2141 113 128 2028 1636 392 296 257 62 1603 1565 286
is_linear=0
shrinkage=0.05


Tree=75
num_leaves=15
num_cat=0
split_feature=7 6 0 7 7 7 8 7 16 5 4 16 16 16
split_gain=218.25 703.115 488.976 387.607 869.707 487.798 454.667 411.988 945.716 413.319 410.35 404.321 771.543 804.583
threshold=-9.1463144999999972 -6.7229154999999992 1.2398425000000002 -13.835873499999998 -13.574112999999999 -14.782782499999998 42.500000000000007 -12.790780999999997 159.50000000000003 26.029478000000005 -0.37782399999999994 147.50000000000003 225.50000000000003 291.50000000000006
decision_type=2 2 2 2 2 2 2 2 2 2 2 2 2 2
left_child=3 2 -2 5 -5 6 -1 8 -6 -10 -9 -8 -13 -14
right_child=1 -3 -4 4 7 -7 11 10 9 -11 -12 12 13 -15
leaf_value=-0.085816322537835721 -0.076942414433603556 -0.00061117269086396011 -0.3340708172917366 0.28795407120795813 0.15004202292643881 -0.17586778501669567 0.13136558224047934 -0.089066312620964122 -0.022810068790401733 -0.25081401574222939 0.059441183615363213 -0.084839529993646523 0.20497900999509372 0.0084521331630632978
leaf_weight=127 71 791 25 34 38 42 70 51 35 46 529 166 65 262
leaf_count=127 71 791 25 34 38 42 70 51 35 46 529 166 65 262
internal_value=0.00345465 -0.0161196 -0.143903 0.0153061 0.0410072 -0.0104301 -0.000359927 0.0289954 -0.0557496 -0.152294 0.0463828 0.0189171 0.00295078 0.0475171
internal_weight=2352 887 96 1465 733 732 690 699 119 81 580 563 493 327
internal_count=2352 887 96 1465 733 732 690 699 119 81 580 563 493 327
is_linear=0
shrinkage=0.05


Tree=76
num_leaves=15
num_cat=0
split_feature=6 7 7 0 8 7 3 6 6 16 4 16 7 7
split_gain=194.774 197.676 225.875 201.012 220.792 352.452 328.892 263.849 594.36 250.469 318.917 236.501 205.188 1061.62
threshold=-22.123105499999998 -32.354953999999992 -29.518501999999994 13.26993 57.500000000000007 -6.4936539999999985 -1.7903419999999997 -15.284406499999998 -12.874794499999998 511.50000000000006 -0.14075499999999999 550.50000000000011 -7.8904974999999995 -7.8486469999999988
decision_type=2 2 2 2 2 2 2 2 2 2 2 2 2 2
left_child=-1 -2 -3 4 7 6 -6 11 -9 10 -8 -4 -10 -14
right_child=1 2 3 -5 5 -7 9 8 12 -11 -12 -13 13 -15
leaf_value=0.14628303368914536 -0.12286957328153009 0.14511679995518464 -0.22501344094457837 -0.14703268123169741 -0.018189484818637986 0.12635602183978667 -0.064723491452393991 0.22322080321609974 0.019904008095515114 -0.031003095186790643 -0.28646407477995933 0.0070674169276441854 -0.34953274156736291 -0.003888521446616099
leaf_weight=22 34 26 23 24 339 33 31 32 1015 49 34 21 23 651
leaf_count=22 34 26 23 24 339 33 31 32 1015 49 34 21 23 651
internal_value=-0.00179418 -0.00318934 -0.00142092 -0.00309563 -0.00156099 -0.031403 -0.0428954 0.00665612 0.00974721 -0.116363 -0.180711 -0.114248 0.00570272 -0.0156835
internal_weight=2357 2335 2301 2275 2251 486 453 1765 1721 114 65 44 1689 674
internal_count=2357 2335 2301 2275 2251 486 453 1765 1721 114 65 44 1689 674
is_linear=0
shrinkage=0.05


Tree=77
num_leaves=15
num_cat=0
split_feature=6 8 5 13 16 5 3 16 16 2 3 2 8 2
split_gain=169.365 197.972 387.084 459.251 555.967 679.733 586.275 418.752 442.235 385.578 384.287 379.808 373.392 326.865
threshold=-22.123105499999998 52.500000000000007 20.808717000000005 5.4476845000000012 207.50000000000003 23.759666000000006 -3.3257544999999995 386.50000000000006 327.50000000000006 -6.6369869999999986 1.4753660000000002 1.2342505000000001 62.500000000000007 -22.284218999999997
decision_type=2 2 2 2 2 2 2 2 2 2 2 2 2 2
left_child=-1 -2 7 10 6 -6 13 8 -3 -9 -4 12 -7 -5
right_child=1 2 3 4 5 11 -8 9 -10 -11 -12 -13 -14 -15
leaf_value=0.13896888000043958 0.01064536248518233 0.028278470808748225 -0.13573172662386113 -0.0054369686614899413 -0.17425477501970751 0.24232393292819754 0.13074051226888384 0.28314599084854125 -0.10624813981620329 0.044932894152149842 0.018874681826967461 -0.058404614260934046 0.050994161808607635 -0.24121075272560122
leaf_weight=22 1488 224 177 21 27 51 21 25 84 53 52 29 51 49
leaf_count=22 1488 224 177 21 27 51 21 25 84 53 52 29 51 49
internal_value=0.000883263 -0.000408354 -0.0194453 -0.0495196 -0.00251945 0.0541811 -0.100967 0.017797 -0.0084106 0.121283 -0.100625 0.101263 0.146659 -0.170479
internal_weight=2374 2352 864 478 249 158 91 386 308 78 229 131 102 70
internal_count=2374 2352 864 478 249 158 91 386 308 78 229 131 102 70
is_linear=0
shrinkage=0.05


Tree=78
num_leaves=15
num_cat=0
split_feature=0 2 16 16 7 16 7 7 16 5 3 2 0 16
split_gain=204.765 295.263 212.386 632.355 690.515 390.1 502.67 444.015 308.945 307.382 207.717 194.01 319.296 309.007
threshold=13.26993 52.573757000000008 105.50000000000001 67.500000000000014 -19.595347499999999 180.50000000000003 -18.602939499999994 -12.293161499999998 144.50000000000003 13.567731 -0.43114699999999995 14.187886000000001 4.316625000000001 601.50000000000011
decision_type=2 2 2 2 2 2 2 2 2 2 2 2 2 2
left_child=1 2 3 9 -5 6 -4 8 -8 -1 -6 -7 13 -13
right_child=-2 -3 5 4 10 11 7 -9 -10 -11 -12 12 -14 -15
leaf_value=0.06749086586448054 -0.1286542893997554 0.1304518444220657 -0.27777117385218542 0.38544316369554271 0.19491938565458572 0.014448613644336814 0.14734342370971315 -0.11847062693121507 -0.024412227639307581 -0.12666389611648751 0.0030735359895367955 -0.068132472401756114 -0.10121760141907954 0.039513043546802788
leaf_weight=36 29 46 24 23 21 1470 36 97 96 47 43 103 102 189
leaf_count=36 29 46 24 23 21 1470 36 97 96 47 43 103 102 189
internal_value=0.00338914 0.00503049 0.0025078 0.0562772 0.150467 -0.00181001 -0.0600687 -0.0372527 0.0224302 -0.0424522 0.066023 0.00609742 -0.0250606 0.00154219
internal_weight=2362 2333 2287 170 87 2117 253 229 132 83 64 1864 394 292
internal_count=2362 2333 2287 170 87 2117 253 229 132 83 64 1864 394 292
is_linear=0
shrinkage=0.05


Tree=79
num_leaves=15
num_cat=0
split_feature=6 7 2 0 5 7 7 7 7 5 3 6 7 16
split_gain=159.231 217.382 244.55 603.986 365.878 291.657 354.678 341.343 599.983 590.806 363.855 475.16 347.845 840.858
threshold=-22.123105499999998 -32.354953999999992 -15.956467499999999 -3.2391894999999997 24.539844000000006 -23.941125499999995 -19.412206999999999 -13.835873499999998 -13.574112999999999 22.134738500000001 1.2254860000000003 -6.1392874999999991 -12.790780999999997 162.50000000000003
decision_type=2 2 2 2 2 2 2 2 2 2 2 2 2 2
left_child=-1 -2 3 -3 -5 -4 -7 9 -9 -8 11 -11 13 -10
right_child=1 2 5 4 -6 6 7 8 12 10 -12 -13 -14 -15
leaf_value=0.13580495445501237 -0.13622095564380288 -0.086325835718496433 -0.085173605330385066 0.021448295928824409 0.26359365208026692 0.088956333576473146 0.039133997796851352 0.21928850811964368 0.11868813096338676 -0.012889857442854947 -0.17586675659250256 -0.26360970857468519 0.0071618104848918136 -0.17173444987447173
leaf_weight=21 30 37 106 26 39 106 127 32 36 134 87 22 1489 81
leaf_count=21 30 37 106 26 39 106 127 32 36 134 87 22 1489 81
internal_value=-0.00126574 -0.00248958 -0.000761788 0.0749387 0.166736 -0.00423992 -0.000181752 -0.00488725 0.00491053 -0.0482623 -0.0939385 -0.0482478 0.00063899 -0.0823737
internal_weight=2373 2352 2322 102 65 2220 2114 2008 1638 370 243 156 1606 117
internal_count=2373 2352 2322 102 65 2220 2114 2008 1638 370 243 156 1606 117
is_linear=0
shrinkage=0.05


Tree=80
num_leaves=15
num_cat=0
split_feature=7 7 7 7 2 18 2 5 7 7 7 1 3 2
split_gain=178.664 199.428 647.765 439.299 504.724 385.163 566.414 373.077 356.948 554.645 345.577 341.816 367.993 335.242
threshold=-3.2281234999999993 -8.9462234999999968 -7.4270144999999994 -10.523427999999997 14.332724000000002 402.50000000000006 0.86410050000000005 25.593359000000003 -10.655084999999998 -10.9414605 -7.2270284999999985 19.923217500000003 3.2172525000000003 42.698430500000008
decision_type=2 2 2 2 2 2 2 2 2 2 2 2 2 2
left_child=1 3 -3 8 5 -5 -7 -8 9 -1 -4 12 -6 -12
right_child=-2 2 10 4 11 6 7 -9 -10 -11 13 -13 -14 -15
leaf_value=-0.0049630801796815066 0.10432971472420344 -0.096038899061770877 0.11259781097743049 0.025381495849444314 0.0079050051048398014 0.33742377886901032 -0.075083101981065492 0.17709286683662373 -0.14771204576259708 0.16202547613244792 -0.015747425940205097 0.16088303670287132 -0.2240078164980962 0.18803612667889824
leaf_weight=1137 41 212 67 65 50 37 22 44 41 52 518 20 26 21
leaf_count=1137 41 212 67 65 50 37 22 44 41 52 518 20 26 21
internal_value=0.000868027 -0.000966717 -0.0208125 0.0098993 0.0684221 0.120683 0.180825 0.0930342 -0.0026617 0.00234004 0.00550437 -0.0230343 -0.0714336 -0.00780781
internal_weight=2353 2312 818 1494 264 168 103 66 1230 1189 606 96 76 539
internal_count=2353 2312 818 1494 264 168 103 66 1230 1189 606 96 76 539
is_linear=0
shrinkage=0.05


Tree=81
num_leaves=15
num_cat=0
split_feature=16 3 4 16 16 6 3 2 7 7 7 2 16 2
split_gain=133.632 124.639 161.523 467.136 601.277 222.603 178.089 311.921 135.646 582.643 437.123 437.275 722.342 386.837
threshold=900.50000000000011 15.874378500000002 0.63834750000000018 315.50000000000006 255.50000000000003 -3.4843029999999993 6.7232870000000009 29.157798500000002 -9.1463144999999972 -7.4270144999999994 -9.7612879999999986 9.5956465000000026 410.50000000000006 23.319637000000004
decision_type=2 2 2 2 2 2 2 2 2 2 2 2 2 2
left_child=1 2 8 4 -4 6 -5 -8 10 13 -1 12 -12 -10
right_child=-2 -3 3 5 -6 -7 7 -9 9 -11 11 -13 -14 -15
leaf_value=0.0018579772188984309 -0.10348525931437812 -0.10213421418198519 0.0022445394321241314 0.11657445126691379 0.28926747731260355 -0.11043812800676396 0.098583635985851292 -0.14877150351038346 -0.063916734492432653 0.0094663916857328917 0.0093347391911915364 -0.031798438953630853 0.35708155874162917 -0.28514919660308141
leaf_weight=1196 30 28 36 37 37 39 25 26 194 593 28 33 32 22
leaf_count=1196 30 28 36 37 37 39 25 26 194 593 28 33 32 22
internal_value=0.00136812 0.00272049 0.00399809 0.046932 0.147722 -0.0110024 0.0330658 -0.027519 -9.47491e-05 -0.0161428 0.00997733 0.114394 0.1948 -0.0864497
internal_weight=2356 2326 2298 200 73 127 88 51 2098 809 1289 93 60 216
internal_count=2356 2326 2298 200 73 127 88 51 2098 809 1289 93 60 216
is_linear=0
shrinkage=0.05


Tree=82
num_leaves=15
num_cat=0
split_feature=12 2 6 4 16 4 2 7 2 0 7 0 7 6
split_gain=176.522 178.176 227.958 198.266 236.311 225.178 170.466 160.861 253.907 564.712 299.57 298.293 639.748 244.36
threshold=32.651457500000006 48.871490500000007 -9.3673184999999979 0.90818900000000002 430.50000000000006 0.80265700000000006 23.786204000000005 -3.2281234999999993 14.614225000000003 0.19571150000000001 -10.097013999999998 5.7823270000000013 -13.582623499999999 -6.8959089999999987
decision_type=2 2 2 2 2 2 2 2 2 2 2 2 2 2
left_child=1 3 -3 5 -5 7 -6 8 11 10 -10 13 -13 -1
right_child=-2 2 -4 4 6 -7 -8 -9 9 -11 -12 12 -14 -15
leaf_value=-0.024620856415978387 -0.13937050988051025 -0.0098432841045515886 0.19191611670955486 0.17036285241310661 0.087291670073173011 -0.15457820675025385 -0.089490862280130395 0.097517836457345547 0.14927417800375603 -0.0987587937301872 -0.015921624929430972 -0.021524469696340108 0.28078753472616275 0.014543232276215283
leaf_weight=619 22 28 28 37 30 24 25 41 41 188 83 42 30 1117
leaf_count=619 22 28 28 37 30 24 25 41 41 188 83 42 30 1117
internal_value=0.00159716 0.00292648 0.0910364 0.000759521 0.072662 -0.00226795 0.00693597 -0.000576398 -0.0024735 -0.0441279 0.0386996 0.00471465 0.104439 0.000578618
internal_weight=2355 2333 56 2277 92 2185 55 2161 2120 312 124 1808 72 1736
internal_count=2355 2333 56 2277 92 2185 55 2161 2120 312 124 1808 72 1736
is_linear=0
shrinkage=0.05


Tree=83
num_leaves=15
num_cat=0
split_feature=16 16 16 6 16 3 2 6 5 16 16 4 6 6
split_gain=166.095 350.466 294.065 425.981 243.294 224.788 349.577 177.928 166.645 165.824 165.241 326.861 463.934 702.666
threshold=43.500000000000007 101.50000000000001 77.500000000000014 -6.2390754999999993 180.50000000000003 5.9792780000000008 20.528792500000005 -10.035755499999999 31.013985000000002 135.50000000000003 297.50000000000006 0.5270895000000001 -3.7425039999999994 -4.8626289999999992
decision_type=2 2 2 2 2 2 2 2 2 2 2 2 2 2
left_child=-1 2 7 -4 5 6 8 -2 9 -3 11 12 13 -6
right_child=1 4 3 -5 10 -7 -8 -9 -10 -11 -12 -13 -14 -15
leaf_value=-0.093177637071146277 -0.10371727800887565 -0.1023802077025175 0.35017731264233593 0.071876918287439792 0.0052272889984421216 -0.20808137968182563 0.12034185850061477 0.067891206592321396 -0.14748081648949443 0.00062844395205112437 -0.00358023504908336 0.13598799112369306 -0.079968027578493986 0.20681037469343708
leaf_weight=46 23 60 20 44 202 20 32 44 41 112 1487 64 97 55
leaf_count=46 23 60 20 44 202 20 32 44 41 112 1487 64 97 55
internal_value=0.000896827 0.0027775 0.0821973 0.158846 -0.00201697 -0.046905 -0.0337478 0.00898083 -0.0568974 -0.0353048 0.0042273 0.032002 0.0132022 0.0483676
internal_weight=2347 2301 131 64 2170 265 245 67 213 172 1905 418 354 257
internal_count=2347 2301 131 64 2170 265 245 67 213 172 1905 418 354 257
is_linear=0
shrinkage=0.05


Tree=84
num_leaves=15
num_cat=0
split_feature=0 2 4 5 6 8 8 5 13 2 5 5 12 5
split_gain=176.922 355.247 248.282 239.576 760.1 356.477 270.528 513.576 345.59 361.653 380.306 236.049 528.338 348.61
threshold=13.26993 48.871490500000007 0.90818900000000002 31.374794500000004 -6.7884124999999989 62.500000000000007 62.500000000000007 21.628885000000004 6.1696240000000007 -2.0585109999999998 23.553182500000002 28.563098500000006 8.2113720000000026 24.945697500000005
decision_type=2 2 2 2 2 2 2 2 2 2 2 2 2 2
left_child=1 2 3 6 5 -5 8 -8 11 10 -10 13 -13 -1
right_child=-2 -3 -4 4 -6 -7 7 -9 9 -11 -12 12 -14 -15
leaf_value=0.0094658101116319501 -0.12446492309016842 0.13380894381552935 0.079537817538189504 -0.013755057124575767 -0.13401602600439846 0.14577337461404313 0.012708809088269222 -0.14676771644548869 0.014269041676412931 -0.01904907746120935 0.27549064033909848 0.023972326498415297 0.26848626302985046 -0.06738324116570929
leaf_weight=1004 28 50 92 343 139 39 134 81 22 37 38 147 26 173
leaf_count=1004 28 50 92 343 139 39 134 81 22 37 38 147 26 173
internal_value=0.000469761 0.00197435 -0.000923113 -0.00431405 -0.0338984 0.00253188 0.00495998 -0.047373 0.0127358 0.103894 0.179709 0.00618589 0.0607201 -0.00182976
internal_weight=2353 2325 2275 2183 521 382 1662 215 1447 97 60 1350 173 1177
internal_count=2353 2325 2275 2183 521 382 1662 215 1447 97 60 1350 173 1177
is_linear=0
shrinkage=0.05


Tree=85
num_leaves=15
num_cat=0
split_feature=0 5 16 7 7 16 16 0 16 5 16 16 6 4
split_gain=177.957 225.394 467.53 697.299 445.868 290.226 285.93 270.179 422.534 303.479 258.694 424.371 779.879 468.12
threshold=-5.121310499999999 37.034252500000008 514.50000000000011 -9.9768264999999978 -12.973799999999999 574.50000000000011 765.50000000000011 0.090781000000000014 195.50000000000003 65.365225000000024 490.50000000000006 559.50000000000011 -5.2159194999999992 -0.21597049999999998
decision_type=2 2 2 2 2 2 2 2 2 2 2 2 2 2
left_child=-1 10 3 7 -4 -6 -7 8 -3 -9 -2 12 13 -12
right_child=1 2 4 -5 5 6 -8 9 -10 -11 11 -13 -14 -15
leaf_value=0.052840518401144378 -0.010555334343985284 -0.11723340068544662 0.0084262647970833569 0.25674082523584368 -0.32054255425246087 -0.060636558825219122 -0.28194805622100833 -0.10633626274899216 0.15973237837257331 0.060827071602280083 0.07335667416453362 0.010526867192997544 0.0041027780453526024 0.38362526778251893
leaf_weight=153 1128 21 55 25 24 54 20 102 40 37 20 589 69 31
leaf_count=153 1128 21 55 25 24 54 20 102 40 37 20 589 69 31
internal_value=0.000687678 -0.00291475 -0.0380759 0.00777874 -0.105509 -0.169453 -0.12045 -0.0233415 0.0643835 -0.0618395 0.00432037 0.0279872 0.113688 0.261951
internal_weight=2368 2215 378 225 153 98 74 200 61 139 1837 709 120 51
internal_count=2368 2215 378 225 153 98 74 200 61 139 1837 709 120 51
is_linear=0
shrinkage=0.05


Tree=86
num_leaves=15
num_cat=0
split_feature=12 5 6 7 16 16 16 8 16 16 7 5 7 0
split_gain=147.071 349.026 149.755 168.023 189.856 423.837 369.583 266.15 261.578 394.071 665.038 403.282 280.563 239.542
threshold=32.651457500000006 65.365225000000024 -1.0896519999999998 -3.2281234999999993 765.50000000000011 740.50000000000011 790.50000000000011 32.500000000000007 710.50000000000011 616.50000000000011 -4.3522154999999989 22.134738500000001 -8.2149594999999973 0.37907000000000007
decision_type=2 2 2 2 2 2 2 2 2 2 2 2 2 2
left_child=1 2 3 4 5 7 -6 -1 9 -9 11 -11 -10 -8
right_child=-2 -3 -4 -5 6 -7 13 8 12 10 -12 -13 -14 -15
leaf_value=-0.092675047976419678 -0.12830178199902825 0.1433544208000346 0.077689402431926957 0.10287567109933922 -0.23977497344991813 0.15025217186828907 0.045881919063154669 -0.0077046485543655107 -0.0092912401755650843 0.23352280836966305 -0.14333488711272366 0.059329898290218799 -0.23865028135478497 -0.081831716051833203
leaf_weight=86 23 41 55 35 24 44 63 1648 30 45 32 127 24 88
leaf_count=86 23 41 55 35 24 44 63 1648 30 45 32 127 24 88
internal_value=-0.00248242 -0.00124679 -0.00382335 -0.00581943 -0.00754007 -0.00324453 -0.0575156 -0.00663502 -0.00275283 0.000410068 0.0659643 0.104904 -0.111229 -0.0285472
internal_weight=2365 2342 2301 2246 2211 2036 175 1992 1906 1852 204 172 54 151
internal_count=2365 2342 2301 2246 2211 2036 175 1992 1906 1852 204 172 54 151
is_linear=0
shrinkage=0.05


Tree=87
num_leaves=15
num_cat=0
split_feature=0 16 16 4 5 16 8 3 2 2 7 2 0 4
split_gain=143.904 155.066 422.573 391.171 346.099 321.922 199.877 387.478 435.025 379.634 285.177 626.597 630.316 568.087
threshold=-7.4057129999999995 67.500000000000014 105.50000000000001 -0.098026499999999975 13.567731 120.50000000000001 52.500000000000007 0.42119500000000004 16.051484000000006 1.3152125000000001 -13.582623499999999 8.8535505000000025 4.0183410000000004 0.35687050000000003
decision_type=2 2 2 2 2 2 2 2 2 2 2 2 2 2
left_child=-1 4 3 -3 -2 -4 7 8 9 -7 -9 12 -12 -13
right_child=1 2 5 -5 -6 6 -8 10 -10 -11 11 13 -14 -15
leaf_value=0.076570867431365847 0.044231140880367247 0.2603472854409899 -0.13840726739303633 0.037315849681864632 -0.16118262037634851 0.08269211477147681 -0.022196922189742816 -0.054859836016205837 0.18107541123913096 -0.020310820714962451 0.041658529073492379 -0.095920979691842614 0.27420717635058928 0.017451159958652308
leaf_weight=59 37 28 44 66 46 175 763 241 55 183 174 172 35 309
leaf_count=59 37 28 44 66 46 175 763 241 55 183 174 172 35 309
internal_value=-0.000545357 -0.00249976 -1.85297e-05 0.103751 -0.0696126 -0.00455331 -0.00175807 0.00984524 0.0501535 0.0300398 -0.00803586 0.0083186 0.0806021 -0.0230894
internal_weight=2387 2328 2245 94 83 2151 2107 1344 413 358 931 690 209 481
internal_count=2387 2328 2245 94 83 2151 2107 1344 413 358 931 690 209 481
is_linear=0
shrinkage=0.05


Tree=88
num_leaves=15
num_cat=0
split_feature=16 16 16 16 2 0 2 16 16 2 2 16 16 7
split_gain=149.671 208.155 216.769 198.414 514.959 162.264 331.014 258.931 423.687 418.259 184.606 289.461 374.067 411.049
threshold=37.500000000000007 105.50000000000001 120.50000000000001 77.500000000000014 6.2719460000000007 13.26993 35.873079000000011 348.50000000000006 288.50000000000006 77.837815500000019 10.188336500000002 616.50000000000011 511.50000000000006 -9.6145504999999982
decision_type=2 2 2 2 2 2 2 2 2 2 2 2 2 2
left_child=-1 3 -3 -2 -5 6 10 8 -8 -10 -4 12 -12 -14
right_child=1 2 5 4 -6 -7 7 -9 9 -11 11 -13 13 -15
leaf_value=-0.11019737379204841 0.0030956810590362662 -0.114696828016015 0.0043768882169706305 0.23344450404004352 -0.036609090576248782 -0.13060188796371222 0.007365341580066926 -0.023149435319716024 0.38886115056547255 0.087036488453547167 -0.026360192966766338 0.0074901146904184403 -0.30550236398803782 -0.074280020446677919
leaf_weight=31 81 43 1464 41 31 24 39 42 22 24 188 264 29 57
leaf_count=31 81 43 1464 41 31 24 39 42 22 24 188 264 29 57
internal_value=-0.00105073 0.000389692 -0.00353903 0.0567784 0.117171 -0.00131897 0.000138423 0.0784157 0.128601 0.231387 -0.00482722 -0.0298733 -0.0658732 -0.15225
internal_weight=2380 2349 2196 153 72 2153 2129 127 85 46 2002 538 274 86
internal_count=2380 2349 2196 153 72 2153 2129 127 85 46 2002 538 274 86
is_linear=0
shrinkage=0.05


Tree=89
num_leaves=15
num_cat=0
split_feature=0 7 2 13 12 8 7 2 7 7 0 7 7 7
split_gain=165.928 204.245 435.036 275.357 145.452 158.679 288.92 307.267 537.096 299.424 241.154 257.755 244.922 218.384
threshold=-5.121310499999999 -33.115928999999987 -20.745513499999998 13.621481000000001 32.651457500000006 52.500000000000007 -6.556462999999999 -8.1293654999999969 -10.364562499999998 -5.5999814999999993 -3.7609864999999996 -19.710702499999996 -23.172414999999997 -7.2270284999999985
decision_type=2 2 2 2 2 2 2 2 2 2 2 2 2 2
left_child=-1 -2 -3 4 5 -4 7 8 10 -8 -7 12 -12 -9
right_child=1 2 3 -5 -6 6 9 13 -10 -11 11 -13 -14 -15
leaf_value=0.050325926681753341 -0.15002092673726705 0.17992542143346688 0.010250182272520067 -0.18317054442706562 -0.1291262799365954 -0.16347676945680922 0.16334255088475491 -0.044830463526108449 0.25297746157104317 -0.025458250879975303 0.0051432896744121213 -0.021440001097781696 0.24690202057361602 -0.19420915717402332
leaf_weight=164 23 33 1364 21 22 22 42 415 22 42 22 136 20 26
leaf_count=164 23 33 1364 21 22 22 42 415 22 42 22 136 20 26
internal_value=0.00180111 -0.00179983 -0.000241035 -0.00300125 -0.00122743 0.000105484 -0.0184184 -0.0294867 0.0184881 0.0689422 -0.00730568 0.0119964 0.120266 -0.0536374
internal_weight=2374 2210 2187 2154 2133 2111 747 663 222 84 200 178 42 441
internal_count=2374 2210 2187 2154 2133 2111 747 663 222 84 200 178 42 441
is_linear=0
shrinkage=0.05


Tree=90
num_leaves=15
num_cat=0
split_feature=16 8 16 7 2 2 2 6 16 0 4 4 7 2
split_gain=165.105 344.624 295.418 432.511 231.226 225.827 166.828 292.225 257.303 151.815 296.145 296.536 334.94 394.833
threshold=610.50000000000011 32.500000000000007 664.50000000000011 -11.788986 12.248602000000002 13.279283000000001 -20.745513499999998 -17.168640499999995 201.50000000000003 12.141447500000002 0.63834750000000018 0.80265700000000006 -11.015853999999999 19.740774500000004
decision_type=2 2 2 2 2 2 2 2 2 2 2 2 2 2
left_child=1 4 3 -2 -1 -5 8 -8 -3 10 -9 -12 13 -13
right_child=2 6 -4 5 -6 -7 7 9 -10 -11 11 12 -14 -15
leaf_value=-0.048868220954147334 -0.043666695163625743 0.17846057920927003 0.0019518507877555392 0.21532562418895612 -0.25690109756859869 0.065788768196478484 -0.16233894786176584 -0.00946836440547222 -0.016822700866976303 -0.12706417554616931 0.18244888516142965 0.10148940180571607 0.15652934089303017 -0.15421302885644966
leaf_weight=34 46 31 458 51 22 50 30 1434 37 25 40 26 30 36
leaf_count=34 46 31 458 51 22 50 30 1434 37 25 40 26 30 36
internal_value=-0.000761999 -0.00856563 0.021746 0.0834175 -0.130595 0.141297 -0.00451964 -0.00773813 0.0722035 -0.00482297 -0.00287148 0.0687946 0.0193797 -0.046983
internal_weight=2350 1745 605 147 56 101 1689 1621 68 1591 1566 132 92 62
internal_count=2350 1745 605 147 56 101 1689 1621 68 1591 1566 132 92 62
is_linear=0
shrinkage=0.05


Tree=91
num_leaves=15
num_cat=0
split_feature=6 7 13 2 0 16 16 8 16 16 0 6 2 7
split_gain=167.705 167.081 158.473 249.087 352.632 394.997 209.561 175.23 256.246 573.07 253.505 265.04 197.403 281.505
threshold=-22.123105499999998 -33.728653499999993 15.417055000000003 -15.956467499999999 -2.2849864999999996 234.50000000000003 207.50000000000003 62.500000000000007 469.50000000000006 496.50000000000006 -2.7671254999999992 -11.103275499999999 11.943172500000001 -3.2281234999999993
decision_type=2 2 2 2 2 2 2 2 2 2 2 2 2 2
left_child=-1 -2 3 4 5 -3 -6 10 -9 -10 11 -5 -12 -14
right_child=1 2 -4 7 6 -7 -8 8 9 -11 12 -13 13 -15
leaf_value=0.14396349154412746 -0.13858242183923722 -0.15419457271122017 -0.11836580953427725 0.15037136674687571 0.24216280284365924 0.14136434808373452 0.047984687735637029 -0.0093072648546317742 -0.35292697727680206 -0.019115268521838719 0.0056465794799514636 0.02352227352436834 -0.042077615934473123 0.097660625066894755
leaf_weight=20 22 26 28 49 33 20 24 123 20 36 1181 258 475 39
leaf_count=20 22 26 28 49 33 20 24 123 20 36 1181 258 475 39
internal_value=-0.000206706 -0.0014421 -0.000137129 0.00131226 0.0772935 -0.0256907 0.160404 -0.00227603 -0.0496731 -0.138334 0.00196176 0.0437685 -0.00561032 -0.0314749
internal_weight=2354 2334 2312 2284 103 46 57 2181 179 56 2002 307 1695 514
internal_count=2354 2334 2312 2284 103 46 57 2181 179 56 2002 307 1695 514
is_linear=0
shrinkage=0.05


Tree=92
num_leaves=15
num_cat=0
split_feature=0 2 4 4 9 18 18 6 6 2 18 8 0 3
split_gain=132.841 261.841 267.764 213.903 228.363 269.697 154.106 408.697 624.843 421.488 389.941 477.238 390.158 355.39
threshold=12.141447500000002 48.871490500000007 0.87874250000000009 0.90818900000000002 2.5000000000000004 505.50000000000006 601.50000000000011 -4.2343734999999993 -4.4087219999999991 11.605264000000002 676.50000000000011 57.500000000000007 4.7565030000000013 2.3839525000000004
decision_type=2 2 2 2 2 2 2 2 2 2 2 2 2 2
left_child=1 3 -3 6 5 -5 7 8 -1 -9 11 -8 -12 -10
right_child=-2 2 -4 4 -6 -7 10 9 13 -11 12 -13 -14 -15
leaf_value=-0.0032219725823574583 -0.092066762639159291 0.19763952567077736 -0.032922924533486365 0.22627267553471031 -0.071905329301953314 0.028048584252797271 0.11652732682383918 -0.03097514443122782 0.069306228636968434 -0.17011533692952185 0.0096451588731724779 -0.095798434357857343 -0.14480467806367769 0.31486586643301928
leaf_weight=1084 37 34 20 32 20 37 153 400 41 63 368 32 46 23
leaf_count=1084 37 34 20 32 20 37 153 400 41 63 368 32 46 23
internal_value=0.00193736 0.00341554 0.112246 0.000859278 0.0768586 0.119979 -0.00220133 -0.0102523 0.00574116 -0.0499078 0.0194516 0.0798007 -0.00751593 0.157554
internal_weight=2390 2353 54 2299 89 69 2210 1611 1148 463 599 185 414 64
internal_count=2390 2353 54 2299 89 69 2210 1611 1148 463 599 185 414 64
is_linear=0
shrinkage=0.05


Tree=93
num_leaves=15
num_cat=0
split_feature=0 2 2 7 5 7 16 6 16 5 5 7 5 7
split_gain=124.308 302.196 252.512 524.62 341.213 222.649 216.315 255.28 213.721 191.706 288.052 381.807 190.134 184.179
threshold=-3.0702604999999994 26.972924000000003 -14.860059499999998 -32.354953999999992 23.553182500000002 -23.941125499999995 207.50000000000003 -12.588751499999999 246.50000000000003 22.831983500000003 32.665242000000006 -22.316093499999997 18.150422500000005 -19.412206999999999
decision_type=2 2 2 2 2 2 2 2 2 2 2 2 2 2
left_child=1 6 3 -2 -5 -4 9 -8 -6 -1 11 -11 -9 -7
right_child=2 -3 5 4 8 13 7 12 -10 10 -12 -13 -14 -15
leaf_value=0.056881179717002496 -0.15410698667168618 0.20555213127623906 -0.085250084975774854 -0.013214492310698218 0.29450450150296092 0.06380887840475355 0.15764313043119052 0.16193325480091431 0.08349453291390091 -0.31327848210930825 0.048285173051632373 -0.037051144396436628 0.0037448665900091552 -0.0092194409391294207
leaf_weight=33 20 22 92 26 30 91 39 21 20 22 26 29 199 1685
leaf_count=33 20 22 92 26 30 91 39 21 20 22 26 29 199 1685
internal_value=-0.000216522 0.0255293 -0.00534208 0.0737428 0.133703 -0.0094064 0.0147962 0.0397448 0.210101 -0.0439465 -0.0871584 -0.156208 0.0188447 -0.00547756
internal_weight=2355 391 1964 96 76 1868 369 259 50 110 77 51 220 1776
internal_count=2355 391 1964 96 76 1868 369 259 50 110 77 51 220 1776
is_linear=0
shrinkage=0.05


Tree=94
num_leaves=15
num_cat=0
split_feature=16 16 16 16 8 2 16 7 2 6 16 7 4 2
split_gain=154.196 140.661 303.377 407.148 606.444 341.62 232.163 355.697 295.318 193.459 488.965 292.402 273.714 261.189
threshold=900.50000000000011 613.50000000000011 562.50000000000011 541.50000000000011 47.500000000000007 1.0000000180025095e-35 664.50000000000011 -11.788986 11.605264000000002 -3.8619294999999996 526.50000000000011 -6.556462999999999 0.90818900000000002 24.663233500000004
decision_type=2 2 2 2 2 2 2 2 2 2 2 2 2 2
left_child=1 2 3 9 -5 -4 7 -3 -9 10 11 -1 13 -11
right_child=-2 6 5 4 -6 -7 -8 8 -10 12 -12 -13 -14 -15
leaf_value=0.00065514244823469681 -0.11584261690491233 -0.051537709291044037 0.023192795701862241 -0.032824247809393067 0.29625563698687724 -0.13914900055279697 0.0038019901964785451 0.22496624091978779 0.051176171086051249 -0.034616239729182666 -0.19501487612724305 0.080733329266877263 0.12646674892166629 -0.18663794066636796
leaf_weight=1042 29 38 52 28 28 86 432 44 55 319 30 128 24 31
leaf_count=1042 29 38 52 28 28 86 432 44 55 319 30 128 24 31
internal_value=-0.00125697 0.000164931 -0.006794 -0.000767483 0.131716 -0.0779767 0.0217878 0.078502 0.128416 -0.00548099 0.00430507 0.00941583 -0.0368801 -0.048081
internal_weight=2366 2337 1768 1630 56 138 569 137 99 1574 1200 1170 374 350
internal_count=2366 2337 1768 1630 56 138 569 137 99 1574 1200 1170 374 350
is_linear=0
shrinkage=0.05


Tree=95
num_leaves=15
num_cat=0
split_feature=0 2 6 7 0 16 2 16 10 16 6 13 6 6
split_gain=133.894 409.987 456.231 448.381 325.8 253.9 203.878 283.944 324.586 174.146 151.643 141.836 158.895 514.788
threshold=4.7565030000000013 17.587627500000004 -4.6736219999999991 -13.582623499999999 5.6854545000000014 294.50000000000006 32.607265500000004 285.50000000000006 1.0000000180025095e-35 342.50000000000006 -20.264350499999995 13.621481000000001 -4.2854119999999991 -4.339736499999999
decision_type=2 2 2 2 2 2 2 2 2 2 2 2 2 2
left_child=6 3 9 5 -5 -2 10 -8 -9 -3 -1 12 13 -12
right_child=1 2 -4 4 -6 -7 7 8 -10 -11 11 -13 -14 -15
leaf_value=0.12409672481566668 0.030921789703683724 -0.11002605672066029 -0.011370795327516746 -0.035838216513395312 0.18597800018531938 -0.15559177761142318 -0.044823725649288722 0.035253853424702115 0.247739280667156 -0.2868223387002945 0.0082238480154028983 -0.083828669558374258 -0.017694770111328351 0.24201860167086126
leaf_weight=25 36 26 67 25 49 37 35 41 32 30 1242 49 654 24
leaf_count=25 36 26 67 25 49 37 35 41 32 30 1242 49 654 24
internal_value=0.0010941 -0.0320516 -0.0994081 0.0243079 0.11104 -0.0636125 0.00535163 0.0722614 0.128398 -0.204738 0.00172763 0.000173937 0.00231775 0.012656
internal_weight=2372 270 123 147 74 73 2102 108 73 56 1994 1969 1920 1266
internal_count=2372 270 123 147 74 73 2102 108 73 56 1994 1969 1920 1266
is_linear=0
shrinkage=0.05


Tree=96
num_leaves=15
num_cat=0
split_feature=7 6 8 7 7 16 16 3 16 16 16 16 6 6
split_gain=132.865 148.22 184.682 144.18 240.422 141.954 482.186 271.746 221.882 200.993 324.439 530.409 153.726 611.316
threshold=-3.2281234999999993 -1.0896519999999998 32.500000000000007 -3.8766169999999995 -3.9591564999999993 710.50000000000011 643.50000000000011 1.0887285000000002 670.50000000000011 735.50000000000011 760.50000000000011 785.50000000000011 -4.2854119999999991 -4.339736499999999
decision_type=2 2 2 2 2 2 2 2 2 2 2 2 2 2
left_child=1 2 -1 4 5 6 12 -8 -9 -7 -11 -12 13 -4
right_child=-2 -3 3 -5 -6 9 7 8 -10 10 11 -13 -14 -15
leaf_value=-0.069961229218079624 0.087998830552053889 0.089159340567367018 -3.1026646944915822e-05 -0.079905271420680116 0.15178795167459891 -0.13834918443022706 0.16718445069184809 0.11124289005994797 -0.070919839967973533 0.12378328021834879 -0.2743155414069241 -0.010093144468775543 -0.028303809304070532 0.22842609147230786
leaf_weight=103 41 43 1223 57 26 41 66 35 32 34 22 139 462 30
leaf_count=103 41 43 1223 57 26 41 66 35 32 34 22 139 462 30
internal_value=-0.00122225 -0.00280377 -0.0045458 -0.00143653 0.000683237 -0.00120195 0.00346143 0.0951747 0.0242398 -0.0377185 -0.0165603 -0.0461981 -0.00365103 0.00543882
internal_weight=2354 2313 2270 2167 2110 2084 1848 133 67 236 195 161 1715 1253
internal_count=2354 2313 2270 2167 2110 2084 1848 133 67 236 195 161 1715 1253
is_linear=0
shrinkage=0.05


Tree=97
num_leaves=15
num_cat=0
split_feature=16 16 16 7 16 7 7 16 5 5 7 7 7 16
split_gain=137.118 229.401 294.98 494.811 234.241 417.64 339.328 233.242 214.997 194.42 183.583 611.108 908.374 478.661
threshold=37.500000000000007 101.50000000000001 73.500000000000014 -19.595347499999999 183.50000000000003 -18.602939499999994 -11.929959499999997 147.50000000000003 31.803062500000003 19.322023500000004 -12.790780999999997 -13.389685999999998 -13.582623499999999 207.50000000000003
decision_type=2 2 2 2 2 2 2 2 2 2 2 2 2 2
left_child=-1 2 9 -4 5 -3 7 -7 -9 -2 11 12 -6 -12
right_child=1 4 3 -5 10 6 -8 8 -10 -11 13 -13 -14 -15
leaf_value=-0.099613652052357796 0.075186755784576953 -0.21453651052809533 0.3388879188469478 0.054971751070728429 -0.010098419272482343 0.11144408841599834 -0.090039781872626568 0.017647952244927486 -0.16476205505430699 -0.10050630106125027 0.24431713042051895 -0.15286094569929051 0.31044573621905369 0.014081509387355915
leaf_weight=32 31 31 21 57 566 53 105 84 20 32 23 71 23 1221
leaf_count=32 31 31 21 57 566 53 105 84 20 32 23 71 23 1221
internal_value=0.00318571 0.00459272 0.0664158 0.131411 0.000625012 -0.0409935 -0.0204597 0.0260747 -0.0174309 -0.0140542 0.00702954 -0.0142857 0.00241859 0.0183383
internal_weight=2370 2338 141 78 2197 293 262 157 104 63 1904 660 589 1244
internal_count=2370 2338 141 78 2197 293 262 157 104 63 1904 660 589 1244
is_linear=0
shrinkage=0.05


Tree=98
num_leaves=15
num_cat=0
split_feature=6 7 8 3 5 0 7 7 5 7 18 18 18 18
split_gain=127.676 129.216 169.577 173.738 153.439 178.878 147.688 604.811 371.092 340.47 267.608 905.606 674.765 715.227
threshold=-1.0896519999999998 -3.2281234999999993 37.500000000000007 0.56829050000000014 42.464622000000013 3.1899945000000005 -9.241877999999998 -7.2954159999999995 25.009628000000003 -10.042532499999998 342.50000000000006 234.50000000000003 273.50000000000006 324.50000000000006
decision_type=2 2 2 2 2 2 2 2 2 2 2 2 2 2
left_child=1 2 3 -1 5 -5 9 8 -8 10 11 -4 -13 -14
right_child=-2 -3 6 4 -6 -7 7 -9 -10 -11 -12 12 13 -15
leaf_value=0.071953179240226747 0.076589795377738079 0.096326565934401573 -0.016016071327186649 -0.076167618203908216 -0.17037229096660247 0.021370959829232872 -0.031494465651179575 0.015988122973127458 -0.16113511416833323 0.080498919507880129 -0.022080008721948485 0.24747065062706289 -0.02662986947180725 0.25307024094846942
leaf_weight=30 53 33 403 132 26 73 138 459 92 157 578 65 87 31
leaf_count=30 53 33 403 132 26 73 138 459 92 157 578 65 87 31
internal_value=-0.000137307 -0.0019023 -0.00332966 -0.0412457 -0.0559469 -0.0414344 0.00159376 -0.0171729 -0.0833507 0.011382 0.00205949 0.0258694 0.118109 0.0468507
internal_weight=2357 2304 2271 261 231 205 2010 689 230 1321 1164 586 183 118
internal_count=2357 2304 2271 261 231 205 2010 689 230 1321 1164 586 183 118
is_linear=0
shrinkage=0.05


Tree=99
num_leaves=15
num_cat=0
split_feature=10 13 8 13 2 0 6 7 8 4 6 7 7 18
split_gain=128.227 320.699 168.29 261.702 306.982 289.838 121.895 213.021 170.52 196.449 311.088 232.253 300.301 210.484
threshold=3.5000000000000004 10.019063000000001 62.500000000000007 3.6713140000000002 -2.6798199999999994 -0.72310999999999981 -17.603214999999995 -32.354953999999992 52.500000000000007 -0.14075499999999999 -6.8924969999999997 -24.100376499999996 -22.316093499999997 414.50000000000006
decision_type=2 2 2 2 2 2 2 2 2 2 2 2 2 2
left_child=6 2 3 5 -5 -2 -1 -8 -9 10 11 -10 -13 -12
right_child=1 -3 -4 4 -6 -7 7 8 9 -11 13 12 -14 -15
leaf_value=0.074225563753861939 -0.0094378727111727647 -0.1407550756353885 -0.029742802543565636 0.27663760532079074 0.040033596102148294 0.16906032788256806 -0.15144018150400373 0.0055933191778154544 0.10532594074208577 -0.061345896976555542 0.023095882837734526 -0.22810653664849023 -0.034669425905469745 0.17046145283927522
leaf_weight=48 94 24 50 29 26 30 25 1360 26 241 126 22 228 30
leaf_count=48 94 24 50 29 26 30 25 1360 26 241 126 22 228 30
internal_value=-0.000499553 0.0331334 0.0513575 0.0740113 0.164788 0.0337472 -0.00453998 -0.00637708 -0.00459322 -0.0251782 -0.00500133 -0.0369004 -0.0516919 0.0514354
internal_weight=2359 253 229 179 55 124 2106 2058 2033 673 432 276 250 156
internal_count=2359 253 229 179 55 124 2106 2058 2033 673 432 276 250 156
is_linear=0
shrinkage=0.05


Tree=100
num_leaves=15
num_cat=0
split_feature=16 16 7 7 7 2 16 16 7 4 7 16 5 16
split_gain=132.416 123.833 131.723 435.185 375.799 307.517 400.651 546.518 497.554 396.129 248.703 231.47 294.234 227.423
threshold=908.50000000000011 885.50000000000011 -8.9462234999999968 -7.5554604999999997 -10.523427999999997 14.332724000000002 402.50000000000006 562.50000000000011 -9.3086534999999984 -0.072534499999999988 -7.8904974999999995 463.50000000000006 37.254839000000011 643.50000000000011
decision_type=2 2 2 2 2 2 2 2 2 2 2 2 2 2
left_child=1 2 4 10 13 6 -6 9 -9 -8 -4 -7 -13 -1
right_child=-2 -3 3 -5 5 11 7 8 -10 -11 -12 12 -14 -15
leaf_value=-0.011902347583238486 -0.12263286912983114 0.12148048169910908 -0.032708940142014579 0.0017431079729513831 0.0046472391764086395 0.13519518525738802 0.42312639296054844 -0.10400435518330108 0.20532313814530007 0.14437515678314061 -0.15420100440742909 0.034702822295948864 -0.17244220342564709 0.049075486646267957
leaf_weight=1049 22 21 93 677 63 21 25 26 26 26 77 40 30 179
leaf_count=1049 22 21 93 677 63 21 25 26 26 26 77 40 30 179
internal_value=-0.000534856 0.000606731 -0.000481754 -0.0162164 0.00849284 0.0634744 0.10397 0.16472 0.0506594 0.281018 -0.0877377 -0.0103962 -0.0540736 -0.00301388
internal_weight=2375 2353 2332 847 1485 257 166 103 52 51 170 91 70 1228
internal_count=2375 2353 2332 847 1485 257 166 103 52 51 170 91 70 1228
is_linear=0
shrinkage=0.05


Tree=101
num_leaves=15
num_cat=0
split_feature=12 5 5 0 5 2 16 16 16 16 5 8 16 5
split_gain=137.77 248.14 159.482 232.841 171.706 153.144 123.409 138.407 305.222 517.366 696.748 232.491 223.56 318.732
threshold=33.372135000000007 65.365225000000024 52.423532000000002 6.9063810000000005 54.346298000000012 52.573757000000008 908.50000000000011 601.50000000000011 562.50000000000011 541.50000000000011 24.381227500000005 52.500000000000007 664.50000000000011 17.086185000000004
decision_type=2 2 2 2 2 2 2 2 2 2 2 2 2 2
left_child=1 2 5 4 -4 6 7 8 9 -1 -11 12 13 -9
right_child=-2 -3 3 -5 -6 -7 -8 11 -10 10 -12 -13 -14 -15
leaf_value=-0.0043336360451901633 -0.12977777644991875 0.12547822553664445 -0.10736795661642272 -0.21488086611032486 0.042992846000679708 0.13700417549837204 -0.11649107570675286 0.27626135562147414 -0.089245827456401416 -0.030714791342616083 0.38664231166243557 -0.037118466884829109 0.019622029568851104 0.060805664355173074
leaf_weight=1442 20 40 34 20 43 21 22 21 101 20 20 125 344 94
leaf_count=1442 20 40 34 20 43 21 22 21 101 20 20 125 344 94
internal_value=0.000896253 0.00200979 -0.000130968 -0.0628808 -0.0234002 0.00262321 0.00133404 0.00253023 -0.0051449 0.000586672 0.177964 0.0233346 0.0397978 0.10015
internal_weight=2367 2347 2307 97 77 2210 2189 2167 1583 1482 40 584 459 115
internal_count=2367 2347 2307 97 77 2210 2189 2167 1583 1482 40 584 459 115
is_linear=0
shrinkage=0.05


Tree=102
num_leaves=15
num_cat=0
split_feature=2 16 4 3 2 3 6 7 6 2 5 3 4 3
split_gain=173.151 212.386 161.845 125.186 156.868 427.137 293.734 265.696 171.363 158.469 428.546 367.167 298.734 241.102
threshold=-20.745513499999998 201.50000000000003 -1.0238859999999999 13.877089000000003 34.978512500000008 1.3466835000000001 -2.9661824999999995 -4.5191724999999989 -5.4349744999999992 17.105295500000004 38.488631500000004 2.6288345000000004 0.47308000000000006 2.3059540000000003
decision_type=2 2 2 2 2 2 2 2 2 2 2 2 2 2
left_child=1 -1 -2 4 9 -6 7 8 -7 13 11 -11 -13 -4
right_child=2 -3 3 -5 5 6 -8 -9 -10 10 -12 12 -14 -15
leaf_value=0.16790060176897575 -0.14330267488956452 -0.0020720334583893421 -0.0070573245237629109 -0.087006512274340975 0.26029051858044805 -0.02242659791890118 0.13498121984302999 0.10845669329814289 -0.19490977178017299 0.090465378947556019 -0.13172837396462758 -0.16032232087923259 0.012549868016503752 0.036222346328301153
leaf_weight=34 20 40 1387 41 21 36 36 23 24 74 84 41 64 419
leaf_count=34 20 40 1387 41 21 36 36 23 24 74 84 41 64 419
internal_value=0.00075727 0.0760235 -0.00169634 -0.00043762 0.00116914 0.052391 0.0157028 -0.0360324 -0.0914199 -0.00229682 -0.0385581 0.00516433 -0.0549526 0.00298375
internal_weight=2344 74 2270 2250 2209 140 119 83 60 2069 263 179 105 1806
internal_count=2344 74 2270 2250 2209 140 119 83 60 2069 263 179 105 1806
is_linear=0
shrinkage=0.05


Tree=103
num_leaves=15
num_cat=0
split_feature=12 5 18 5 7 3 6 7 5 8 5 4 7 18
split_gain=108.953 118.989 104.86 98.327 230.519 158.534 123.05 392.282 503.748 604.599 153.196 395.629 382.208 586.089
threshold=33.372135000000007 67.095923000000013 900.50000000000011 52.423532000000002 -21.479470499999998 3.4039395000000003 -11.897619999999998 -22.316093499999997 33.18941550000001 62.500000000000007 37.034252500000008 0.58686450000000012 -10.748171499999998 433.50000000000006
decision_type=2 2 2 2 2 2 2 2 2 2 2 2 2 2
left_child=1 2 3 6 -5 -6 7 8 -1 -10 -8 -12 -13 -14
right_child=-2 -3 -4 4 5 -7 10 -9 9 -11 11 12 13 -15
leaf_value=-0.22557553196139635 -0.11873725581914188 0.097399039665857959 -0.094163104759589333 0.010453266913827974 -0.040656539201736452 -0.23735417837188361 0.0020162129792029499 0.11246251335057121 -0.14432651265101001 0.20878237366883293 -0.10148536325203346 -0.10815630478163561 0.28857749264973859 -0.028842271435441394
leaf_weight=25 20 30 31 64 20 21 1806 90 22 27 122 30 26 33
leaf_count=25 20 30 31 64 20 21 1806 90 22 27 122 30 26 33
internal_value=-0.00253047 -0.00154021 -0.00282125 -0.00158258 -0.0488434 -0.141404 0.000692699 0.0423426 -0.0429385 0.0502437 -0.0026938 -0.043008 0.037152 0.111038
internal_weight=2367 2347 2317 2286 105 41 2181 164 74 49 2017 211 89 59
internal_count=2367 2347 2317 2286 105 41 2181 164 74 49 2017 211 89 59
is_linear=0
shrinkage=0.05


Tree=104
num_leaves=15
num_cat=0
split_feature=10 6 3 3 1 16 6 7 7 6 8 3 6 6
split_gain=113.952 239.528 202.517 210.501 201.907 171.634 276.592 142.332 150.752 237.786 139.696 216.598 334.953 208.323
threshold=3.5000000000000004 -17.603214999999995 1.2961040000000004 -1.9131704999999999 -11.452573999999998 490.50000000000006 -8.4899984999999969 -32.354953999999992 -26.633228999999996 -15.284406499999998 62.500000000000007 -4.1080299999999994 -11.407440499999998 -7.0507754999999994
decision_type=2 2 2 2 2 2 2 2 2 2 2 2 2 2
left_child=1 -1 3 4 -2 6 -6 -3 -9 -10 11 12 -11 -12
right_child=2 7 -4 -5 5 -7 -8 8 9 10 13 -13 -14 -15
leaf_value=0.10324812732344749 -0.099588426984846601 -0.13293822610920125 0.15855026843159326 -0.055968212362911024 0.26197638518430971 -0.019221128248854691 0.06004772811775675 0.087551193712225056 -0.11820459809709104 0.20824185842347723 -0.10661823456588237 -0.0044636794189130344 0.0040279968429291456 0.01139801427407164
leaf_weight=51 20 22 28 70 22 38 74 43 47 31 79 1715 57 71
leaf_count=51 20 22 28 70 22 38 74 43 47 31 79 1715 57 71
internal_value=-1.14552e-05 -0.0037966 0.0317717 0.0159244 0.0486029 0.070721 0.106323 -0.00644032 -0.00507813 -0.00706966 -0.00439513 -0.000538057 0.075967 -0.0507572
internal_weight=2368 2116 252 224 154 134 96 2065 2043 2000 1953 1803 88 150
internal_count=2368 2116 252 224 154 134 96 2065 2043 2000 1953 1803 88 150
is_linear=0
shrinkage=0.05


Tree=105
num_leaves=15
num_cat=0
split_feature=0 2 6 7 7 16 2 16 16 5 3 16 6 6
split_gain=133.52 594.55 328.084 243.159 268.964 247.884 186.244 223.337 225.042 224.209 183.904 166.329 128.089 317.738
threshold=4.6063125000000005 17.587627500000004 -4.6736219999999991 -13.582623499999999 -7.6493989999999998 210.50000000000003 32.607265500000004 285.50000000000006 348.50000000000006 31.374794500000004 4.4533030000000009 490.50000000000006 -4.2343734999999993 -4.0103009999999992
decision_type=2 2 2 2 2 2 2 2 2 2 2 2 2 2
left_child=6 3 -3 5 11 -2 12 -8 -9 -10 -7 -5 -1 -14
right_child=1 2 -4 4 -6 10 7 8 9 -11 -12 -13 13 -15
leaf_value=0.011598439626279464 0.12798578672111036 -0.20388274357230826 -0.040175657136284793 0.064708979771687436 -0.038621393189980438 0.019395325618485611 -0.030975619487856567 0.23023820999743685 0.14136599138507555 -0.076244699992239484 -0.14719162009108963 0.23886945480801938 -0.10822539478885357 -0.0021916354222909023
leaf_weight=1322 20 55 69 26 26 30 38 28 29 20 37 29 81 553
leaf_count=1322 20 55 69 26 26 30 38 28 29 20 37 29 81 553
internal_value=0.00191051 -0.0297421 -0.112788 0.0315534 0.093895 -0.0264887 0.00637336 0.0682114 0.117161 0.0525453 -0.0726005 0.156539 0.00273768 -0.0157385
internal_weight=2363 292 124 168 81 87 2071 115 77 49 67 55 1956 634
internal_count=2363 292 124 168 81 87 2071 115 77 49 67 55 1956 634
is_linear=0
shrinkage=0.05


Tree=106
num_leaves=15
num_cat=0
split_feature=0 7 7 16 16 5 16 6 16 16 5 6 7 7
split_gain=123.453 110.705 370.479 283.853 445.818 268.614 388.562 467.089 328.96 562.091 281.204 268.212 465.17 414.269
threshold=-7.4057129999999995 -12.790780999999997 -12.973799999999999 147.50000000000003 67.500000000000014 20.864860000000004 195.50000000000003 -6.1561229999999991 282.50000000000006 502.50000000000006 31.013985000000002 -7.4960949999999995 -11.346329999999998 -11.788986
decision_type=2 2 2 2 2 2 2 2 2 2 2 2 2 2
left_child=-1 2 3 4 -2 -5 10 -8 -9 -10 -7 -3 13 -13
right_child=1 11 -4 5 -6 6 7 8 9 -11 -12 12 -14 -15
leaf_value=0.070021853236288858 -0.12441205023364588 -0.045061971119240575 -0.14757352689137826 0.041650162720917795 0.13319027796912361 -0.04306048991424697 0.013653735946381194 0.082827885108797461 -0.2731159188208126 -0.051595166175264044 -0.24076309590726286 0.0094991302186692213 0.0039225212277832835 0.20039265800577899
leaf_weight=58 22 230 52 138 71 35 328 23 42 90 37 54 1113 60
leaf_count=58 22 230 52 138 71 35 328 23 42 90 37 54 1113 60
internal_value=-0.00202026 -0.00384094 -0.018321 -0.00976991 0.0722521 -0.0207772 -0.0362997 -0.0201469 -0.0916735 -0.122079 -0.144658 0.00448732 0.0137753 0.109969
internal_weight=2353 2295 838 786 93 693 555 483 155 132 72 1457 1227 114
internal_count=2353 2295 838 786 93 693 555 483 155 132 72 1457 1227 114
is_linear=0
shrinkage=0.05


Tree=107
num_leaves=15
num_cat=0
split_feature=3 16 16 16 5 16 5 7 7 7 16 6 8 3
split_gain=126.25 98.5334 171.946 230.444 269.782 151.811 141.338 133.659 305.612 235.135 388.499 234.893 169.161 229.864
threshold=15.874378500000002 37.500000000000007 101.50000000000001 77.500000000000014 21.227168000000002 120.50000000000001 24.156332000000003 -22.316093499999997 -21.087831499999997 -26.633228999999996 231.50000000000003 -13.130407 57.500000000000007 -4.6230259999999994
decision_type=2 2 2 2 2 2 2 2 2 2 2 2 2 2
left_child=1 -1 3 6 -5 -4 -3 9 -9 11 -11 -7 13 -10
right_child=-2 2 5 4 -6 7 -8 8 12 10 -12 -13 -14 -15
leaf_value=-0.087256598693784326 -0.10692988116560238 0.052893519049267403 -0.087542483228824894 0.052881551896663097 0.27975484430789949 0.11870783556644854 -0.08805237818380883 0.19363839768228078 0.11055137755142318 -0.27772555968591145 -0.042141423067077993 -0.047687845576244101 -0.028467442174316262 0.0054990839862180223
leaf_weight=32 28 46 51 38 20 38 29 21 54 21 105 48 370 1458
leaf_count=32 28 46 51 38 20 38 29 21 54 21 105 48 370 1458
internal_value=-0.00139086 -0.000123128 0.00108969 0.056272 0.131114 -0.0022987 -0.00160556 -0.000243174 0.00395212 -0.0379019 -0.0814054 0.0258358 0.00183554 0.00925095
internal_weight=2359 2331 2299 133 58 2166 75 2115 1903 212 126 86 1882 1512
internal_count=2359 2331 2299 133 58 2166 75 2115 1903 212 126 86 1882 1512
is_linear=0
shrinkage=0.05


Tree=108
num_leaves=15
num_cat=0
split_feature=0 16 16 4 5 6 0 16 5 7 5 16 16 3
split_gain=102.007 226.845 293.259 226.301 160.907 249.513 211.182 213.717 159.893 311.204 243.795 227.598 226.313 155.784
threshold=-0.28199549999999995 622.50000000000011 673.50000000000011 0.60796900000000009 46.055489000000009 -6.7884124999999989 6.9063810000000005 225.50000000000003 41.32675050000001 -9.9768264999999978 37.034252500000008 574.50000000000011 511.50000000000006 -1.9131704999999999
decision_type=2 2 2 2 2 2 2 2 2 2 2 2 2 2
left_child=1 3 -3 13 8 6 -6 -8 10 -10 -2 12 -12 -1
right_child=4 2 -4 -5 5 -7 7 -9 9 -11 11 -13 -14 -15
leaf_value=0.011094649451991956 -0.0022467368766218316 0.16387808296084405 0.024170534937011868 0.117496080042269 0.029579280089385419 -0.19101973345567441 0.0092997072637081152 -0.212007306329906 -0.0011972100304608996 0.23667348504066466 -0.054796063835206243 0.038256381936371327 -0.2791094967587428 -0.034251381322704506
leaf_weight=508 1031 50 151 39 67 29 20 24 44 20 23 20 22 302
leaf_count=508 1031 50 151 39 67 29 20 24 44 20 23 20 22 302
internal_value=-0.000431046 0.0111602 0.0589237 -0.000147807 -0.00979317 -0.0604282 -0.0263096 -0.111413 -0.00368206 0.0731374 -0.00816786 -0.102086 -0.16446 -0.00581214
internal_weight=2350 1050 201 849 1300 140 111 44 1160 64 1096 65 45 810
internal_count=2350 1050 201 849 1300 140 111 44 1160 64 1096 65 45 810
is_linear=0
shrinkage=0.05


Tree=109
num_leaves=15
num_cat=0
split_feature=6 2 5 7 6 6 0 2 2 6 18 18 5 18
split_gain=107.208 123.381 235.194 217.127 161.142 651.93 322.76 264.663 232.736 188.827 280.49 535.214 232.598 285.342
threshold=-1.0896519999999998 6.1343225000000006 58.054240500000006 -3.9591564999999993 -9.5517249999999994 -10.035755499999999 6.9063810000000005 11.399295500000003 58.936081000000009 -6.8924969999999997 264.50000000000006 297.50000000000006 37.254839000000011 499.50000000000006
decision_type=2 2 2 2 2 2 2 2 2 2 2 2 2 2
left_child=1 2 3 -1 5 6 7 -3 9 -6 -11 -12 13 -13
right_child=-2 4 -4 -5 8 -7 -8 -9 -10 10 11 12 -14 -15
leaf_value=0.0019449529812889965 0.069921214236981347 -0.077085050402039834 0.14002405858852648 0.14025275788815886 0.043244276919069083 -0.30595306235810987 -0.17727640425520286 0.063356578980334283 0.15926227924369632 -0.10480194425306702 0.17546774357230077 -0.079568331051109872 -0.13016715908216106 0.014326696844449649
leaf_weight=1320 54 55 33 29 137 23 28 86 21 87 37 110 45 306
leaf_count=1320 54 55 33 29 137 23 28 86 21 87 37 110 45 306
internal_value=0.000277089 -0.00134604 0.00814433 0.00491821 -0.0153735 -0.0562066 -0.0222175 0.00857438 -0.00482175 -0.00959427 -0.0219684 -0.00749752 -0.0221824 -0.0105013
internal_weight=2371 2317 1382 1349 935 192 169 141 743 722 585 498 461 416
internal_count=2371 2317 1382 1349 935 192 169 141 743 722 585 498 461 416
is_linear=0
shrinkage=0.05


Tree=110
num_leaves=15
num_cat=0
split_feature=0 16 2 5 6 1 5 16 2 7 5 0 4 16
split_gain=83.7286 132.372 123.307 239.338 183.595 203.043 146.739 109.595 104.778 241.361 162.838 215.236 214.88 294.097
threshold=-5.121310499999999 900.50000000000011 -8.4044484999999991 33.586008000000014 -10.035755499999999 -10.9358545 33.586008000000014 881.50000000000011 -8.2785889999999984 -10.9414605 52.423532000000002 6.9063810000000005 0.63834750000000018 433.50000000000006
decision_type=2 2 2 2 2 2 2 2 2 2 2 2 2 2
left_child=2 7 3 -1 5 -4 -6 8 9 -2 12 -12 -10 -14
right_child=1 -3 4 -5 6 -7 -8 -9 10 -11 11 -13 13 -15
leaf_value=-0.094442287928018828 0.0087199461081826322 -0.11259740984446749 0.0078608896051134396 0.11830049760639667 0.078378882530766233 0.20560150201268057 -0.10260274658600491 0.10982828441668641 -0.0091808974757731209 0.14605928821223121 -0.016563443860659995 -0.16262774181699283 0.15429246235372765 0.0029294480436972237
leaf_weight=39 372 27 21 20 24 34 21 22 1506 35 75 38 49 93
leaf_count=39 372 27 21 20 24 34 21 22 1506 35 75 38 49 93
internal_value=-5.01101e-05 -0.00256373 0.0349983 -0.0223261 0.0688197 0.130101 -0.00607921 -0.00120715 -0.00233389 0.0205305 -0.00761827 -0.0656824 -0.00363693 0.0551603
internal_weight=2376 2217 159 59 100 55 45 2190 2168 407 1761 113 1648 142
internal_count=2376 2217 159 59 100 55 45 2190 2168 407 1761 113 1648 142
is_linear=0
shrinkage=0.05


Tree=111
num_leaves=15
num_cat=0
split_feature=10 6 7 2 0 7 2 7 0 1 6 6 6 0
split_gain=102.884 142.642 115.874 111.172 276.439 389.531 391.696 197.417 195.006 178.508 310.065 228.471 204.729 171.895
threshold=3.5000000000000004 -17.603214999999995 -32.354953999999992 10.037865000000002 3.5477240000000001 -13.582623499999999 -8.6574629999999981 -8.9462234999999968 -0.34060549999999995 8.7168470000000031 -4.6736219999999991 -3.6075409999999994 -6.643944499999999 6.7467995000000007
decision_type=2 2 2 2 2 2 2 2 2 2 2 2 2 2
left_child=1 -1 -3 4 -4 6 -6 -7 -5 12 13 -12 -10 -11
right_child=-2 2 3 8 5 7 -8 -9 9 10 11 -13 -14 -15
leaf_value=0.075080611619965321 0.030445338022680235 -0.12264602794533684 -0.0049186835635191533 0.022332233128112718 0.1458815812598914 0.22259573936462404 -0.065282700535442148 0.04930300668433861 -0.011501385976114999 -0.028129685479096878 0.11686307172477246 -0.0089035286035952874 -0.10738281401481929 -0.18586804789881553
leaf_weight=56 247 21 1200 185 32 42 70 27 92 39 50 130 141 31
leaf_count=56 247 21 1200 185 32 42 70 27 92 39 50 130 141 31
internal_value=-9.13093e-05 -0.00365584 -0.00579625 -0.0045928 0.00355668 0.0630329 0.000964917 0.154786 -0.0213187 -0.038038 -0.00869309 0.0260316 -0.0695241 -0.0979852
internal_weight=2363 2116 2060 2039 1371 171 102 69 668 483 250 180 233 70
internal_count=2363 2116 2060 2039 1371 171 102 69 668 483 250 180 233 70
is_linear=0
shrinkage=0.05


Tree=112
num_leaves=15
num_cat=0
split_feature=7 7 7 7 7 7 7 2 16 16 7 4 7 7
split_gain=97.9235 137.375 169.918 116.775 341.69 306.501 249.175 255.504 306.656 444.431 487.72 263.274 248.643 249.289
threshold=-3.2281234999999993 -3.8766169999999995 -3.9591564999999993 -8.9462234999999968 -7.4270144999999994 -7.2270284999999985 -10.523427999999997 14.332724000000002 402.50000000000006 562.50000000000011 -9.3086534999999984 -0.065487999999999991 -10.655084999999998 -10.9414605
decision_type=2 2 2 2 2 2 2 2 2 2 2 2 2 2
left_child=1 2 3 6 -5 -6 12 8 -8 11 -11 -10 13 -1
right_child=-2 -3 -4 4 5 -7 7 -9 9 10 -12 -13 -14 -15
leaf_value=-0.001666715070866209 0.082518777190833489 -0.075455004147029131 0.10874356023363166 -0.067136002484247531 0.10664045021160325 -0.0081553093288940469 0.0086822539200665256 -0.014656200462385364 0.35717416958952392 -0.10518335673820089 0.1982229763498673 0.12416189130056987 -0.1233426674362272 0.10543600139126444
leaf_weight=1160 37 58 37 224 67 440 71 92 27 27 26 22 40 57
leaf_count=1160 37 58 37 224 67 440 71 92 27 27 26 22 40 57
internal_value=0.00181063 0.000538828 0.00246356 0.000718174 -0.0157071 0.00701494 0.00860705 0.0526686 0.0884714 0.144011 0.0436575 0.252556 -0.000681976 0.0033496
internal_weight=2385 2348 2290 2253 731 507 1522 265 173 102 53 49 1257 1217
internal_count=2385 2348 2290 2253 731 507 1522 265 173 102 53 49 1257 1217
is_linear=0
shrinkage=0.05


Tree=113
num_leaves=15
num_cat=0
split_feature=0 2 7 6 16 0 2 16 16 2 6 13 6 6
split_gain=110.848 244.824 233.95 231.794 214.99 204.255 181.214 191.15 171.549 128.308 118.579 97.089 94.5654 375.699
threshold=4.7565030000000013 17.587627500000004 -13.582623499999999 -4.6736219999999991 294.50000000000006 6.5749295000000005 34.684217000000011 285.50000000000006 348.50000000000006 35.873079000000011 -20.264350499999995 13.836371000000002 -6.1392874999999991 -6.8959089999999987
decision_type=2 2 2 2 2 2 2 2 2 2 2 2 2 2
left_child=6 2 4 9 -2 -4 10 -8 -9 -3 -1 12 13 -12
right_child=1 3 5 -5 -6 -7 7 8 -10 -11 11 -13 -14 -15
leaf_value=0.11489992473613134 0.039534796327352524 -0.2358292925137061 -0.0021935542779309408 -0.021792144059307045 -0.1301510417651798 0.16010996979894118 -0.026101998020620909 0.22272714360058307 0.054082441329956057 -0.085587184528509774 -0.0036528692316292349 -0.072829112923763539 -0.0095270468825482731 0.082912902328516211
leaf_weight=22 35 27 42 72 40 36 34 25 38 30 655 47 1117 155
leaf_count=22 35 27 42 72 40 36 34 25 38 30 655 47 1117 155
internal_value=-0.00126177 -0.0306898 0.0120883 -0.0814267 -0.0509643 0.0727158 0.00270322 0.0694417 0.121005 -0.156754 -0.000540086 -0.00182665 -9.48837e-05 0.0129122
internal_weight=2375 282 153 129 75 78 2093 97 63 57 1996 1974 1927 810
internal_count=2375 282 153 129 75 78 2093 97 63 57 1996 1974 1927 810
is_linear=0
shrinkage=0.05


Tree=114
num_leaves=15
num_cat=0
split_feature=6 7 6 5 7 7 7 1 7 6 16 16 1 7
split_gain=95.8595 101.076 140.021 226.661 216.095 162.714 381.919 164.259 168.599 186.296 160.099 740.708 340.847 292.676
threshold=-1.0896519999999998 -3.2281234999999993 -3.3016709999999994 42.085787000000003 -5.3596829999999995 -8.4600644999999979 -7.5554604999999997 4.5318845000000012 -6.1822194999999995 -6.6600519999999994 234.50000000000003 273.50000000000006 4.2644930000000008 -9.5939224999999979
decision_type=2 2 2 2 2 2 2 2 2 2 2 2 2 2
left_child=1 2 4 -4 5 10 -7 8 9 -8 -1 12 -12 -13
right_child=-2 -3 3 -5 -6 6 7 -9 -10 -11 11 13 -14 -15
leaf_value=-0.021848480667717555 0.06743456426262856 0.078309888235832514 -0.040714599754023292 0.12824945556265968 0.05496850674433601 -0.12484305113582102 -0.072746080080313344 -0.071107282749760678 -0.067232180471447384 0.06994072758890689 0.096380567089432767 -0.0065801402164751849 0.33932329036972741 0.087343222687962241
leaf_weight=407 50 38 362 21 173 87 28 68 44 125 42 767 22 93
leaf_count=407 50 38 362 21 173 87 28 68 44 125 42 767 22 93
internal_value=-0.00104892 -0.00255273 -0.00392512 -0.0314503 0.00175491 -0.00371506 -0.0339465 -0.00410495 0.0190228 0.0438281 0.00428003 0.015789 0.179892 0.00357669
internal_weight=2327 2277 2239 383 1856 1683 352 265 197 153 1331 924 64 860
internal_count=2327 2277 2239 383 1856 1683 352 265 197 153 1331 924 64 860
is_linear=0
shrinkage=0.05


Tree=115
num_leaves=15
num_cat=0
split_feature=16 16 10 16 8 7 2 6 3 16 6 7 7 7
split_gain=123.883 229.77 171.061 168.841 136.298 243.412 558.35 453.14 274.625 254.092 246.815 192.223 191.179 489.059
threshold=105.50000000000001 43.500000000000007 2.5000000000000004 120.50000000000001 52.500000000000007 -15.220165999999997 0.76181300000000018 -6.1392874999999991 -4.3563739999999997 460.50000000000006 -9.5517249999999994 -32.209499499999993 -7.8904974999999995 -7.2954159999999995
decision_type=2 2 2 2 2 2 2 2 2 2 2 2 2 2
left_child=1 -1 -3 -2 5 -5 7 -7 -8 -9 -10 -6 -12 -14
right_child=3 2 -4 4 11 6 8 9 10 -11 12 -13 13 -15
leaf_value=-0.061132102332670579 -0.10346833967736789 0.039772540797033192 0.17139260126859882 -0.030515024728565578 0.12689191685481505 0.25165959522128106 0.18691316592507065 0.014119319091069289 -0.071936928897322922 0.1872906220544662 0.043829626477125926 -0.023019163990558065 -0.1508920420513109 0.0086864522760992068
leaf_weight=44 42 108 32 323 22 40 20 87 106 28 264 763 54 433
leaf_count=44 42 108 32 323 22 40 20 87 106 28 264 763 54 433
internal_value=-0.000865555 0.0385336 0.0698571 -0.00418794 -0.00223945 0.00736501 0.0192209 0.106703 0.00375945 0.0562828 -0.000514854 -0.0188178 0.00956603 -0.00900808
internal_weight=2366 184 140 2182 2140 1355 1032 155 877 115 857 785 751 487
internal_count=2366 184 140 2182 2140 1355 1032 155 877 115 857 785 751 487
is_linear=0
shrinkage=0.05


Tree=116
num_leaves=15
num_cat=0
split_feature=10 3 1 1 1 10 4 6 7 8 3 16 16 16
split_gain=102.294 166.062 133.439 241.508 161.114 156.963 104.465 249.312 247.222 228.934 236.513 218.311 263.884 263.701
threshold=3.5000000000000004 1.2961040000000004 -3.6225979999999995 -9.6901589999999995 -2.0811799999999994 4.5000000000000009 -0.13657199999999997 -6.8924969999999997 -8.9462234999999968 52.500000000000007 0.19902500000000004 402.50000000000006 315.50000000000006 577.50000000000011
decision_type=2 2 2 2 2 2 2 2 2 2 2 2 2 2
left_child=6 2 3 -2 -4 -5 7 8 -1 10 -8 12 -9 -13
right_child=1 -3 4 5 -6 -7 9 11 -10 -11 -12 13 -14 -15
leaf_value=0.0022780493543260931 -0.075280862035495902 0.14966233520983505 -0.14091336195883544 0.033177770718932152 0.0077118546659634872 0.16515908816647604 0.041790271373853716 0.076664231007021896 -0.13759278071605985 -0.056721803197405378 -0.013963513558419705 0.25890069174078795 -0.056310420966984936 0.017408579885959626
leaf_weight=446 28 26 23 50 88 41 240 108 34 233 917 26 57 20
leaf_count=446 28 26 23 50 88 41 240 108 34 233 917 26 57 20
internal_value=6.32583e-05 0.0298883 0.0163486 0.0531306 -0.0230844 0.0926419 -0.00360575 0.0122829 -0.00762947 -0.0115044 -0.00239834 0.0575812 0.0307275 0.153904
internal_weight=2337 256 230 119 111 91 2081 691 480 1390 1157 211 165 46
internal_count=2337 256 230 119 111 91 2081 691 480 1390 1157 211 165 46
is_linear=0
shrinkage=0.05


Tree=117
num_leaves=15
num_cat=0
split_feature=16 16 2 16 5 4 7 7 5 16 2 7 13 5
split_gain=96.5489 278.36 256.366 152.736 120.252 102.492 94.4089 361.733 234.607 215.642 463.433 218.616 189.207 134.51
threshold=105.50000000000001 77.500000000000014 6.2719460000000007 120.50000000000001 15.910226000000002 -0.36793999999999993 -22.316093499999997 -21.087831499999997 54.346298000000012 231.50000000000003 -22.284218999999997 -26.344495999999996 15.417055000000003 52.423532000000002
decision_type=2 2 2 2 2 2 2 2 2 2 2 2 2 2
left_child=1 4 -3 -2 -1 -6 8 -8 9 10 12 -11 -5 -9
right_child=3 2 -4 6 5 -7 7 13 -10 11 -12 -13 -14 -15
leaf_value=0.044822515389985509 -0.098533352700675411 0.18628080405972222 0.0019225540486249059 -0.14007029823958875 0.015654820054769519 -0.11539605910310875 0.20404494892467154 0.0025513621706113828 0.058820538553926688 0.099651754724568331 -0.312994986254236 -0.061420130719999216 0.077419445998966704 -0.072917677559813515
leaf_weight=45 41 44 33 20 25 37 22 1839 54 29 23 77 20 61
leaf_count=45 41 44 33 20 25 37 22 1839 54 29 23 77 20 61
internal_value=-9.87955e-06 0.0347746 0.10727 -0.00293776 -0.0173951 -0.062553 -0.00111053 0.00246252 -0.031906 -0.0608956 -0.134157 -0.0173533 -0.0313254 0.000128409
internal_weight=2370 184 77 2186 107 62 2145 1922 223 169 63 106 40 1900
internal_count=2370 184 77 2186 107 62 2145 1922 223 169 63 106 40 1900
is_linear=0
shrinkage=0.05


Tree=118
num_leaves=15
num_cat=0
split_feature=10 8 2 5 18 18 18 18 7 4 4 3 18 18
split_gain=76.0038 187.503 167.591 153.42 356.942 304.034 247.421 498.379 417.356 254.869 228.931 138.942 154.486 344.989
threshold=1.0000000180025095e-35 52.500000000000007 -22.284218999999997 17.459622500000005 386.50000000000006 201.50000000000003 240.50000000000003 165.50000000000003 -17.933947499999999 -0.36010799999999993 -0.11083799999999998 2.3059540000000003 541.50000000000011 475.50000000000006
decision_type=2 2 2 2 2 2 2 2 2 2 2 2 2 2
left_child=-1 -2 -3 4 5 -4 7 9 -8 -5 -7 12 13 -10
right_child=1 2 3 6 -6 10 8 -9 11 -11 -12 -13 -14 -15
leaf_value=-0.0091166736496803378 0.028088363703409565 0.10697196274995804 0.05981684402961817 0.077349427066467427 0.20379737868257194 -0.0012911120933052657 0.15491714668460191 -0.30533077691992128 -0.039318729458236196 -0.13795319109755969 -0.18549349384923136 0.077175147408464317 0.0038943905205953686 -0.22894517817804891
leaf_weight=1195 605 28 77 27 23 37 32 24 106 28 31 24 84 31
leaf_count=1195 605 28 77 27 23 37 32 24 106 28 31 24 84 31
internal_value=-0.000272611 0.00886192 -0.0122105 -0.0185791 0.0208046 -0.00822188 -0.0371646 -0.115218 -0.014904 -0.0322592 -0.0852657 -0.0370847 -0.049493 -0.0822269
internal_weight=2352 1157 552 524 168 145 356 79 277 55 68 245 221 137
internal_count=2352 1157 552 524 168 145 356 79 277 55 68 245 221 137
is_linear=0
shrinkage=0.05


Tree=119
num_leaves=15
num_cat=0
split_feature=0 2 4 2 0 2 16 16 16 7 4 16 1 4
split_gain=99.0912 95.098 238.177 86.5114 197.517 159.122 149.791 320.14 169.114 149.34 142.735 124.84 138.913 120.772
threshold=12.141447500000002 48.871490500000007 0.9561845000000001 10.037865000000002 0.16439900000000005 30.061026500000001 601.50000000000011 517.50000000000011 770.50000000000011 -3.2281234999999993 0.12743900000000002 439.50000000000006 0.11998750000000001 0.034274000000000006
decision_type=2 2 2 2 2 2 2 2 2 2 2 2 2 2
left_child=1 3 -3 -1 5 6 7 11 10 13 -8 12 -5 -6
right_child=-2 2 -4 4 9 -7 8 -9 -10 -11 -12 -13 -14 -15
leaf_value=0.0059689706606527544 -0.083226670431239269 0.14515425162655968 -0.071143476441502582 -0.11313097544014455 0.011536943534730186 0.11720679240922134 0.18460051250457765 -0.17916260731631314 -0.064892317152892551 0.061261749757187713 0.034989504465325311 0.11029525247092049 0.047699958876032261 -0.061220674540783317
leaf_weight=1658 35 35 20 25 71 36 25 29 24 35 44 24 29 290
leaf_count=1658 35 35 20 25 71 36 25 29 24 35 44 24 29 290
internal_value=0.000282946 0.00152936 0.0665005 -3.10844e-05 -0.0157717 0.0204363 0.00301765 -0.0373234 0.0494316 -0.0373503 0.0891964 0.0154117 -0.0267588 -0.046911
internal_weight=2380 2345 55 2290 632 236 200 107 93 396 69 78 54 361
internal_count=2380 2345 55 2290 632 236 200 107 93 396 69 78 54 361
is_linear=0
shrinkage=0.05


Tree=120
num_leaves=15
num_cat=0
split_feature=2 16 8 5 16 16 16 16 16 16 7 16 2 1
split_gain=87.6637 183.077 111.83 264.196 311.079 327.318 365.967 496.365 257.167 647.422 540.568 344.69 270.096 287.254
threshold=-22.284218999999997 201.50000000000003 52.500000000000007 20.808717000000005 406.50000000000006 201.50000000000003 264.50000000000006 315.50000000000006 201.50000000000003 159.50000000000003 -16.829162499999999 490.50000000000006 -5.0891779999999995 -6.4692089999999984
decision_type=2 2 2 2 2 2 2 2 2 2 2 2 2 2
left_child=1 -1 -2 4 5 -4 -7 -8 9 -5 11 -10 -12 -14
right_child=2 -3 3 8 -6 6 7 -9 10 -11 12 -13 13 -15
leaf_value=0.14932950008018264 0.0051307050818927055 -0.018457982950919383 0.043949717555246876 -0.012895531722090462 0.10748792009162052 -0.19824887769193286 0.16043416872620583 -0.070675025801671662 0.2238416942457358 -0.28798217503087858 -0.13918402011940875 0.0077934677712619312 0.080155184119939812 -0.061731198892261634
leaf_weight=29 1465 37 154 55 70 36 30 103 30 35 75 48 47 148
leaf_count=29 1465 37 154 55 70 36 30 103 30 35 75 48 47 148
internal_value=-0.00154698 0.0552668 -0.00318013 -0.0178316 0.0119312 -0.00877773 -0.0568252 -0.0185451 -0.0445366 -0.119874 -0.0250528 0.0908889 -0.0585471 -0.0275329
internal_weight=2362 66 2296 831 393 323 169 133 438 90 348 78 270 195
internal_count=2362 66 2296 831 393 323 169 133 438 90 348 78 270 195
is_linear=0
shrinkage=0.05


Tree=121
num_leaves=15
num_cat=0
split_feature=6 2 0 2 2 3 7 16 7 2 16 3 7 16
split_gain=79.0315 109.203 93.2079 223.164 188.633 173.073 164.004 264.749 201.879 174.765 164.281 163.678 349.164 410.954
threshold=-1.0896519999999998 6.3974525000000009 0.19571150000000001 13.522269500000002 29.157798500000002 0.45982800000000007 -3.6658359999999997 342.50000000000006 -12.807780999999997 29.157798500000002 288.50000000000006 2.3411995000000005 -14.923908999999998 282.50000000000006
decision_type=2 2 2 2 2 2 2 2 2 2 2 2 2 2
left_child=2 -2 4 11 -1 -6 7 10 -9 -10 -5 -4 13 -13
right_child=1 -3 3 6 5 -7 -8 8 9 -11 -12 12 -14 -15
leaf_value=0.0057651676173280462 -0.0095332249139363952 0.1353824817790435 -0.013748413712780769 -0.040254799120906577 0.21724444173276425 0.035528993018363653 0.044467738780962385 -0.23087817216696949 -0.04700080324798378 -0.17247490332594939 0.08989050192268272 0.076234128698706632 0.079349569039054171 -0.10466398599743842
leaf_weight=1146 26 26 457 67 20 38 46 23 134 35 38 54 176 75
leaf_count=1146 26 26 457 67 20 38 46 23 134 35 38 54 176 75
internal_value=0.00196639 0.0629246 0.000593578 -0.00989258 0.0102175 0.0981895 -0.0433838 -0.0569904 -0.0919007 -0.0729866 0.00684541 0.00518286 0.0335487 -0.0289392
internal_weight=2361 52 2309 1105 1204 58 343 297 192 169 105 762 305 129
internal_count=2361 52 2309 1105 1204 58 343 297 192 169 105 762 305 129
is_linear=0
shrinkage=0.05


Tree=122
num_leaves=15
num_cat=0
split_feature=16 16 4 17 16 5 8 5 5 4 16 2 16 7
split_gain=82.945 231.946 214.866 149.18 143.442 139.958 125.224 592.988 278.963 195.087 169.358 169.303 141.263 141.107
threshold=105.50000000000001 67.500000000000014 -0.098026499999999975 29.600102000000003 120.50000000000001 13.567731 62.500000000000007 33.586008000000014 21.628885000000004 -0.76117399999999991 496.50000000000006 -8.1293654999999969 180.50000000000003 -22.316093499999997
decision_type=2 2 2 2 2 2 2 2 2 2 2 2 2 2
left_child=1 5 -3 4 -2 -1 13 8 11 -10 -11 12 -8 -6
right_child=3 2 -4 -5 6 -7 7 -9 9 10 -12 -13 -14 -15
leaf_value=0.046291329983908398 -0.095432988802591961 0.2032253260059016 0.039340575356036425 -0.1375996658205986 -0.038211056818476037 -0.07953521036634259 -0.012131845539967928 0.17317371209462484 0.00091976970434188849 -0.23423045495914863 -0.058116682656109336 -0.074004744699802893 0.15444580896757543 0.0097909632376341899
leaf_weight=39 39 28 70 20 168 51 35 30 20 43 20 58 20 1726
leaf_count=39 39 28 70 20 168 51 35 30 20 43 20 58 20 1726
internal_value=0.00107751 0.0329426 0.0861648 -0.00167175 -0.000412576 -0.0250104 0.00133544 -0.0338434 -0.0655297 -0.135131 -0.178321 -0.0144068 0.0484418 0.00553313
internal_weight=2367 188 98 2179 2159 90 2120 226 196 83 63 113 55 1894
internal_count=2367 188 98 2179 2159 90 2120 226 196 83 63 113 55 1894
is_linear=0
shrinkage=0.05


Tree=123
num_leaves=15
num_cat=0
split_feature=0 12 16 6 16 2 8 7 5 16 16 16 16 7
split_gain=73.2959 93.8808 143.598 90.8734 243.692 448.95 425.718 442.04 668.607 296.409 425.102 291.545 287.407 318.115
threshold=12.141447500000002 20.639873500000004 312.50000000000006 -6.1392874999999991 228.50000000000003 1.1328295000000002 62.500000000000007 -13.582623499999999 22.831983500000003 523.50000000000011 544.50000000000011 481.50000000000006 159.50000000000003 -29.518501999999994
decision_type=2 2 2 2 2 2 2 2 2 2 2 2 2 2
left_child=1 3 -3 4 12 6 7 -6 -9 -7 -11 -10 -1 -14
right_child=-2 2 -4 -5 5 9 -8 8 11 10 -12 -13 13 -15
leaf_value=0.010784466018234698 -0.073545069951150163 0.12566435465382206 -0.0083121253715621093 -0.012491272980752135 0.052388308212499728 0.040390178895466138 -0.037431110260454391 0.021758033572272822 0.20076829957274289 -0.27177758753299713 -0.029184418767490374 0.44808056923476136 0.017894532040078591 -0.14526079471064052
leaf_weight=191 36 36 45 1256 165 146 74 33 26 20 186 22 47 82
leaf_count=191 36 36 45 1256 165 146 74 33 26 20 186 22 47 82
internal_value=-0.00274599 -0.00165162 0.051233 -0.00355716 0.00775457 0.0248557 0.0677185 0.0993489 0.195009 -0.0141105 -0.0527372 0.31412 -0.0281578 -0.0858166
internal_weight=2365 2329 81 2248 992 672 320 246 81 352 206 48 320 129
internal_count=2365 2329 81 2248 992 672 320 246 81 352 206 48 320 129
is_linear=0
shrinkage=0.05


Tree=124
num_leaves=15
num_cat=0
split_feature=4 1 7 7 7 5 7 4 5 16 16 6 1 16
split_gain=76.9955 124.925 64.3107 270.244 265.018 245.884 173.498 172.3 157.796 402.861 254.273 192.841 151.45 127.935
threshold=1.7582275000000001 29.600102000000003 -8.9462234999999968 -7.5554604999999997 -7.8904974999999995 25.009628000000003 -10.042532499999998 -0.0071009999999999988 37.254839000000011 568.50000000000011 475.50000000000006 -6.494944499999999 -2.7006754999999996 345.50000000000006
decision_type=2 2 2 2 2 2 2 2 2 2 2 2 2 2
left_child=1 2 6 4 7 -6 13 -4 10 -10 12 -12 -8 -1
right_child=-2 -3 3 -5 5 -7 8 -9 9 -11 11 -13 -14 -15
leaf_value=0.016048673004728224 0.097609350830316549 -0.12231680673680134 -0.088241558303920234 0.0030432428903717163 -0.039536398068508685 -0.2224228710634634 0.095123241382118862 0.048834345375116057 0.11955025108158589 -0.15659445500267405 0.23138315729006675 0.068099063187837608 -0.039939279605944955 -0.015790492163395547
leaf_weight=607 20 21 41 696 34 40 35 52 25 28 33 40 51 657
leaf_count=607 20 21 41 696 34 40 35 52 25 28 33 40 51 657
internal_value=-8.18149e-05 -0.000909706 0.000180311 -0.0106623 -0.0677825 -0.138394 0.00651986 -0.011597 0.048378 -0.0263375 0.0732831 0.141912 0.015028 -0.00050064
internal_weight=2380 2360 2339 863 167 74 1476 93 212 53 159 73 86 1264
internal_count=2380 2360 2339 863 167 74 1476 93 212 53 159 73 86 1264
is_linear=0
shrinkage=0.05


Tree=125
num_leaves=15
num_cat=0
split_feature=8 5 5 2 2 16 10 2 1 2 7 2 7 7
split_gain=83.507 490.407 335.337 150.051 218.97 128.483 115.292 185.4 122.339 116.669 108.543 215.574 107.821 136.148
threshold=62.500000000000007 33.586008000000014 21.628885000000004 -1.6564564999999998 -8.2785889999999984 234.50000000000003 3.5000000000000004 -4.2742644999999992 -3.2667124999999992 15.270728500000002 -32.354953999999992 -17.818881499999996 -23.359291499999994 -19.412206999999999
decision_type=2 2 2 2 2 2 2 2 2 2 2 2 2 2
left_child=6 2 3 4 -2 -6 10 8 -8 -9 -1 -12 -13 -14
right_child=1 -3 -4 -5 5 -7 7 9 -10 -11 11 12 13 -15
leaf_value=-0.10844920847726905 0.039850580113232829 0.15962598198844541 -0.12473100019182931 0.096967995812495544 -0.018518214798329966 -0.17933554831478332 0.18840944921148237 -0.012204948566648938 0.039044456265401095 0.11917044505476954 0.14668374228477479 -0.046772628700868651 0.059919723200922217 -0.0013041264591815245
leaf_weight=23 54 31 94 30 23 27 29 109 26 20 25 121 96 1678
leaf_count=23 54 31 94 30 23 27 29 109 26 20 25 121 96 1678
internal_value=-0.000156737 -0.0269626 -0.0523321 -0.00154483 -0.029962 -0.10536 0.00310735 0.0409353 0.117801 0.00816333 -0.000474914 0.000818528 -0.00110581 0.002009
internal_weight=2386 259 228 134 104 50 2127 184 55 129 1943 1920 1895 1774
internal_count=2386 259 228 134 104 50 2127 184 55 129 1943 1920 1895 1774
is_linear=0
shrinkage=0.05


Tree=126
num_leaves=15
num_cat=0
split_feature=0 7 2 8 2 16 16 16 16 2 7 7 16 7
split_gain=79.5213 88.5475 123.517 119.753 158.284 160.417 129.434 177.853 126.537 236.406 193.435 196.207 318.861 208.782
threshold=-9.9410029999999985 -33.728653499999993 -22.284218999999997 62.500000000000007 -3.4151979999999997 469.50000000000006 258.50000000000006 195.50000000000003 67.500000000000014 -14.860059499999998 -23.941125499999995 -19.595347499999999 439.50000000000006 -15.220165999999997
decision_type=2 2 2 2 2 2 2 2 2 2 2 2 2 2
left_child=-1 -2 -3 8 5 6 7 -5 -4 -10 -11 12 -12 -13
right_child=1 2 3 4 -6 -7 -8 -9 9 10 11 13 -14 -15
leaf_value=0.095881551078387681 -0.10406107803185781 0.082048618183894598 -0.0674541913642763 -0.022137961966631516 0.02816802344750613 -0.15948281799043929 0.052094295484324295 -0.17793490696528283 0.12376473703421653 -0.066409655425716016 0.22922026205062865 -0.043491518416589027 0.01446239921996104 0.0077723645275334964
leaf_weight=21 21 44 65 62 64 35 30 26 40 101 25 228 56 1541
leaf_count=21 21 44 65 62 64 35 30 26 40 101 25 228 56 1541
internal_value=-0.000982013 -0.00185204 -0.000925679 -0.00253187 -0.037858 -0.0654767 -0.0375935 -0.0681689 0.00119661 0.00343785 0.000970873 0.00464949 0.0807457 0.00116515
internal_weight=2359 2338 2317 2273 217 153 118 88 2056 1991 1951 1850 81 1769
internal_count=2359 2338 2317 2273 217 153 118 88 2056 1991 1951 1850 81 1769
is_linear=0
shrinkage=0.05


Tree=127
num_leaves=15
num_cat=0
split_feature=6 6 7 16 16 7 7 6 3 7 7 0 16 16
split_gain=90.2017 221.552 246.876 128.191 220.44 110.492 148.466 193.478 246.563 124.06 498.084 261.163 262.512 463.299
threshold=-12.874794499999998 -13.160831 -27.131888499999999 261.50000000000006 177.50000000000003 -24.520225499999995 -19.412206999999999 -4.9709334999999983 -1.9131704999999999 -11.788986 -11.595308999999999 4.6063125000000005 541.50000000000011 382.50000000000006
decision_type=2 2 2 2 2 2 2 2 2 2 2 2 2 2
left_child=1 2 -1 4 -4 -2 7 8 -7 11 -11 12 13 -8
right_child=5 -3 3 -5 -6 6 9 -9 -10 10 -12 -13 -14 -15
leaf_value=0.13568987015521888 -0.054238805926154154 0.18958209317177535 0.048508459223168238 0.023148363739063468 -0.15997358484892177 -0.023006018623709681 0.0036871008082466615 -0.041640556106964752 0.1762249518693848 0.16202943685930224 -0.0019420124420896881 -0.10883462359794441 0.05863426275275372 -0.11614998406856447
leaf_weight=33 104 20 21 79 32 24 295 33 44 48 1318 78 108 111
leaf_count=33 104 20 21 79 32 24 295 33 44 48 1318 78 108 111
internal_value=-0.00108998 0.0324197 0.0133698 -0.0172103 -0.0773675 -0.00395605 -0.00141627 0.0576992 0.105908 -0.00446563 0.0038198 -0.0235837 -0.0106468 -0.0290762
internal_weight=2348 185 165 132 53 2163 2059 101 68 1958 1366 592 514 406
internal_count=2348 185 165 132 53 2163 2059 101 68 1958 1366 592 514 406
is_linear=0
shrinkage=0.05


Tree=128
num_leaves=15
num_cat=0
split_feature=0 2 7 6 2 7 6 16 2 16 9 0 6 16
split_gain=69.1042 281.543 340.624 248.332 178.36 157.487 183.308 132.81 127.6 147.948 123.439 99.9182 94.552 92.8756
threshold=4.316625000000001 17.587627500000004 -13.582623499999999 -4.339736499999999 -8.821140999999999 -8.5568064999999986 -5.864346499999999 309.50000000000006 34.684217000000011 285.50000000000006 1.0000000180025095e-35 7.3681315000000014 -20.264350499999995 613.50000000000011
decision_type=2 2 2 2 2 2 2 2 2 2 2 2 2 2
left_child=8 2 4 10 -2 6 -4 -5 12 -10 -3 -12 -1 -14
right_child=1 3 5 7 -6 -7 -8 -9 9 -11 11 -13 13 -15
leaf_value=0.10863506399095058 0.073706595696832827 -0.24874206803739074 0.059730372137644074 0.071673763491984066 -0.08596544061412266 0.0027948692713731104 0.23922338902950291 -0.06614923664495688 -0.02570370964028619 0.10534503247228362 -0.034913752629206728 -0.1815511801767917 -0.0066539840403798556 0.019390978670961571
leaf_weight=20 23 20 33 29 73 35 25 44 33 62 26 21 1483 445
leaf_count=20 23 20 33 29 73 35 25 44 33 62 26 21 1483 445
internal_value=-0.000185886 -0.0214526 0.018356 -0.0751943 -0.0477107 0.0865538 0.137098 -0.0113976 0.00323886 0.0598228 -0.144704 -0.100433 0.000479378 -0.000642569
internal_weight=2372 329 189 140 96 93 58 73 2043 95 67 47 1948 1928
internal_count=2372 329 189 140 96 93 58 73 2043 95 67 47 1948 1928
is_linear=0
shrinkage=0.05


Tree=129
num_leaves=15
num_cat=0
split_feature=16 16 7 7 7 7 7 16 2 6 5 5 7 1
split_gain=80.2911 90.8686 70.6719 224.406 256.671 212.773 343.992 187.242 461.588 476.131 205.383 311.106 198.521 173.284
threshold=908.50000000000011 881.50000000000011 -8.9462234999999968 -7.2954159999999995 -7.2270284999999985 -11.788986 -11.595308999999999 394.50000000000006 22.563356000000002 -7.2417989999999994 21.628885000000004 13.687491500000002 -10.302902999999999 -4.4413794999999991
decision_type=2 2 2 2 2 2 2 2 2 2 2 2 2 2
left_child=1 2 5 -4 -5 -1 -7 10 9 -9 11 -8 -11 -13
right_child=-2 -3 3 4 -6 6 7 8 -10 12 -12 13 -14 -15
leaf_value=-0.0069420962297341892 -0.093200010109854792 0.09549254987481981 -0.05480169457555998 0.11347847393884952 -0.0058844067313485989 0.16042474357721706 0.073039512373016854 -0.0038585724794994235 -0.076580898488561311 0.25932792349408074 0.090374312436941898 0.024990189286029859 0.10972080006099799 -0.13164745158551103
leaf_weight=1007 23 25 224 49 557 48 38 92 60 30 33 23 85 76
leaf_count=1007 23 25 224 49 557 48 38 92 60 30 33 23 85 76
internal_value=-0.000234453 0.000676586 -0.000344258 -0.0120395 0.00376705 0.00616178 0.0333692 0.0194135 0.0455291 0.0809233 -0.0216034 -0.0485761 0.148749 -0.0952569
internal_weight=2370 2347 2322 830 606 1492 485 437 267 207 170 137 115 99
internal_count=2370 2347 2322 830 606 1492 485 437 267 207 170 137 115 99
is_linear=0
shrinkage=0.05


Tree=130
num_leaves=15
num_cat=0
split_feature=0 2 4 0 0 2 1 4 5 16 16 3 7 16
split_gain=75.7645 192.343 215.089 160.629 126.699 112.516 138.606 245.197 161.378 153.223 124.873 123.339 355.151 360.723
threshold=-0.34060549999999995 24.663233500000004 0.60796900000000009 -2.1640684999999995 -0.5097259999999999 13.279283000000001 8.7168470000000031 0.034274000000000006 48.197055000000013 342.50000000000006 303.50000000000006 2.3411995000000005 -14.923908999999998 282.50000000000006
decision_type=2 2 2 2 2 2 2 2 2 2 2 2 2 2
left_child=1 2 4 -3 -1 11 7 -7 10 -10 -8 -2 13 -13
right_child=5 3 -4 -5 -6 6 8 -9 9 -11 -12 12 -14 -15
leaf_value=-0.0044237493180348912 -0.013594355212079119 0.1652506542631558 0.11479896162636578 -0.0026950825316210589 0.089932720020816148 0.0083492793637560681 0.1026657635893892 -0.11826254753395915 -0.012598584746492321 -0.19249208931112663 -0.0043881069596884027 0.071970393932333177 0.067061765409895391 -0.092878597782630676
leaf_weight=925 575 35 42 24 37 64 34 95 29 20 137 51 202 95
leaf_count=925 575 35 42 24 37 64 34 95 29 20 137 51 202 95
internal_value=-0.000707564 0.00919679 0.00404094 0.0969337 -0.000794654 -0.00879384 -0.0317317 -0.0672993 -0.00602607 -0.0860245 0.0168975 0.00062486 0.0241193 -0.0352944
internal_weight=2365 1063 1004 59 962 1302 379 159 220 49 171 923 348 146
internal_count=2365 1063 1004 59 962 1302 379 159 220 49 171 923 348 146
is_linear=0
shrinkage=0.05


Tree=131
num_leaves=15
num_cat=0
split_feature=5 5 5 7 4 7 16 2 2 7 6 5 7 8
split_gain=78.7822 249.544 89.7992 120.767 115.464 186.698 401.352 174.802 151.666 94.6632 349.097 202.198 312.552 262.603
threshold=77.871963500000007 65.365225000000024 52.423532000000002 -25.576640499999996 0.74530550000000007 -9.9768264999999978 568.50000000000011 26.125278000000005 22.563356000000002 -22.316093499999997 -11.897619999999998 39.200812000000006 -13.189665 47.500000000000007
decision_type=2 2 2 2 2 2 2 2 2 2 2 2 2 2
left_child=1 2 4 -4 9 8 -7 -8 -6 -1 -11 -12 -13 -14
right_child=-2 -3 3 -5 5 6 7 -9 -10 10 11 12 13 -15
leaf_value=-0.035281725221106577 -0.097659903354942804 0.13263164907693864 0.042547473324728864 -0.079365102730288697 0.057714842702262105 0.29487072939053177 0.12507040321826934 -0.083976479768753054 -0.10664934945106506 0.097681162959855544 0.0015460567059356872 0.090723399578460637 -0.022602869446078935 -0.22419881567358974
leaf_weight=180 20 36 28 74 32 20 20 20 25 92 1757 21 30 35
leaf_count=180 20 36 28 74 32 20 20 20 25 92 1757 21 30 35
internal_value=0.00115996 0.00199389 -2.10922e-05 -0.0458989 0.00207547 0.0504268 0.111988 0.020547 -0.0143747 -0.000599279 0.002627 -0.00211798 -0.076975 -0.131155
internal_weight=2390 2370 2334 102 2232 117 60 40 57 2115 1935 1843 86 65
internal_count=2390 2370 2334 102 2232 117 60 40 57 2115 1935 1843 86 65
is_linear=0
shrinkage=0.05


Tree=132
num_leaves=15
num_cat=0
split_feature=3 7 2 3 3 2 8 2 16 16 9 7 16 2
split_gain=93.2443 187.981 74.2212 80.1394 85.8844 197.03 151.015 214.71 204.065 414.383 250.417 164.928 229.11 204.637
threshold=13.157980500000003 -11.015853999999999 58.936081000000009 10.332231500000001 0.12222000000000001 27.795667000000005 47.500000000000007 1.0148380000000004 508.50000000000006 571.50000000000011 2.5000000000000004 -10.042532499999998 342.50000000000006 3.6326010000000006
decision_type=2 2 2 2 2 2 2 2 2 2 2 2 2 2
left_child=2 -2 3 4 5 6 -1 8 10 -10 -8 -9 -13 -14
right_child=1 -3 -4 -5 -6 -7 7 11 9 -11 -12 12 13 -15
leaf_value=0.040746268062440624 -0.15246344552985555 0.036709902846875295 0.075893271766835829 0.07778930098284037 -0.012038084920229902 0.16304967246949675 -0.014345637569394038 -0.08877968040095377 0.27842829901725058 0.027314183044085363 0.087392893239207903 -0.094070182670839136 -0.094592020008713015 0.079934952922270333
leaf_weight=233 29 24 32 32 1086 20 490 112 20 92 69 50 22 71
leaf_count=233 29 24 32 32 1086 20 490 112 20 92 69 50 22 71
internal_value=-0.00122221 -0.0668 0.000270115 -0.000783407 -0.00189349 0.0074509 0.00476585 -0.00428754 0.0105547 0.072156 -0.00178757 -0.043343 -0.00775631 0.038649
internal_weight=2382 53 2329 2297 2265 1179 1159 926 671 112 559 255 143 93
internal_count=2382 53 2329 2297 2265 1179 1159 926 671 112 559 255 143 93
is_linear=0
shrinkage=0.05


Tree=133
num_leaves=15
num_cat=0
split_feature=0 2 7 16 7 6 6 6 5 16 5 7 16 2
split_gain=76.6544 179.444 209.996 177.867 163.32 128.323 91.4105 241.665 311.598 288.168 239.176 253.845 213.441 434.451
threshold=4.5512120000000005 17.587627500000004 -13.582623499999999 210.50000000000003 -7.4964744999999988 -5.0465269999999993 -6.1392874999999991 -6.8959089999999987 35.165369500000004 270.50000000000006 28.376112500000001 -14.782782499999998 234.50000000000003 0.86410050000000005
decision_type=2 2 2 2 2 2 2 2 2 2 2 2 2 2
left_child=6 2 3 -2 -4 -3 7 10 9 -9 11 -1 -12 -14
right_child=1 5 4 -5 -6 -7 -8 8 -10 -11 12 -13 13 -15
leaf_value=0.015788987183046565 0.082738599535964796 -0.13011485932877773 0.11544972796131064 -0.083174307897820002 -0.039124274715781213 -0.027844128978084512 -0.0085769379392668498 -0.033329453003225908 -0.11562214232981205 0.13605797802053748 -0.024811026970545449 -0.077714722192472524 0.13648362325032634 0.0066238413164392109
leaf_weight=135 21 54 54 70 25 71 1156 33 20 105 150 157 95 200
leaf_count=135 21 54 54 70 25 71 1156 33 20 105 150 157 95 200
internal_value=-0.00271673 -0.026548 0.0068911 -0.0448867 0.0665339 -0.0720251 0.000710967 0.0127074 0.0688213 0.0955523 0.000677558 -0.0344853 0.0237507 0.0484431
internal_weight=2346 295 170 91 79 125 2051 895 158 138 737 292 445 295
internal_count=2346 295 170 91 79 125 2051 895 158 138 737 292 445 295
is_linear=0
shrinkage=0.05


Tree=134
num_leaves=15
num_cat=0
split_feature=10 4 2 6 5 5 6 4 4 2 16 16 1 1
split_gain=97.7794 212.932 119.92 90.3833 90.2465 173.27 120.443 151.616 87.2386 157.441 268.153 202.191 110.122 109.012
threshold=2.5000000000000004 0.63834750000000018 -19.718244499999994 -1.0896519999999998 30.686849000000006 28.563098500000006 -6.7884124999999989 -0.18532899999999997 0.065238000000000004 -6.5026534999999983 442.50000000000006 378.50000000000006 -3.6225979999999995 2.6808590000000003
decision_type=2 2 2 2 2 2 2 2 2 2 2 2 2 2
left_child=3 2 -2 -1 5 8 7 -6 9 10 11 -4 -11 -10
right_child=1 -3 4 -5 6 -7 -8 -9 13 12 -12 -13 -14 -15
leaf_value=-0.007119290531107679 0.10981082998473068 0.14388525375397876 0.034986499243726335 0.063129223090537048 -0.082197573743760591 0.12716057122452185 -0.14127082276073369 0.062971527491872376 0.09660987038548817 0.0020660783666543252 -0.1128389845835045 0.21855817325413229 -0.082861156139988457 -0.0032041299914530781
leaf_weight=1776 29 32 60 47 35 32 22 37 51 73 23 20 80 59
leaf_count=1776 29 32 60 47 35 32 22 37 51 73 23 20 80 59
internal_value=0.000278331 0.0186946 0.0110053 -0.00530817 0.00518142 0.0155884 -0.0388822 -0.00759679 0.00583346 -0.010168 0.0376219 0.0808794 -0.0423403 0.0430733
internal_weight=2376 553 521 1823 492 398 94 72 366 256 103 80 153 110
internal_count=2376 553 521 1823 492 398 94 72 366 256 103 80 153 110
is_linear=0
shrinkage=0.05


Tree=135
num_leaves=15
num_cat=0
split_feature=2 6 18 5 5 18 7 5 18 18 18 4 2 4
split_gain=99.4955 166.716 298.387 228.664 238.502 211.784 338.032 601.433 666.763 328.775 642.442 291.393 262.832 206.031
threshold=1.2342505000000001 -5.0822129999999994 237.50000000000003 58.054240500000006 25.009628000000003 294.50000000000006 -13.835873499999998 24.381227500000005 481.50000000000006 499.50000000000006 445.50000000000006 -0.21597049999999998 -5.3125169999999988 -0.73589299999999991
decision_type=2 2 2 2 2 2 2 2 2 2 2 2 2 2
left_child=1 2 3 4 -1 -4 9 11 -9 10 -7 -8 -13 -6
right_child=-2 -3 5 -5 13 6 7 8 -10 -11 -12 12 -14 -15
leaf_value=0.016783312746521197 -0.0089699662715453203 -0.015908091642023597 0.14155682682477197 0.14056202254217606 0.01576246338528256 0.01449756558476524 -0.064668985141011381 0.078852967203905194 0.41497691154479982 0.04741075528630366 -0.28712325998080462 0.21417653486132623 -0.017860329572273338 -0.11802452525188184
leaf_weight=165 1225 366 58 23 43 55 52 36 25 123 26 26 23 87
leaf_count=165 1225 366 58 23 43 55 52 36 25 123 26 26 23 87
internal_value=0.000850141 0.0117072 0.0253288 -0.0112836 -0.0231224 0.052788 0.0387208 0.0926429 0.216609 -0.00409959 -0.082319 0.0177724 0.105261 -0.0737719
internal_weight=2333 1108 742 318 295 424 366 162 61 204 81 101 49 130
internal_count=2333 1108 742 318 295 424 366 162 61 204 81 101 49 130
is_linear=0
shrinkage=0.05


Tree=136
num_leaves=15
num_cat=0
split_feature=5 5 5 7 16 7 7 4 5 16 16 16 2 8
split_gain=67.8426 137.147 66.6236 123.819 71.076 62.5946 219.307 273.611 234.159 189.224 158.838 410.197 223.845 176.442
threshold=77.871963500000007 65.365225000000024 52.423532000000002 -21.479470499999998 345.50000000000006 -8.4600644999999979 -7.5554604999999997 -0.020372499999999998 14.243292500000001 390.50000000000006 643.50000000000011 760.50000000000011 25.688312000000003 37.500000000000007
decision_type=2 2 2 2 2 2 2 2 2 2 2 2 2 2
left_child=1 2 5 -4 -5 10 7 8 -7 -9 13 12 -12 -1
right_child=-2 -3 3 4 -6 6 -8 9 -10 -11 11 -13 -14 -15
leaf_value=-0.071451360732316976 -0.09008822097443045 0.096608895303583464 0.010693211530990622 -0.037225932592437387 -0.16582705419171939 -0.027939188719860147 0.0026950064109912018 -0.11050019360014372 -0.24417947501905504 0.05369497893893338 0.13799275409681008 -0.029051782736288653 -0.037557136843150318 0.0068761666567780481
leaf_weight=77 20 38 54 21 22 21 701 28 31 47 104 98 22 1085
leaf_count=77 20 38 54 21 22 21 701 28 31 47 104 98 22 1085
internal_value=0.00161091 0.00239166 0.000842434 -0.0397166 -0.103022 0.00261941 -0.00825776 -0.0687136 -0.156852 -0.00760455 0.00911746 0.0476693 0.107341 0.00168579
internal_weight=2369 2349 2311 97 43 2214 828 127 52 75 1386 224 126 1162
internal_count=2369 2349 2311 97 43 2214 828 127 52 75 1386 224 126 1162
is_linear=0
shrinkage=0.05


Tree=137
num_leaves=15
num_cat=0
split_feature=12 4 2 2 5 6 1 8 4 1 13 7 5 7
split_gain=72.0775 128.562 147.677 151.114 174.423 139.772 136.625 133.505 329.862 302.596 182.962 158.074 170.02 198.909
threshold=3.4648965000000005 0.094975000000000018 20.919033000000002 1.2342505000000001 20.934260500000004 -6.5657924999999997 -1.5786904999999998 52.500000000000007 -0.11544199999999998 -3.5186484999999998 2.3557330000000003 -6.4936539999999985 32.307914500000003 -24.520225499999995
decision_type=2 2 2 2 2 2 2 2 2 2 2 2 2 2
left_child=1 2 3 7 6 -6 -5 -1 10 -10 -9 12 13 -12
right_child=-2 -3 -4 4 5 -7 -8 8 9 -11 11 -13 -14 -15
leaf_value=0.037563788721829999 -0.011586493080707728 0.04136214023455978 0.092923163338786086 0.077458061305258216 -0.045639869531162974 -0.18449945569038392 -0.019211770147229582 0.12022189553827048 0.067289869785308848 -0.1319980463059619 -0.15168575644493104 0.11921934135524291 0.065381413825774851 -0.0075779399683963342
leaf_weight=282 816 229 42 51 193 20 129 37 25 80 26 28 73 303
leaf_count=282 816 229 42 51 193 20 129 37 25 80 26 28 73 303
internal_value=0.00039774 0.00683986 0.000706728 -0.0023992 -0.0280571 -0.0586783 0.00817802 0.00940824 -0.00447264 -0.0845485 0.0135316 0.00435125 -0.00364951 -0.0189664
internal_weight=2334 1518 1289 1247 393 213 180 854 572 105 467 430 402 329
internal_count=2334 1518 1289 1247 393 213 180 854 572 105 467 430 402 329
is_linear=0
shrinkage=0.05


Tree=138
num_leaves=15
num_cat=0
split_feature=0 16 16 16 16 5 16 16 5 16 16 16 16 7
split_gain=64.8462 161.157 151.57 151.728 158.999 150.165 104.016 87.2428 77.2716 194.425 206.253 160.667 139.742 182.48
threshold=-5.121310499999999 553.50000000000011 490.50000000000006 330.50000000000006 165.50000000000003 32.137669500000008 908.50000000000011 881.50000000000011 13.687491500000002 67.500000000000014 105.50000000000001 120.50000000000001 448.50000000000006 -7.8022824999999996
decision_type=2 2 2 2 2 2 2 2 2 2 2 2 2 2
left_child=1 2 3 4 -1 -6 7 8 12 -10 -11 -12 13 -2
right_child=6 -3 -4 -5 5 -7 -8 -9 9 10 11 -13 -14 -15
leaf_value=0.093057320692709514 0.058120506534832396 0.12449658892142612 -0.12053916923701764 0.14963107550782817 -0.14206451332569123 0.033031432454784709 -0.11352311410941184 0.087169194006328957 -0.12787868166642805 0.075900337883702873 -0.1162381402682513 -0.0031680265952253486 0.10657006498764864 -0.033618209624869957
leaf_weight=28 101 37 20 21 25 24 20 29 31 82 32 1726 44 117
leaf_count=28 101 37 20 21 25 24 20 29 31 82 32 1726 44 117
internal_value=0.00219936 0.033449 0.00490013 0.0305 -0.0019903 -0.0563032 -2.04757e-05 0.0010295 -0.000141642 -0.00370286 -0.00161076 -0.00522619 0.0252898 0.00888459
internal_weight=2337 155 118 98 77 49 2182 2162 2133 1871 1840 1758 262 218
internal_count=2337 155 118 98 77 49 2182 2162 2133 1871 1840 1758 262 218
is_linear=0
shrinkage=0.05


Tree=139
num_leaves=15
num_cat=0
split_feature=6 2 6 6 7 6 5 16 16 16 16 16 16 5
split_gain=64.5254 116.566 81.3869 205.074 165.45 156.29 118.49 173.457 423.41 503.903 329.342 288.324 151.629 247.723
threshold=-1.0896519999999998 5.1315675000000009 -2.3094149999999996 -2.4908194999999993 -3.2281234999999993 -3.3016709999999994 20.808717000000005 386.50000000000006 550.50000000000011 592.50000000000011 321.50000000000006 661.50000000000011 171.50000000000003 12.114666000000001
decision_type=2 2 2 2 2 2 2 2 2 2 2 2 2 2
left_child=2 -2 3 4 5 6 7 10 -9 -10 12 -11 -1 -14
right_child=1 -3 -4 -5 -6 -7 -8 8 9 11 -12 -13 13 -15
leaf_value=-0.0072955910830291406 -0.0080928659066557881 0.14995289444923401 -0.036946006405026946 0.11524029456270046 0.13008262397100528 -0.041929413949790072 -0.0060171510060865654 0.13285599664403974 -0.22963606473945439 0.12883823945167217 -0.080595668454832861 -0.046298087273347888 0.20985448506738372 0.034358337592904367
leaf_weight=161 28 20 146 39 24 219 1275 99 21 47 94 47 24 124
leaf_count=161 28 20 146 39 24 219 1275 99 21 47 94 47 24 124
internal_value=0.000378555 0.0577595 -0.000808638 0.00161825 -0.000457281 -0.00194139 0.00268724 0.0206744 0.057055 -0.00819974 0.00135573 0.0412701 0.0262859 0.0628172
internal_weight=2368 48 2320 2174 2135 2111 1892 617 214 115 403 94 309 148
internal_count=2368 48 2320 2174 2135 2111 1892 617 214 115 403 94 309 148
is_linear=0
shrinkage=0.05


Tree=140
num_leaves=15
num_cat=0
split_feature=10 4 0 2 0 0 2 6 16 6 0 16 10 5
split_gain=103.99 174.677 163.976 124.832 92.1657 222.929 89.0286 85.4865 108.444 119.728 77.8208 77.0313 75.4212 68.2008
threshold=2.5000000000000004 0.66954650000000016 2.5397250000000002 -20.745513499999998 -7.4057129999999995 -4.4094279999999992 18.061485500000007 -9.4787029999999977 348.50000000000006 -6.494944499999999 12.141447500000002 101.50000000000001 3.5000000000000004 24.792079500000003
decision_type=2 2 2 2 2 2 2 2 2 2 2 2 2 2
left_child=10 2 3 -2 -5 12 7 -7 11 -10 -1 -9 -6 -11
right_child=1 -3 -4 4 5 6 -8 8 9 13 -12 -13 -14 -15
leaf_value=-0.0025445476409497649 0.13667243204333565 0.1342950130958343 -0.11100403408706189 0.11025079799195131 -0.15907856483189833 -0.064284215879937018 0.11233594374587903 0.062163565683045569 0.14323647258803249 0.047720160910991571 -0.08122213530587033 -0.021012464656515101 -0.038561349164913689 -0.052449560388922692
leaf_weight=1762 22 32 25 24 21 30 26 35 30 113 32 136 34 20
leaf_count=1762 22 32 25 24 21 30 26 35 30 113 32 136 34 20
internal_value=0.00187512 0.0209382 0.0139083 0.0202684 0.0148081 0.00966064 0.0229506 0.0165659 0.0238279 0.0530091 -0.00394794 -0.00398813 -0.084577 0.032657
internal_weight=2342 548 516 491 469 445 390 364 334 163 1794 171 55 133
internal_count=2342 548 516 491 469 445 390 364 334 163 1794 171 55 133
is_linear=0
shrinkage=0.05


Tree=141
num_leaves=15
num_cat=0
split_feature=10 4 7 4 4 5 5 16 2 4 16 7 2 6
split_gain=61.8757 112.938 148.676 104.392 114.267 84.6053 99.1907 93.58 120.685 290.686 239.271 134.324 95.2485 112.962
threshold=1.0000000180025095e-35 0.63834750000000018 -10.748171499999998 1.1104090000000002 1.3270845000000002 54.346298000000012 45.253410500000008 493.50000000000006 0.38060550000000004 0.24980650000000001 562.50000000000011 -10.791973499999999 18.061485500000007 -7.2822159999999991
decision_type=2 2 2 2 2 2 2 2 2 2 2 2 2 2
left_child=3 5 -3 -1 -5 6 7 -2 10 11 -9 -10 13 -13
right_child=1 2 -4 4 -6 -7 -8 8 9 -11 -12 12 -14 -15
leaf_value=-0.0044402484475469586 -0.006174224369647199 0.0071286515621789576 0.12981672941945319 -0.16006790347721267 -0.0024590577444304593 0.10583299624035135 -0.077272221328396562 0.19793113872960763 -0.13960142803306763 0.083429956698016117 0.028222134191439388 -0.12636512665507885 0.070459896354721149 -0.0040764996107073804
leaf_weight=1143 643 58 43 23 23 20 38 27 26 77 90 26 26 69
leaf_count=1143 643 58 43 23 23 20 38 27 26 77 90 26 26 69
internal_value=0.000573042 0.00887984 0.0593622 -0.00741238 -0.0812635 0.00398664 0.00199356 0.00505464 0.0262281 0.0047306 0.0673858 -0.0364929 -0.0143373 -0.037545
internal_weight=2332 1143 101 1189 46 1042 1022 984 341 224 117 147 121 95
internal_count=2332 1143 101 1189 46 1042 1022 984 341 224 117 147 121 95
is_linear=0
shrinkage=0.05


Tree=142
num_leaves=15
num_cat=0
split_feature=3 7 4 6 6 4 16 16 6 6 7 16 4 5
split_gain=76.6734 70.36 86.9395 66.0917 210.793 159.601 292.707 246.537 274.507 399.152 195.971 174.29 320.352 303.87
threshold=-10.954998999999999 -33.728653499999993 -1.0238859999999999 -6.1392874999999991 -5.9583574999999991 -0.072534499999999988 592.50000000000011 550.50000000000011 -4.5875804999999987 -4.3376024999999991 -9.6145504999999982 448.50000000000006 0.74530550000000007 18.150422500000005
decision_type=2 2 2 2 2 2 2 2 2 2 2 2 2 2
left_child=-1 -2 -3 -4 -5 -6 7 8 -7 -10 -9 12 -11 -13
right_child=1 2 3 4 5 6 -8 10 9 11 -12 13 -14 -15
leaf_value=0.0984803967177868 -0.090945746359371013 -0.10281792238354684 0.011584373503050301 -0.10614632491953671 0.0347873826380534 -0.086254893522709611 0.024717948002022084 -0.027151659383837668 0.1582553227884429 -0.048101982122752823 -0.23251302127654735 0.13648079299264484 0.1155189515063257 -0.050519521286090219
leaf_weight=20 21 20 1000 50 245 130 381 21 35 320 26 45 33 42
leaf_count=20 21 20 1000 50 245 130 381 21 35 320 26 45 33 42
internal_value=0.000992246 0.000169214 0.000984127 0.0018759 -0.0054347 -0.0014945 -0.0100996 -0.0304454 -0.0218759 -0.00425633 -0.140756 -0.0171834 -0.032806 0.0462048
internal_weight=2389 2369 2348 2328 1328 1278 1033 652 605 475 47 440 353 87
internal_count=2389 2369 2348 2328 1328 1278 1033 652 605 475 47 440 353 87
is_linear=0
shrinkage=0.05


Tree=143
num_leaves=15
num_cat=0
split_feature=3 5 6 6 2 7 18 0 12 0 6 6 18 6
split_gain=65.9697 125.714 107.521 327.464 125.143 115.404 165.075 111.183 110.647 84.6044 83.5442 204.9 249.877 203.918
threshold=5.6064415000000007 59.299730000000004 -4.3553669999999984 -3.6075409999999994 16.667897500000006 -13.582623499999999 222.50000000000003 2.9524715000000001 17.995780500000002 7.0338185000000006 -4.2343734999999993 -4.0103009999999992 448.50000000000006 -4.0490489999999992
decision_type=2 2 2 2 2 2 2 2 2 2 2 2 2 2
left_child=1 10 4 9 5 6 -2 -5 -9 -4 -1 13 -13 -12
right_child=2 -3 3 7 -6 -7 -8 8 -10 -11 11 12 -14 -15
leaf_value=0.0070090290230960615 0.039449625924229625 0.096922704949975014 0.044441638235002759 0.059347257905063178 -0.10376878065221451 0.077592216372489933 -0.1388541032180742 -0.033706775688213009 -0.16539870932359588 0.18368429734061165 -0.032599162454716862 -0.035904523085727842 0.030386931478509863 -0.1940790737914885
leaf_weight=1370 25 34 20 21 68 25 27 58 22 24 60 292 277 29
leaf_count=1370 25 34 20 21 68 25 27 58 22 24 60 292 277 29
internal_value=-0.00156588 0.00157447 -0.0238949 0.00655023 -0.0543399 -0.0106885 -0.0531312 -0.0430443 -0.0699221 0.120392 -2.40699e-05 -0.0146675 -0.00363258 -0.0852162
internal_weight=2352 2062 290 145 145 77 52 101 80 44 2028 658 569 89
internal_count=2352 2062 290 145 145 77 52 101 80 44 2028 658 569 89
is_linear=0
shrinkage=0.05


Tree=144
num_leaves=15
num_cat=0
split_feature=2 16 16 7 2 16 7 16 13 7 6 12 7 2
split_gain=57.1862 108.51 269.014 891.545 899.355 374.99 219.053 537.874 189.86 197.816 171.295 241.153 274.951 159.78
threshold=9.8918605000000017 481.50000000000006 559.50000000000011 -13.835873499999998 2.6366250000000004 505.50000000000006 -3.9591564999999993 445.50000000000006 0.43443000000000004 -17.662943499999994 -4.2854119999999991 4.9143825000000012 -24.464679999999998 -2.4020774999999994
decision_type=2 2 2 2 2 2 2 2 2 2 2 2 2 2
left_child=1 6 3 5 -5 -3 7 10 9 -4 11 -1 -13 -10
right_child=-2 2 8 4 -6 -7 -8 -9 13 -11 -12 12 -14 -15
leaf_value=0.0036407374813080696 -0.011105513584014582 -0.22089132064022127 -0.042833794389286493 0.46850705691005878 0.084163195259041257 0.031327468557615895 0.14012964832094998 -0.20243457161602293 0.018535091753142909 0.063265863883125176 -0.033954342086681764 -0.015836240086131371 0.19881911967481888 -0.079015081681157506
leaf_weight=695 728 20 61 23 45 56 26 34 74 157 277 26 35 97
leaf_count=695 728 20 61 23 45 56 26 34 74 157 277 26 35 97
internal_value=0.000541291 0.00575585 0.0242524 0.0826355 0.214162 -0.0350459 -0.00326397 -0.0067581 0.00264014 0.0335774 -0.000317631 0.0120069 0.107327 -0.0368004
internal_weight=2354 1626 533 144 68 76 1093 1067 389 218 1033 756 61 171
internal_count=2354 1626 533 144 68 76 1093 1067 389 218 1033 756 61 171
is_linear=0
shrinkage=0.05


Tree=145
num_leaves=15
num_cat=0
split_feature=7 7 7 7 5 7 1 7 7 0 16 16 5 16
split_gain=64.4567 220.676 272.523 162.04 267.106 176.011 344.294 150.713 225.777 234.418 190.537 214.077 182.42 224.075
threshold=-8.4600644999999979 -7.2954159999999995 -7.2270284999999985 -6.556462999999999 12.550727000000002 -6.4499214999999994 1.7179580000000001 -11.788986 -11.553163 8.6517215000000025 147.50000000000003 67.500000000000014 20.564629500000002 192.50000000000003
decision_type=2 2 2 2 2 2 2 2 2 2 2 2 2 2
left_child=7 -2 -3 4 -4 6 -5 10 -9 -10 11 -1 -12 -14
right_child=1 2 3 5 -6 -7 -8 8 9 -11 12 -13 13 -15
leaf_value=-0.068567376374267047 -0.060339515388229903 0.11851052030637538 0.051443792879581451 0.25164565086364749 -0.13550739869741457 -0.0061669563080590127 -0.029247041977941993 0.12487818551464723 0.0077789496105938067 0.17479193501851775 0.033466735570927303 0.089531471185222436 -0.10313855293487389 -0.015724235251219645
leaf_weight=28 188 46 29 20 56 468 24 52 467 22 158 91 83 628
leaf_count=28 188 46 29 20 56 468 24 52 467 22 158 91 83 628
internal_value=-0.00147978 -0.0126884 0.00124384 -0.00779179 -0.0717241 0.00282197 0.0984315 0.00461201 0.025826 0.0152928 -0.00700415 0.0523317 -0.0151295 -0.0259287
internal_weight=2360 831 643 597 85 512 44 1529 541 489 988 119 869 711
internal_count=2360 831 643 597 85 512 44 1529 541 489 988 119 869 711
is_linear=0
shrinkage=0.05


Tree=146
num_leaves=15
num_cat=0
split_feature=0 16 7 6 0 9 1 6 6 6 6 7 16 3
split_gain=82.0939 111.223 165.56 117.724 136.94 134.95 125.6 78.4469 278.048 193.839 215.822 185.059 147.765 189.424
threshold=4.7565030000000013 765.50000000000011 -10.791973499999999 -9.8821814999999997 7.3681315000000014 1.0000000180025095e-35 18.227150500000004 -4.2854119999999991 -4.339736499999999 -4.0103009999999992 -4.0490489999999992 -5.1960904999999995 448.50000000000006 5.4738205000000013
decision_type=2 2 2 2 2 2 2 2 2 2 2 2 2 2
left_child=7 2 3 4 -2 -5 -7 8 11 10 -9 -1 13 -11
right_child=1 -3 -4 5 -6 6 -8 9 -10 12 -12 -13 -14 -15
leaf_value=0.0043411903501445739 0.1048047010017478 -0.11005790337701055 0.039708047868827215 -0.17735031080933719 -0.053163253647439623 0.0026213454082608225 -0.14746573235839608 -0.029775844744461422 0.19124944664183119 -0.034495095407398112 -0.19914733652885144 0.10431295457916956 0.024749396063196354 0.11764716905626385
leaf_weight=1300 23 34 91 26 34 46 20 68 21 292 26 48 312 22
leaf_count=1300 23 34 91 26 34 46 20 68 21 292 26 48 312 22
internal_value=0.000311587 -0.0254212 -0.013431 -0.0458851 0.0105782 -0.0808678 -0.0428596 0.00368679 0.0107135 -0.00967376 -0.0766233 0.00790102 0.000379363 -0.0238354
internal_weight=2363 274 240 149 57 92 66 2089 1369 720 94 1348 626 314
internal_count=2363 274 240 149 57 92 66 2089 1369 720 94 1348 626 314
is_linear=0
shrinkage=0.05


Tree=147
num_leaves=15
num_cat=0
split_feature=0 2 4 2 3 7 1 16 16 16 7 7 2 7
split_gain=85.5215 85.4025 110.231 71.892 216.741 188.717 166.184 163.23 156.785 119.909 115.61 200.819 121.176 222.9
threshold=12.141447500000002 48.871490500000007 0.80265700000000006 10.188336500000002 -0.073136999999999994 -12.973799999999999 8.7168470000000031 637.50000000000011 517.50000000000011 448.50000000000006 -4.6002634999999996 -5.1960904999999995 26.972924000000003 -11.853147499999999
decision_type=2 2 2 2 2 2 2 2 2 2 2 2 2 2
left_child=1 3 -3 -1 5 -5 10 8 9 -7 11 12 13 -6
right_child=-2 2 -4 4 6 7 -8 -9 -10 -11 -12 -13 -14 -15
leaf_value=0.0051782529583416694 -0.07754358731476324 0.1203324584346829 -0.026206291857219878 0.15609604535555399 -0.17630084976553917 -0.05328304688446224 -0.001648562113520595 0.077570121376602741 -0.14862680001692338 0.096388459464778087 -0.14693423619165141 0.088472282552781209 -0.14612026850919466 -0.013930508464706682
leaf_weight=1648 35 33 21 27 26 32 227 54 22 23 34 24 37 113
leaf_count=1648 35 33 21 27 26 32 227 54 22 23 34 24 37 113
internal_value=3.17357e-05 0.00120155 0.0633452 -0.000278714 -0.0148071 0.0357308 -0.0321281 0.0109227 -0.035817 0.00930686 -0.0616959 -0.0472054 -0.0657069 -0.0443019
internal_weight=2356 2321 54 2267 619 158 461 131 77 55 234 200 176 139
internal_count=2356 2321 54 2267 619 158 461 131 77 55 234 200 176 139
is_linear=0
shrinkage=0.05


Tree=148
num_leaves=15
num_cat=0
split_feature=0 2 2 3 3 7 16 8 16 6 7 16 16 16
split_gain=65.8985 166.652 106.801 125.034 104.703 232.113 228.41 337.85 234.976 182.042 167.674 251.5 135.691 107.566
threshold=0.16439900000000005 13.279283000000001 28.646576500000005 1.8939140000000003 2.0667805000000006 -13.582623499999999 282.50000000000006 47.500000000000007 514.50000000000011 -3.3016709999999994 -6.2805739999999988 490.50000000000006 351.50000000000006 553.50000000000011
decision_type=2 2 2 2 2 2 2 2 2 2 2 2 2 2
left_child=2 4 -1 -4 13 6 7 -6 -8 10 11 12 -7 -2
right_child=1 -3 3 -5 5 9 8 -9 -10 -11 -12 -13 -14 -15
leaf_value=0.0045686723604288501 0.0022952092113694171 -0.0375073352277129 0.15251097463899188 -0.0011108262034562918 -0.034595160098636855 0.14098271400933821 -0.19559544923786934 0.22438970809802414 -0.021459659276910029 0.0046227533067035127 -0.0052956557167427882 0.22108164925214857 -0.036705618859692056 -0.05365987413236474
leaf_weight=1160 323 354 27 26 34 21 26 20 76 86 28 43 22 117
leaf_count=1160 323 354 27 26 34 21 26 20 76 86 28 43 22 117
internal_value=-0.00039011 -0.00896557 0.00773996 0.0771493 0.00372763 0.0238878 -0.021826 0.0613252 -0.0658472 0.0595445 0.100977 0.135577 0.0500724 -0.0125838
internal_weight=2363 1150 1213 53 796 356 156 54 102 200 114 86 43 440
internal_count=2363 1150 1213 53 796 356 156 54 102 200 114 86 43 440
is_linear=0
shrinkage=0.05


Tree=149
num_leaves=15
num_cat=0
split_feature=5 5 4 4 8 7 7 16 8 7 7 7 5 16
split_gain=48.1595 130.096 123.219 74.2008 190.723 224.369 67.0062 53.1991 51.39 215.683 226.584 214.15 139.645 270.183
threshold=59.299730000000004 56.435234500000007 0.74530550000000007 0.72279500000000019 47.500000000000007 -9.9768264999999978 -8.4600644999999979 330.50000000000006 52.500000000000007 -6.556462999999999 -7.2270284999999985 -5.5999814999999993 20.564629500000002 386.50000000000006
decision_type=2 2 2 2 2 2 2 2 2 2 2 2 2 2
left_child=1 3 7 8 5 -5 -7 -2 -1 10 12 -11 13 -10
right_child=2 -3 -4 4 -6 6 -8 -9 9 11 -12 -13 -14 -15
leaf_value=0.0028847755728658303 0.15491111658513546 -0.12938955321907997 -0.029248164755267064 -0.056511311259652891 0.15622042457644758 0.14113817988679961 0.023979353321635206 0.04223796134412458 -0.0080662763777464754 0.13933900022371248 -0.15817812898292627 -0.021580612793182716 -0.031892406642725017 0.13112255992685878
leaf_weight=1249 20 20 37 63 26 26 23 22 233 44 29 39 485 41
leaf_count=1249 20 20 37 63 26 26 23 22 233 44 29 39 485 41
internal_value=-0.00109712 -0.00242809 0.037282 -0.00130355 0.034222 0.00590094 0.0861453 0.0958918 -0.00361606 -0.0129381 -0.0210132 0.0637262 -0.0157724 0.0127613
internal_weight=2357 2278 79 2258 138 112 49 42 2120 871 788 83 759 274
internal_count=2357 2278 79 2258 138 112 49 42 2120 871 788 83 759 274
is_linear=0
shrinkage=0.05


Tree=150
num_leaves=15
num_cat=0
split_feature=12 2 16 16 16 4 16 6 8 8 4 4 6 16
split_gain=53.5779 74.2215 48.9416 99.0916 105.88 147.231 98.1563 66.4424 56.6212 50.877 129.005 206.108 163.451 130.578
threshold=30.612518500000004 67.633209000000008 43.500000000000007 105.50000000000001 77.500000000000014 -0.052280499999999987 123.50000000000001 -10.430133999999997 42.500000000000007 52.500000000000007 -0.14547749999999995 0.17544600000000002 -4.339736499999999 499.50000000000006
decision_type=2 2 2 2 2 2 2 2 2 2 2 2 2 2
left_child=1 2 -1 4 7 -6 8 -4 -5 -8 -11 13 -13 -12
right_child=-2 -3 3 6 5 -7 9 -9 -10 10 11 12 -14 -15
leaf_value=-0.051393817390569231 -0.063341041002422577 0.084217361912683211 -0.072075427846894385 -0.13483436509966851 0.19972970613411495 0.035518089729922424 0.007027962076034594 0.034901095538380299 -0.026927596186437915 0.0066996080884862627 -0.086579775026873917 -0.01111346932175832 0.16469600008444105 -0.010977746540447697
leaf_weight=44 32 27 21 20 21 39 1301 47 31 488 141 39 20 96
leaf_count=44 32 27 21 20 21 39 1301 47 31 488 141 39 20 96
internal_value=0.000917681 0.00179831 0.00083414 0.00184917 0.0445804 0.0929922 -0.000711504 0.00186423 -0.069244 0.00096483 -0.00909657 -0.0351389 0.048483 -0.0559562
internal_weight=2367 2335 2308 2264 128 60 2136 68 51 2085 784 296 59 237
internal_count=2367 2335 2308 2264 128 60 2136 68 51 2085 784 296 59 237
is_linear=0
shrinkage=0.05


Tree=151
num_leaves=15
num_cat=0
split_feature=8 4 5 16 0 16 16 16 16 4 3 2 2 1
split_gain=68.1105 154.951 199.635 189.997 331.895 310.733 608.763 411.454 181.176 184.321 126.862 225.659 178.204 196.076
threshold=57.500000000000007 -0.76117399999999991 21.628885000000004 216.50000000000003 -3.7609864999999996 469.50000000000006 496.50000000000006 586.50000000000011 410.50000000000006 -0.047935999999999993 0.42119500000000004 26.972924000000003 10.323484000000002 8.7168470000000031
decision_type=2 2 2 2 2 2 2 2 2 2 2 2 2 2
left_child=10 -2 8 4 -4 -5 -7 -8 9 -3 11 -1 -12 -14
right_child=1 2 3 5 -6 6 7 -9 -10 -11 12 -13 13 -15
leaf_value=0.013398578065409237 0.061480891691254716 0.0026849853038351905 -0.29797336828140986 0.056290966719388963 -0.042159685530350544 -0.29644029497240604 0.16060388852720675 -0.088710670098188837 0.10990745565720968 -0.15350093232201678 0.010495847765859342 0.15113428665264961 -0.069362647061771837 -0.0040023459348656476
leaf_weight=730 56 188 21 60 32 26 23 59 35 21 598 31 193 283
leaf_count=730 56 188 21 60 32 26 23 59 35 21 598 31 193 283
internal_value=-0.00113864 -0.0170933 -0.026556 -0.06098 -0.14352 -0.0349407 -0.0856249 -0.018781 0.00462303 -0.0130083 0.00339127 0.0190094 -0.00767517 -0.0305035
internal_weight=2356 521 465 221 53 168 108 82 244 209 1835 761 1074 476
internal_count=2356 521 465 221 53 168 108 82 244 209 1835 761 1074 476
is_linear=0
shrinkage=0.05


Tree=152
num_leaves=15
num_cat=0
split_feature=5 3 2 8 5 1 4 8 6 7 5 16 6 4
split_gain=72.1016 105.41 122.784 131.755 117.692 102.598 111.553 73.638 137.143 221.596 220.098 255.613 231.403 169.262
threshold=46.055489000000009 3.4039395000000003 31.139238500000001 42.500000000000007 59.299730000000004 0.50704300000000013 -0.62596149999999995 57.500000000000007 -6.0656054999999993 -7.9901614999999984 34.06294900000001 129.50000000000003 -9.8821814999999997 -0.29710999999999993
decision_type=2 2 2 2 2 2 2 2 2 2 2 2 2 2
left_child=7 5 3 -3 -4 6 -2 8 9 10 -1 -12 13 -13
right_child=1 2 4 -5 -6 -7 -8 -9 -10 -11 11 12 -14 -15
leaf_value=0.06811209037516032 0.05303824350789741 -0.10019363361981609 -0.2097245446273259 0.032598103979166522 -0.040247894898056989 0.077360777025062 -0.07849510404281318 -0.011516899343951082 0.00056758661945301105 -0.059946836723849699 0.14138248258580763 -0.056330312561476609 -0.1151612895523321 0.10505900139158422
leaf_weight=302 27 31 21 47 20 38 40 512 1132 58 24 32 53 33
leaf_count=302 27 31 21 47 20 38 40 512 1132 58 24 32 53 33
internal_value=0.00221168 -0.0247818 -0.0570005 -0.0201781 -0.127053 0.0117327 -0.0254891 0.00502926 0.0102139 0.031966 0.0439727 -0.00736614 -0.0376201 0.0256058
internal_weight=2370 224 119 78 41 105 67 2146 1634 502 444 142 118 65
internal_count=2370 224 119 78 41 105 67 2146 1634 502 444 142 118 65
is_linear=0
shrinkage=0.05


Tree=153
num_leaves=15
num_cat=0
split_feature=2 7 16 2 16 7 16 16 16 5 16 16 16 5
split_gain=63.2644 210.454 146.34 139.668 130.247 248.252 129.717 253.09 124.507 159.188 208.346 112.412 191.096 183.06
threshold=-8.0741974999999986 -10.9414605 147.50000000000003 -7.3943999999999992 177.50000000000003 -16.334850999999997 315.50000000000006 237.50000000000003 213.50000000000003 40.150573500000007 195.50000000000003 496.50000000000006 445.50000000000006 23.326012500000001
decision_type=2 2 2 2 2 2 2 2 2 2 2 2 2 2
left_child=1 2 -1 -2 5 -4 7 8 9 10 -6 12 13 -8
right_child=3 -3 4 -5 6 -7 11 -9 -10 -11 -12 -13 -14 -15
leaf_value=0.094878374674313135 -0.088903211453493614 0.12350856950063081 -0.19999255771222324 -0.0016198348060436738 0.066240768919925433 0.0043620885527204901 -0.091783392633641936 0.14100725268540176 -0.092026358401333844 0.15436877205967903 -0.12291561874250573 0.014681620705717555 -0.19490771350406466 0.10224077073857188
leaf_weight=42 47 42 23 1845 37 42 31 46 27 20 24 96 21 20
leaf_count=42 47 42 23 1845 37 42 31 46 27 20 24 96 21 20
internal_value=0.000293872 0.016691 0.00623335 -0.00378808 -0.00338704 -0.067948 0.00964545 0.0427918 0.000959235 0.0319544 -0.00818142 -0.0207387 -0.0679657 -0.0156955
internal_weight=2363 471 429 1892 387 65 322 154 108 81 61 168 72 51
internal_count=2363 471 429 1892 387 65 322 154 108 81 61 168 72 51
is_linear=0
shrinkage=0.05


Tree=154
num_leaves=15
num_cat=0
split_feature=9 4 16 16 2 0 5 7 16 16 16 16 7 4
split_gain=70.7618 75.0588 116.131 223.455 79.5073 76.3468 73.8179 101.574 131.906 140.565 116.704 191.149 88.2523 76.1367
threshold=1.0000000180025095e-35 0.63834750000000018 315.50000000000006 258.50000000000006 26.125278000000005 6.7467995000000007 20.564629500000002 -3.8766169999999995 451.50000000000006 532.50000000000011 601.50000000000011 661.50000000000011 -7.4350499999999995 -0.068239999999999981
decision_type=2 2 2 2 2 2 2 2 2 2 2 2 2 2
left_child=1 5 3 -3 -4 -1 7 8 13 -10 -11 -12 -13 -2
right_child=6 2 4 -5 -6 -7 -8 -9 9 10 11 12 -14 -15
leaf_value=0.0070556677307769267 0.018704133217734908 0.0059549282925824322 0.049972680698220549 0.22928966979185739 -0.06425232058763504 -0.08503976295823637 -0.017984027436234656 -0.069621476636101048 0.17680469310609626 -0.05184029679745436 0.14763783418426388 0.056322589192178946 -0.07294362716189505 -0.033824875632550308
leaf_weight=1043 151 24 39 21 25 23 736 39 20 30 38 31 23 127
leaf_count=1043 151 24 39 21 25 23 736 39 20 30 38 31 23 127
internal_value=0.000396742 0.0091096 0.0486296 0.110178 0.00535354 0.00506862 -0.00817029 0.0075659 0.0147333 0.0539396 0.0337978 0.0617232 0.00126476 -0.00529293
internal_weight=2370 1175 109 45 64 1066 1195 459 420 142 122 92 54 278
internal_count=2370 1175 109 45 64 1066 1195 459 420 142 122 92 54 278
is_linear=0
shrinkage=0.05


Tree=155
num_leaves=15
num_cat=0
split_feature=10 4 0 3 0 2 0 8 18 18 18 18 0 18
split_gain=93.3024 132.048 104.611 88.0739 129.777 120.744 181.455 96.2844 92.7211 117.268 87.4938 85.934 83.9614 81.6839
threshold=2.5000000000000004 0.66954650000000016 -5.4533774999999993 -8.086018499999998 -3.9138959999999998 -8.2785889999999984 2.5397250000000002 57.500000000000007 442.50000000000006 246.50000000000003 900.50000000000011 460.50000000000006 -7.0117959999999995 105.50000000000001
decision_type=2 2 2 2 2 2 2 2 2 2 2 2 2 2
left_child=2 3 12 -2 7 8 11 -5 9 -6 -4 13 -1 -7
right_child=1 -3 10 4 5 6 -8 -9 -10 -11 -12 -13 -14 -15
leaf_value=-0.0026967125944793225 0.093088950682431462 0.11590739423126886 -0.0057745614191113976 0.0063607105799019341 0.052414258288325001 0.066802307901283109 -0.13799316372190204 -0.10141546803331652 -0.027667667847126723 0.18761059913946235 -0.11096353536937387 0.047927183428321751 0.10861430553098519 -0.024056324985865768
leaf_weight=32 32 33 1709 40 53 30 21 43 20 23 20 114 36 141
leaf_count=32 32 33 1709 40 53 30 21 43 20 23 20 114 36 141
internal_value=0.000916401 0.0189363 -0.00459887 0.0127467 0.00744573 0.019198 0.00384957 -0.0494751 0.0681213 0.0933289 -0.00699132 0.0143011 0.0562326 -0.00811621
internal_weight=2347 550 1797 517 485 402 306 83 96 76 1729 285 68 171
internal_count=2347 550 1797 517 485 402 306 83 96 76 1729 285 68 171
is_linear=0
shrinkage=0.05


Tree=156
num_leaves=15
num_cat=0
split_feature=16 16 16 7 7 16 16 6 2 13 8 7 7 1
split_gain=63.3875 114.836 111.843 257.88 254.785 151.646 103.71 334.961 311.053 98.4802 200.58 108.184 302.78 472.728
threshold=43.500000000000007 105.50000000000001 180.50000000000003 -18.602939499999994 -12.874794499999998 162.50000000000003 198.50000000000003 -5.2984354999999992 -16.537212999999998 5.6958685000000004 67.500000000000014 -11.935514499999998 -11.295414999999997 21.581516500000003
decision_type=2 2 2 2 2 2 2 2 2 2 2 2 2 2
left_child=-1 -2 3 -3 5 -5 7 8 -4 11 -11 -8 13 -13
right_child=1 2 6 4 -6 -7 9 -9 -10 10 -12 12 -14 -15
leaf_value=-0.060952196704844634 0.043333688888155551 -0.17863910347223283 0.11734186232737874 0.063883730848564912 -0.075827748143010298 -0.047540881648504486 -0.023504612304013739 0.23469986006617549 -0.14563560133630579 0.05165574003754117 -0.07136643260717393 0.16739727898393986 -0.002940721219168556 -0.10765044763684273
leaf_weight=42 150 27 23 95 102 45 501 20 22 193 40 61 1011 21
leaf_count=42 150 27 23 95 102 45 501 20 22 193 40 61 1011 21
internal_value=-7.75768e-05 0.00102876 -0.00190773 -0.0320746 -0.0157224 0.0280687 0.00238133 0.0644443 -0.0112249 0.000173287 0.0305361 -0.00426493 0.00455398 0.0969582
internal_weight=2353 2311 2161 269 242 140 1892 65 45 1827 233 1594 1093 82
internal_count=2353 2311 2161 269 242 140 1892 65 45 1827 233 1594 1093 82
is_linear=0
shrinkage=0.05


Tree=157
num_leaves=15
num_cat=0
split_feature=0 2 7 6 12 8 2 16 16 16 7 16 16 16
split_gain=59.6409 115.018 151.496 138.887 112.656 99.316 116.903 114.813 143.023 269.532 231.085 180.229 192.84 246.334
threshold=0.16439900000000005 17.105295500000004 -4.5191724999999989 -2.4908194999999993 10.624290500000003 57.500000000000007 -10.534818 805.50000000000011 735.50000000000011 695.50000000000011 -15.220165999999997 610.50000000000011 550.50000000000011 487.50000000000006
decision_type=2 2 2 2 2 2 2 2 2 2 2 2 2 2
left_child=4 5 -3 -4 -1 7 -7 8 9 11 -10 12 13 -2
right_child=1 2 3 -5 -6 6 -8 -9 10 -11 -12 -13 -14 -15
leaf_value=0.0017653672532350476 -0.0027036470778320871 -0.057807480767369274 0.068369188433829345 -0.078762372554806268 0.071513143499366577 0.042881188156275916 -0.072872630104591898 -0.064209898252209477 0.016322164032184942 -0.16078361297647159 0.21791547551041557 0.09551955513390048 -0.089299556219352871 0.10099338632867193
leaf_weight=1137 433 225 53 23 61 29 88 55 44 24 21 56 53 66
leaf_count=1137 433 225 53 23 61 29 88 55 44 24 21 56 53 66
internal_value=-0.002525 -0.0105545 -0.0371915 0.0238425 0.0053168 -0.00132806 -0.0441815 0.0053393 0.0108274 0.00356376 0.0814523 0.0100512 0.00138045 0.0110118
internal_weight=2368 1170 301 76 1198 869 117 752 697 632 65 608 552 499
internal_count=2368 1170 301 76 1198 869 117 752 697 632 65 608 552 499
is_linear=0
shrinkage=0.05


Tree=158
num_leaves=15
num_cat=0
split_feature=5 16 16 4 16 16 6 5 5 5 2 16 7 7
split_gain=62.232 98.4004 145.533 126.467 102.893 159.834 231.783 156.574 166.064 209.011 184.595 119.623 425.106 1076.73
threshold=13.687491500000002 67.500000000000014 105.50000000000001 -0.098026499999999975 228.50000000000003 162.50000000000003 -7.2822159999999991 58.054240500000006 28.135441000000004 33.39803100000001 -25.442755499999993 297.50000000000006 -9.8848719999999997 -6.4936539999999985
decision_type=2 2 2 2 2 2 2 2 2 2 2 2 2 2
left_child=-1 -2 3 -3 5 6 -4 8 -7 -10 -11 12 -6 -14
right_child=1 2 4 -5 11 7 -8 -9 9 10 -12 -13 13 -15
leaf_value=0.022099608256696511 -0.074599656437446052 0.15067538309980322 0.058469355802517387 0.021024495531474393 0.089027456665853807 -0.026998635810509704 -0.063841129121754103 0.051850656881928449 -0.26005317840887154 0.040619629770517356 -0.14980012834205159 -0.0054210563878508752 -0.25465601423853323 0.087759552420727138
leaf_weight=260 48 27 90 62 139 69 68 25 23 20 35 1395 38 58
leaf_count=260 48 27 90 62 139 69 68 25 23 20 35 1395 38 58
internal_value=-0.000973692 -0.00383447 -0.00217672 0.0603568 -0.00501626 -0.0304771 0.0058294 -0.0638283 -0.0835016 -0.133485 -0.0805566 0.000138385 0.0331402 -0.0477799
internal_weight=2357 2097 2049 89 1960 330 158 172 147 78 55 1630 235 96
internal_count=2357 2097 2049 89 1960 330 158 172 147 78 55 1630 235 96
is_linear=0
shrinkage=0.05


Tree=159
num_leaves=15
num_cat=0
split_feature=18 18 4 5 7 7 5 18 4 7 3 4 18 8
split_gain=53.6826 130.385 175.512 96.9555 89.6824 184.592 108.625 126.503 173.399 122.055 102.703 99.2529 81.1674 79.9309
threshold=105.50000000000001 67.500000000000014 -0.090615499999999988 13.567731 -22.316093499999997 -21.087831499999997 54.346298000000012 234.50000000000003 -0.86457699999999982 -26.344495999999996 -7.2740229999999988 0.51901050000000015 120.50000000000001 62.500000000000007
decision_type=2 2 2 2 2 2 2 2 2 2 2 2 2 2
left_child=1 3 -3 -1 6 -6 7 8 -2 -9 -7 -8 -12 -14
right_child=4 2 -4 -5 5 10 11 9 -10 -11 12 -13 13 -15
leaf_value=0.045190199549709049 -0.01540338027066198 0.17450328248518487 0.025020105350348688 -0.063314049504697323 0.14942469795544941 0.10782200660217892 0.10232838553190232 0.078965809203684345 -0.17968894681996772 -0.04973794293855982 -0.071307141426950701 -0.035929960315978088 0.003811111013767503 -0.032600223594486263
leaf_weight=35 29 27 72 50 21 22 25 25 36 70 40 27 1742 165
leaf_count=35 29 27 72 50 21 22 25 25 36 70 40 27 1742 165
internal_value=0.000843133 0.026788 0.0657882 -0.0186358 -0.00132483 0.00196866 -0.0322401 -0.0526438 -0.106392 -0.0158685 0.000395996 0.0305404 -0.000817857 0.000660681
internal_weight=2386 184 99 85 2202 1990 212 160 65 95 1969 52 1947 1907
internal_count=2386 184 99 85 2202 1990 212 160 65 95 1969 52 1947 1907
is_linear=0
shrinkage=0.05


end of trees

feature_importances:
navSampleSize=561
maxDrawdown60d=433
return60d=278
volatility20d=233
maxDrawdown20d=223
trendSlope20d=112
return5d=109
lossDayRatio20d=74
ma20Deviation=65
holdingDays=56
return20d=48
consecutiveDownDays=15
lossPressure=14
profitBuffer=13
consecutiveUpDays=5
holdingProfitRate=1

parameters:
[boosting: gbdt]
[objective: regression]
[metric: l2]
[tree_learner: serial]
[device_type: cpu]
[data_sample_strategy: bagging]
[data: ]
[valid: ]
[num_iterations: 160]
[learning_rate: 0.05]
[num_leaves: 15]
[num_threads: 8]
[seed: 0]
[deterministic: 0]
[force_col_wise: 0]
[force_row_wise: 0]
[histogram_pool_size: -1]
[max_depth: -1]
[min_data_in_leaf: 20]
[min_sum_hessian_in_leaf: 0.001]
[bagging_fraction: 0.9]
[pos_bagging_fraction: 1]
[neg_bagging_fraction: 1]
[bagging_freq: 1]
[bagging_seed: 3]
[bagging_by_query: 0]
[feature_fraction: 0.9]
[feature_fraction_bynode: 1]
[feature_fraction_seed: 2]
[extra_trees: 0]
[extra_seed: 6]
[early_stopping_round: 0]
[early_stopping_min_delta: 0]
[first_metric_only: 0]
[max_delta_step: 0]
[lambda_l1: 0]
[lambda_l2: 0]
[linear_lambda: 0]
[min_gain_to_split: 0]
[drop_rate: 0.1]
[max_drop: 50]
[skip_drop: 0.5]
[xgboost_dart_mode: 0]
[uniform_drop: 0]
[drop_seed: 4]
[top_rate: 0.2]
[other_rate: 0.1]
[min_data_per_group: 100]
[max_cat_threshold: 32]
[cat_l2: 10]
[cat_smooth: 10]
[max_cat_to_onehot: 4]
[top_k: 20]
[monotone_constraints: ]
[monotone_constraints_method: basic]
[monotone_penalty: 0]
[feature_contri: ]
[forcedsplits_filename: ]
[refit_decay_rate: 0.9]
[cegb_tradeoff: 1]
[cegb_penalty_split: 0]
[cegb_penalty_feature_lazy: ]
[cegb_penalty_feature_coupled: ]
[path_smooth: 0]
[interaction_constraints: ]
[verbosity: -1]
[saved_feature_importance_type: 0]
[use_quantized_grad: 0]
[num_grad_quant_bins: 4]
[quant_train_renew_leaf: 0]
[stochastic_rounding: 1]
[linear_tree: 0]
[max_bin: 255]
[max_bin_by_feature: ]
[min_data_in_bin: 3]
[bin_construct_sample_cnt: 200000]
[data_random_seed: 1]
[is_enable_sparse: 1]
[enable_bundle: 1]
[use_missing: 1]
[zero_as_missing: 0]
[feature_pre_filter: 1]
[pre_partition: 0]
[two_round: 0]
[header: 0]
[label_column: ]
[weight_column: ]
[group_column: ]
[ignore_column: ]
[categorical_feature: ]
[forcedbins_filename: ]
[precise_float_parser: 0]
[parser_config_file: ]
[objective_seed: 5]
[num_class: 1]
[is_unbalance: 0]
[scale_pos_weight: 1]
[sigmoid: 1]
[boost_from_average: 1]
[reg_sqrt: 0]
[alpha: 0.9]
[fair_c: 1]
[poisson_max_delta_step: 0.7]
[tweedie_variance_power: 1.5]
[lambdarank_truncation_level: 30]
[lambdarank_norm: 1]
[label_gain: ]
[lambdarank_position_bias_regularization: 0]
[eval_at: ]
[multi_error_top_k: 1]
[auc_mu_weights: ]
[num_machines: 1]
[local_listen_port: 12400]
[time_out: 120]
[machine_list_filename: ]
[machines: ]
[gpu_platform_id: -1]
[gpu_device_id: -1]
[gpu_use_dp: 0]
[num_gpu: 1]

end of parameters

pandas_categorical:[]
