tree
version=v4
num_class=1
num_tree_per_iteration=1
label_index=0
max_feature_idx=38
objective=binary sigmoid:1
feature_names=return5d return20d return60d ma20Deviation trendSlope20d volatility20d maxDrawdown20d maxDrawdown60d lossDayRatio20d consecutiveUpDays consecutiveDownDays positionToSingleLimit profitBuffer lossPressure themeRate estimateGrowthRate navSampleSize holdingProfitRate holdingDays isActiveFund isActiveQdii isIndexFund isEtfFund isEtfQdii isQdiiFund isPassiveFund typeActiveEquity typeActiveQdii typeIndex typeIndexQdii typeEtf typeEtfQdii profileStableAnnualReturn profileStableDrawdownFloor profileStableBenchmarkGap profileMaxAnnualTrades profileDefensiveAnnualReturn profileDefensiveDrawdownFloor profileDefensiveBenchmarkGap
feature_infos=[-18.602474999999998:35.835351000000003] [-25.483103:47.490637] [-34.982695:106.18034400000001] [-20.443919999999999:35.679302999999997] [-1.282003:2.0631849999999998] [8.2914999999999992:84.913120000000006] [-26.317771:-0.68485600000000002] [-39.054544999999997:-1.0902670000000001] [15:75] [0:9] [0:8] none [0:47.490637] [0:25.483103] none none [20:932] [-25.483103:47.490637] [20:932] [0:1] [0:1] none [0:1] [0:1] [0:1] [0:1] [0:1] [0:1] none none none [0:1] [12:18] [-18:-14] [6:20] [4.5:6] none none none
tree_sizes=1285 1300 1308 1299 1307 1296 1303 1296 1276 1300 1299 1305 1297 1294 1304 1295 1303 1302 1302 1307 1314 1298 1305 1297 1303 1310 1294 1296 1302 1307 1302 1302 1304 1301 1293 1306 1301 1309 1308 1281 1310 1301 1285 1315 1310 1298 1303 1288 1315 1303 1303 1308 1304 1300 1301 1305 1296 1299 1298 1304 1298 1300 1308 1312 1313 1303 1293 1309 1313 1298 1304 1305 1300 1298 1296 1302 1290 1298 1299 1293

Tree=0
num_leaves=11
num_cat=0
split_feature=16 7 7 16 7 16 16 16 5 19
split_gain=131.363 58.6362 80.061 31.9804 57.449 44.2166 25.9213 37.1642 67.8474 25.9732
threshold=180.50000000000003 -5.0636754999999996 -16.965267499999996 147.50000000000003 -11.929959499999997 67.500000000000014 900.50000000000011 619.50000000000011 25.896373000000004 1.0000000180025095e-35
decision_type=2 2 2 2 2 2 2 2 2 2
left_child=3 2 -2 4 5 -1 7 9 -9 -4
right_child=1 -3 6 -5 -6 -7 -8 8 -10 -11
leaf_value=0.0067389879221858295 0.13422617263991465 0.14432275253502025 0.048235442230791147 -0.0054233260071656492 0.02550637387778501 0.15586520594136513 -0.0090629663542618893 0.16046271969018069 0.070035580052001473 0.084366797843110075
leaf_weight=6.7366108149290111 91.817510366439819 64.122554793953896 71.358173817396164 29.690988406538963 52.395861893892288 18.962311923503876 7.7346272319555274 38.922640264034271 44.41173055768013 164.1737006008625
leaf_count=27 368 257 286 119 210 76 31 156 178 658
internal_value=0.0886522 0.0997996 0.0929764 0.0387469 0.0555401 0.116774 0.0813799 0.0835737 0.112271 0.0734202
internal_weight=590.327 482.541 418.418 107.786 78.0948 25.6989 326.601 318.866 83.3344 235.532
internal_count=2366 1934 1677 432 313 103 1309 1278 334 944
is_linear=0
shrinkage=1


Tree=1
num_leaves=11
num_cat=0
split_feature=18 7 7 7 2 7 7 8 8 18
split_gain=123.063 57.0243 72.2817 52.3556 37.2853 25.1016 44.2028 38.1652 27.6925 39.0116
threshold=180.50000000000003 -16.965267499999996 -5.0636754999999996 -23.359291499999994 26.972924000000003 -7.8904974999999995 -7.4661974999999989 37.500000000000007 52.500000000000007 351.50000000000006
decision_type=2 2 2 2 2 2 2 2 2 2
left_child=3 -2 5 -1 -5 8 -7 -8 -3 -10
right_child=1 2 -4 4 -6 6 7 -9 9 -11
leaf_value=0.093613787543520191 0.045481885806471299 0.017341180102665853 0.050587831372335773 -0.064506848052968857 0.043420742838898845 -0.091780457280840083 -0.081250280507038489 0.0063382343670381862 0.034867030679788712 -0.036383917502199131
leaf_weight=6.2167221307754508 94.324508681893349 126.99309855699539 64.413996711373329 97.689790546894073 8.7162409871816617 21.475172683596611 15.475835502147673 63.336089134216309 25.963655114173889 73.867050334811211
leaf_count=25 379 509 259 391 35 86 62 254 104 296
internal_value=-0.00033363 0.0105826 0.00217483 -0.0474258 -0.055666 -0.00735856 -0.0281889 -0.010861 0.00185127 -0.0178532
internal_weight=598.472 485.849 391.525 112.623 106.406 327.111 100.287 78.8119 226.824 99.8307
internal_count=2400 1949 1570 451 426 1311 402 316 909 400
is_linear=0
shrinkage=0.05


Tree=2
num_leaves=11
num_cat=0
split_feature=16 7 7 7 2 7 7 8 20 16
split_gain=111.341 51.6493 62.0836 49.8385 38.8428 22.7582 44.8841 24.7837 23.4889 28.5183
threshold=180.50000000000003 -16.965267499999996 -5.3596829999999995 -23.359291499999994 26.972924000000003 -7.8904974999999995 -7.4661974999999989 37.500000000000007 1.0000000180025095e-35 760.50000000000011
decision_type=2 2 2 2 2 2 2 2 2 2
left_child=3 -2 5 -1 -5 8 -7 -8 9 -3
right_child=1 2 -4 4 -6 6 7 -9 -10 -11
leaf_value=0.089691641633362199 0.04358652659291861 -0.0023239763982059263 0.045085447638098138 -0.06316518631306127 0.044371897994646269 -0.089866824930264988 -0.072273084794806666 0.0045421851690341172 0.034937550791906309 -0.096155341696631411
leaf_weight=6.4095652848482123 90.269226849079132 173.91580699384212 67.650307103991508 97.170052453875542 9.1915074586868268 22.494937807321548 12.747463986277578 59.572444960474968 41.612530931830406 8.4932617694139463
leaf_count=26 364 697 273 389 37 90 51 239 167 34
internal_value=-0.00103428 0.00953381 0.00158033 -0.0457124 -0.0538721 -0.00765053 -0.028184 -0.00899765 0.00104004 -0.00669292
internal_weight=589.527 476.756 386.487 112.771 106.362 318.836 94.8148 72.3199 224.022 182.409
internal_count=2367 1915 1551 452 426 1278 380 290 898 731
is_linear=0
shrinkage=0.05


Tree=3
num_leaves=11
num_cat=0
split_feature=16 7 7 7 2 7 7 8 16 16
split_gain=91.7045 49.5115 54.714 45.7807 37.9078 22.8649 38.8892 31.3747 36.8993 29.5673
threshold=180.50000000000003 -16.965267499999996 -5.3596829999999995 -23.359291499999994 30.061026500000001 -7.8904974999999995 -7.4661974999999989 52.500000000000007 351.50000000000006 255.50000000000003
decision_type=2 2 2 2 2 2 2 2 2 2
left_child=3 -2 5 -1 -5 7 -7 9 -9 -3
right_child=1 2 -4 4 -6 6 -8 8 -10 -11
leaf_value=0.086265674599113454 0.041885418524799052 -0.088724467750560532 0.041980043146613598 -0.05885877179255166 0.047571894313387555 -0.085726950269426436 -0.010764959360119696 0.032590799454140111 -0.038913351942044011 0.02299315014686602
leaf_weight=6.573968678712844 89.381217122077942 6.2366100698709479 65.857084482908249 97.196798697113991 9.1542861014604551 22.672680765390396 73.035134568810463 24.168309092521667 71.182816952466965 117.61072380840778
leaf_count=27 362 25 267 390 37 91 293 97 285 472
internal_value=-0.00132251 0.00839567 0.000534208 -0.0417825 -0.0496976 -0.00813346 -0.0285231 0.000769183 -0.0207895 0.0173674
internal_weight=583.07 470.145 380.763 112.925 106.351 314.906 95.7078 219.198 95.3511 123.847
internal_count=2346 1892 1530 454 427 1263 384 879 382 497
is_linear=0
shrinkage=0.05


Tree=4
num_leaves=11
num_cat=0
split_feature=16 7 7 2 16 16 16 16 7 20
split_gain=89.6689 39.2789 47.404 24.8627 25.0366 28.7792 21.0051 32.3617 32.3642 24.7745
threshold=180.50000000000003 -16.965267499999996 -5.3596829999999995 30.061026500000001 105.50000000000001 55.500000000000007 900.50000000000011 790.50000000000011 -7.8904974999999995 1.0000000180025095e-35
decision_type=2 2 2 2 2 2 2 2 2 2
left_child=3 -2 6 4 5 -1 7 8 -3 -10
right_child=1 2 -4 -5 -6 -7 -8 -9 9 -11
leaf_value=-0.073486631600955782 0.039223850560646117 0.0032247000441679788 0.0411222844778193 0.044898172038279692 -0.070000373414932843 0.010427615313187803 -0.08943049693497776 0.068695262934870466 -0.071447582828568085 -0.013148588516724997
leaf_weight=15.890396833419798 92.612300232052803 213.82555824518204 66.983653530478477 7.8761361837387076 54.851558730006218 28.620781153440475 7.2313789576292029 14.886949986219404 28.552495136857033 50.372358649969101
leaf_count=64 377 858 273 32 221 116 29 60 115 202
internal_value=0.000679022 0.0100119 0.00292697 -0.040613 -0.0473912 -0.0195296 -0.00519852 -0.00321855 -0.00687551 -0.0342393
internal_weight=581.704 474.465 381.852 107.239 99.3627 44.5112 314.869 307.637 292.75 78.9249
internal_count=2347 1914 1537 433 401 180 1264 1235 1175 317
is_linear=0
shrinkage=0.05


Tree=5
num_leaves=11
num_cat=0
split_feature=18 5 5 7 7 2 2 18 18 2
split_gain=75.5913 70.4144 43.5427 40.2385 35.8207 26.3858 23.5576 19.3387 25.8147 23.8431
threshold=496.50000000000006 22.499035000000003 39.619760500000005 -13.389685999999998 -4.5191724999999989 -13.342830999999999 8.8535505000000025 264.50000000000006 300.50000000000006 8.2639560000000021
decision_type=2 2 2 2 2 2 2 2 2 2
left_child=2 6 5 -3 -5 -1 -2 -7 -9 -10
right_child=1 3 -4 4 -6 7 -8 8 9 -11
leaf_value=0.023481594519696142 0.084061948592677821 0.038008550574556245 0.028224829164055401 -0.027501666938367843 0.086195130088826191 -0.03977995720963997 0.032134016353776357 0.0384650412639908 -0.0097729314360049807 -0.061891022975547043
leaf_weight=30.322394877672195 44.634992480278015 49.094252824783325 53.317814916372299 83.872279912233353 7.5512072294950476 128.65635812282562 42.768342554569244 20.762111678719521 95.22006693482399 28.516369447112083
leaf_count=124 181 200 216 337 31 521 174 84 383 115
internal_value=0.00092141 0.0234146 -0.0134472 0.00149626 -0.0181108 -0.0207686 0.0586525 -0.0256807 -0.0131273 -0.0217841
internal_weight=584.716 227.921 356.795 140.518 91.4235 303.477 87.4033 273.155 144.499 123.736
internal_count=2366 923 1443 568 368 1227 355 1103 582 498
is_linear=0
shrinkage=0.05


Tree=6
num_leaves=11
num_cat=0
split_feature=16 5 6 5 6 16 16 8 5 13
split_gain=69.487 68.3218 41.1026 37.7928 32.2137 28.4823 26.6701 27.0235 25.5733 26.5729
threshold=496.50000000000006 22.277235500000003 -13.643390499999997 39.619760500000005 -3.8619294999999996 180.50000000000003 312.50000000000006 52.500000000000007 37.953338500000008 0.33251500000000006
decision_type=2 2 2 2 2 2 2 2 2 2
left_child=3 -2 -3 4 5 -1 -7 -8 9 -4
right_child=1 2 8 -5 -6 6 7 -9 -10 -11
leaf_value=-0.036278757878665809 0.056741412794799231 0.076534602764011764 0.023294216068818485 0.024591571400381065 -0.049049179632328133 0.027447955720531637 0.014008370936440837 -0.040721421049474522 -0.048791330283653206 -0.03076934206300206
leaf_weight=78.526168927550316 83.032032072544098 15.566963374614714 61.039787620306015 52.188276305794716 78.548971280455589 57.949577882885933 41.210032239556313 49.823044583201408 31.310652673244476 36.212188109755516
leaf_count=320 340 64 248 212 318 235 166 200 126 146
internal_value=-0.00101888 0.0206141 -0.000198628 -0.0147362 -0.0214423 -0.0119108 0.000933113 -0.0159456 -0.00948985 0.00316342
internal_weight=585.408 227.162 144.13 358.246 306.058 227.509 148.983 91.0331 128.563 97.252
internal_count=2375 924 584 1451 1239 921 601 366 520 394
is_linear=0
shrinkage=0.05


Tree=7
num_leaves=11
num_cat=0
split_feature=18 7 7 2 18 18 3 7 7 8
split_gain=64.5273 33.603 41.3344 22.9517 23.3951 28.5799 23.6473 20.2527 27.9163 24.6664
threshold=180.50000000000003 -18.604027499999997 -5.3596829999999995 30.061026500000001 105.50000000000001 67.500000000000014 -0.43114699999999995 -7.8904974999999995 -7.4661974999999989 37.500000000000007
decision_type=2 2 2 2 2 2 2 2 2 2
left_child=3 -2 7 4 5 -1 -7 -3 -9 -10
right_child=1 2 -4 -5 -6 6 -8 8 9 -11
leaf_value=-0.056665495484564621 0.03903797931991268 0.0031645120044989533 0.038771825520325535 0.045767348616416251 -0.063642527661736351 0.090209268726406111 -0.015355796028296127 -0.075003926377611163 -0.069980828243576806 0.0036469098519477587
leaf_weight=20.787725925445557 74.24325655400753 236.85084976255894 65.341536104679108 8.1102574020624143 54.2755486369133 8.5369412302970904 14.01243172585964 20.991121023893356 13.930780753493307 62.010152444243431
leaf_count=85 307 954 270 33 222 35 57 86 56 250
internal_value=0.000262516 0.00815027 0.00240469 -0.0350544 -0.0417696 -0.0143758 0.02461 -0.00471457 -0.0239669 -0.00985953
internal_weight=579.091 473.368 399.124 105.723 97.6126 43.3371 22.5494 333.783 96.9321 75.9409
internal_count=2355 1923 1616 432 399 177 92 1346 392 306
is_linear=0
shrinkage=0.05


Tree=8
num_leaves=11
num_cat=0
split_feature=16 7 7 7 16 5 5 16 7 6
split_gain=59.139 32.6433 30.5172 48.1959 35.5578 48.6616 34.7533 31.992 29.8582 31.6798
threshold=180.50000000000003 -23.359291499999994 -5.0636754999999996 -11.553163 394.50000000000006 31.581298500000006 20.564629500000002 210.50000000000003 -11.788986 -5.5220109999999991
decision_type=2 2 2 2 2 2 2 2 2 2
left_child=1 -1 3 6 7 -6 -2 -5 9 -8
right_child=2 -3 -4 4 5 -7 8 -9 -10 -11
leaf_value=0.081486598675162794 0.073310607392016669 -0.039323049444857323 0.041805703048596342 0.068338159837243867 0.021229687862072889 -0.044923492324134104 0.018803752115351218 -0.049962270386625596 0.092661971222229023 -0.03473250322626658
leaf_weight=5.9120833724737158 27.261108562350273 103.12461885809898 58.733452960848808 6.2160519957542411 96.22419473528862 39.092355459928513 127.97228179872036 70.88489456474781 10.914782002568243 35.242802932858467
leaf_count=25 112 424 245 25 389 157 523 287 44 144
internal_value=0.000419624 -0.0327726 0.00807857 0.00329155 -0.0133234 0.00211833 0.0208162 -0.0404246 0.0125979 0.00724374
internal_weight=581.579 109.037 472.542 413.808 212.417 135.317 201.391 77.1009 174.13 163.215
internal_count=2375 449 1926 1681 858 546 823 312 711 667
is_linear=0
shrinkage=0.05


Tree=9
num_leaves=11
num_cat=0
split_feature=16 7 7 7 2 16 16 2 6 2
split_gain=59.0703 30.3604 35.5919 27.5999 26.6736 20.2073 25.2614 53.0972 30.0055 22.7457
threshold=183.50000000000003 -3.6658359999999997 -16.965267499999996 -23.359291499999994 26.972924000000003 900.50000000000011 598.50000000000011 25.060005000000004 -5.8333649999999997 37.363762500000007
decision_type=2 2 2 2 2 2 2 2 2 2
left_child=3 2 -2 -1 -5 6 9 8 -8 -4
right_child=1 -3 5 4 -6 -7 7 -9 -10 -11
leaf_value=0.07126017161549629 0.034517467136426692 0.080283917275473696 -0.012278483012610399 -0.046527185893161058 0.04200540336355079 -0.084207282413020682 0.0023615204608143335 -0.049420973011103805 0.061557654056653172 0.045883366191043114
leaf_weight=6.0463816672563544 87.184243425726891 14.094790518283842 233.93307664990425 95.164266049861908 9.3430309742689115 7.154662385582923 35.875745043158531 21.779148682951927 53.078996419906616 18.111229375004768
leaf_count=26 364 60 946 394 38 29 145 88 220 74
internal_value=0.000289708 0.00800689 0.0057783 -0.0326032 -0.0386123 -0.000994831 0.000646274 0.0205519 0.0376837 -0.00809913
internal_weight=581.766 471.212 457.117 110.554 104.507 369.933 362.778 110.734 88.9547 252.044
internal_count=2384 1926 1866 458 432 1502 1473 453 365 1020
is_linear=0
shrinkage=0.05


Tree=10
num_leaves=11
num_cat=0
split_feature=16 7 16 5 7 8 12 2 6 7
split_gain=52.4668 30.548 28.8057 46.415 29.1445 25.3675 25.3117 26.6604 29.1221 27.2037
threshold=180.50000000000003 -23.359291499999994 598.50000000000011 22.277235500000003 -18.846248999999997 42.500000000000007 20.205925500000003 9.1936845000000016 -3.3719439999999996 -5.3596829999999995
decision_type=2 2 2 2 2 2 2 2 2 2
left_child=1 -1 4 -4 5 -2 7 8 9 -6
right_child=2 -3 3 -5 6 -7 -8 -9 -10 -11
leaf_value=0.077286563221210303 -0.058669853950392141 -0.037521390052567168 0.061569436014956604 0.004259127004459495 0.0021331481824735164 0.045236787663899214 0.05892022079617068 -0.037058965032122047 -0.044067108168951173 0.080608231034225084
leaf_weight=6.1441230475902548 6.7016685754060736 101.67557512223721 56.420781582593918 94.50638422369957 128.93846091628075 47.559452384710312 13.435473576188086 72.300560757517815 31.870623156428337 12.077899426221846
leaf_count=27 28 424 240 387 520 200 55 294 129 50
internal_value=0.000438787 -0.030979 0.00774232 0.0256833 -0.000911952 0.0324035 -0.0079018 -0.0115634 -0.000901301 0.00885445
internal_weight=571.631 107.82 463.811 150.927 312.884 54.2611 258.623 245.188 172.887 141.016
internal_count=2354 451 1903 627 1276 228 1048 993 699 570
is_linear=0
shrinkage=0.05


Tree=11
num_leaves=11
num_cat=0
split_feature=16 7 7 7 2 2 19 7 16 5
split_gain=45.8525 27.2547 31.1344 23.7835 18.2325 18.1209 32.7233 27.7959 20.9451 30.7363
threshold=183.50000000000003 -3.6658359999999997 -16.965267499999996 -23.359291499999994 26.972924000000003 8.2639560000000021 1.0000000180025095e-35 -6.4936539999999985 490.50000000000006 22.277235500000003
decision_type=2 2 2 2 2 2 2 2 2 2
left_child=3 2 -2 -1 -5 7 -7 8 -4 -10
right_child=1 -3 5 4 -6 6 -8 -9 9 -11
leaf_value=0.067165423694665757 0.03149737392639318 0.076968751093178869 -0.013184064508759918 -0.041722802505665881 0.033412611104653177 -0.047177318152992614 0.0013943299939101238 0.045924241475019979 0.074475603638170004 -0.0042920515046909261
leaf_weight=6.0121765434741965 87.181180566549301 13.427423030138014 112.20988640189171 92.747971877455711 8.8440790176391584 51.620785504579544 105.63924100995064 39.123923301696777 19.693370178341866 33.372973382472992
leaf_count=27 369 59 452 390 36 210 433 163 82 135
internal_value=-6.69692e-05 0.00677577 0.0046759 -0.0294634 -0.0351819 -0.00178964 -0.0145494 0.00802735 -0.000943543 0.0249393
internal_weight=569.873 462.269 448.841 107.604 101.592 361.66 157.26 204.4 165.276 53.0663
internal_count=2356 1903 1844 453 426 1475 643 832 669 217
is_linear=0
shrinkage=0.05


Tree=12
num_leaves=11
num_cat=0
split_feature=16 16 5 7 8 16 7 2 12 16
split_gain=47.0516 25.1976 40.9636 24.0917 24.9802 24.7318 22.0805 22.8349 20.6595 21.6755
threshold=183.50000000000003 598.50000000000011 22.277235500000003 -18.604027499999997 42.500000000000007 207.50000000000003 -23.359291499999994 30.061026500000001 23.413509500000004 198.50000000000003
decision_type=2 2 2 2 2 2 2 2 2 2
left_child=6 3 -3 4 -2 -6 -1 -8 9 -5
right_child=1 2 -4 8 5 -7 7 -9 -10 -11
leaf_value=0.065221754352892111 -0.058964316949078881 0.057630439814862669 0.0047044393368473178 0.076479817007926387 -0.026747479818626102 0.060391297706679808 -0.041918475697845257 0.044773770333871477 0.064947322497210344 -0.012192086055003108
leaf_weight=5.8676650822162619 6.985521435737609 58.429093316197395 97.676031351089478 7.0998265296220771 10.307375878095625 38.774573445320129 90.207899793982506 8.2943029999732953 9.6657832711935026 235.30159988999367
leaf_count=27 29 255 401 29 44 166 383 34 40 954
internal_value=0.00132866 0.00814838 0.0245143 -0.000142805 0.0295011 0.0420919 -0.0290056 -0.0346186 -0.00673653 -0.00959493
internal_weight=568.61 464.24 156.105 308.135 56.0675 49.0819 104.37 98.5022 252.067 242.401
internal_count=2362 1918 656 1262 239 210 444 417 1023 983
is_linear=0
shrinkage=0.05


Tree=13
num_leaves=11
num_cat=0
split_feature=18 6 6 7 18 2 7 18 7 6
split_gain=39.1923 28 27.9812 25.9801 20.8919 22.6276 28.4226 19.9695 21.843 22.4394
threshold=258.50000000000006 -12.874794499999998 -1.4061024999999998 -24.100376499999996 300.50000000000006 6.6265090000000013 -3.6658359999999997 538.50000000000011 -25.545219999999997 -6.9740904999999991
decision_type=2 2 2 2 2 2 2 2 2 2
left_child=3 -2 4 -1 -3 7 -7 -6 -9 -10
right_child=1 2 -4 -5 5 6 -8 8 9 -11
leaf_value=0.028276228812641659 0.063505454852784166 0.040762809109551774 0.075002205099741065 -0.028015481717292779 -0.0029556049488938408 -0.020081208322557633 0.074561676205837812 -0.043831859938784891 -0.0037989183262228305 0.062394638649995386
leaf_weight=23.85078752040863 21.980521649122238 32.705198422074318 13.901039540767668 145.76846548914909 97.9371497631073 146.42578676342964 8.3872240483760816 8.3265442848205549 18.301466584205627 42.616875723004341
leaf_count=104 94 134 62 616 397 601 38 35 75 182
internal_value=-3.15065e-05 0.00868375 0.00541461 -0.0201001 0.0026874 -0.00117994 -0.0149538 0.0115749 0.0321261 0.0425084
internal_weight=560.201 390.582 368.601 169.619 354.7 321.995 154.813 167.182 69.2449 60.9183
internal_count=2338 1618 1524 720 1462 1328 639 689 292 257
is_linear=0
shrinkage=0.05


Tree=14
num_leaves=11
num_cat=0
split_feature=16 7 5 2 16 6 27 6 5 16
split_gain=39.2796 21.9507 22.3769 22.863 27.0945 33.3793 29.4525 36.8726 27.5861 20.8536
threshold=183.50000000000003 -3.6658359999999997 61.281258000000008 6.6265090000000013 496.50000000000006 -3.4843029999999993 1.0000000180025095e-35 -5.0465269999999993 22.393342000000001 147.50000000000003
decision_type=2 2 2 2 2 2 2 2 2 2
left_child=9 2 3 4 5 6 7 -2 -6 -1
right_child=1 -3 -4 -5 8 -7 -8 -9 -10 -11
leaf_value=-0.013229281347137294 0.01380647309259838 0.072321549098308943 0.073463302279803633 -0.010901041651618586 0.071720851146354875 -0.049005877298102261 0.053360732715055197 -0.057280978020234796 0.014225314047292617 -0.062806988784323531
leaf_weight=73.617182269692421 81.963905200362206 12.364675581455229 11.551701873540877 176.53029257059097 31.978642672300339 28.370488494634628 31.094421744346619 23.463252291083336 60.014693796634674 29.794803887605667
leaf_count=317 338 58 49 726 143 115 127 95 251 130
internal_value=0.000315774 0.00660853 0.00478251 0.00295198 0.0124717 0.00034286 0.010598 -0.00201433 0.0342119 -0.0275135
internal_weight=560.744 457.332 444.967 433.416 256.885 164.892 136.522 105.427 91.9933 103.412
internal_count=2349 1902 1844 1795 1069 675 560 433 394 447
is_linear=0
shrinkage=0.05


Tree=15
num_leaves=11
num_cat=0
split_feature=16 5 7 2 16 8 16 7 6 6
split_gain=36.7882 34.1662 28.2568 24.6445 23.6154 17.8387 25.9958 24.4496 16.9907 35.0223
threshold=598.50000000000011 21.494803000000005 -19.412206999999999 32.607265500000004 900.50000000000011 42.500000000000007 225.50000000000003 -24.100376499999996 -7.6688904999999989 -7.1538444999999991
decision_type=2 2 2 2 2 2 2 2 2 2
left_child=2 -2 5 -4 8 -1 7 -7 -3 -10
right_child=1 4 3 -5 -6 6 -8 -9 9 -11
leaf_value=-0.05546099906532051 0.054021511372778434 0.048730029618013579 -0.017395761977366555 0.032097023582385427 -0.080043659653093971 0.034944271177732571 0.068985003236333595 -0.060817503257751593 -0.087495319753727666 0.01300862425979038
leaf_weight=6.4402742385864249 50.636892542243004 22.329322963953018 329.59508122503757 27.230260565876961 7.769198164343833 18.160582408308983 25.771056741476059 10.530350729823114 10.102606907486914 61.0403101593256
leaf_count=27 231 93 1365 113 32 81 114 45 41 254
internal_value=-0.000584442 0.020489 -0.00824637 -0.0136188 0.00371738 0.0232308 0.0325364 -0.000202898 0.0106794 -0.00126338
internal_weight=569.606 151.878 417.728 356.825 101.241 60.9023 54.462 28.6909 93.4722 71.1429
internal_count=2396 651 1745 1478 420 267 240 126 388 295
is_linear=0
shrinkage=0.05


Tree=16
num_leaves=11
num_cat=0
split_feature=16 5 4 6 6 7 7 5 2 1
split_gain=31.5026 44.2518 28.7945 30.2275 28.2482 23.4035 20.1907 19.0602 19.2492 18.5807
threshold=496.50000000000006 22.277235500000003 0.63834750000000018 -3.8619294999999996 -13.643390499999997 -5.1778004999999991 -9.1939424999999986 38.488631500000004 20.147761500000005 -0.30635699999999993
decision_type=2 2 2 2 2 2 2 2 2 2
left_child=2 -2 3 5 -3 6 -1 9 -9 -6
right_child=1 4 -4 -5 7 -7 -8 8 -10 -11
leaf_value=-0.0026118980385810456 0.044653890836171779 0.067250894911150355 0.035835397131211172 -0.04285598516329496 -0.027378936791775183 0.060557768134169722 -0.040013443697719642 0.0036801162598158821 -0.078689257914183616 0.017835283064239978
leaf_weight=179.44504445791245 75.2108533680439 12.978060334920881 30.314606547355652 75.070153877139091 36.793085157871246 12.352303817868231 45.166164666414261 11.898635789752008 17.561197087168694 59.415427714586258
leaf_count=754 338 59 127 312 150 53 190 49 71 248
internal_value=-0.00128244 0.0137732 -0.0106873 -0.0152071 -0.00297857 -0.0064479 -0.0101328 -0.0102313 -0.0454208 0.000543979
internal_weight=556.206 213.857 342.348 312.034 138.646 236.964 224.611 125.668 29.4598 96.2085
internal_count=2351 915 1436 1309 577 997 944 518 120 398
is_linear=0
shrinkage=0.05


Tree=17
num_leaves=11
num_cat=0
split_feature=18 18 18 5 18 2 2 5 18 4
split_gain=28.0208 20.2102 22.3393 26.0107 18.2678 30.1977 17.1882 18.6235 15.4091 15.3388
threshold=180.50000000000003 900.50000000000011 601.50000000000011 25.896373000000004 147.50000000000003 -10.063679499999997 -8.2785889999999984 41.744158500000005 342.50000000000006 -0.3047244999999999
decision_type=2 2 2 2 2 2 2 2 2 2
left_child=4 2 6 -4 5 -1 -2 -8 -9 -5
right_child=1 -3 3 9 -6 -7 7 8 -10 -11
leaf_value=0.084908551821533562 0.021079995220859269 -0.077156784793911096 0.04519756414868055 0.062076479198911329 -0.059287257004514093 -0.021096626340768421 -0.012038060922226713 0.051814119779887105 -0.019113409913884095 -0.0077459973832103837
leaf_weight=7.4580901116132727 74.15689505636692 7.1906017810106269 71.022557064890862 9.1044983267784101 25.877648681402206 67.730051398277283 208.37105548381805 22.599181085824966 11.581967800855635 57.811439022421837
leaf_count=34 315 30 324 40 117 294 851 96 49 239
internal_value=0.000794461 0.00601302 0.00732841 0.0241225 -0.0230527 -0.0105817 1.39854e-05 -0.00642665 0.027781 0.00175396
internal_weight=562.904 461.838 454.648 137.938 101.066 75.1881 316.709 242.552 34.1811 66.9159
internal_count=2389 1944 1914 603 445 328 1311 996 145 279
is_linear=0
shrinkage=0.05


Tree=18
num_leaves=11
num_cat=0
split_feature=16 7 2 24 16 16 5 6 8 16
split_gain=29.481 19.0103 22.2769 21.3287 25.2654 18.447 31.2918 27.7729 20.3634 24.23
threshold=180.50000000000003 -3.6658359999999997 9.1936845000000016 1.0000000180025095e-35 318.50000000000006 496.50000000000006 22.277235500000003 -3.4843029999999993 52.500000000000007 336.50000000000006
decision_type=2 2 2 2 2 2 2 2 2 2
left_child=-1 2 5 4 -4 7 -7 8 -2 -10
right_child=1 -3 3 -5 -6 6 -8 -9 9 -11
leaf_value=-0.024001552607905471 0.033687974323773399 0.069041612444073294 0.081282160739801268 -0.025718813214610975 -0.0034410579874489611 0.065365934959260033 0.0089991804395033806 -0.038460032512081604 0.021787225396565392 -0.031251907605386701
leaf_weight=98.358718514442444 63.149537742137909 11.726477086544035 11.001828849315642 93.647687271237373 43.959594890475273 38.200420498847961 69.270302936434746 33.173131853342056 44.847218632698059 41.420303195714951
leaf_count=437 263 59 47 390 181 181 294 135 187 168
internal_value=0.000797962 0.00621374 0.00453423 -0.0112074 0.0135183 0.0125993 0.0290347 0.00292553 0.0121138 -0.00367887
internal_weight=548.755 450.397 438.67 148.609 54.9614 290.061 107.471 182.59 149.417 86.2675
internal_count=2342 1905 1846 618 228 1228 475 753 618 355
is_linear=0
shrinkage=0.05


Tree=19
num_leaves=11
num_cat=0
split_feature=16 16 7 19 2 16 2 16 16 8
split_gain=27.5057 27.3265 21.5128 19.8515 26.3604 36.0351 42.3879 31.8107 29.4761 36.2139
threshold=622.50000000000011 900.50000000000011 -18.846248999999997 1.0000000180025095e-35 30.061026500000001 390.50000000000006 8.4603740000000034 315.50000000000006 258.50000000000006 47.500000000000007
decision_type=2 2 2 2 2 2 2 2 2 2
left_child=2 -2 -1 -4 5 7 -7 8 -5 -10
right_child=1 -3 3 4 -6 6 -8 -9 9 -11
leaf_value=0.020478271066967795 0.025940569927369567 -0.073909338704041844 -0.032902906284759864 -0.024359130726669061 0.04546288869494982 0.046844477227536208 -0.022373579760630136 -0.068601228038112638 -0.048515419836232143 0.079472448389557027
leaf_weight=63.425610035657883 119.78669641911983 7.2679218649864188 80.870390728116035 103.56535825133324 23.89712193608284 49.477451950311661 39.998255401849747 31.666782930493355 8.3322583138942736 16.415152668952942
leaf_count=286 533 31 334 451 101 206 163 130 34 67
internal_value=-0.000142125 0.0202288 -0.00633926 -0.0111411 -0.00470294 -0.00950869 0.015902 -0.0237207 -0.0126445 0.0363799
internal_weight=544.703 127.055 417.648 354.223 273.352 249.455 89.4757 159.98 128.313 24.7474
internal_count=2336 564 1772 1486 1152 1051 369 682 552 101
is_linear=0
shrinkage=0.05


Tree=20
num_leaves=11
num_cat=0
split_feature=16 16 2 7 2 19 7 26 26 16
split_gain=23.416 18.4803 25.7433 16.9474 16.4931 18.0937 17.2357 28.0856 24.3659 17.7633
threshold=180.50000000000003 147.50000000000003 -8.2785889999999984 -3.6658359999999997 9.1936845000000016 1.0000000180025095e-35 -6.6763724999999994 1.0000000180025095e-35 1.0000000180025095e-35 318.50000000000006
decision_type=2 2 2 2 2 2 2 2 2 2
left_child=1 2 -1 4 -2 -6 8 -8 -7 -10
right_child=3 -3 -4 -5 5 6 7 -9 9 -11
leaf_value=0.064781461487451883 0.010323597985487178 -0.058742705146034413 -0.021354313205868319 0.06720114973219718 -0.033418037871972207 0.084647082510043936 -0.043831956842844549 0.054756226856394932 0.074362939559631067 -0.010150476002293298
leaf_weight=10.088222295045851 286.14730806648731 25.603217378258705 61.89318573474884 10.611735135316847 53.637330159544945 11.770034119486807 32.283310040831566 9.3063948005437833 7.4513309597969046 37.547311156988144
leaf_count=46 1222 120 273 56 225 50 134 42 32 153
internal_value=-6.15029e-05 -0.0222592 -0.00928235 0.00476554 0.00325336 -0.0100571 0.00268224 -0.0217712 0.0205973 0.00384411
internal_weight=546.339 97.5846 71.9814 448.755 438.143 151.996 98.3584 41.5897 56.7687 44.9986
internal_count=2353 439 319 1914 1858 636 411 176 235 185
is_linear=0
shrinkage=0.05


Tree=21
num_leaves=11
num_cat=0
split_feature=16 5 5 8 16 7 7 7 16 5
split_gain=25.892 27.3047 19.26 16.115 21.4044 22.1152 27.5993 18.9014 17.1603 19.5626
threshold=598.50000000000011 21.818471500000005 59.299730000000004 42.500000000000007 550.50000000000011 -13.922680499999998 -11.346329999999998 -24.100376499999996 225.50000000000003 20.467929000000002
decision_type=2 2 2 2 2 2 2 2 2 2
left_child=2 -2 3 4 5 -1 -7 -5 -8 -10
right_child=1 -3 -4 7 -6 6 8 -9 9 -11
leaf_value=-0.078163098458086111 0.049196327530939124 0.002843248685414957 0.050487984043688219 0.038533363629186995 -0.092192433821203748 0.055762720601461604 -0.068342693654822068 -0.0069101904050230464 0.033606251129022088 -0.050861779138906604
leaf_weight=12.513193085789679 47.887140214443207 94.396529614925385 14.371610850095747 24.885885715484619 11.285904690623282 14.160672679543493 14.788252443075178 284.1346655189991 16.342865332961086 11.806572809815405
leaf_count=53 239 400 63 117 46 59 65 1208 68 49
internal_value=9.97358e-05 0.0184439 -0.00635621 -0.00845138 -0.028318 -0.0179623 -0.00476918 -0.00325055 -0.0247323 -0.00182174
internal_weight=546.573 142.284 404.29 389.918 80.8975 69.6116 57.0984 309.021 42.9377 28.1494
internal_count=2367 639 1728 1665 340 294 241 1325 182 117
is_linear=0
shrinkage=0.05


Tree=22
num_leaves=11
num_cat=0
split_feature=16 4 6 6 6 16 6 20 16 5
split_gain=23.5406 22.6493 19.6786 22.0722 17.6846 17.7015 16.3388 23.2447 15.1338 17.2359
threshold=264.50000000000006 0.46237650000000002 -12.874794499999998 -2.6064839999999996 -2.8697494999999997 291.50000000000006 -3.7425039999999994 1.0000000180025095e-35 177.50000000000003 17.725153000000002
decision_type=2 2 2 2 2 2 2 2 2 2
left_child=1 6 -2 4 5 -4 7 -1 9 -9
right_child=2 -3 3 -5 -6 -7 -8 8 -10 -11
leaf_value=-0.023996081291534885 0.055361109367511069 0.038251151330423075 0.054271120758535685 0.036096737308752916 -0.059985197078765921 -0.001651390483065779 -0.053774974617318221 -0.05788730604981971 0.087081658449002952 0.062218958543668136
leaf_weight=97.122004970908165 19.32818928360939 17.051904767751694 14.905935436487196 45.356426104903221 12.311225101351736 279.27523204684258 32.767790108919144 6.300660505890848 8.2410891652107221 5.6796994805335999
leaf_count=436 89 74 62 211 53 1183 144 29 35 25
internal_value=-0.000775621 -0.0163557 0.00624103 0.00354271 -0.00127482 0.00118216 -0.0225588 -0.0138418 0.0349285 -0.000946823
internal_weight=538.34 167.163 371.177 351.849 306.492 294.181 150.111 117.343 20.2214 11.9804
internal_count=2341 743 1598 1509 1298 1245 669 525 89 54
is_linear=0
shrinkage=0.05


Tree=23
num_leaves=11
num_cat=0
split_feature=16 5 7 16 2 4 16 5 16 16
split_gain=25.1126 28.4267 20.447 19.4615 17.3315 16.5265 15.4197 25.6923 17.5827 18.5663
threshold=496.50000000000006 22.277235500000003 -13.389685999999998 628.50000000000011 9.8918605000000017 0.62477900000000008 676.50000000000011 37.034252500000008 900.50000000000011 740.50000000000011
decision_type=2 2 2 2 2 2 2 2 2 2
left_child=5 4 -3 -4 -2 -1 -5 8 9 -8
right_child=1 2 3 6 -6 -7 7 -9 -10 -11
leaf_value=-0.011371540929521756 0.063669056246153224 0.028239453477095052 -0.052285739709788864 0.043873021967667805 0.012946603154016174 0.028181429957336385 -0.014041907168785055 -0.079399712294400404 -0.069534811147353007 0.061280017221406781
leaf_weight=308.85605390369892 37.098294109106064 45.627512216567993 23.214924231171608 15.881042808294294 30.842982456088066 28.879010424017906 17.490370452404022 11.204263880848883 6.3765790909528723 15.371412098407744
leaf_count=1327 185 202 94 65 144 126 71 46 28 68
internal_value=0.000365719 0.014259 0.000997207 -0.012885 0.0406428 -0.00798945 0.000906193 -0.0126212 0.00644696 0.0211906
internal_weight=540.842 203.107 135.166 89.5386 67.9413 337.735 66.3237 50.4426 39.2384 32.8618
internal_count=2356 903 574 372 329 1453 278 213 167 139
is_linear=0
shrinkage=0.05


Tree=24
num_leaves=11
num_cat=0
split_feature=7 5 16 16 2 7 16 5 6 8
split_gain=17.5123 17.721 16.5014 26.0092 21.3358 19.2693 18.9076 28.8884 24.9975 19.3154
threshold=-3.6658359999999997 59.299730000000004 264.50000000000006 300.50000000000006 8.7079995000000014 -4.9005624999999986 496.50000000000006 22.499035000000003 -5.2984354999999992 62.500000000000007
decision_type=2 2 2 2 2 2 2 2 2 2
left_child=1 2 -1 -4 5 6 8 -8 9 -5
right_child=-2 -3 3 4 -6 -7 7 -9 -10 -11
leaf_value=-0.016835252400710213 0.065024466727221786 0.046179268485036992 0.045373573409004275 0.022655063797498039 -0.017825739379730761 0.067340462784206606 0.06002407074777423 0.00061852915941483738 -0.044068317643638291 -0.054243560178543052
leaf_weight=157.39251343905926 10.04544475674629 18.711957275867462 32.326050236821175 46.681483805179596 125.11285410821438 13.023830726742743 30.738004803657532 61.232638835906982 36.054383173584938 9.8972600698471052
leaf_count=705 57 85 137 189 526 62 157 264 148 40
internal_value=-0.000377189 -0.00161406 -0.00335919 0.00261443 -0.00166837 0.00856044 0.00441349 0.0204728 -0.0115309 0.00920327
internal_weight=541.216 531.171 512.459 355.067 322.74 197.628 184.604 91.9706 92.6331 56.5787
internal_count=2370 2313 2228 1523 1386 860 798 421 377 229
is_linear=0
shrinkage=0.05


Tree=25
num_leaves=11
num_cat=0
split_feature=5 16 7 7 12 16 16 5 24 16
split_gain=18.268 21.2698 18.328 19.6493 19.1309 18.3019 18.2075 19.5867 23.7845 22.0942
threshold=59.299730000000004 228.50000000000003 -18.604027499999997 -5.0636754999999996 3.1912845000000005 258.50000000000006 300.50000000000006 32.137669500000008 1.0000000180025095e-35 622.50000000000011
decision_type=2 2 2 2 2 2 2 2 2 2
left_child=1 -1 4 5 -3 -4 -7 9 -9 -8
right_child=-2 2 3 -5 -6 6 7 8 -10 -11
leaf_value=-0.019072256133185334 0.051604800236896058 0.055142060733952981 -0.072518499185586602 0.028491830688546174 -0.012598487346284454 0.035426412925021931 -0.0099029556426731558 0.0020048469123377937 -0.060913306783028143 0.026962913586705547
leaf_weight=126.9146641343832 16.860972926020622 32.559320032596588 9.6012287437915784 52.885587558150291 15.329944804310797 28.6982351988554 135.35596606135368 28.2358408421278 32.092320889234543 58.080327063798904
leaf_count=576 78 153 40 254 69 121 559 114 135 263
internal_value=0.000384593 -0.00127701 0.00447211 0.000448083 0.0334575 -0.00462995 -0.00232234 -0.00659135 -0.0314653 0.00116623
internal_weight=536.614 519.753 392.839 344.95 47.8893 292.064 282.463 253.764 60.3282 193.436
internal_count=2362 2284 1708 1486 222 1232 1192 1071 249 822
is_linear=0
shrinkage=0.05


Tree=26
num_leaves=11
num_cat=0
split_feature=7 5 18 2 18 6 5 18 18 5
split_gain=16.9595 16.0697 13.7858 19.954 18.4979 15.2538 19.163 32.5077 45.4403 22.7198
threshold=-3.6658359999999997 59.299730000000004 264.50000000000006 6.6265090000000013 300.50000000000006 -11.164909999999997 20.564629500000002 382.50000000000006 315.50000000000006 12.114666000000001
decision_type=2 2 2 2 2 2 2 2 2 2
left_child=1 2 -1 5 -5 -4 7 8 -7 -9
right_child=-2 -3 3 4 -6 6 -8 9 -10 -11
leaf_value=-0.015009323954507625 0.063791708610967057 0.046283342437160195 0.055845686147722798 0.046994377025921893 -0.015629488879175046 0.074751752974582766 -0.0053968048706320932 -0.02689122143427888 -0.055580557231702958 0.070998066073612406
leaf_weight=158.14492231607437 10.25098806619644 17.273361518979073 19.16634313762188 12.845125168561934 143.80666328966618 10.045627892017366 100.32433117926121 7.0525509417057028 20.007030546665192 37.158684849739075
leaf_count=712 61 81 89 56 611 42 426 30 83 180
internal_value=9.73161e-05 -0.00114441 -0.00275533 0.00277512 -0.0104945 0.0135037 0.00885534 0.0281088 -0.0120147 0.0553828
internal_weight=536.076 525.825 508.551 350.406 156.652 193.755 174.588 74.2639 30.0527 44.2112
internal_count=2371 2310 2229 1517 667 850 761 335 125 210
is_linear=0
shrinkage=0.05


Tree=27
num_leaves=11
num_cat=0
split_feature=16 5 7 19 16 16 16 16 6 6
split_gain=16.0965 21.41 14.7835 16.381 23.3704 21.9739 26.9994 28.1678 23.3308 22.6449
threshold=622.50000000000011 25.896373000000004 -24.100376499999996 1.0000000180025095e-35 565.50000000000011 386.50000000000006 318.50000000000006 258.50000000000006 -13.160831 -9.1480694999999983
decision_type=2 2 2 2 2 2 2 2 2 2
left_child=2 -2 -1 4 -4 6 7 8 -5 -10
right_child=1 -3 3 5 -6 -7 -8 -9 9 -11
leaf_value=0.026883766063081183 0.038114979335289283 -0.0035119884935097094 -0.015565667333329989 -0.09263770459584908 -0.087523345146372986 0.018195374267623205 -0.050389662825446394 0.036243085705761978 0.047991216502016446 -0.0170998327038582
leaf_weight=33.97938896715641 57.818998530507088 66.320328325033188 75.932958215475082 8.7645477652549726 13.253133818507193 93.26182596385479 36.046292304992676 36.228811040520668 15.570845872163771 94.186239540576935
leaf_count=161 295 287 325 39 55 396 153 159 66 427
internal_value=0.000114472 0.0158761 -0.00469036 -0.0075648 -0.0262586 -0.00169548 -0.0114182 -0.00234047 -0.0141344 -0.0078656
internal_weight=531.363 124.139 407.224 373.245 89.1861 284.059 190.797 154.75 118.522 109.757
internal_count=2363 582 1781 1620 380 1240 844 691 532 493
is_linear=0
shrinkage=0.05


Tree=28
num_leaves=11
num_cat=0
split_feature=16 7 16 2 8 4 16 2 8 5
split_gain=15.7261 13.6433 12.6434 11.7313 15.4277 11.0066 11.356 28.8192 13.5928 13.1916
threshold=55.500000000000007 -3.6658359999999997 900.50000000000011 -13.342830999999999 67.500000000000014 1.3270845000000002 595.50000000000011 23.786204000000005 32.500000000000007 21.494803000000005
decision_type=2 2 2 2 2 2 2 2 2 2
left_child=-1 2 3 -2 5 6 8 9 -5 -8
right_child=1 -3 -4 4 -6 -7 7 -9 -10 -11
leaf_value=-0.052843307152229124 0.026720272393763806 0.062552141167598149 -0.068793511601402985 -0.055123034284756692 -0.05491027490226226 0.05340290045758507 0.049006158717592174 -0.039496815418579967 -0.0031662675043953644 0.010293602347627769
leaf_weight=13.584520101547239 42.129186064004898 9.0369846522808057 6.485244706273078 13.124748632311819 12.828090533614157 9.69328725337982 35.482876509428024 21.26378770172596 307.92354893684387 57.936512172222137
leaf_count=65 195 57 29 55 57 44 193 89 1331 249
internal_value=0.000259131 0.0016574 0.000571698 0.00147071 -0.000850591 0.000706311 -0.000465978 0.0130394 -0.00529031 0.0249975
internal_weight=529.489 515.904 506.867 500.382 458.253 445.425 435.731 114.683 321.048 93.4194
internal_count=2364 2299 2242 2213 2018 1961 1917 531 1386 442
is_linear=0
shrinkage=0.05


Tree=29
num_leaves=11
num_cat=0
split_feature=7 16 16 16 2 2 0 24 16 7
split_gain=13.8992 13.1027 11.884 19.671 26.0018 17.9682 14.7744 12.5217 16.8041 15.7957
threshold=-3.6658359999999997 55.500000000000007 101.50000000000001 180.50000000000003 26.972924000000003 9.1936845000000016 -1.1455764999999998 1.0000000180025095e-35 318.50000000000006 -6.941861499999999
decision_type=2 2 2 2 2 2 2 2 2 2
left_child=1 -1 6 4 -4 -5 -3 8 -7 -9
right_child=-2 2 3 5 -6 7 -8 9 -10 -11
leaf_value=-0.050783515941235695 0.061736281323918854 0.089640435379803624 -0.045122977683265647 0.0096402465950041413 0.044568818332904193 0.067069693225799573 0.0055922271385681448 -0.0067194243839145051 -0.0058473322131986187 -0.048867879374740041
leaf_weight=12.888316944241522 8.9816257506608945 8.1243886351585406 45.91581429541111 281.30182427167892 9.8062504529952985 9.689252555370329 14.66989244520664 58.002521097660065 42.818542972207069 36.041097596287727
leaf_count=63 59 37 224 1245 40 47 68 252 180 152
internal_value=6.77501e-05 -0.000998933 0.000268204 -0.00139482 -0.0293386 0.00224447 0.0355489 -0.0119515 0.00760803 -0.0228723
internal_weight=528.24 519.258 506.37 483.575 55.7221 427.853 22.7943 146.551 52.5078 94.0436
internal_count=2367 2308 2245 2140 264 1876 105 631 227 404
is_linear=0
shrinkage=0.05


Tree=30
num_leaves=11
num_cat=0
split_feature=5 16 6 6 7 6 7 7 16 16
split_gain=14.9619 14.407 13.3347 14.0594 11.7819 23.7267 17.1974 19.2429 13.9336 22.0074
threshold=59.299730000000004 228.50000000000003 -12.874794499999998 -1.4061024999999998 -5.0636754999999996 -2.3363894999999997 -7.8904974999999995 -7.4661974999999989 765.50000000000011 622.50000000000011
decision_type=2 2 2 2 2 2 2 2 2 2
left_child=1 -1 -3 4 6 -6 8 -8 9 -4
right_child=-2 2 3 -5 5 -7 7 -9 -10 -11
leaf_value=-0.016067564343750767 0.046349076769023057 0.04996240147748808 -0.0010435402845910303 0.060055171578862934 0.037729147476588822 -0.068222184289109603 -0.068101809962531859 -0.010054460524509234 -0.040100197563248161 0.038903622109041192
leaf_weight=123.97956445813179 17.066965088248253 14.865998417139052 172.10549111664295 10.029877141118048 39.860784217715263 6.0915288776159278 18.436456397175789 63.287957444787025 16.969742029905319 43.114576727151871
leaf_count=579 82 73 728 61 198 26 84 274 77 189
internal_value=0.00030002 -0.00124481 0.00353144 0.0016654 3.80081e-05 0.023684 -0.00342341 -0.0231495 0.00351964 0.00695899
internal_weight=525.809 508.742 384.762 369.896 359.867 45.9523 313.914 81.7244 232.19 215.22
internal_count=2371 2289 1710 1637 1576 224 1352 358 994 917
is_linear=0
shrinkage=0.05


Tree=31
num_leaves=11
num_cat=0
split_feature=16 16 7 16 16 2 0 2 7 4
split_gain=12.3145 11.8153 11.2965 10.641 20.4187 22.8826 15.2886 12.3825 11.1167 11.171
threshold=55.500000000000007 900.50000000000011 -3.6658359999999997 101.50000000000001 180.50000000000003 20.919033000000002 -1.2230564999999998 9.1936845000000016 -5.3596829999999995 0.80265700000000006
decision_type=2 2 2 2 2 2 2 2 2 2
left_child=-1 2 3 6 5 -5 -2 8 9 -6
right_child=1 -3 -4 4 7 -7 -8 -9 -10 -11
leaf_value=-0.048810474032858368 0.095610272533471152 -0.065810502303670429 0.060672017207183154 -0.0454243519808308 0.0052326925342881343 0.035345258808178202 0.0078673993801043913 -0.0085086885480003659 0.04491289706436459 0.078060355800442183
leaf_weight=12.497829020023344 7.0686921179294613 6.451689898967742 8.1502621471881849 43.444831281900406 249.31817255914211 10.986526265740393 16.678394839167595 142.89092239737511 20.652119174599648 5.3790930509567252
leaf_count=63 32 30 57 218 1101 46 78 618 100 25
internal_value=0.000225463 0.00142471 0.00228442 0.00132581 -0.000315018 -0.0291217 0.0339854 0.00343399 0.00963157 0.00677078
internal_weight=523.519 511.021 504.569 496.419 472.672 54.4314 23.7471 418.24 275.349 254.697
internal_count=2368 2305 2275 2218 2108 264 110 1844 1226 1126
is_linear=0
shrinkage=0.05


Tree=32
num_leaves=11
num_cat=0
split_feature=16 7 2 4 19 16 16 6 5 2
split_gain=11.3902 10.8743 10.4199 10.607 11.0152 22.9069 22.6481 26.7117 28.2645 19.0954
threshold=43.500000000000007 -3.6658359999999997 -13.342830999999999 1.2721910000000003 1.0000000180025095e-35 386.50000000000006 318.50000000000006 -15.284406499999998 25.539750000000005 14.614225000000003
decision_type=2 2 2 2 2 2 2 2 2 2
left_child=-1 2 -2 4 -4 6 7 -6 -9 -7
right_child=1 -3 3 -5 5 9 -8 8 -10 -11
leaf_value=-0.061206712902860949 0.02456627173268942 0.060145166906743479 -0.014372052151535732 0.045672369187030763 -0.094188710681206725 0.026385401380189424 -0.047094735246066485 -0.0079748657204663093 0.051603480824708753 -0.015821306324122538
leaf_weight=7.3815183192491522 41.133837565779686 7.7451628893613806 143.03391833603382 11.527279376983641 7.2496691495180121 114.33401617407799 33.78398959338665 93.832798063755035 25.267578572034836 35.002097100019455
leaf_count=38 195 56 638 54 33 517 145 425 114 147
internal_value=0.000461287 0.00134878 0.000447316 -0.0016907 -0.00289724 0.00240629 -0.0107303 -0.00100709 0.0046649 0.0164928
internal_weight=520.292 512.91 505.165 464.031 452.504 309.47 160.134 126.35 119.1 149.336
internal_count=2362 2324 2268 2073 2019 1381 717 572 539 664
is_linear=0
shrinkage=0.05


Tree=33
num_leaves=11
num_cat=0
split_feature=16 6 5 7 4 7 7 6 3 1
split_gain=13.6099 22.4976 20.4396 16.8421 16.6416 15.9004 15.3403 13.4376 12.2066 12.8745
threshold=496.50000000000006 -3.8619294999999996 22.277235500000003 -5.3596829999999995 -0.6730894999999999 -8.9462234999999968 -6.6763724999999994 -4.8626289999999992 6.7232870000000009 -1.0303179999999998
decision_type=2 2 2 2 2 2 2 2 2 2
left_child=1 3 6 5 -4 -1 -2 -7 9 -3
right_child=2 8 4 -5 -6 7 -8 -9 -10 -11
leaf_value=0.0042964350709165334 0.057924531703853414 0.023666461920046979 0.067706721939714859 0.054897333074561884 -0.0054505061019590479 -0.048681874404017556 0.0091220031136163577 0.011749369980827085 0.042330709675197538 -0.042746125635576268
leaf_weight=191.22289137542248 32.485917970538139 8.2465369999408704 8.3078706711530668 13.849627539515494 120.86795748770237 29.011974290013313 31.928470328450203 13.46996186673641 5.4787626415491095 63.403315424919128
leaf_count=846 174 37 45 67 527 135 171 58 26 279
internal_value=0.000234087 -0.00602239 0.0107272 0.00132412 -0.00074544 -0.0018507 0.0337344 -0.0295206 -0.029602 -0.0351024
internal_weight=518.273 324.683 193.59 247.554 129.176 233.705 64.4144 42.4819 77.1286 71.6499
internal_count=2365 1448 917 1106 572 1039 345 193 342 316
is_linear=0
shrinkage=0.05


Tree=34
num_leaves=11
num_cat=0
split_feature=5 16 6 8 6 2 5 5 16 16
split_gain=12.1881 13.1343 14.4062 13.3725 12.2922 13.2743 17.7535 13.1679 35.861 23.5286
threshold=59.299730000000004 234.50000000000003 -12.874794499999998 67.500000000000014 -1.4061024999999998 6.6265090000000013 12.114666000000001 20.564629500000002 382.50000000000006 351.50000000000006
decision_type=2 2 2 2 2 2 2 2 2 2
left_child=1 -1 -3 4 5 6 -4 8 9 -8
right_child=-2 2 3 -5 -6 -7 7 -9 -10 -11
leaf_value=-0.015153806133073645 0.042960643129804826 0.051937993577912005 -0.05809357799356063 -0.067788417614394941 0.059298048250613855 -0.0091010777523995653 0.023815893241245771 0.0034400145332733017 0.067868423553027038 -0.067830450230507211
leaf_weight=124.73969607055187 16.202657297253609 14.793039932847021 8.9422435313463193 6.8136699199676505 9.4139576554298383 160.55757354944944 21.377894133329395 108.15646505355835 33.611075520515442 10.415401503443716
leaf_count=595 80 76 38 28 61 713 91 466 172 44
internal_value=0.00028264 -0.00110362 0.0035815 0.00159051 0.00293167 0.00138491 0.01061 0.0141498 0.03186 -0.00620721
internal_weight=515.024 498.821 374.081 359.288 352.475 343.061 182.503 173.561 65.4044 31.7933
internal_count=2364 2284 1689 1613 1585 1524 811 773 307 135
is_linear=0
shrinkage=0.05


Tree=35
num_leaves=11
num_cat=0
split_feature=16 16 6 4 1 20 6 3 16 16
split_gain=11.7246 16.1984 13.2368 14.8136 14.2623 12.8483 16.2349 14.8915 10.6606 12.0988
threshold=616.50000000000011 664.50000000000011 -4.1072144999999987 0.90818900000000002 -1.0303179999999998 1.0000000180025095e-35 -4.8626289999999992 -4.1080299999999994 900.50000000000011 740.50000000000011
decision_type=2 2 2 2 2 2 2 2 2 2
left_child=2 -2 5 4 -4 -1 7 -7 9 -3
right_child=1 8 3 -5 -6 6 -8 -9 -10 -11
leaf_value=-0.0029677360982575175 0.047238089929784725 -0.014165715988474848 0.027124278385718022 0.052501206948320528 -0.030087655450496565 0.07912837240751841 0.069605490651332411 -0.0069400733786005283 -0.061898199645593337 0.023810638833924525
leaf_weight=231.32940125465393 28.312261119484901 35.314004644751549 12.387873172760008 6.8994898349046698 90.283227950334549 6.0033978670835486 14.451216518878935 30.85635270178318 5.7516727447509757 51.643596217036247
leaf_count=1046 134 155 57 34 407 27 62 137 28 279
internal_value=0.000531736 0.0141365 -0.00366617 -0.0184189 -0.0231847 0.00205297 0.0246882 0.00707801 0.00402765 0.00838821
internal_weight=513.232 121.022 392.211 109.571 102.671 282.64 51.311 36.8598 92.7093 86.9576
internal_count=2366 596 1770 498 464 1272 226 164 462 434
is_linear=0
shrinkage=0.05


Tree=36
num_leaves=11
num_cat=0
split_feature=16 16 2 2 16 16 3 2 8 7
split_gain=11.9781 15.9529 17.9484 10.7209 15.2328 13.779 13.6009 10.0875 18.969 11.6887
threshold=180.50000000000003 147.50000000000003 -10.063679499999997 26.972924000000003 105.50000000000001 77.500000000000014 0.28352100000000008 -13.342830999999999 67.500000000000014 -32.354953999999992
decision_type=2 2 2 2 2 2 2 2 2 2
left_child=1 2 -1 4 5 -4 -7 9 -9 -2
right_child=7 -3 3 -5 -6 6 -8 8 -10 -11
leaf_value=0.071461439898109741 -0.020350168522489328 -0.054964992155694642 -0.030341189917371086 0.038116721333473415 -0.060188335200469373 0.076995804606106777 -0.021197346326580255 0.0021976930300430836 -0.07803447441276512 0.047833122721804261
leaf_weight=6.8288759440183631 8.5541588068008405 21.380852222442627 19.493752360343933 8.4502360522747022 17.726500913500786 8.0959056466817838 6.2481710761785498 386.38460563868284 7.5101221203804007 23.702244654297829
leaf_count=33 38 115 100 35 91 36 29 1752 32 114
internal_value=-0.000602299 -0.0173715 -0.00534667 -0.0140864 -0.0226414 -0.00297175 0.0342236 0.00286936 0.000667961 0.0297514
internal_weight=514.375 88.2243 66.8434 60.0146 51.5643 33.8378 14.3441 426.151 393.895 32.2564
internal_count=2375 439 324 291 256 165 65 1936 1784 152
is_linear=0
shrinkage=0.05


Tree=37
num_leaves=11
num_cat=0
split_feature=16 16 5 4 2 8 7 19 16 16
split_gain=11.701 14.0237 15.3947 12.4968 11.6283 14.176 15.733 19.0233 20.9779 25.9733
threshold=900.50000000000011 616.50000000000011 26.029478000000005 -0.3047244999999999 48.871490500000007 42.500000000000007 -24.100376499999996 1.0000000180025095e-35 398.50000000000006 321.50000000000006
decision_type=2 2 2 2 2 2 2 2 2 2
left_child=1 4 -3 -4 5 -1 -7 -8 9 -9
right_child=-2 2 3 -5 -6 6 7 8 -10 -11
leaf_value=-0.024081219449347255 -0.070181220509554817 0.03661564628051224 0.06044044097560014 -0.0091734240168207023 0.041518303983369649 0.036862176305133741 -0.02519538354794448 0.0052844847929063429 0.02920187771789047 -0.0457805812964725
leaf_weight=78.335916414856911 5.8530892729759207 51.567762576043606 7.3471114784479132 52.611538231372833 13.853790014982222 26.131936237215996 75.220769986510277 111.70771692693233 59.508517354726791 32.044287726283073
leaf_count=352 29 289 37 227 64 135 329 518 261 140
internal_value=0.000110354 0.000919717 0.0165846 -0.000643198 -0.0034831 -0.00511109 -0.000232636 -0.00371351 0.0042363 -0.00609862
internal_weight=514.182 508.329 111.526 59.9586 396.803 382.949 304.613 278.481 203.261 143.752
internal_count=2381 2352 553 264 1799 1735 1383 1248 919 658
is_linear=0
shrinkage=0.05


Tree=38
num_leaves=11
num_cat=0
split_feature=16 7 16 16 2 16 6 4 6 7
split_gain=11.4273 10.3658 8.10555 8.7021 24.9791 17.8203 11.0168 14.8981 14.4763 12.2075
threshold=37.500000000000007 -3.6658359999999997 900.50000000000011 622.50000000000011 23.786204000000005 676.50000000000011 -4.1072144999999987 0.9561845000000001 -4.4087219999999991 -24.100376499999996
decision_type=2 2 2 2 2 2 2 2 2 2
left_child=-1 2 3 6 5 -5 8 -8 9 -2
right_child=1 -3 -4 4 -6 -7 7 -9 -10 -11
leaf_value=-0.06607085373314639 0.030365897004038706 0.059099803817391196 -0.059393627792471204 0.06163608704580828 -0.030818910819730927 0.010286358754429403 -0.021981051181812771 0.057059687659275653 0.041636326234715706 -0.005155761682443926
leaf_weight=6.5852961838245383 27.005272194743156 7.3665126413106909 5.8038146644830695 25.171078577637672 24.519387751817703 51.39216872304678 98.571894310414791 6.3454516083002082 21.084540039300919 231.75859980285168
leaf_count=36 142 58 30 120 103 260 449 32 96 1030
internal_value=-0.000636143 0.000227366 -0.000654731 4.69485e-05 0.0131024 0.0271682 -0.00338287 -0.0172006 0.00179751 -0.00144863
internal_weight=505.604 499.019 491.652 485.848 101.083 76.5632 384.766 104.917 279.848 258.764
internal_count=2356 2320 2262 2232 483 380 1749 481 1268 1172
is_linear=0
shrinkage=0.05


Tree=39
num_leaves=11
num_cat=0
split_feature=16 16 7 3 7 2 16 4 2 7
split_gain=10.429 13.3184 8.99818 16.266 17.9491 13.1951 12.2542 8.36981 9.36488 11.9673
threshold=619.50000000000011 664.50000000000011 -3.6658359999999997 2.2649230000000005 -7.4350499999999995 20.528792500000005 790.50000000000011 1.3270845000000002 -8.2785889999999984 -10.9414605
decision_type=2 2 2 2 2 2 2 2 2 2
left_child=7 -2 3 -3 5 6 -5 8 9 -1
right_child=1 2 -4 4 -6 -7 -8 -9 -10 -11
leaf_value=0.0030995644415557121 0.04541492417337465 0.018750908470285974 0.058618331760240408 0.078357626212994025 -0.066412993598122569 -0.045295615337038284 -0.0255702779690717 0.051839002266513806 -0.0093806224321783 0.064924256292420476
leaf_weight=80.497543320059776 24.86886528134346 46.71660678088665 6.9576718136668196 7.3652659729123133 15.545325353741644 7.7800150960683814 4.6127058491110802 6.5672926008701316 294.92556007951498 8.6703682690858823
leaf_count=385 123 230 57 41 70 32 24 34 1327 36
internal_value=-0.000249968 0.0130668 0.00402562 -0.000605423 -0.0262195 0.0054042 0.0383351 -0.00413074 -0.00508772 0.00911118
internal_weight=504.507 113.846 88.9776 82.0199 35.3033 19.758 11.978 390.661 384.093 89.1679
internal_count=2359 577 454 397 167 97 65 1782 1748 421
is_linear=0
shrinkage=0.05


Tree=40
num_leaves=11
num_cat=0
split_feature=6 16 16 16 3 19 16 16 6 6
split_gain=9.28472 9.00017 8.24665 10.1949 13.8786 7.07626 15.9165 22.6042 19.7401 14.9296
threshold=-19.457300999999998 37.500000000000007 900.50000000000011 837.50000000000011 4.2517015000000011 1.0000000180025095e-35 740.50000000000011 705.50000000000011 -15.284406499999998 -3.0641699999999994
decision_type=2 2 2 2 2 2 2 2 2 2
left_child=-1 -2 3 5 -5 -3 7 8 -7 -10
right_child=1 2 -4 4 -6 6 -8 -9 9 -11
leaf_value=0.059997118196120261 -0.064779831099648216 -0.0091938324099821913 -0.058761531903278236 0.069125053162895439 -0.024605035255786094 -0.064445986060275268 0.061450603276194393 -0.082147030533677792 0.012778826452432277 -0.013562247194035088
leaf_weight=6.6056658327579489 5.2521322667598715 138.18770709633827 5.7014508545398703 12.146861150860788 5.8520696908235541 10.106284663081167 11.743105724453924 7.7540016323328009 229.39669138938189 70.270365804433823
leaf_count=36 30 625 30 65 34 50 87 32 1046 325
internal_value=0.00110929 0.000325676 0.00102187 0.001724 0.0386502 0.000302198 0.00428748 0.00217342 0.00428406 0.00660198
internal_weight=503.016 496.411 491.159 485.457 17.9989 467.458 329.27 317.527 309.773 299.667
internal_count=2360 2324 2294 2264 99 2165 1540 1453 1421 1371
is_linear=0
shrinkage=0.05


Tree=41
num_leaves=11
num_cat=0
split_feature=5 16 5 19 2 16 16 16 16 7
split_gain=9.99195 11.1892 11.8888 11.6392 16.1644 17.5124 25.397 20.601 24.0401 17.4571
threshold=61.281258000000008 228.50000000000003 11.608455500000003 1.0000000180025095e-35 29.157798500000002 374.50000000000006 496.50000000000006 324.50000000000006 297.50000000000006 -16.226709499999995
decision_type=2 2 2 2 2 2 2 2 2 2
left_child=1 -1 -3 4 5 7 9 8 -4 -7
right_child=-2 2 3 -5 -6 6 -8 -9 -10 -11
leaf_value=-0.014175420641625129 0.042893353268762181 -0.050784843495569248 0.043460015929149172 0.012165383293772113 -0.071133502141681251 0.014501423469400546 0.0033885140915769253 0.084766008184857355 -0.079336051003633973 -0.077706958092760903
leaf_weight=115.68545074760914 13.576122149825094 9.7742777839302999 10.785275071859365 223.32443057745695 8.983731806278227 6.9557048529386547 74.750751025974751 11.435264840722082 6.3220572918653479 19.58842308819294
leaf_count=568 70 44 46 1048 41 29 354 46 26 85
internal_value=0.000583264 -0.000594752 0.00362951 0.00509814 -0.00627106 -0.00178309 -0.0115306 0.03281 -0.00191958 -0.0535444
internal_weight=501.181 487.605 371.92 362.146 138.821 129.837 101.295 28.5426 17.1073 26.5441
internal_count=2357 2287 1719 1675 627 586 468 118 72 114
is_linear=0
shrinkage=0.05


Tree=42
num_leaves=11
num_cat=0
split_feature=5 20 16 16 6 5 7 7 5 16
split_gain=11.3805 9.98551 15.9962 22.8493 14.3411 13.5365 11.001 19.6946 17.1765 20.3517
threshold=61.281258000000008 1.0000000180025095e-35 740.50000000000011 705.50000000000011 -3.0641699999999994 13.3557085 -8.9462234999999968 -6.556462999999999 13.3557085 234.50000000000003
decision_type=2 2 2 2 2 2 2 2 2 2
left_child=1 6 3 4 5 -3 8 -8 -1 -10
right_child=-2 2 -4 -5 -6 -7 7 -9 9 -11
leaf_value=0.060420293771710931 0.04507573811931187 0.077352454599510068 0.051283273893931683 -0.079454053089941343 -0.016143064974654807 0.012838355138139308 -0.045070064443216089 0.01103243154694216 -0.029637918496427149 0.0034507440179804244
leaf_weight=10.60716676712036 13.392038956284521 9.1262945160269719 19.463584274053574 7.9478884786367408 41.266403518617153 74.545039415359497 42.751032143831253 24.67015565931797 61.218820750713348 192.90378203988075
leaf_count=50 71 40 134 33 185 341 210 136 298 850
internal_value=-0.000392329 -0.00164911 0.00894967 0.00274912 0.00797846 0.0198751 -0.0065105 -0.0245415 -0.00191837 -0.0045204
internal_weight=497.892 484.5 152.349 132.886 124.938 83.6713 332.151 67.4212 264.73 254.123
internal_count=2348 2277 733 599 566 381 1544 346 1198 1148
is_linear=0
shrinkage=0.05


Tree=43
num_leaves=11
num_cat=0
split_feature=16 7 3 2 4 16 7 19 5 16
split_gain=10.2661 8.73917 7.60616 14.1063 18.0861 17.5088 16.8572 16.6919 16.5332 15.1639
threshold=43.500000000000007 -3.6658359999999997 0.42119500000000004 11.943172500000001 0.7768425000000001 240.50000000000003 -14.655997999999999 1.0000000180025095e-35 19.715719500000002 342.50000000000006
decision_type=2 2 2 2 2 2 2 2 2 2
left_child=-1 2 -2 4 5 -4 7 -7 -8 -5
right_child=1 -3 3 9 -6 6 8 -9 -10 -11
leaf_value=-0.057586931492458887 0.0058612236884643797 0.057541920372392544 -0.038584390216339783 0.0068438820477201394 0.068526240123218549 -0.054607071209019413 -0.0032866509635868686 0.012728052702932306 0.045419240981532424 -0.037795668802083515
leaf_weight=7.6520228683948508 258.61256167292595 6.6878390908241263 26.106293559074402 28.680420458316803 9.7929043024778348 18.042509138584137 34.155955031514168 18.787329450249672 35.566295742988586 56.50638709962368
leaf_count=45 1210 61 130 139 47 79 155 101 157 249
internal_value=-0.000117186 0.000774933 -5.83386e-06 -0.00667122 0.00295391 -0.00188667 0.00710463 -0.0202586 0.0215589 -0.0227666
internal_weight=500.591 492.938 486.251 227.638 142.451 132.658 106.552 36.8298 69.7223 85.1868
internal_count=2373 2328 2267 1057 669 622 492 180 312 388
is_linear=0
shrinkage=0.05


Tree=44
num_leaves=11
num_cat=0
split_feature=16 8 16 16 7 19 16 16 16 2
split_gain=8.54616 10.8058 18.9955 22.4381 14.3924 13.5627 14.3521 27.3344 26.3556 19.5479
threshold=610.50000000000011 42.500000000000007 550.50000000000011 321.50000000000006 -24.100376499999996 1.0000000180025095e-35 394.50000000000006 321.50000000000006 264.50000000000006 14.614225000000003
decision_type=2 2 2 2 2 2 2 2 2 2
left_child=1 2 3 -1 -3 -6 7 8 -7 -8
right_child=-2 4 -4 -5 5 6 9 -9 -10 -11
leaf_value=-0.034340965096587572 0.011810328119013468 0.036016635935060458 -0.080138565330529279 0.023012143819110875 -0.021247977681005732 -0.0041098127542064222 0.037731441329455301 -0.044054223485175237 0.057972001702605837 -0.044013554214916428
leaf_weight=40.488644853234291 115.63298136740923 26.270833611488342 11.267344772815703 29.463046923279762 72.703488498926163 92.33719402551651 48.036827385425568 33.4511908441782 20.979880839586258 8.6267318427562696
leaf_count=198 603 140 48 125 324 437 214 148 98 35
internal_value=-0.000104986 -0.00369652 -0.0198889 -0.0101843 0.000652372 -0.0027121 0.00391235 -0.00433956 0.00738421 0.0252862
internal_weight=499.258 383.625 81.219 69.9517 302.406 276.135 203.432 146.768 113.317 56.6636
internal_count=2370 1767 371 323 1396 1256 932 683 535 249
is_linear=0
shrinkage=0.05


Tree=45
num_leaves=11
num_cat=0
split_feature=16 16 3 4 8 5 2 5 2 2
split_gain=9.51416 11.5336 10.9173 18.0161 10.5042 10.5614 10.0736 16.6732 9.99572 12.4554
threshold=900.50000000000011 622.50000000000011 2.0056050000000005 0.46237650000000002 52.500000000000007 22.831983500000003 24.663233500000004 35.578937500000002 -8.2785889999999984 32.607265500000004
decision_type=2 2 2 2 2 2 2 2 2 2
left_child=1 8 4 -4 -3 -6 -5 -8 -1 -10
right_child=-2 2 3 6 5 -7 7 -9 9 -11
leaf_value=0.0098899221441464749 -0.066479934374118005 0.044909803126302911 -0.032473330041708381 0.065711983883085301 0.056763321796459688 -0.026389104875407056 0.04423678326659311 -0.070048054537337409 -0.011922356714345973 0.026873433938071151
leaf_weight=92.1948631554842 5.5264956355094901 36.835104756057262 25.075825855135918 10.23660182207823 5.4489438980817821 12.763173609971998 8.2219824343919736 5.2160085886716834 272.25821949541569 22.389911249279976
leaf_count=442 30 185 124 54 33 59 66 23 1248 108
internal_value=-0.00124233 -0.000507505 0.0142919 -0.00293916 0.0295519 -0.00151045 0.0283431 -0.000123322 -0.00447847 -0.00897432
internal_weight=496.167 490.641 103.798 48.7504 55.0472 18.2121 23.6746 13.438 386.843 294.648
internal_count=2372 2342 544 267 277 92 143 89 1798 1356
is_linear=0
shrinkage=0.05


Tree=46
num_leaves=11
num_cat=0
split_feature=16 6 16 16 6 2 5 0 2 7
split_gain=8.52347 8.37214 8.51708 13.3835 19.0433 10.0566 10.0192 12.1692 7.94156 11.0307
threshold=43.500000000000007 -20.264350499999995 101.50000000000001 177.50000000000003 -9.1480694999999983 12.864071000000001 19.155715500000003 -0.89297899999999986 6.1343225000000006 -5.7190374999999998
decision_type=2 2 2 2 2 2 2 2 2 2
left_child=-1 -2 6 4 -4 -6 7 -3 9 -5
right_child=1 2 3 8 5 -7 -8 -9 -10 -11
leaf_value=-0.055682516765584666 0.066153389225440076 0.11147892116783041 0.025243599796460139 0.0046970201006359688 -0.060053621360925041 0.0044128245431801407 -0.0031115862039188128 0.01417021516916241 -0.0066418196073221155 0.051011005960625411
leaf_weight=6.8172612637281409 4.8246838450431815 5.9564297944307327 12.932582408189772 215.41745113581419 27.264197751879692 7.7746462225913993 13.047465935349463 6.9754721373319644 176.90727024525404 13.672332085669039
leaf_count=42 28 26 61 996 153 36 66 34 835 72
internal_value=-0.000163629 0.000617122 -4.16824e-05 -0.00163506 -0.0266104 -0.0457494 0.0278014 0.0589906 0.00131595 0.00746109
internal_weight=491.59 484.773 479.948 453.968 47.9714 35.0388 25.9794 12.9319 405.997 229.09
internal_count=2349 2307 2279 2153 250 189 126 60 1903 1068
is_linear=0
shrinkage=0.05


Tree=47
num_leaves=11
num_cat=0
split_feature=20 7 2 3 5 7 2 16 7 16
split_gain=8.05121 12.2565 13.4583 11.1751 12.7009 14.8818 10.6015 15.4462 12.0758 8.66204
threshold=1.0000000180025095e-35 -7.0844174999999998 7.157556500000001 -3.8546354999999997 14.243292500000001 -11.186844499999998 7.3703410000000007 800.50000000000011 -5.3596829999999995 598.50000000000011
decision_type=2 2 2 2 2 2 2 2 2 2
left_child=-1 2 3 -2 -5 9 8 -8 -3 -6
right_child=1 6 -4 4 5 -7 7 -9 -10 -11
leaf_value=-0.0043534019077603615 0.073945876065311208 -0.013773185934857424 0.07494403919689277 0.039417676180341116 -0.012782123484495254 -0.05182691134998102 -0.032784747417722852 0.03641936480588899 0.046604175841542972 0.058858759324374378
leaf_weight=341.2668084576726 7.1008958816528311 15.589712902903555 11.348006039857863 18.675396092236042 9.7884688973426837 13.642799839377405 38.560079142451286 10.19475397467613 17.665642581880093 7.4158546626567832
leaf_count=1624 34 69 56 90 48 60 168 74 90 45
internal_value=-0.000109925 0.00954565 0.0252458 0.0152857 0.00687459 -0.0128276 -0.00346693 -0.018314 0.0183 0.0180984
internal_weight=491.248 149.982 67.9714 56.6234 49.5225 30.8471 82.0102 48.7548 33.2554 17.2043
internal_count=2358 734 333 277 243 153 401 242 159 93
is_linear=0
shrinkage=0.05


Tree=48
num_leaves=11
num_cat=0
split_feature=16 6 7 2 6 16 16 19 2 16
split_gain=7.92352 7.27489 8.24318 9.40767 10.6228 10.1755 8.20455 7.42124 12.3577 13.0589
threshold=37.500000000000007 -18.340320499999994 -32.354953999999992 -13.342830999999999 -15.494007499999999 183.50000000000003 168.50000000000003 1.0000000180025095e-35 29.157798500000002 378.50000000000006
decision_type=2 2 2 2 2 2 2 2 2 2
left_child=-1 -2 -3 5 -5 6 -4 8 9 -6
right_child=1 2 3 4 7 -7 -8 -9 -10 -11
leaf_value=-0.061988937250091664 0.048657685365703487 -0.058040770678465747 0.033350203948618824 -0.056289801152420361 0.019080218095097273 0.050589156067642062 -0.057897880354707568 0.0043951496028406022 -0.067247201651075131 -0.016129122201080259
leaf_weight=5.0904153138399115 7.786722093820571 6.053131788969039 4.9173069000244158 8.5523964464664441 37.333627745509148 18.414900064468384 4.9366127997636795 297.81727232038975 8.7337300330400449 89.390127651393414
leaf_count=33 45 27 26 45 174 94 25 1428 42 415
internal_value=6.65473e-05 0.000719295 -6.46669e-05 0.000681855 -0.00110729 0.0286453 -0.0123632 -1.80439e-05 -0.00972091 -0.00575623
internal_weight=489.026 483.936 476.149 470.096 441.827 28.2688 9.85392 433.275 135.457 126.724
internal_count=2354 2321 2276 2249 2104 145 51 2059 631 589
is_linear=0
shrinkage=0.05


Tree=49
num_leaves=11
num_cat=0
split_feature=16 2 7 3 2 3 16 16 5 2
split_gain=7.84673 7.22829 7.08627 8.38882 14.5096 16.2602 14.3897 13.7794 15.8786 13.1786
threshold=55.500000000000007 48.871490500000007 -3.6658359999999997 0.42119500000000004 23.786204000000005 8.970025500000002 195.50000000000003 105.50000000000001 19.322023500000004 16.667897500000006
decision_type=2 2 2 2 2 2 2 2 2 2
left_child=-1 2 3 7 5 6 -5 8 -2 -9
right_child=1 -3 -4 4 -6 -7 -8 9 -10 -11
leaf_value=-0.043634706810525198 0.094393011513092179 0.038178775632342031 0.056427296448792991 -0.057093777543215124 -0.038061754754579291 0.050221179999763103 -0.0021894281199487677 -0.00075420340874686486 -0.0059575034010838661 0.04397517214927376
leaf_weight=9.9589580297470075 9.0295239984989184 12.86476346850395 5.5350594148039809 12.943500727415083 33.351676747202873 13.690834298729895 152.97613818198442 215.92097370326519 6.9963191747665396 17.826860621571541
leaf_count=61 39 62 57 73 152 63 715 1036 36 76
internal_value=0.000295036 0.00120433 0.000188535 -0.00048417 -0.00777498 -0.00215106 -0.00647255 0.00573213 0.0505835 0.0026571
internal_weight=491.095 481.136 468.271 462.736 212.962 179.61 165.92 249.774 16.0258 233.748
internal_count=2370 2309 2247 2190 1003 851 788 1187 75 1112
is_linear=0
shrinkage=0.05


Tree=50
num_leaves=11
num_cat=0
split_feature=7 5 6 16 5 16 0 5 16 3
split_gain=7.99441 10.4192 15.9372 10.2125 10.152 10.4836 10.1205 9.59345 9.52329 17.6607
threshold=-18.736676499999998 50.745927500000008 -11.897619999999998 610.50000000000011 40.70950650000001 900.50000000000011 6.5749295000000005 59.299730000000004 207.50000000000003 0.12222000000000001
decision_type=2 2 2 2 2 2 2 2 2 2
left_child=8 2 -2 6 5 -5 -4 -3 -1 -10
right_child=1 7 3 4 -6 -7 -8 -9 9 -11
leaf_value=-0.012708021890792273 0.054778770617069622 -0.065098836910273752 -0.0088990191427947545 0.021069603998553399 -0.039852647289299603 -0.054419124120960775 0.036428744179461209 0.011316273698598691 0.059696862891746062 -3.8626105958659889e-05
leaf_weight=20.369674265384674 12.63949580490589 12.057002305984499 280.71415162831545 83.221406944096088 8.6547901630401594 4.8683069795370093 12.879379734396933 6.2293830066919318 23.234341830015182 26.469230830669403
leaf_count=103 54 56 1292 451 39 28 61 30 129 135
internal_value=0.000447361 -0.00215383 -0.000478757 -0.00226804 0.0118208 0.0168977 -0.00691058 -0.0390675 0.0160851 0.0278852
internal_weight=491.337 421.264 402.978 390.338 96.7445 88.0897 293.594 18.2864 70.0732 49.7036
internal_count=2378 2011 1925 1871 518 479 1353 86 367 264
is_linear=0
shrinkage=0.05


Tree=51
num_leaves=11
num_cat=0
split_feature=2 5 20 16 16 6 6 16 7 16
split_gain=9.26446 8.3312 7.87578 13.0856 21.833 14.1488 10.3242 15.4548 20.5188 14.8834
threshold=38.239763500000002 59.299730000000004 1.0000000180025095e-35 740.50000000000011 705.50000000000011 -3.0641699999999994 -5.2984354999999992 228.50000000000003 -17.583693999999998 574.50000000000011
decision_type=2 2 2 2 2 2 2 2 2 2
left_child=1 2 6 4 5 -4 7 -1 -9 -8
right_child=-2 -3 3 -5 -6 -7 9 8 -10 -11
leaf_value=-0.021690401633968417 0.031942737237453465 0.044130153863769797 0.020149793041103186 0.053285823511693975 -0.07792447427658139 -0.016611889592096807 -0.032741328907196832 0.049548840083775886 0.00010128384067846811 0.0065330260862118822
leaf_weight=57.972868040204048 22.260759882628918 9.9651102870702726 79.086325794458389 14.169565074145792 7.8894406557083121 39.121103294193745 69.700629860162735 25.522500663995743 117.87434510886669 36.889742709696293
leaf_count=304 117 58 372 111 33 178 326 133 511 193
internal_value=0.000442896 -0.00108749 -0.00209278 0.00772782 0.00260845 0.0079834 -0.00656577 9.4822e-05 0.00890221 -0.0191489
internal_weight=480.452 458.192 448.227 140.266 126.097 118.207 307.96 201.37 143.397 106.59
internal_count=2336 2219 2161 694 583 550 1467 948 644 519
is_linear=0
shrinkage=0.05


Tree=52
num_leaves=11
num_cat=0
split_feature=4 7 3 2 16 7 5 7 16 8
split_gain=7.06457 6.87503 6.13058 11.6521 14.0017 13.8692 23.165 11.0468 11.0222 10.8022
threshold=1.2721910000000003 -3.6658359999999997 0.42119500000000004 11.943172500000001 195.50000000000003 -14.655997999999999 19.715719500000002 -6.1254514999999996 402.50000000000006 52.500000000000007
decision_type=2 2 2 2 2 2 2 2 2 2
left_child=1 2 9 4 -4 -6 8 -8 -7 -1
right_child=-2 -3 3 -5 5 6 7 -9 -10 -11
leaf_value=0.016293547524794279 0.041556498278018023 0.055826904640033162 -0.051516832943717242 -0.023817107434175873 -0.016393728463981651 -0.033510470016712805 0.058427335755610238 -0.013510421694403522 0.018000262635233393 -0.0046414242802754859
leaf_weight=101.84229368716478 10.001933634281157 5.2805945053696624 11.699866905808447 74.213446736335754 45.352378189563751 20.647741124033928 31.777543462812901 6.4136745780706397 20.89451465010643 156.00838147103786
leaf_count=503 52 59 69 346 228 92 143 29 99 743
internal_value=-2.86111e-05 -0.000905862 -0.00154484 -0.00786528 0.000789427 0.00568188 0.0182385 0.0463464 -0.00760211 0.00362718
internal_weight=484.132 474.13 468.85 210.999 136.786 125.086 79.7335 38.1912 41.5423 257.851
internal_count=2363 2311 2252 1006 660 591 363 172 191 1246
is_linear=0
shrinkage=0.05


Tree=53
num_leaves=11
num_cat=0
split_feature=4 2 8 20 16 16 16 16 2 2
split_gain=5.76654 5.40804 9.27957 12.4551 9.97872 11.2735 25.639 9.09664 15.1277 11.4371
threshold=1.3270845000000002 -13.342830999999999 57.500000000000007 1.0000000180025095e-35 105.50000000000001 258.50000000000006 333.50000000000006 225.50000000000003 9.1936845000000016 30.061026500000001
decision_type=2 2 2 2 2 2 2 2 2 2
left_child=1 -1 7 4 -4 -6 -7 9 -9 -3
right_child=-2 2 3 -5 5 6 -8 8 -10 -11
leaf_value=0.018359365502800349 0.041269056863954448 -0.022379753466465847 0.026301219343952 0.019583965914542367 -0.070460830277935371 0.077508176561492254 -0.035735524858944344 0.016364241284617328 -0.0066855970021110801 0.038650602551674969
leaf_weight=38.324804976582527 8.7655067369341833 57.983619168400764 7.9084747582674018 18.991923503577709 15.257086127996443 5.7823460549116126 36.857068032026291 160.97601287066936 127.61284304410219 8.8479030877351743
leaf_count=197 46 310 44 86 75 24 167 773 619 37
internal_value=0.00108094 0.000344806 -0.00122352 -0.0160857 -0.0263803 -0.0335764 -0.0203785 0.00232232 0.00617169 -0.0142999
internal_weight=487.308 478.542 440.217 84.7969 65.805 57.8965 42.6394 355.42 288.589 66.8315
internal_count=2378 2332 2135 396 310 266 191 1739 1392 347
is_linear=0
shrinkage=0.05


Tree=54
num_leaves=11
num_cat=0
split_feature=16 16 3 4 16 16 8 16 16 16
split_gain=6.69075 7.76948 11.2218 13.9986 10.7471 14.6365 10.3425 11.7965 18.7038 14.0252
threshold=900.50000000000011 622.50000000000011 1.8080535000000004 0.46237650000000002 715.50000000000011 837.50000000000011 42.500000000000007 550.50000000000011 321.50000000000006 410.50000000000006
decision_type=2 2 2 2 2 2 2 2 2 2
left_child=1 6 4 -4 -3 -6 7 8 -1 -10
right_child=-2 2 3 -5 5 -7 -8 -9 9 -11
leaf_value=-0.033267310645994308 -0.055053950019953057 0.054357394953234453 -0.029510249529503454 0.025682397164104011 -0.012608416725024397 0.068163747124791549 0.0016492090411311508 -0.062358410199124074 0.0694790721151574 -0.0043063836958579533
leaf_weight=37.995996862649918 5.4520566612482062 23.2827033624053 25.570675194263458 20.861041441559792 21.257992275059227 7.6186510473489752 303.11613381654024 12.895036570727823 9.5963272750377673 19.582780420780182
leaf_count=193 32 120 129 139 110 45 1442 59 41 84
internal_value=2.47456e-05 0.000648046 0.0131659 -0.00471306 0.0290815 0.00870206 -0.0025727 -0.0185553 -0.0101468 0.0199599
internal_weight=487.229 481.777 98.5911 46.4317 52.1593 28.8766 383.186 80.0701 67.1751 29.1791
internal_count=2394 2362 543 268 275 155 1819 377 318 125
is_linear=0
shrinkage=0.05


Tree=55
num_leaves=11
num_cat=0
split_feature=4 16 16 3 5 16 6 16 7 3
split_gain=9.80854 7.81251 8.63587 12.3932 16.3245 11.4182 19.3496 7.33736 6.08828 19.9558
threshold=1.3270845000000002 55.500000000000007 105.50000000000001 0.49569200000000008 19.155715500000003 180.50000000000003 -9.1480694999999983 141.50000000000003 -16.226709499999995 0.12222000000000001
decision_type=2 2 2 2 2 2 2 2 2 2
left_child=1 -1 3 4 -3 6 7 -4 9 -7
right_child=-2 2 5 -5 -6 8 -8 -9 -10 -11
leaf_value=-0.043782428761801558 0.052922058882538085 0.090787705417725878 0.057467469327527387 -0.036583933428062758 -0.0060538861128374404 0.035778211640217709 -0.045353894972185373 -0.019668869584146976 -0.0021570981338404726 -0.013782309572316132
leaf_weight=10.492250531911848 8.5483411401510221 10.257463365793233 7.7595585882663709 5.4295108616352072 7.5581614077091208 44.530971124768257 33.317346170544624 5.1152220517396927 309.93525548279285 37.344727456569672
leaf_count=67 46 44 35 30 39 227 193 29 1461 190
internal_value=-0.000158023 -0.00111988 -0.000149413 0.0295487 0.0497033 -0.00172551 -0.0252372 0.0268208 0.00104637 0.0131729
internal_weight=480.289 471.74 461.248 23.2451 17.8156 438.003 46.1921 12.8748 391.811 81.8757
internal_count=2361 2315 2248 113 83 2135 257 64 1878 417
is_linear=0
shrinkage=0.05


Tree=56
num_leaves=11
num_cat=0
split_feature=5 12 5 2 16 5 7 16 24 16
split_gain=5.54178 7.82141 7.26571 12.1361 7.56231 15.1677 17.5395 13.815 13.1977 15.7748
threshold=61.281258000000008 27.506195000000002 56.435234500000007 48.871490500000007 231.50000000000003 13.3557085 -7.0844174999999998 153.50000000000003 1.0000000180025095e-35 177.50000000000003
decision_type=2 2 2 2 2 2 2 2 2 2
left_child=2 -2 3 4 5 6 -1 -7 -9 -10
right_child=1 -3 -4 -5 -6 7 -8 8 9 -11
leaf_value=0.041017856289207552 0.065166625487431462 -0.015779838452939961 -0.055036790848601094 0.063788717279787951 0.0025758819443032713 -0.0040837718902700347 -0.062011227136238523 -0.067618551953879377 -0.061840382677743201 0.040842167163495834
leaf_weight=21.083836063742641 7.5201661363244039 4.947528287768364 6.0790778845548621 7.334850385785102 349.36138842254877 45.865221977233887 5.1373542100191107 23.943213522434235 7.1080967336893064 7.8944175094366074
leaf_count=103 47 24 28 36 1674 241 34 119 47 38
internal_value=0.000139845 0.0330448 -0.000726011 -2.0132e-05 -0.00103672 -0.0124037 0.020832 -0.0226793 -0.0445786 -0.00780818
internal_weight=486.275 12.4677 473.807 467.728 460.394 111.032 26.2212 84.8109 38.9457 15.0025
internal_count=2391 71 2320 2292 2256 582 137 445 204 85
is_linear=0
shrinkage=0.05


Tree=57
num_leaves=11
num_cat=0
split_feature=16 16 16 8 7 7 2 16 0 2
split_gain=6.56616 5.23475 12.5674 7.41257 16.7095 22.1399 12.0731 12.2924 8.02526 9.35664
threshold=37.500000000000007 622.50000000000011 664.50000000000011 42.500000000000007 -14.943362999999998 -11.346329999999998 11.605264000000002 225.50000000000003 0.85620050000000014 5.5422305000000014
decision_type=2 2 2 2 2 2 2 2 2 2
left_child=-1 3 -3 4 -2 -6 7 -7 9 -9
right_child=1 2 -4 -5 5 6 -8 8 -10 -11
leaf_value=-0.059659380543639534 -0.065270594274934868 0.045206655157897957 0.0017697575277890749 0.0014087422104789684 0.047104970743993599 -0.05407484532766646 -0.060130419808123142 0.031576852014469498 0.046303651473274317 -0.056602323592749353
leaf_weight=4.5658185333013526 14.089778557419775 20.857534818351269 82.587457612156868 292.15268172323704 15.355397239327429 9.1005732417106646 14.425451248884199 5.9149170219898242 10.658354632556437 6.1220351010560989
leaf_count=34 67 113 461 1386 72 54 65 27 50 26
internal_value=1.29324e-05 0.000591065 0.0105279 -0.00220356 -0.0161509 -0.00491145 -0.0221921 -0.00497984 0.0147067 -0.0132714
internal_weight=475.83 471.264 103.445 367.819 75.6665 61.5767 46.2213 31.7959 22.6953 12.037
internal_count=2355 2321 574 1747 361 294 222 157 103 53
is_linear=0
shrinkage=0.05


Tree=58
num_leaves=11
num_cat=0
split_feature=16 16 3 4 16 16 7 5 8 4
split_gain=8.18945 6.24903 9.71183 8.41268 7.93879 15.3229 15.3739 7.49817 6.6256 7.95564
threshold=900.50000000000011 622.50000000000011 1.9337120000000001 0.46237650000000002 705.50000000000011 837.50000000000011 -9.1463144999999972 26.828688000000003 32.500000000000007 0.5092135000000001
decision_type=2 2 2 2 2 2 2 2 2 2
left_child=1 8 4 -4 -3 6 -6 -5 -1 -10
right_child=-2 2 3 7 5 -7 -8 -9 9 -11
leaf_value=-0.039121343660326241 -0.063466334974274022 0.04879767738351927 -0.026078045146722489 0.059121156351914887 0.014848834942315356 0.067951396024740693 -0.076773318273045274 -0.0029246069798069011 -0.0042854938889734335 0.019073034704968579
leaf_weight=12.1710147857666 5.1172219365835181 22.179052755236626 23.797869399189949 7.0878467485308674 15.39633219689131 8.1370967850089055 6.5162804722785976 15.557038575410841 318.40107834339142 41.165030919015408
leaf_count=56 31 117 121 67 83 49 28 79 1528 200
internal_value=-0.000554724 0.000129644 0.0113153 -0.00531963 0.0261073 0.0093601 -0.0123974 0.0164957 -0.0028394 -0.00161129
internal_weight=475.526 470.409 98.6715 46.4428 52.2288 30.0497 21.9126 22.6449 371.737 359.566
internal_count=2359 2328 544 267 277 160 111 146 1784 1728
is_linear=0
shrinkage=0.05


Tree=59
num_leaves=11
num_cat=0
split_feature=5 2 5 2 8 19 4 16 16 8
split_gain=5.14047 6.10237 4.75479 9.40527 7.46088 5.55688 14.6997 14.1719 23.5931 16.0209
threshold=59.299730000000004 22.325369500000004 51.87092950000001 48.871490500000007 42.500000000000007 1.0000000180025095e-35 0.25192950000000008 394.50000000000006 318.50000000000006 42.500000000000007
decision_type=2 2 2 2 2 2 2 2 2 2
left_child=2 -2 3 5 -4 6 -1 8 9 -7
right_child=1 -3 4 -5 -6 7 -8 -9 -10 -11
leaf_value=0.0010907878781675124 0.058422351711242826 -0.010286758177968806 -0.075731637485873193 0.06513576473347743 -0.002960325942150668 -0.032135060669033322 -0.035380720450727175 0.015607669720784006 -0.045559294806603048 0.011336755154510186
leaf_weight=104.95401102304459 8.049049533903597 5.3992348760366431 5.316426418721675 5.5462405905127516 10.436241045594214 26.378165036439896 37.498438216745853 133.49831312894821 31.068125888705254 107.83924548327923
leaf_count=503 52 28 24 28 55 141 180 677 141 531
internal_value=0.000363974 0.0308369 -0.000522032 0.00042987 -0.0275202 -0.000383469 -0.00850978 0.00349095 -0.00629552 0.0027931
internal_weight=475.983 13.4483 462.535 446.783 15.7527 441.236 142.452 298.784 165.286 134.217
internal_count=2360 80 2280 2201 79 2173 683 1490 813 672
is_linear=0
shrinkage=0.05


Tree=60
num_leaves=11
num_cat=0
split_feature=16 0 2 2 2 16 5 16 24 16
split_gain=8.10429 4.17576 6.42503 5.96291 6.14521 9.52197 17.3187 11.8994 15.14 18.4709
threshold=43.500000000000007 8.6517215000000025 20.919033000000002 48.871490500000007 6.6265090000000013 234.50000000000003 13.3557085 147.50000000000003 1.0000000180025095e-35 183.50000000000003
decision_type=2 2 2 2 2 2 2 2 2 2
left_child=-1 3 -3 4 5 6 -2 -8 -9 -10
right_child=1 2 -4 -5 -6 -7 7 8 9 -11
leaf_value=-0.059899659552246465 0.027535473375273092 0.052943897996328121 -0.0088035812275876636 0.042383770203042542 -0.0082262075926115633 0.010230387606114413 0.0041610374220342004 -0.068402615379681439 -0.051723273502067804 0.050301343502627084
leaf_weight=5.5334904789924613 22.906933486461639 9.3994017690420169 7.6348148435354224 8.1678970605134946 169.13696704432368 187.58484134823084 24.626028224825859 21.528628148138523 9.9475898668169993 8.007223963737486
leaf_count=41 115 48 40 41 831 915 128 106 63 43
internal_value=0.000256558 0.000966401 0.0252684 5.03576e-05 -0.000728874 0.00388901 -0.00978136 -0.023115 -0.0401273 -0.00622383
internal_weight=474.474 468.94 17.0342 451.906 443.738 274.601 87.0164 64.1095 39.4834 17.9548
internal_count=2371 2330 88 2242 2201 1370 455 340 212 106
is_linear=0
shrinkage=0.05


Tree=61
num_leaves=11
num_cat=0
split_feature=16 16 3 0 2 2 6 20 7 2
split_gain=5.51022 4.95808 13.6423 4.93638 8.27507 6.84936 7.44701 6.435 12.7046 15.3925
threshold=900.50000000000011 837.50000000000011 4.2517015000000011 7.0338185000000006 48.871490500000007 18.061485500000007 -5.2365349999999991 1.0000000180025095e-35 -7.0844174999999998 7.3703410000000007
decision_type=2 2 2 2 2 2 2 2 2 2
left_child=1 3 -3 4 7 -5 -7 -1 -9 -10
right_child=-2 2 -4 5 -6 6 -8 8 9 -11
leaf_value=-0.0060861016489379798 -0.052133462565397026 0.060598299819993574 -0.035296844588882846 0.044598433213046101 0.047719576804886935 -0.050540689013602813 0.029874188172670485 0.023663211761546447 0.017806163504519381 -0.0296632489804496
leaf_weight=289.21156936883926 4.8692722618579856 10.974169932305815 5.60208536684513 14.363214582204821 8.5653145313262922 5.3254089653491974 6.2673283666372281 62.117407612502575 31.973740346729755 36.655231658369303
leaf_count=1412 31 64 36 72 42 25 33 318 157 187
internal_value=0.000782818 0.00132981 0.0281897 0.000350146 -0.000932328 0.0215233 -0.00706636 -0.00192461 0.00728061 -0.00754759
internal_weight=475.925 471.055 16.5763 454.479 428.523 25.956 11.5927 419.958 130.746 68.629
internal_count=2377 2346 100 2246 2116 130 58 2074 662 344
is_linear=0
shrinkage=0.05


Tree=62
num_leaves=11
num_cat=0
split_feature=4 20 6 16 16 16 4 6 8 5
split_gain=7.32786 5.80798 9.1422 12.0305 15.7445 14.1313 18.0722 9.66006 12.2365 11.3516
threshold=1.3270845000000002 1.0000000180025095e-35 -5.2984354999999992 577.50000000000011 760.50000000000011 105.50000000000001 0.5270895000000001 -7.1538444999999991 52.500000000000007 23.454090000000004
decision_type=2 2 2 2 2 2 2 2 2 2
left_child=1 2 7 5 -5 -4 -7 9 -9 -1
right_child=-2 -3 3 4 -6 6 -8 8 -10 -11
leaf_value=-0.054438180884524491 0.046249732152202003 0.0079097479171586563 0.031615897767557584 0.036214691063941339 -0.033901318144547984 -0.051290950664149952 0.0044198909520954512 0.039683910688719681 -0.0026347900670355843 -0.0015301548408288622
leaf_weight=10.973464973270891 8.4891698062419874 139.36830285191536 9.1843531653285009 20.688436187803745 13.06085369735956 48.035624630749226 20.886563032865524 32.206327140331268 36.374248825013638 133.16764652729034
leaf_count=54 47 716 50 116 69 234 98 155 177 650
internal_value=0.000214679 -0.000627659 -0.00429348 -0.0158656 0.00908005 -0.0266444 -0.034408 0.0017915 0.0172386 -0.00555804
internal_weight=472.435 463.946 324.578 111.856 33.7493 78.1065 68.9222 212.722 68.5806 144.141
internal_count=2366 2319 1603 567 185 382 332 1036 332 704
is_linear=0
shrinkage=0.05


Tree=63
num_leaves=11
num_cat=0
split_feature=4 19 16 16 5 16 16 16 8 5
split_gain=5.21929 5.45705 11.5614 18.3998 10.6726 11.0377 21.465 15.2498 13.3547 22.1523
threshold=-0.76117399999999991 1.0000000180025095e-35 740.50000000000011 705.50000000000011 51.87092950000001 398.50000000000006 315.50000000000006 258.50000000000006 47.500000000000007 27.086108500000005
decision_type=2 2 2 2 2 2 2 2 2 2
left_child=-1 -2 3 4 5 6 7 -3 9 -9
right_child=1 2 -4 -5 -6 -7 -8 8 -10 -11
leaf_value=0.031723098308025936 -0.0092106521783288913 -0.0028379950714134956 0.044900702440704696 -0.074498349745079184 -0.032395942772454084 0.017836361382283769 -0.03877948556482011 -0.068434499754421244 0.066915949335089084 0.068081383197869688
leaf_weight=12.590019799768923 137.75478994846344 102.15413118153811 15.451085813343523 7.9508214443922034 20.264350093901157 105.62502022087574 33.22012534737587 6.1275714486837405 16.905638121068478 5.7696583494544029
leaf_count=75 677 529 129 34 101 496 153 27 79 32
internal_value=-3.00522e-05 -0.000916028 0.00272907 0.000542632 0.00259953 0.00522798 -0.00288375 0.00622199 0.0383547 -0.00223001
internal_weight=463.813 451.223 313.468 298.017 290.066 269.802 164.177 130.957 28.8029 11.8972
internal_count=2332 2257 1580 1451 1417 1316 820 667 138 59
is_linear=0
shrinkage=0.05


Tree=64
num_leaves=11
num_cat=0
split_feature=7 7 10 6 7 16 16 6 4 7
split_gain=6.02706 6.41859 5.45806 6.54431 5.39956 3.90272 10.2332 9.8128 12.6317 11.9238
threshold=-3.6658359999999997 -3.8766169999999995 4.5000000000000009 -19.457300999999998 -3.9591564999999993 228.50000000000003 303.50000000000006 -9.8821814999999997 0.58035950000000014 -6.4936539999999985
decision_type=2 2 2 2 2 2 2 2 2 2
left_child=1 2 3 -1 5 -5 7 -7 9 -9
right_child=-2 -3 -4 4 -6 6 -8 8 -10 -11
leaf_value=0.054749901569745997 0.055070953470617745 -0.043244417068292414 0.024382622634459471 -0.011729212573792442 0.039622704504112899 0.068028367130996345 -0.0046950213961376754 -0.021151727178816131 0.07126857835596094 0.035621281106146596
leaf_weight=5.0361116975545874 4.7465770803391925 9.0544445067644101 20.656909137964249 104.12255370616913 7.449201524257659 8.5808450281620008 264.92688356339931 25.955451563000675 7.1311363726854315 14.368255764245989
leaf_count=34 60 43 101 559 38 44 1276 119 39 64
internal_value=-0.000987091 -0.00155652 -0.000732779 -0.00191843 -0.00257824 -0.00331777 -0.000589033 0.0188234 0.00992605 -0.000922211
internal_weight=472.028 467.282 458.227 437.57 432.534 425.085 320.963 56.0357 47.4548 40.3237
internal_count=2377 2317 2274 2173 2139 2101 1542 266 222 183
is_linear=0
shrinkage=0.05


Tree=65
num_leaves=11
num_cat=0
split_feature=2 4 7 10 8 20 5 16 6 16
split_gain=5.14647 6.30586 7.05663 6.04431 7.14445 10.0456 9.74013 10.0182 8.81545 8.01933
threshold=-13.342830999999999 -0.86457699999999982 -32.354953999999992 5.5000000000000009 57.500000000000007 1.0000000180025095e-35 34.638742000000008 105.50000000000001 -6.494944499999999 598.50000000000011
decision_type=2 2 2 2 2 2 2 2 2 2
left_child=1 -1 -3 4 9 6 7 -6 -7 -2
right_child=3 2 -4 -5 5 8 -8 -9 -10 -11
leaf_value=0.067139867194167577 -0.0053243951300597147 -0.040746648708843231 0.019237848772362592 0.049019984571237747 0.021877580698794617 0.050502137893313162 0.032346342966633121 -0.042189460641578337 -0.021861573303328337 0.011611669121243446
leaf_weight=5.2541733905673018 248.70622589439154 6.0221928209066382 26.381345152854919 5.522477261722087 7.0166078358888617 8.992736719548704 6.1994888335466376 46.803702667355537 7.9110797345638266 97.218182273209095
leaf_count=29 1197 27 145 28 39 42 31 224 36 560
internal_value=-0.00139287 0.0163287 0.00808974 -0.00295075 -0.0036295 -0.0174118 -0.0270009 -0.033837 0.0166355 -0.000564704
internal_weight=466.028 37.6577 32.4035 428.371 422.848 76.9236 60.0198 53.8203 16.9038 345.924
internal_count=2358 201 172 2157 2129 372 294 263 78 1757
is_linear=0
shrinkage=0.05


Tree=66
num_leaves=11
num_cat=0
split_feature=7 5 6 6 1 16 16 2 7 6
split_gain=5.63987 18.7535 14.3213 10.2452 10.5214 9.9209 12.6977 11.6208 10.8444 10.1263
threshold=-8.9462234999999968 13.3557085 -6.7229154999999992 -5.2984354999999992 9.5695715000000003 442.50000000000006 207.50000000000003 8.4603740000000034 -6.6763724999999994 -4.3376024999999991
decision_type=2 2 2 2 2 2 2 2 2 2
left_child=1 -1 -2 -3 -5 6 9 -7 -9 -4
right_child=2 3 5 4 -6 7 -8 8 -10 -11
leaf_value=0.058916846311745263 -0.052042614068827847 0.0065145400767068389 0.053475778030647972 -0.028031079073705112 0.0099506476146067214 0.044577513176793961 -0.027623895522237298 0.044876456282863769 -0.014543749965224 -0.014698391748100349
leaf_weight=14.554633393883703 16.590562552213669 211.4546035528183 10.265916749835016 51.301381200551987 28.286920130252838 18.815394885838032 55.991389684379101 9.7256955206394178 36.478540133684874 11.603697717189787
leaf_count=74 89 1029 50 264 139 115 275 48 208 70
internal_value=-0.000448424 0.00352909 -0.00807062 0.000759234 -0.0145318 -0.00296481 -0.0150047 0.0114529 -0.00203618 0.0173036
internal_weight=465.069 305.598 159.471 291.043 79.5883 142.881 77.861 65.0196 46.2042 21.8696
internal_count=2361 1506 855 1432 403 766 395 371 256 120
is_linear=0
shrinkage=0.05


Tree=67
num_leaves=11
num_cat=0
split_feature=16 16 5 16 6 2 7 19 16 3
split_gain=6.2848 7.84077 9.06922 8.8191 14.6449 6.60445 8.58843 8.98107 8.46101 12.838
threshold=43.500000000000007 101.50000000000001 19.155715500000003 180.50000000000003 -9.1480694999999983 6.6265090000000013 -15.595295499999997 1.0000000180025095e-35 601.50000000000011 2.6679790000000003
decision_type=2 2 2 2 2 2 2 2 2 2
left_child=-1 2 -2 4 -3 -5 -7 -8 -9 -10
right_child=1 3 -4 5 -6 6 7 8 9 -11
leaf_value=-0.051185236663472501 0.059327740451137978 0.021586188402732243 -0.0022641741507971351 0.0069479003021551081 -0.040112643499613305 0.062364161961628542 -0.025925708452710413 -0.010273713343245804 0.049205570885552975 -0.0099102571682970018
leaf_weight=5.9849563986062995 11.847360953688623 13.670473374426363 12.061415098607538 220.76625742763281 32.441708542406559 4.4222308099269858 49.463990546762943 70.95020367205143 18.14660032838583 18.594644788652658
leaf_count=46 54 69 64 1095 202 26 238 324 92 129
internal_value=-0.000283685 0.000389762 0.0282561 -0.00116524 -0.0218213 0.00132597 -0.00635537 -0.00828909 -0.000188371 0.0192872
internal_weight=458.35 452.365 23.9088 428.456 46.1122 382.344 161.578 157.155 107.691 36.7412
internal_count=2339 2293 118 2175 271 1904 809 783 545 221
is_linear=0
shrinkage=0.05


Tree=68
num_leaves=11
num_cat=0
split_feature=10 16 0 19 16 16 16 16 16 5
split_gain=4.2562 6.81669 5.15145 5.00097 10.9262 14.7365 10.6447 14.0852 18.514 19.7412
threshold=5.5000000000000009 43.500000000000007 -5.121310499999999 1.0000000180025095e-35 740.50000000000011 705.50000000000011 186.50000000000003 378.50000000000006 324.50000000000006 39.619760500000005
decision_type=2 2 2 2 2 2 2 2 2 2
left_child=1 -1 -3 6 5 -5 -4 8 9 -8
right_child=-2 2 3 4 -6 -7 7 -9 -10 -11
leaf_value=-0.059096888584215163 0.037979154097056968 0.020715007569352205 -0.066204615792933061 0.0012291780553673824 0.043362512593448969 -0.074249022748096125 -0.049239409583643062 -0.016181045268592525 0.075565332472557048 0.046814844579333076
leaf_weight=5.0499745085835448 6.9924714267253867 26.484671100974083 7.921283856034278 270.55761249363422 14.910561837255953 6.6251790672540656 11.545015037059786 94.760328970849514 10.772525340318678 9.9671432822942716
leaf_count=40 35 136 49 1332 131 29 56 471 45 52
internal_value=-0.000735859 -0.00132617 -0.000682925 -0.00200995 0.00166799 -0.00057489 -0.00996972 -0.00646347 0.0220591 -0.00473497
internal_weight=465.587 458.594 453.544 427.06 292.093 277.183 134.966 127.045 32.2847 21.5122
internal_count=2376 2341 2301 2165 1492 1361 673 624 153 108
is_linear=0
shrinkage=0.05


Tree=69
num_leaves=11
num_cat=0
split_feature=4 6 3 2 5 16 16 2 5 16
split_gain=4.9142 4.97919 4.72035 9.13455 8.14214 20.3707 20.7874 11.9598 10.488 16.2263
threshold=1.3270845000000002 -1.1323529999999999 0.49569200000000008 19.740774500000004 20.467929000000002 378.50000000000006 315.50000000000006 -0.65202049999999989 23.454090000000004 207.50000000000003
decision_type=2 2 2 2 2 2 2 2 2 2
left_child=1 2 3 4 5 6 -1 8 -6 -10
right_child=-2 -3 -4 -5 7 -7 -8 -9 9 -11
leaf_value=0.013031938247205655 0.037645281732613479 0.040959288223928796 -0.0069207258406874866 0.040417430022741181 -0.026656014571298872 0.048150000847009169 -0.04732644394913775 -0.024163953397941619 -0.029200509963864182 0.03324758809071672
leaf_weight=57.679841287434101 8.6166048571467382 7.1387423686683169 197.1321632117033 15.641279667615889 18.192170359194279 27.678123585879803 18.951672822237015 58.483308531343937 14.001912787556646 40.460675679147243
leaf_count=297 48 59 993 68 89 150 90 302 74 200
internal_value=0.000237856 -0.00046999 -0.00112983 0.00341666 0.000958619 0.0113841 -0.00189524 -0.00733396 0.0062133 0.0171927
internal_weight=463.976 455.36 448.221 251.089 235.448 104.31 76.6315 131.138 72.6548 54.4626
internal_count=2370 2322 2263 1270 1202 537 387 665 363 274
is_linear=0
shrinkage=0.05


Tree=70
num_leaves=11
num_cat=0
split_feature=5 5 7 19 2 16 16 2 16 8
split_gain=5.27189 5.73721 10.8727 8.38055 13.3822 15.3071 16.5525 16.5324 11.6384 18.4765
threshold=61.281258000000008 51.87092950000001 -22.489228499999996 1.0000000180025095e-35 28.646576500000005 394.50000000000006 315.50000000000006 23.319637000000004 264.50000000000006 42.500000000000007
decision_type=2 2 2 2 2 2 2 2 2 2
left_child=1 3 -3 -1 5 6 8 -7 -5 -10
right_child=-2 2 -4 4 -6 7 -8 -9 9 -11
leaf_value=-0.0091158773326252274 0.033782134140074048 0.024294931779997794 -0.057561063937819359 -0.0062154511468789676 0.044138471379921697 0.020829714344350461 -0.041716874208305818 -0.061227606737976198 -0.046950725585155367 0.063840990610049081
leaf_weight=136.33986826986074 11.851337634027002 6.3499782681465176 11.233032450079916 106.2534454613924 21.205683469772339 112.84990169852972 28.725177764892578 6.4912608973681918 5.0536886602640179 14.735452078282831
leaf_count=675 75 36 55 563 138 568 137 29 23 71
internal_value=0.000865517 -2.85694e-06 -0.0279994 0.00113755 0.00587132 0.00291089 -0.00746464 0.0163664 0.000341459 0.0355473
internal_weight=461.089 449.237 17.583 431.654 295.315 274.109 154.768 119.341 126.043 19.7891
internal_count=2370 2295 91 2204 1529 1391 794 597 657 94
is_linear=0
shrinkage=0.05


Tree=71
num_leaves=11
num_cat=0
split_feature=5 5 7 4 16 1 0 16 19 4
split_gain=4.56979 5.14222 10.281 5.95614 5.09532 4.38335 3.95629 3.94956 3.97441 17.5539
threshold=59.299730000000004 50.745927500000008 -22.489228499999996 0.90818900000000002 511.50000000000006 31.671977000000002 -0.54212049999999989 43.500000000000007 1.0000000180025095e-35 0.25585450000000004
decision_type=2 2 2 2 2 2 2 2 2 2
left_child=1 3 -3 7 -5 -2 -4 -1 9 -9
right_child=5 2 6 4 -6 -7 -8 8 -10 -11
leaf_value=-0.047587513671824344 0.04758098471625026 0.031405092542685628 -0.0190609441856203 0.071015983244745826 0.0087634484086345395 -0.016249420359553023 -0.07649669803304987 0.0015232787597640671 0.0025430478860022738 -0.043380027509051129
leaf_weight=4.5647790282964698 9.1397906169295293 5.1563610360026386 5.1261207610368738 5.2010497972369185 8.9316370338201505 3.8111507892608634 7.2227095738053295 102.09882463514805 278.95029625296593 27.661718003451824
leaf_count=38 63 29 26 31 41 19 35 506 1435 139
internal_value=-0.000480467 -0.00133271 -0.0278938 -0.000244857 0.0316734 0.0287972 -0.0526546 -0.00133636 -0.00081979 -0.00804899
internal_weight=457.864 444.913 17.5052 427.408 14.1327 12.9509 12.3488 413.276 408.711 129.761
internal_count=2362 2280 90 2190 72 82 61 2118 2080 645
is_linear=0
shrinkage=0.05


Tree=72
num_leaves=11
num_cat=0
split_feature=6 2 3 6 2 3 16 4 16 16
split_gain=5.83856 5.32015 7.07603 12.2404 5.3035 12.2968 11.1218 9.03759 6.27227 15.2185
threshold=-18.340320499999994 38.239763500000002 5.6064415000000007 -4.0103009999999992 23.786204000000005 -0.67263699999999982 800.50000000000011 0.90818900000000002 628.50000000000011 679.50000000000011
decision_type=2 2 2 2 2 2 2 2 2 2
left_child=-1 4 -3 -4 7 -6 -7 8 -2 -10
right_child=1 2 3 -5 5 6 -8 -9 9 -11
leaf_value=0.045423399103520036 -0.005821637719328393 0.059180763745801057 -0.059508296947175125 0.043420005551323269 0.050199164446516426 -0.048182528579782009 0.028961800251574341 0.043730404985549469 0.049446173731683529 -0.0042160608857962651
leaf_weight=6.5492241382598868 313.23228384554386 8.0845564380288142 5.134774923324585 6.6026472523808462 5.0925466865301123 24.894224613904957 5.7514606155455104 10.683393232524393 18.602918691933155 45.594047464430332
leaf_count=46 1553 43 24 48 22 119 54 55 102 267
internal_value=-0.00144131 -0.0021331 0.0231851 -0.00160808 -0.00331714 -0.0217485 -0.0337044 -0.00161994 -0.00290361 0.0113341
internal_weight=450.222 443.673 19.822 11.7374 423.851 35.7382 30.6457 388.113 377.429 64.197
internal_count=2333 2287 115 72 2172 195 173 1977 1922 369
is_linear=0
shrinkage=0.05


Tree=73
num_leaves=11
num_cat=0
split_feature=18 18 0 18 2 18 18 12 5 0
split_gain=5.20152 6.44296 10.5477 5.47684 8.64634 7.67294 7.96522 7.08837 5.03706 4.13574
threshold=61.500000000000007 101.50000000000001 -1.1455764999999998 135.50000000000003 30.061026500000001 144.50000000000003 177.50000000000003 2.5274675000000006 11.608455500000003 0.37907000000000007
decision_type=2 2 2 2 2 2 2 2 2 2
left_child=8 2 -2 4 -3 -5 7 -7 -1 -4
right_child=1 3 9 5 -6 6 -8 -9 -10 -11
leaf_value=0.0053685442149895525 0.074959008643767366 -0.047961656905352187 -0.032272337272424463 0.054481824385804969 0.026410749843601228 -0.050742506635116806 0.0012243187050195135 0.028879682687359222 -0.06316347113476177 0.025591420034454301
leaf_weight=4.6514454111456853 7.570122882723811 13.690806686878206 5.4990973323583585 6.5069241225719443 5.4690502434968939 13.255882292985918 383.0205222517252 3.5421612337231627 6.3299256712198257 7.0430447533726692
leaf_count=27 35 84 27 32 24 92 1936 23 45 36
internal_value=-0.00013954 0.000698248 0.0283519 -0.000608914 -0.0267326 0.00062292 -0.000253618 -0.0339528 -0.034135 0.000221078
internal_weight=456.579 445.598 20.1123 425.485 19.1599 406.325 399.819 16.798 10.9814 12.5421
internal_count=2361 2289 98 2191 108 2083 2051 115 72 63
is_linear=0
shrinkage=0.05


Tree=74
num_leaves=11
num_cat=0
split_feature=0 2 16 16 5 6 6 5 5 3
split_gain=4.1751 4.76209 8.18952 15.0975 10.9515 7.08485 16.0209 8.35358 10.4553 10.101
threshold=-5.121310499999999 -8.2785889999999984 147.50000000000003 177.50000000000003 19.450621500000004 -9.5517249999999994 -10.035755499999999 30.861102500000005 51.87092950000001 -3.1321059999999998
decision_type=2 2 2 2 2 2 2 2 2 2
left_child=-1 2 -2 -4 -5 6 7 -3 9 -9
right_child=1 5 3 4 -6 -7 -8 8 -10 -11
leaf_value=0.018921330768695187 0.05731342559819666 -0.048185624329163977 -0.059829593357284175 0.046604616808741652 -0.00011838035402612131 -1.507630673273737e-05 -0.085234749086413542 -0.029715372682429506 -0.027060086173532883 0.050183520098563708
leaf_weight=29.390978962182999 8.3881115615367872 10.213011264801024 7.9472057148814192 17.67237576842308 43.198422707617283 294.46975603699684 7.9607710018753997 5.5113390460610363 15.81819039583206 14.014060795307163
leaf_count=154 41 48 60 81 217 1547 34 28 87 68
internal_value=0.000695708 -0.000564117 0.0106698 0.00498449 0.0134465 -0.00305653 -0.0197916 -0.00835573 0.00315366 0.0276309
internal_weight=454.584 425.193 77.2061 68.818 60.8708 347.987 53.5174 45.5566 35.3436 19.5254
internal_count=2365 2211 399 358 298 1812 265 231 183 96
is_linear=0
shrinkage=0.05


Tree=75
num_leaves=11
num_cat=0
split_feature=2 8 20 3 5 16 16 16 16 2
split_gain=5.0923 6.25309 9.6331 7.90536 6.89564 8.72556 6.87704 6.58574 6.32568 9.10943
threshold=-13.342830999999999 57.500000000000007 1.0000000180025095e-35 0.49569200000000008 34.793238000000009 105.50000000000001 55.500000000000007 258.50000000000006 463.50000000000006 -4.6461349999999992
decision_type=2 2 2 2 2 2 2 2 2 2
left_child=-1 3 4 6 5 -3 -2 -7 9 -9
right_child=1 2 -4 -5 -6 7 -8 8 -10 -11
leaf_value=0.017744249954662668 -0.059762189931278631 0.021076535216831511 0.019062627817626868 -0.0056001369419400246 0.026514646098857099 -0.067596940711788733 0.011551324486265193 0.036307724162071398 -0.044647840213207925 -0.040005187763347314
leaf_weight=35.186219654977322 3.4644964188337317 7.4423335492610923 16.604036718606949 197.93884998559952 6.1333461403846732 12.948963657021521 139.65518125146627 7.7585496604442596 19.901821583509445 7.884561747312544
leaf_count=196 30 43 78 1044 32 72 709 35 90 40
internal_value=-0.000526662 -0.00205832 -0.014765 0.000872788 -0.0238141 -0.0293326 0.00982504 -0.0370688 -0.0259475 -0.0021561
internal_weight=454.918 419.732 78.6736 341.059 62.0696 55.9362 143.12 48.4939 35.5449 15.6431
internal_count=2369 2173 390 1783 312 280 739 237 165 75
is_linear=0
shrinkage=0.05


Tree=76
num_leaves=11
num_cat=0
split_feature=4 6 3 8 2 7 5 16 16 2
split_gain=4.74452 4.08598 4.67953 8.87967 14.6077 13.7566 15.3672 21.3404 12.621 12.5735
threshold=1.3270845000000002 -1.1323529999999999 0.42119500000000004 52.500000000000007 15.004296000000002 -16.226709499999995 20.564629500000002 386.50000000000006 207.50000000000003 -10.534818
decision_type=2 2 2 2 2 2 2 2 2 2
left_child=1 2 3 4 -1 8 7 -7 9 -5
right_child=-2 -3 -4 5 -6 6 -8 -9 -10 -11
leaf_value=0.0074899362609542504 0.039758570969356859 0.037341024951504813 -0.0058883416922180399 0.018429066875670797 0.059651442345552322 -0.0090456169078652442 -0.033101851340221353 0.07173104723522046 0.050743724242753641 -0.064059930701605525
leaf_weight=77.190245985984802 7.8052460551261893 7.3771832734346381 197.82419714331627 17.134732097387317 16.247238345444202 47.069079108536243 49.488646797835827 9.895543344318865 19.343605786561966 6.3247863575816146
leaf_count=423 45 61 1012 90 74 240 225 54 111 37
internal_value=0.00111109 0.000437597 -0.00018041 0.00447223 0.01656 -0.00309493 -0.0127203 0.00498641 0.0208438 -0.00381032
internal_weight=455.701 447.895 440.518 242.694 93.4375 149.256 106.453 56.9646 42.8031 23.4595
internal_count=2372 2327 2266 1254 497 757 519 294 238 127
is_linear=0
shrinkage=0.05


Tree=77
num_leaves=11
num_cat=0
split_feature=2 3 3 16 7 2 3 5 1 5
split_gain=4.08936 6.97586 4.59235 7.45765 7.69906 15.2642 16.3171 9.15774 9.36428 9.08801
threshold=48.871490500000007 6.6112810000000009 0.42119500000000004 195.50000000000003 -14.655997999999999 10.037865000000002 1.4208880000000004 47.575063500000006 14.663900500000002 19.715719500000002
decision_type=2 2 2 2 2 2 2 2 2 2
left_child=2 -2 -1 -4 -5 6 -6 8 -7 -8
right_child=1 -3 3 4 5 7 9 -9 -10 -11
leaf_value=0.0037391107934774577 0.0674512399453807 -0.007541940284728087 -0.037394773449791578 -0.021733024043662518 -0.018273194920643145 -0.018164704255925437 0.012385452368797173 -0.074802707701330698 0.024101759106141592 0.057115022769621021
leaf_weight=240.06648762524128 5.9124355316162092 6.5211478993296623 17.782426752150059 44.257891424000263 19.52954313158989 54.930045414716005 21.206756003201008 5.5375344753265372 17.210424043238163 24.446519322693348
leaf_count=1252 30 37 109 232 94 303 104 27 89 114
internal_value=-0.000163382 0.0281189 -0.000953665 -0.00645182 -0.00351122 0.00213384 0.0199754 -0.0128377 -0.00808127 0.0363373
internal_weight=457.401 12.4336 444.968 204.901 187.119 142.861 65.1828 77.678 72.1405 45.6533
internal_count=2391 67 2324 1072 963 731 312 419 392 218
is_linear=0
shrinkage=0.05


Tree=78
num_leaves=11
num_cat=0
split_feature=16 2 5 16 6 16 6 16 6 1
split_gain=3.43023 9.06567 8.55158 8.52285 6.47842 10.0903 9.97339 13.5222 11.9287 9.41803
threshold=622.50000000000011 23.786204000000005 38.775022000000007 676.50000000000011 -4.1072144999999987 586.50000000000011 -4.0103009999999992 502.50000000000006 -3.8619294999999996 -1.2519089999999997
decision_type=2 2 2 2 2 2 2 2 2 2
left_child=4 3 -3 -2 5 -1 -6 8 -8 -7
right_child=1 2 -4 -5 6 9 7 -9 -10 -11
leaf_value=0.003580701345713522 0.04285629277936575 0.0013242854373623769 -0.060979124297923105 0.0052719304697910439 -0.078654579198927474 -0.071301603186683618 0.037450568481017944 0.03096188957820516 -0.025959828561178955 0.013866429163402354
leaf_weight=241.97319955378771 21.933629274368286 18.240872710943226 7.8898498862981787 48.299206152558327 5.6117661893367758 8.8609670326113683 8.3368745371699315 16.53248742967844 67.200175911188126 5.122474066913127
leaf_count=1213 126 116 40 289 26 41 48 83 345 28
internal_value=-0.000707712 0.00765501 -0.0174875 0.0170095 -0.00298649 0.0011942 -0.0139412 -0.00999687 -0.0189613 -0.0401025
internal_weight=450.002 96.3636 26.1307 70.2328 353.638 255.957 97.6813 92.0695 75.5371 13.9834
internal_count=2355 571 156 415 1784 1282 502 476 393 69
is_linear=0
shrinkage=0.05


Tree=79
num_leaves=11
num_cat=0
split_feature=4 2 7 7 6 3 4 19 7 3
split_gain=3.74313 7.45584 9.52678 12.1945 7.05214 7.01544 6.84556 5.40039 8.96002 9.21197
threshold=0.47308000000000006 10.959785500000001 -15.220165999999997 -18.604027499999997 -4.339736499999999 5.6064415000000007 0.24575400000000003 1.0000000180025095e-35 -6.7081419999999996 3.2933025000000007
decision_type=2 2 2 2 2 2 2 2 2 2
left_child=6 2 3 -2 5 -3 -1 -8 -9 -10
right_child=1 4 -4 -5 -6 -7 7 8 9 -11
leaf_value=0.0010619495518869907 0.037456798946254928 0.017854339402238809 0.064916664178652314 -0.0593660435691237 0.015741440887576431 -0.045298231783008583 -0.040568191069460718 0.010934767185527909 -0.063735533777047215 0.015937406253698255
leaf_weight=322.77619678527117 9.5672930255532247 6.6170644685626057 11.900497019290922 4.9265228360891369 25.371099300682545 13.110634818673132 17.685361318290234 25.409975923597813 10.680624898523094 5.4943742156028739
leaf_count=1670 59 36 57 22 170 63 90 129 56 29
internal_value=0.000158877 0.0106593 0.0317657 0.00454621 -0.00169334 -0.0241156 -0.00180608 -0.0174249 -0.00758248 -0.036672
internal_weight=453.54 71.4931 26.3943 14.4938 45.0988 19.7277 382.047 59.2703 41.585 16.175
internal_count=2381 407 138 81 269 99 1974 304 214 85
is_linear=0
shrinkage=0.05


end of trees

feature_importances:
navSampleSize=241
maxDrawdown60d=122
return60d=95
volatility20d=87
maxDrawdown20d=67
trendSlope20d=33
lossDayRatio20d=33
ma20Deviation=30
holdingDays=25
isActiveFund=19
return5d=12
isActiveQdii=12
return20d=7
profitBuffer=5
isQdiiFund=5
consecutiveDownDays=3
typeActiveEquity=2
lossPressure=1
typeActiveQdii=1

parameters:
[boosting: gbdt]
[objective: binary]
[metric: auc]
[tree_learner: serial]
[device_type: cpu]
[data_sample_strategy: bagging]
[data: ]
[valid: ]
[num_iterations: 80]
[learning_rate: 0.05]
[num_leaves: 11]
[num_threads: 8]
[seed: 17]
[deterministic: 0]
[force_col_wise: 0]
[force_row_wise: 0]
[histogram_pool_size: -1]
[max_depth: -1]
[min_data_in_leaf: 25]
[min_sum_hessian_in_leaf: 0.001]
[bagging_fraction: 0.9]
[pos_bagging_fraction: 1]
[neg_bagging_fraction: 1]
[bagging_freq: 1]
[bagging_seed: 17]
[bagging_by_query: 0]
[feature_fraction: 0.9]
[feature_fraction_bynode: 1]
[feature_fraction_seed: 17]
[extra_trees: 0]
[extra_seed: 13015]
[early_stopping_round: 0]
[early_stopping_min_delta: 0]
[first_metric_only: 0]
[max_delta_step: 0]
[lambda_l1: 0]
[lambda_l2: 0]
[linear_lambda: 0]
[min_gain_to_split: 0]
[drop_rate: 0.1]
[max_drop: 50]
[skip_drop: 0.5]
[xgboost_dart_mode: 0]
[uniform_drop: 0]
[drop_seed: 30017]
[top_rate: 0.2]
[other_rate: 0.1]
[min_data_per_group: 100]
[max_cat_threshold: 32]
[cat_l2: 10]
[cat_smooth: 10]
[max_cat_to_onehot: 4]
[top_k: 20]
[monotone_constraints: ]
[monotone_constraints_method: basic]
[monotone_penalty: 0]
[feature_contri: ]
[forcedsplits_filename: ]
[refit_decay_rate: 0.9]
[cegb_tradeoff: 1]
[cegb_penalty_split: 0]
[cegb_penalty_feature_lazy: ]
[cegb_penalty_feature_coupled: ]
[path_smooth: 0]
[interaction_constraints: ]
[verbosity: -1]
[saved_feature_importance_type: 0]
[use_quantized_grad: 0]
[num_grad_quant_bins: 4]
[quant_train_renew_leaf: 0]
[stochastic_rounding: 1]
[linear_tree: 0]
[max_bin: 255]
[max_bin_by_feature: ]
[min_data_in_bin: 3]
[bin_construct_sample_cnt: 200000]
[data_random_seed: 94]
[is_enable_sparse: 1]
[enable_bundle: 1]
[use_missing: 1]
[zero_as_missing: 0]
[feature_pre_filter: 1]
[pre_partition: 0]
[two_round: 0]
[header: 0]
[label_column: ]
[weight_column: ]
[group_column: ]
[ignore_column: ]
[categorical_feature: ]
[forcedbins_filename: ]
[precise_float_parser: 0]
[parser_config_file: ]
[objective_seed: 20363]
[num_class: 1]
[is_unbalance: 0]
[scale_pos_weight: 1]
[sigmoid: 1]
[boost_from_average: 1]
[reg_sqrt: 0]
[alpha: 0.9]
[fair_c: 1]
[poisson_max_delta_step: 0.7]
[tweedie_variance_power: 1.5]
[lambdarank_truncation_level: 30]
[lambdarank_norm: 1]
[label_gain: ]
[lambdarank_position_bias_regularization: 0]
[eval_at: ]
[multi_error_top_k: 1]
[auc_mu_weights: ]
[num_machines: 1]
[local_listen_port: 12400]
[time_out: 120]
[machine_list_filename: ]
[machines: ]
[gpu_platform_id: -1]
[gpu_device_id: -1]
[gpu_use_dp: 0]
[num_gpu: 1]

end of parameters

pandas_categorical:[]
