tree
version=v4
num_class=1
num_tree_per_iteration=1
label_index=0
max_feature_idx=38
objective=binary sigmoid:1
feature_names=return5d return20d return60d ma20Deviation trendSlope20d volatility20d maxDrawdown20d maxDrawdown60d lossDayRatio20d consecutiveUpDays consecutiveDownDays positionToSingleLimit profitBuffer lossPressure themeRate estimateGrowthRate navSampleSize holdingProfitRate holdingDays isActiveFund isActiveQdii isIndexFund isEtfFund isEtfQdii isQdiiFund isPassiveFund typeActiveEquity typeActiveQdii typeIndex typeIndexQdii typeEtf typeEtfQdii profileStableAnnualReturn profileStableDrawdownFloor profileStableBenchmarkGap profileMaxAnnualTrades profileDefensiveAnnualReturn profileDefensiveDrawdownFloor profileDefensiveBenchmarkGap
feature_infos=[-18.602474999999998:35.835351000000003] [-25.483103:47.490637] [-34.982695:106.18034400000001] [-20.443919999999999:35.679302999999997] [-1.282003:2.0631849999999998] [8.2914999999999992:84.913120000000006] [-26.317771:-0.68485600000000002] [-39.054544999999997:-1.0902670000000001] [15:75] [0:9] [0:8] none [0:47.490637] [0:25.483103] none none [20:932] [-25.483103:47.490637] [20:932] [0:1] [0:1] none [0:1] [0:1] [0:1] [0:1] [0:1] [0:1] none none none [0:1] [12:18] [-18:-14] [6:20] [4.5:6] none none none
tree_sizes=1694 1714 1725 1726 1714 1713 1723 1716 1717 1715 1724 1726 1733 1721 1721 1708 1724 1727 1733 1728 1713 1719 1726 1727 1727 1719 1711 1724 1722 1728 1728 1714 1722 1731 1717 1723 1719 1733 1724 1723 1728 1720 1734 1727 1726 1722 1712 1724 1731 1720 1728 1724 1706 1728 1724 1719 1714 1719 1729 1711 1721 1728 1720 1718 1730 1726 1736 1718 1726 1726 1713 1734 1724 1713 1721 1724 1715 1729 1719 1723 1719 1724 1714 1714 1713 1717 1715 1711 1708 1726 1715 1725 1719 1715 1728 1723 1720 1708 1733 1728 1724 1722 1715 1724 1719 1711 1729 1722 1719 1725 1726 1726 1723 1723 1710 1734 1730 1713 1724 1723

Tree=0
num_leaves=15
num_cat=0
split_feature=16 7 7 7 2 7 7 8 20 16 16 16 2 16
split_gain=127.051 61.4542 81.0297 57.0716 41.6797 27.7895 48.9493 35.9725 31.9463 30.3228 27.6875 33.8992 35.3197 34.5286
threshold=180.50000000000003 -18.604027499999997 -5.3596829999999995 -23.359291499999994 26.972924000000003 -7.8904974999999995 -7.4661974999999989 37.500000000000007 1.0000000180025095e-35 598.50000000000011 760.50000000000011 622.50000000000011 25.688312000000003 351.50000000000006
decision_type=2 2 2 2 2 2 2 2 2 2 2 2 2 2
left_child=3 -2 5 -1 -5 8 -7 -8 10 -10 11 13 -13 -3
right_child=1 2 -4 4 -6 6 7 -9 9 -11 -12 12 -14 -15
leaf_value=0.18487010885668687 0.14012726833894071 0.10589990323053357 0.14105559927199102 0.022273678701357394 0.1321339217379201 -0.0064184244195671231 0.008248573692817146 0.095348269903436061 0.092530079254610931 0.17485023330412117 -0.00011220903683348271 0.15572137997649577 0.019324338857775542 0.056525635486744372
leaf_weight=6.4871067106723777 79.342305153608322 58.882968604564667 69.611645087599754 96.558088347315788 9.4811559617519361 21.956361174583435 14.720742151141165 60.879001438617706 25.449418634176254 19.960328340530396 9.730660066008566 27.445451468229294 5.7385943979024878 88.82346111536026
leaf_count=26 318 236 279 387 38 88 59 244 102 80 39 110 23 356
internal_value=0.0887465 0.0999032 0.0919878 0.0409038 0.0320965 0.0817486 0.0593013 0.0783883 0.0910265 0.128715 0.0820483 0.086468 0.132134 0.0762086
internal_weight=595.067 482.541 403.199 112.526 106.039 333.587 97.5561 75.5997 236.031 45.4097 190.621 180.89 33.184 147.706
internal_count=2385 1934 1616 451 425 1337 391 303 946 182 764 725 133 592
is_linear=0
shrinkage=1


Tree=1
num_leaves=15
num_cat=0
split_feature=16 7 7 7 2 7 7 8 8 16 7 5 16 16
split_gain=114.445 53.1889 65.1671 44.996 40.7991 27.7406 42.8853 27.213 24.2207 40.0189 32.7836 22.3392 46.1531 24.8842
threshold=180.50000000000003 -16.965267499999996 -5.3596829999999995 -23.359291499999994 26.972924000000003 -7.8904974999999995 -7.4661974999999989 37.500000000000007 52.500000000000007 348.50000000000006 -15.220165999999997 35.578937500000002 342.50000000000006 261.50000000000006
decision_type=2 2 2 2 2 2 2 2 2 2 2 2 2 2
left_child=3 -2 5 -1 -5 8 -7 -8 10 -10 -3 13 -13 -12
right_child=1 2 -4 4 -6 6 7 -9 9 -11 11 12 -14 -15
leaf_value=0.091560613128716634 0.044990944811027833 -0.059955612078917253 0.048254303241098168 -0.062721419911076728 0.046235702078324899 -0.09048461310062722 -0.076884322673234362 0.0035086193596989869 0.041171768681687954 -0.034598975289802596 -0.065437672348466119 0.081604983447364207 -0.03830280453182075 0.050225491360831813
leaf_weight=5.7011491060256949 95.546950399875641 12.220088437199591 66.419071152806282 93.738371506333351 9.4586545526981336 21.749775722622871 12.749783411622046 60.362702071666718 23.18758037686348 70.133965015411377 4.9861730635166159 11.218517571687697 28.191326469182968 69.019288614392281
leaf_count=23 384 49 267 375 38 87 51 242 93 281 20 45 113 277
internal_value=0.00105794 0.011641 0.00326082 -0.0451805 -0.0527348 -0.00626194 -0.028847 -0.0105108 0.00352294 -0.0157722 0.0178553 0.0262392 -0.00416951 0.0424326
internal_weight=584.683 475.785 380.238 108.898 103.197 313.819 94.8623 73.1125 218.957 93.3215 125.635 113.415 39.4098 74.0055
internal_count=2345 1909 1525 436 413 1258 380 293 878 374 504 455 158 297
is_linear=0
shrinkage=0.05


Tree=2
num_leaves=15
num_cat=0
split_feature=16 7 7 7 2 7 7 20 16 16 2 16 16 7
split_gain=111.385 57.0924 61.5116 44.0493 41.1576 24.0793 39.8671 26.3851 26.9034 32.2451 35.2245 21.8849 44.6134 37.3539
threshold=180.50000000000003 -16.965267499999996 -5.0636754999999996 -23.359291499999994 30.061026500000001 -7.8904974999999995 -7.4661974999999989 1.0000000180025095e-35 760.50000000000011 640.50000000000011 25.688312000000003 348.50000000000006 258.50000000000006 -16.921163499999995
decision_type=2 2 2 2 2 2 2 2 2 2 2 2 2 2
left_child=3 -2 5 -1 -5 7 -7 8 9 11 -11 12 -3 -14
right_child=1 2 -4 4 -6 6 -8 -9 -10 10 -12 -13 13 -15
leaf_value=0.087924305519231791 0.046175555017301154 -0.057862076093287966 0.047680240859195831 -0.062239580394751783 0.051512655610185622 -0.084487100079373156 -0.0095967299700116231 0.038192609232804348 -0.08856659681341407 0.072268245595530411 -0.060695992655711684 -0.025675226139920588 -0.055699588558857399 0.071597397780295377
leaf_weight=5.8868232965469351 92.228427991271019 14.701377555727957 62.934449642896652 94.703754842281342 8.6807706952095014 22.946090459823608 78.78814560174942 42.722990572452545 9.2461612969636899 24.578816458582882 6.2469448447227469 91.42156358063221 7.2352390140294984 28.319044426083568
leaf_count=24 372 59 254 379 35 92 316 172 37 99 25 366 29 114
internal_value=0.000459953 0.0108051 0.00242207 -0.045113 -0.0526883 -0.00630951 -0.0264882 0.00283578 -0.0054754 -0.00102171 0.0453226 -0.0111052 0.0153996 0.0456927
internal_weight=590.641 481.369 389.141 109.271 103.385 326.206 101.734 224.472 181.749 172.503 30.8258 141.677 50.2557 35.5543
internal_count=2373 1935 1563 438 414 1309 408 901 729 692 124 568 202 143
is_linear=0
shrinkage=0.05


Tree=3
num_leaves=15
num_cat=0
split_feature=16 7 7 7 2 16 16 7 20 16 16 16 16 16
split_gain=92.7703 44.3848 59.4605 41.9659 33.843 23.5979 27.4316 29.2493 30.2785 22.1337 32.5654 43.5658 21.7871 32.7183
threshold=183.50000000000003 -16.965267499999996 -5.0636754999999996 -23.359291499999994 26.972924000000003 900.50000000000011 790.50000000000011 -7.8904974999999995 1.0000000180025095e-35 300.50000000000006 433.50000000000006 547.50000000000011 760.50000000000011 622.50000000000011
decision_type=2 2 2 2 2 2 2 2 2 2 2 2 2 2
left_child=3 -2 5 -1 -5 6 7 12 -9 -10 -11 -12 13 -3
right_child=1 2 -4 4 -6 -7 -8 8 9 10 11 -13 -14 -15
leaf_value=0.077782841625910065 0.04140608829044707 -0.0051040543846800172 0.046263651726711832 -0.057625523102473854 0.039600685287605471 -0.092479378460053704 0.05431564668272252 -0.072479618032482193 0.04272571967295561 -0.095321772696574297 0.07808165979219181 -0.05263096339860987 -0.094122759612464801 0.045010785885677709
leaf_weight=7.0194107294082633 90.814280718564987 165.81261669099331 64.835370764136314 95.23984706401825 9.8787722587585431 7.7367399483919135 18.897265657782555 30.569758608937263 14.468047842383383 12.725674420595167 10.978464469313623 15.200796231627463 5.7275750786066046 40.529232516884804
leaf_count=29 368 666 263 382 40 31 76 123 58 51 44 61 23 164
internal_value=0.000347419 0.00994401 0.00257022 -0.0405844 -0.0484885 -0.00620992 -0.00409044 -0.00781906 -0.0328006 -0.0100742 -0.0297096 0.00218433 0.00206933 0.0047394
internal_weight=590.434 478.296 387.482 112.138 105.119 322.646 314.909 296.012 83.9427 53.373 38.9049 26.1793 212.069 206.342
internal_count=2379 1928 1560 451 422 1297 1266 1190 337 214 156 105 853 830
is_linear=0
shrinkage=0.05


Tree=4
num_leaves=15
num_cat=0
split_feature=18 18 5 7 7 2 8 12 6 2 8 7 18 7
split_gain=90.8963 40.0177 65.8962 46.5823 38.8478 33.1944 30.1266 22.101 23.3383 33.0922 34.6561 36.5838 24.9469 21.4966
threshold=180.50000000000003 598.50000000000011 22.277235500000003 -18.604027499999997 -23.359291499999994 30.061026500000001 42.500000000000007 20.205925500000003 -3.3719439999999996 8.4603740000000034 52.500000000000007 -14.655997999999999 318.50000000000006 -4.5191724999999989
decision_type=2 2 2 2 2 2 2 2 2 2 2 2 2 2
left_child=4 3 -3 6 -1 -6 -2 8 9 10 11 -5 -12 -4
right_child=1 2 13 7 5 -7 -8 -9 -10 -11 12 -13 -14 -15
leaf_value=0.082133055159325563 -0.054552888673968292 0.071548383338057894 -0.0012509327573437868 -0.033491366212101477 -0.055079494544653586 0.047458098222473905 0.053509877052942259 0.052397653288982549 -0.042600713898545785 -0.036423128839210971 0.028547543489516849 0.062801754869242096 -0.031504037869875851 0.087666426778237605
leaf_weight=6.1924056112766257 7.3622752726078025 61.489305660128593 90.15926319360733 12.950969293713568 96.876592516899109 8.5930444300174695 52.032175689935684 13.839180052280424 51.029962241649628 56.95058137178421 25.588439896702766 41.377353250980377 53.356729358434677 7.3515526950359336
leaf_count=26 30 250 365 52 390 35 212 56 206 229 103 167 214 30
internal_value=0.00100065 0.0105706 0.0310136 0.000234892 -0.0395793 -0.0467253 0.0401149 -0.00905054 -0.0125754 -0.00452077 0.00911179 0.0398471 -0.0120396 0.00545274
internal_weight=585.15 473.488 159 314.488 111.662 105.47 59.3945 255.093 241.254 190.224 133.273 54.3283 78.9452 97.5108
internal_count=2365 1914 645 1269 451 425 242 1027 971 765 536 219 317 395
is_linear=0
shrinkage=0.05


Tree=5
num_leaves=15
num_cat=0
split_feature=16 4 6 16 2 7 16 6 2 16 16 8 16 4
split_gain=77.2762 43.8313 38.8807 36.6173 41.2518 35.9666 34.423 34.0132 44.3484 28.3756 22.0284 24.1542 25.0101 25.2183
threshold=496.50000000000006 0.60796900000000009 -3.8619294999999996 180.50000000000003 26.972924000000003 -23.359291499999994 900.50000000000011 -3.8821259999999995 1.1328295000000002 790.50000000000011 309.50000000000006 52.500000000000007 327.50000000000006 0.27937250000000008
decision_type=2 2 2 2 2 2 2 2 2 2 2 2 2 2
left_child=1 2 3 4 5 -1 7 8 -2 -10 -5 12 -12 -14
right_child=6 -3 -4 10 -6 -7 -8 -9 9 -11 11 -13 13 -15
leaf_value=0.079599342808855472 0.048614607519758761 0.040070717069295408 -0.052053573288582802 0.023544573648248048 0.086778101067576663 -0.057277998339619024 -0.087660488636608649 0.052135440875895958 -0.022161517481952275 0.052954121458299419 -0.08246228913043345 -0.036984798412411798 0.049560959819690886 -0.043134239966393512
leaf_weight=5.1387296915054312 50.10186143219471 32.236108496785164 77.214180991053581 69.628524973988533 6.1011776477098456 72.654062122106552 6.9644242674112311 76.492863461375237 76.81227508187294 15.033181071281431 5.9762986898422232 51.067601099610329 30.396871462464333 9.6721083819866163
leaf_count=22 204 131 312 283 25 294 28 313 310 61 24 205 123 39
internal_value=-0.00118952 -0.0155613 -0.0210314 -0.0114743 -0.0384174 -0.0482363 0.0217696 0.0252585 0.0107749 -0.00986666 0.00208184 -0.0133066 0.0129542 0.0271856
internal_weight=585.49 360.086 327.85 250.635 83.894 77.7928 225.405 218.44 141.947 91.8455 166.741 97.1129 46.0453 40.069
internal_count=2374 1458 1327 1015 341 316 916 888 575 371 674 391 186 162
is_linear=0
shrinkage=0.05


Tree=6
num_leaves=15
num_cat=0
split_feature=16 7 7 7 2 16 16 7 20 8 7 16 5 16
split_gain=71.3435 38.5072 47.2299 30.3876 28.118 17.6548 24.6323 23.9637 26.49 21.6994 36.9597 32.3803 28.4328 44.4352
threshold=180.50000000000003 -16.965267499999996 -5.3596829999999995 -23.359291499999994 30.061026500000001 900.50000000000011 790.50000000000011 -7.8904974999999995 1.0000000180025095e-35 52.500000000000007 -14.943362999999998 351.50000000000006 37.953338500000008 342.50000000000006
decision_type=2 2 2 2 2 2 2 2 2 2 2 2 2 2
left_child=3 -2 5 -1 -5 6 7 9 -9 10 -3 -11 -12 -14
right_child=1 2 -4 4 -6 -7 -8 8 -10 11 12 -13 13 -15
leaf_value=0.077473711952409666 0.037914627866119197 -0.068253258011023887 0.039558844045703256 -0.050952678381967098 0.046898252081049439 -0.084270625353641396 0.059466842715315951 -0.068774514266387088 -0.0097385634236886176 0.033742107684337698 0.041905221506215326 -0.033469825236397591 0.072307649876779692 -0.051374348719792517
leaf_weight=5.4923558235168448 88.255352228879929 11.975729554891585 66.767316654324532 93.557787984609604 7.9668336510658255 7.1664731949567786 14.18961441516876 29.566188126802444 53.177921012043953 23.8087317943573 73.28320224583149 72.445282682776451 10.484806269407271 23.625135704874992
leaf_count=24 363 48 275 381 33 29 58 120 214 96 298 291 43 95
internal_value=-0.000198122 0.00811511 0.00131037 -0.0370771 -0.0432741 -0.006677 -0.00489789 -0.00795892 -0.0308333 0.000819013 0.0150623 -0.0168447 0.0243531 -0.0133566
internal_weight=581.763 474.746 386.49 107.017 101.525 319.723 312.557 298.367 82.7441 215.623 119.369 96.254 107.393 34.1099
internal_count=2368 1930 1567 438 414 1292 1263 1205 334 871 484 387 436 138
is_linear=0
shrinkage=0.05


Tree=7
num_leaves=15
num_cat=0
split_feature=16 5 6 4 6 7 7 7 16 2 16 7 2 2
split_gain=61.8372 66.3467 38.1033 37.1788 35.455 27.2426 29.6237 24.9918 24.3637 35.619 28.41 23.9286 20.0664 19.6777
threshold=496.50000000000006 22.277235500000003 -12.874794499999998 0.63834750000000018 -3.4492824999999994 -5.3596829999999995 -8.9462234999999968 -4.5191724999999989 183.50000000000003 26.972924000000003 351.50000000000006 -23.359291499999994 24.663233500000004 9.6968755000000026
decision_type=2 2 2 2 2 2 2 2 2 2 2 2 2 2
left_child=3 13 -3 4 5 6 8 12 9 11 -10 -1 -4 -2
right_child=1 2 7 -5 -6 -7 -8 -9 10 -11 -12 -13 -14 -15
leaf_value=0.065038135191322038 0.078924046502830345 0.075307562361044286 -0.0045704995893517415 0.039049847117617609 -0.052257460183587116 0.04719344972621254 -0.048691870105220886 0.081480047096230523 0.02960811293726337 0.082890236216310073 -0.017912922487700694 -0.052609887432794912 -0.055341554197384638 0.028848885006854022
leaf_weight=4.7009166777133933 43.748780712485313 14.768632620573042 94.736770063638687 30.3912672996521 63.606738314032555 18.896299481391907 51.735787153244019 7.1125296354293814 65.436972677707672 6.2037716507911673 60.557453542947769 53.624063387513161 24.493119180202484 35.569398000836372
leaf_count=21 181 61 386 125 258 78 211 30 268 26 244 220 99 147
internal_value=-0.000922123 0.0198803 -0.00068572 -0.0138334 -0.0187822 -0.010629 -0.0151391 -0.00956886 -0.00602804 -0.0310123 0.00676779 -0.0431276 -0.0150003 0.0564684
internal_weight=575.583 220.429 141.111 355.153 324.762 261.155 242.259 126.342 190.523 64.5288 125.994 58.325 119.23 79.3182
internal_count=2355 904 576 1451 1326 1068 990 515 779 267 512 241 485 328
is_linear=0
shrinkage=0.05


Tree=8
num_leaves=15
num_cat=0
split_feature=16 7 7 7 2 16 16 2 6 2 6 6 2 2
split_gain=63.172 29.2546 33.8628 29.1199 22.68 19.0689 25.6759 49.8868 27.8277 19.3698 18.6027 28.3964 17.1151 25.2413
threshold=180.50000000000003 -3.6658359999999997 -16.965267499999996 -23.359291499999994 30.061026500000001 900.50000000000011 598.50000000000011 24.663233500000004 -5.864346499999999 1.2342505000000001 -5.0378254999999994 -2.6535319999999998 37.363762500000007 8.2639560000000021
decision_type=2 2 2 2 2 2 2 2 2 2 2 2 2 2
left_child=3 2 10 -1 -5 6 12 8 9 -8 -2 -12 13 -4
right_child=1 -3 5 4 -6 -7 7 -9 -10 -11 11 -13 -14 -15
leaf_value=0.073885852045819128 0.04710377533918142 0.080202035780863712 -0.00046592186960395281 -0.047100803875635956 0.039206620013765847 -0.080794663780021925 0.064454862870099425 -0.046022005301674947 0.061050477592431443 -0.019632418369785812 -0.037660365915491711 0.079795925963619993 0.040868402054776931 -0.035850442635064782
leaf_weight=5.9056283086538306 65.764385208487511 13.610316291451452 158.94163925945759 95.854821890592575 8.2683877497911435 7.3320051133632651 9.405738100409506 22.177002415060997 52.206959769129753 25.191081643104553 17.733906686306003 7.2492645978927603 16.596422091126442 73.801112830638885
leaf_count=27 274 58 644 396 35 30 39 90 218 102 73 31 69 299
internal_value=-1.73439e-05 0.00796635 0.0058122 -0.0341212 -0.0402472 -0.000972677 0.000660655 0.0209056 0.0380046 0.00322815 0.0331507 -0.00357855 -0.00818799 -0.0116861
internal_weight=580.039 470.01 456.4 110.029 104.123 365.652 358.32 108.981 86.8038 34.5968 90.7476 24.9832 249.339 232.743
internal_count=2385 1927 1869 458 431 1491 1461 449 359 141 378 104 1012 943
is_linear=0
shrinkage=0.05


Tree=9
num_leaves=15
num_cat=0
split_feature=16 7 7 7 7 16 5 16 1 7 24 1 2 5
split_gain=54.2069 27.6022 32.2732 28.3299 25.841 34.7709 49.4908 32.8416 35.3276 25.5815 24.1782 34.7554 19.2439 19.0038
threshold=180.50000000000003 -3.6658359999999997 -13.389685999999998 -12.790780999999997 -11.553163 394.50000000000006 21.160390000000003 207.50000000000003 15.657567000000002 -23.359291499999994 1.0000000180025095e-35 -1.7014794999999998 26.972924000000003 20.864860000000004
decision_type=2 2 2 2 2 2 2 2 2 2 2 2 2 2
left_child=9 2 13 -4 -5 7 -7 -6 10 -1 -9 -12 -11 -2
right_child=1 -3 3 4 5 6 -8 8 -10 12 11 -13 -14 -15
leaf_value=0.072249821985392093 0.067877387395096536 0.077824982160264011 -0.066219381716592793 0.039589692390106783 0.094858075492519581 0.039027462144856424 -0.016289886486961641 -0.083976133214715448 0.08280348613502353 -0.045098523806145985 0.031062421981165607 -0.054510013794816528 0.031760984306071535 0.017250463083903246
leaf_weight=5.539596199989318 21.839395388960838 13.545932322740553 17.129587173461914 36.024379879236221 4.9616277515888205 72.461220145225525 91.479145839810371 27.504515707492828 5.7110100239515296 90.188390821218491 17.690904915332794 36.036034643650055 8.9524170905351621 122.54755927622318
leaf_count=26 92 59 69 148 20 301 372 112 24 376 72 147 38 507
internal_value=0.00020384 0.00749427 0.00539298 -0.00372593 -5.82334e-05 -0.00564089 0.00816024 -0.0302596 -0.0373998 -0.0323154 -0.0458508 -0.0263332 -0.0381581 0.0249081
internal_weight=571.612 466.931 453.385 308.998 291.869 255.844 163.94 91.9041 86.9425 104.68 81.2315 53.7269 99.1408 144.387
internal_count=2363 1923 1864 1265 1196 1048 673 375 355 440 331 219 414 599
is_linear=0
shrinkage=0.05


Tree=10
num_leaves=15
num_cat=0
split_feature=16 7 7 7 2 16 16 2 6 1 5 2 16 7
split_gain=51.6765 25.2781 25.9393 24.017 16.7592 15.7774 16.8056 40.7449 28.6985 16.3682 15.8385 15.3311 17.1085 16.6974
threshold=180.50000000000003 -3.6658359999999997 -16.965267499999996 -23.359291499999994 26.972924000000003 900.50000000000011 598.50000000000011 23.319637000000004 -5.864346499999999 23.510927500000005 20.864860000000004 9.1936845000000016 565.50000000000011 -5.3596829999999995
decision_type=2 2 2 2 2 2 2 2 2 2 2 2 2 2
left_child=3 2 -2 -1 -5 6 9 8 10 11 -8 13 -13 -4
right_child=1 -3 5 4 -6 -7 7 -9 -10 -11 -12 12 -14 -15
leaf_value=0.070644967419683555 0.029966051760604913 0.075789452669940985 -0.0060310416376845571 -0.044668820544539301 0.026503433836044116 -0.076494892059697561 0.079189712002017923 -0.035123092266957312 0.057358847171928684 0.059195924546116309 -0.016454923468810015 -0.01977037187982697 -0.099608668801100045 0.044841884071817412
leaf_weight=5.3764770030975333 85.318101927638054 13.013800978660582 146.51045589148998 87.415887326002121 9.1356485933065397 6.7266226410865775 5.1016174703836432 28.444831639528275 51.717192500829697 9.1381279826164228 28.56020151078701 67.995474681258202 7.444781318306922 18.124674081802368
leaf_count=26 360 58 594 368 39 28 22 116 220 39 116 278 30 75
internal_value=5.47464e-05 0.0070798 0.00511494 -0.0322072 -0.0379345 -0.000619128 0.000786754 0.0167048 0.0339718 -0.00648354 -0.0019595 -0.00898354 -0.0276492 -0.000430444
internal_weight=570.024 468.096 455.082 101.928 96.5515 369.764 363.037 113.824 85.379 249.214 33.6618 240.075 75.4403 164.635
internal_count=2369 1936 1878 433 407 1518 1490 474 358 1016 138 977 308 669
is_linear=0
shrinkage=0.05


Tree=11
num_leaves=15
num_cat=0
split_feature=16 5 6 6 16 16 7 16 7 7 16 7 27 16
split_gain=48.0611 47.7015 31.7838 31.1484 27.0367 25.1368 24.0517 30.1966 22.6237 24.8343 26.1457 20.8767 20.0729 37.0754
threshold=496.50000000000006 22.277235500000003 -13.643390499999997 -3.8619294999999996 180.50000000000003 147.50000000000003 -12.293161499999998 67.500000000000014 -5.3596829999999995 -8.9238344999999981 351.50000000000006 -10.523427999999997 1.0000000180025095e-35 309.50000000000006
decision_type=2 2 2 2 2 2 2 2 2 2 2 2 2 2
left_child=3 -2 -3 4 5 6 7 -1 9 10 -6 -12 -11 -14
right_child=1 2 -4 -5 8 -7 -8 -9 -10 12 11 -13 13 -15
leaf_value=-0.065003676065833335 0.050002588840878805 0.069892610716590697 -0.0073429446455564387 -0.038319473946149013 0.032083574086602451 -0.069569920383027631 -0.033844015293823637 0.065812849371221657 0.079890173367429138 -0.075001817035647927 -0.03099729273623672 0.030397609664808724 0.092997601149750295 -0.076951167681745369
leaf_weight=5.9873544573783901 77.452523961663246 14.932085797190664 123.39665767550468 82.384629845619202 75.982072964310646 24.12686687707901 37.331816434860229 16.759325310587883 10.283836886286734 16.419453546404839 43.287679344415665 20.358495444059372 6.4512762576341647 6.3856506496667862
leaf_count=26 334 64 509 340 317 103 159 75 44 68 175 82 26 26
internal_value=6.89864e-05 0.0185854 0.000994353 -0.0114867 -0.00309332 -0.0264613 -0.00914936 0.0313795 0.00788913 0.0035048 0.0122814 -0.0113589 -0.038382 0.00845763
internal_weight=561.54 215.781 138.329 345.758 263.374 84.2054 60.0785 22.7467 179.168 168.885 139.628 63.6462 29.2564 12.8369
internal_count=2348 907 573 1441 1101 363 260 101 738 694 574 257 120 52
is_linear=0
shrinkage=0.05


Tree=12
num_leaves=15
num_cat=0
split_feature=16 5 5 6 6 19 16 16 16 1 7 16 16 16
split_gain=44.482 43.1876 27.2727 27.0396 21.7273 21.8271 40.0926 28.0854 46.3151 18.4725 17.7848 17.7713 20.0743 33.0476
threshold=496.50000000000006 22.277235500000003 39.619760500000005 -13.643390499999997 -3.4843029999999993 1.0000000180025095e-35 394.50000000000006 318.50000000000006 258.50000000000006 -11.452573999999998 -4.5191724999999989 445.50000000000006 321.50000000000006 374.50000000000006
decision_type=2 2 2 2 2 2 2 2 2 2 2 2 2 2
left_child=2 -2 4 -3 5 11 7 8 9 -7 -5 12 -1 -14
right_child=1 3 -4 10 -6 6 -8 -9 -10 -11 -12 -13 13 -15
leaf_value=-0.057042238921954126 0.047650623484258851 0.066972191782592866 0.022889609029815655 -0.010984091524458844 -0.042746979902773555 -0.095206723258976445 0.054274262865075265 -0.057628921554993301 0.069251857383080734 -0.0090079283797026531 0.073798459396323582 -0.094248131347391698 0.070755174287279884 -0.042241393721126841
leaf_weight=23.137211099267006 77.742617204785347 13.948074981570242 50.365899562835693 116.53142885863781 63.811972305178642 6.6793780475854865 27.816449627280235 26.653001055121422 19.646883457899094 89.462258920073509 6.5322449207305899 10.654632359743117 11.430050000548365 14.913188785314558
leaf_count=98 339 61 214 478 263 29 114 109 82 384 30 43 47 62
internal_value=2.34407e-05 0.0178841 -0.0111083 0.000994155 -0.0169285 -0.00977751 -0.000631245 -0.0113534 -0.000701349 -0.0149965 -0.00648382 -0.035673 -0.02306 0.00678661
internal_weight=559.325 214.754 344.571 137.012 294.205 230.393 170.258 142.442 115.789 96.1416 123.064 60.1351 49.4804 26.3432
internal_count=2353 908 1445 569 1231 968 718 604 495 413 508 250 207 109
is_linear=0
shrinkage=0.05


Tree=13
num_leaves=15
num_cat=0
split_feature=18 7 7 7 18 8 20 18 19 18 5 8 18 18
split_gain=39.3061 22.2284 24.3629 19.2471 16.0611 15.8028 25.8634 17.5956 28.9228 15.5409 31.0137 19.6047 17.8156 17.5754
threshold=180.50000000000003 -3.6658359999999997 -16.965267499999996 -23.359291499999994 900.50000000000011 42.500000000000007 1.0000000180025095e-35 207.50000000000003 1.0000000180025095e-35 598.50000000000011 25.896373000000004 57.500000000000007 640.50000000000011 676.50000000000011
decision_type=2 2 2 2 2 2 2 2 2 2 2 2 2 2
left_child=3 2 5 -1 9 6 -2 8 -7 -4 11 -11 -13 -12
right_child=1 -3 4 -5 -6 7 -8 -9 -10 10 13 12 -14 -15
leaf_value=0.068315144656689475 -0.0494046437959643 0.071940508167517042 -0.006986633798716637 -0.033274380790674095 -0.074768548837233273 0.07109500855427317 0.07539315916401132 0.051545553725549059 -0.080819834089306292 0.053648435070721284 0.035480962133267784 -0.076250924744129492 0.051058888404631055 -0.032484465042396674
leaf_weight=4.9010650366544715 13.686166584491732 12.503982990980147 241.10438261926174 95.735667049884796 7.319697529077529 5.6129282712936384 5.9592311531305304 55.326828688383102 7.0917806327342987 48.556487783789635 13.05733212828636 6.2084738761186582 4.9302190542221069 35.031871885061264
leaf_count=25 57 59 992 414 31 24 27 239 30 215 53 25 21 143
internal_value=-4.21889e-05 0.00619477 0.00434275 -0.0283269 -0.00146877 0.0279534 -0.0115485 0.0393604 -0.013704 6.90658e-05 0.0158521 0.0399247 -0.0199009 -0.0140303
internal_weight=557.026 456.389 443.885 100.637 356.208 87.6769 19.6454 68.0315 12.7047 348.889 107.784 59.6952 11.1387 48.0892
internal_count=2355 1916 1857 439 1480 377 84 293 54 1449 457 261 46 196
is_linear=0
shrinkage=0.05


Tree=14
num_leaves=15
num_cat=0
split_feature=16 7 8 8 20 2 7 24 16 16 7 6 5 16
split_gain=38.2482 25.0476 31.441 21.3023 27.4074 20.236 30.2179 21.9074 24.0253 20.6567 21.387 31.9705 20.0226 24.3859
threshold=180.50000000000003 -15.713749999999999 57.500000000000007 42.500000000000007 1.0000000180025095e-35 9.1936845000000016 -3.6658359999999997 1.0000000180025095e-35 318.50000000000006 463.50000000000006 -12.790780999999997 -3.4843029999999993 23.977284500000003 580.50000000000011
decision_type=2 2 2 2 2 2 2 2 2 2 2 2 2 2
left_child=-1 3 5 4 -2 9 7 8 -7 10 -3 -12 -11 -14
right_child=1 2 -4 -5 -6 6 -8 -9 -10 12 11 -13 13 -15
leaf_value=-0.027389083547447804 -0.050968320061791687 -0.067421263263533426 -0.032370132359561619 0.039466533880037652 0.07311031249339181 0.076380190464817588 0.070438064646561188 -0.027989985180130378 -0.0050139919486386492 0.069083311554578114 0.037660039437838383 -0.030393396481928028 0.089685083817219291 -0.025575263550488669
leaf_weight=103.2274539321661 15.765522792935373 9.096535772085188 62.052592307329178 82.485544070601463 6.2011122703552237 11.629903316497801 11.94393467903137 86.083951100707054 41.126051262021065 32.936721250414848 49.062593564391136 26.622559487819672 6.4555218070745495 15.871657878160475
leaf_count=454 65 37 255 355 29 50 58 360 170 148 203 108 26 66
internal_value=0.000101438 0.00630648 -5.97189e-05 0.0278141 -0.0159413 0.00683417 -0.00587657 -0.0124417 0.0129291 0.0205195 0.00501582 0.013722 0.0443041 0.00775029
internal_weight=560.562 457.334 352.882 104.452 21.9666 290.829 150.784 138.84 52.756 140.046 84.7817 75.6852 55.2639 22.3272
internal_count=2384 1930 1481 449 94 1226 638 580 220 588 348 311 240 92
is_linear=0
shrinkage=0.05


Tree=15
num_leaves=15
num_cat=0
split_feature=16 16 5 2 5 16 2 16 2 16 2 2 0 16
split_gain=33.4696 18.0338 26.9018 22.7742 20.1894 17.4157 15.9281 15.6056 20.3533 15.5665 22.8968 15.6432 14.9311 13.0405
threshold=183.50000000000003 598.50000000000011 21.494803000000005 -8.2785889999999984 41.744158500000005 900.50000000000011 13.8995975 342.50000000000006 10.037865000000002 147.50000000000003 -8.2785889999999984 26.972924000000003 5.9586790000000009 105.50000000000001
decision_type=2 2 2 2 2 2 2 2 2 2 2 2 2 2
left_child=9 3 -3 -2 6 -4 12 -6 -9 10 -1 13 -5 -12
right_child=1 2 5 4 7 -7 -8 8 -10 -11 11 -13 -14 -15
leaf_value=0.061866183111249799 0.023826613532780899 0.05055531748422263 0.011048693961928417 -0.011865529184170172 0.054230321210027035 -0.071388035941935046 -0.049299548429019568 0.048981293675509026 -0.082791335676027103 -0.056955123928705324 -0.01617600429343655 0.03707419596427472 0.057650027349838984 -0.066792736309646814
leaf_weight=8.8726004064083082 71.722432002425194 49.353756576776505 88.253838256001472 165.95199955999851 20.777433127164841 6.9082591384649268 27.939281642436981 5.7720621377229673 5.9522368311882019 28.527714431285858 37.133763521909714 9.1131596118211728 8.101539343595503 19.358085915446281
leaf_count=42 305 232 372 685 91 30 116 25 24 126 163 39 33 85
internal_value=0.000165223 0.00604165 0.0205999 -0.000828985 -0.00837014 0.00506423 -0.0142552 0.0282045 -0.0179175 -0.025549 -0.0135192 -0.0237145 -0.00862984 -0.0335209
internal_weight=553.738 450.733 144.516 306.217 234.495 95.1621 201.993 32.5017 11.7243 103.005 74.4776 65.605 174.054 56.4918
internal_count=2368 1913 634 1279 974 402 834 140 49 455 329 287 718 248
is_linear=0
shrinkage=0.05


Tree=16
num_leaves=15
num_cat=0
split_feature=16 5 6 6 2 7 7 6 1 16 16 2 16 5
split_gain=30.5528 29.2459 23.7276 23.5763 19.2132 18.2223 22.9845 18.3934 18.1612 16.4205 16.1911 21.6885 16.6545 16.8757
threshold=496.50000000000006 22.393342000000001 -13.643390499999997 -3.8619294999999996 8.7079995000000014 -5.3596829999999995 -9.3348469999999981 -4.8626289999999992 17.125618000000003 511.50000000000006 619.50000000000011 1.0000000180025095e-35 676.50000000000011 42.464622000000013
decision_type=2 2 2 2 2 2 2 2 2 2 2 2 2 2
left_child=3 4 -3 5 -2 6 -1 -8 -5 -4 11 -11 -12 -14
right_child=1 2 9 8 -6 -7 7 -9 -10 10 12 -13 13 -15
leaf_value=0.0016259481344031081 0.065724815999201811 0.063497494503402127 0.094107729564768719 -0.039990219044244983 0.014006816686303625 0.052519738731578371 -0.057014161530097418 0.0098637339231631982 0.058332665968323864 0.012759871599914202 0.038868549959417992 -0.066261822272300888 -0.00034564950783547236 -0.076565419860689543
leaf_weight=196.6750852316618 36.113672003149986 13.530712842941282 3.9467209279537192 75.117548897862434 35.72009214758873 14.071587964892386 33.927681714296341 14.751042261719702 5.0097380280494681 13.807522788643835 23.057948142290115 23.396519914269447 51.090543642640114 8.4655041396617872
leaf_count=842 170 62 16 315 159 62 146 62 22 58 95 95 218 35
internal_value=-0.000876666 0.0141576 0.000632754 -0.0101362 0.0400075 -0.00281406 -0.00598758 -0.0367483 -0.0338429 -0.00624 -0.00954538 -0.0369345 0.00278893 -0.0111798
internal_weight=548.682 209.129 137.295 339.553 71.8338 259.425 245.354 48.6787 80.1273 123.765 119.818 37.204 82.614 59.556
internal_count=2357 908 579 1449 329 1112 1050 208 337 517 501 153 348 253
is_linear=0
shrinkage=0.05


Tree=17
num_leaves=15
num_cat=0
split_feature=16 16 2 7 2 19 7 16 5 6 7 6 20 16
split_gain=27.7162 19.3077 22.7414 19.1237 23.8572 17.6171 17.3069 17.1943 28.0739 17.1541 19.3828 18.2092 26.3381 16.4411
threshold=180.50000000000003 147.50000000000003 -8.2785889999999984 -3.6658359999999997 9.1936845000000016 1.0000000180025095e-35 -15.451929999999999 496.50000000000006 22.277235500000003 -3.4492824999999994 -5.3596829999999995 -5.1522569999999996 1.0000000180025095e-35 445.50000000000006
decision_type=2 2 2 2 2 2 2 2 2 2 2 2 2 2
left_child=1 2 -1 4 7 6 -6 9 -9 10 11 13 -13 -2
right_child=3 -3 -4 -5 5 -7 -8 8 -10 -11 -12 12 -14 -15
leaf_value=0.059602014342232834 0.02336512669123338 -0.059720557329684856 -0.021504763031704257 0.068331675257193789 0.062494422139911125 0.00056189096313505392 -0.043528352776253151 0.062979816483262258 0.0093496499238765914 -0.029716712801990165 0.073382293608135113 -0.055105396740708128 0.032418931554143098 -0.04009503197078193
leaf_weight=10.038806051015852 88.351202085614204 27.100060135126114 62.139390140771866 11.777428030967711 4.1709537953138343 92.789185270667076 49.882029950618744 37.30742534995079 70.541936695575714 33.321079701185226 11.1483738720417 24.719436183571815 13.17745818197727 11.539334073662756
leaf_count=47 373 123 276 60 19 392 211 180 301 136 49 102 54 47
internal_value=0.000170886 -0.0237352 -0.0102241 0.00545999 0.00376535 -0.0126563 -0.0353472 0.0120775 0.0279015 0.00271371 0.0099693 0.00483855 -0.0246716 0.0160342
internal_weight=548.004 99.2783 72.1782 448.726 436.948 146.842 54.053 290.106 107.849 182.257 148.936 137.787 37.8969 99.8905
internal_count=2370 446 323 1924 1864 622 230 1242 481 761 625 576 156 420
is_linear=0
shrinkage=0.05


Tree=18
num_leaves=15
num_cat=0
split_feature=16 5 6 6 7 7 7 1 7 6 19 16 16 16
split_gain=23.8268 31.9489 20.8463 20.7691 20.2605 17.2916 17.2407 16.9834 14.639 20.1629 15.7623 25.2076 22.4523 17.2385
threshold=496.50000000000006 22.499035000000003 -13.643390499999997 -3.8619294999999996 -5.3596829999999995 -24.100376499999996 -22.868467999999996 17.125618000000003 -9.3348469999999981 -4.7268684999999993 1.0000000180025095e-35 445.50000000000006 180.50000000000003 472.50000000000006
decision_type=2 2 2 2 2 2 2 2 2 2 2 2 2 2
left_child=3 -2 -3 4 5 -1 -7 -5 10 -10 11 12 -8 -12
right_child=1 2 -4 7 -6 6 8 -9 9 -11 13 -13 -14 -15
leaf_value=0.037146875665254327 0.040454432561177422 0.060861912545279812 -0.0068455000484605169 -0.035400959848979556 0.057489148696123052 -0.088075834960276822 -0.061479765449326387 0.065042977661639967 -0.049631684466359738 0.025850824397178968 0.007297212685641887 -0.088585548233567679 0.016597403990109047 0.094845825218109095
leaf_weight=22.994663402438164 73.076616287231445 12.528614044189451 122.75169642269611 76.060830026865005 14.110991433262823 6.588474601507186 12.570256933569906 4.4548817574977866 35.16402330994606 11.821225255727766 104.40980350971222 10.931312590837477 34.421585649251938 5.9426799267530432
leaf_count=107 345 59 517 322 64 29 58 20 154 50 446 45 143 24
internal_value=0.000505198 0.0138152 -0.000574964 -0.00766408 -0.000767943 -0.00412545 -0.00840332 -0.0298435 -0.00596479 -0.0306407 0.00092512 -0.0201968 -0.00428814 0.0120119
internal_weight=547.828 208.357 135.28 339.471 258.955 244.844 221.849 80.5157 215.261 46.9852 168.276 57.9232 46.9918 110.352
internal_count=2383 921 576 1462 1120 1056 949 342 920 204 716 246 201 470
is_linear=0
shrinkage=0.05


Tree=19
num_leaves=15
num_cat=0
split_feature=16 1 6 2 6 20 7 6 16 16 7 2 6 8
split_gain=26.6832 21.0231 20.2482 18.3149 37.4667 15.9016 25.4585 22.8968 16.0267 20.7629 19.3862 20.108 18.4947 22.7143
threshold=496.50000000000006 13.546475500000001 -3.8619294999999996 0.38060550000000004 -4.0200694999999991 1.0000000180025095e-35 -9.1939424999999986 -5.0378254999999994 204.50000000000003 362.50000000000006 -10.523427999999997 14.614225000000003 -6.9740904999999991 62.500000000000007
decision_type=2 2 2 2 2 2 2 2 2 2 2 2 2 2
left_child=1 2 5 -2 -5 6 8 -7 -1 -10 12 -12 13 -11
right_child=3 -3 -4 4 -6 7 -8 -9 9 10 11 -13 -14 -15
leaf_value=-0.022917957654061218 0.039685252770801385 0.034734800506537052 -0.034716502666072166 -0.013879841985552236 0.037034708081475493 -0.0099385172109045638 -0.052604303036852318 0.062521186861719022 0.033011685002365745 0.028023290333064856 0.081128645119753678 -0.032779939293577129 -0.080110167785498329 -0.086777098414497114
leaf_weight=60.939245760440826 54.915765210986137 26.579326719045639 72.471898198127747 92.582969918847084 59.260835289955139 24.287824839353561 30.499571964144707 19.782348975539207 48.535620108246803 15.060964703559874 9.1465744227170926 6.7213523536920539 13.298084110021593 6.0354329496622077
leaf_count=278 251 118 309 391 278 103 136 86 208 62 37 27 55 25
internal_value=0.000828833 -0.00792346 -0.0116194 0.0149401 0.00599083 -0.00447535 -0.0107447 0.0225874 -0.00275219 0.00968617 -0.012838 0.0328791 -0.0339296 -0.00481976
internal_weight=540.118 333.358 306.779 206.76 151.844 234.307 190.237 44.0702 159.737 98.798 50.2624 15.8679 34.3945 21.0964
internal_count=2364 1444 1326 920 669 1017 828 189 692 414 206 64 142 87
is_linear=0
shrinkage=0.05


Tree=20
num_leaves=15
num_cat=0
split_feature=16 7 2 32 16 16 5 32 7 16 16 5 16 7
split_gain=28.5947 15.9359 20.6911 16.3883 18.7183 15.368 33.7127 30.4998 28.5229 26.1864 22.785 21.7695 20.4321 21.6892
threshold=180.50000000000003 -3.6658359999999997 9.1936845000000016 13.500000000000002 318.50000000000006 394.50000000000006 22.277235500000003 13.500000000000002 -11.295414999999997 297.50000000000006 234.50000000000003 15.986864000000002 324.50000000000006 -10.968397999999999
decision_type=2 2 2 2 2 2 2 2 2 2 2 2 2 2
left_child=-1 2 5 4 -4 7 -7 8 10 -9 11 -2 -11 -14
right_child=1 -3 3 -5 -6 6 -8 9 -10 12 -12 -13 13 -15
leaf_value=-0.02390740740552846 0.046840170505172793 0.066176223685535523 0.070218268808121695 -0.023344267753146093 -0.0036381042581988252 0.052628063254198831 0.0042830585407137856 0.049251935780577627 -0.071216998221419928 -0.075600722875950377 0.035526161552731306 -0.079008741812541472 0.072072309980922553 -0.024812851655341445
leaf_weight=98.25115142762661 4.8143885284662273 10.706242814660071 10.79133281111717 93.966557130217552 41.843886986374855 59.191152796149254 92.277399376034737 39.319280594587326 22.399923399090767 8.9516061097383481 20.510402724146843 12.004709243774412 9.4338515996932966 14.900389283895494
leaf_count=451 20 58 50 403 175 281 395 169 96 37 89 51 40 61
internal_value=0.00048628 0.00591962 0.00442075 -0.0108325 0.011504 0.0123 0.0231754 -0.000147871 -0.0266128 0.0216238 0.000152311 -0.0429851 -0.0110122 0.0127474
internal_weight=539.362 441.111 430.405 146.602 52.6352 283.803 151.469 132.335 59.7294 72.6051 37.3295 16.8191 33.2858 24.3342
internal_count=2376 1925 1867 628 225 1239 676 563 256 307 160 71 138 101
is_linear=0
shrinkage=0.05


Tree=21
num_leaves=15
num_cat=0
split_feature=18 18 2 2 18 5 18 2 8 18 18 0 3 5
split_gain=22.7476 15.8506 26.3156 14.4168 15.6868 21.0416 14.1288 13.8477 13.3478 13.0389 18.1275 20.3641 12.2057 14.1096
threshold=180.50000000000003 147.50000000000003 -10.063679499999997 -13.342830999999999 607.50000000000011 21.494803000000005 900.50000000000011 26.972924000000003 52.500000000000007 105.50000000000001 55.500000000000007 -1.2230564999999998 -1.1219164999999998 26.653723000000003
decision_type=2 2 2 2 2 2 2 2 2 2 2 2 2 2
left_child=1 2 -1 -2 -5 -6 8 9 12 10 -4 -12 -7 -14
right_child=3 -3 7 4 5 6 -8 -9 -10 -11 11 -13 13 -15
leaf_value=0.078211339037738747 0.037528666573291458 -0.055816830238592387 -0.05374195188003747 -0.0041575702316526504 0.045892380147607291 0.065915052550309106 -0.068039728631536733 0.043304694244478581 -0.027834001870148558 -0.062373926818033568 0.10895758261553637 -0.0080398098428488898 0.058700977754040679 -0.0043203892683836868
leaf_weight=7.6218028068542472 32.077388018369675 25.075758785009384 14.812531873583792 272.13783028721809 42.349592134356499 11.657539427280424 6.4704473316669455 7.5561887770891181 19.25529670715332 19.026108294725418 4.7968116402626029 16.555974110960964 11.339044138789175 40.97588212788105
leaf_count=37 144 119 68 1162 221 50 29 32 82 89 21 76 52 174
internal_value=0.000427184 -0.0216833 -0.00951998 0.00526449 0.00270391 0.0168448 0.00313038 -0.0201765 0.00866341 -0.0288676 -0.0112404 0.0182432 0.0196489 0.00933923
internal_weight=531.708 95.4452 70.3694 436.263 404.186 132.048 89.6982 62.7476 83.2278 55.1914 36.1653 21.3528 63.9725 52.3149
internal_count=2356 442 323 1914 1770 608 387 286 358 254 165 97 276 226
is_linear=0
shrinkage=0.05


Tree=22
num_leaves=15
num_cat=0
split_feature=16 5 8 16 12 16 7 7 16 2 16 16 5 16
split_gain=20.7001 23.0335 19.3768 23.0825 21.9304 22.7019 17.9972 17.0721 19.8877 16.0392 13.7847 18.5565 15.5974 14.1233
threshold=598.50000000000011 21.818471500000005 42.500000000000007 550.50000000000011 8.8848120000000019 342.50000000000006 -24.100376499999996 -13.922680499999998 225.50000000000003 18.698480000000004 264.50000000000006 315.50000000000006 14.690737500000003 382.50000000000006
decision_type=2 2 2 2 2 2 2 2 2 2 2 2 2 2
left_child=2 -2 3 7 6 -6 -4 -1 -9 -7 12 -12 -8 -13
right_child=1 -3 4 -5 5 9 10 8 -10 -11 11 13 -14 -15
leaf_value=-0.067924345758628324 0.045295649193930781 0.0020722048105467697 0.036861139047292692 -0.096062157676097271 0.072673087590042956 0.042512408828557918 0.0084142048872837185 -0.049752970404831384 0.014443460001446801 -0.087749542849074394 0.043793758342285931 -0.031996249308327999 -0.03350541497922814 0.0047846732919123976
leaf_weight=13.468782067298887 46.286664992570877 92.252024456858635 24.04257844388485 10.733139052987097 19.167235836386684 4.7709112167358381 30.808398693799973 17.421460300683975 39.233267784118652 4.6824314743280411 22.131024986505508 36.66244438290596 79.323135569691658 90.58611536026001
leaf_count=58 246 399 116 44 87 20 138 78 171 20 95 157 361 380
internal_value=-0.000105542 0.0165134 -0.00596353 -0.0277777 -0.000313417 0.0413997 -0.00452374 -0.0173261 -0.00529709 -0.022009 -0.00835787 0.00153679 -0.0217787 -0.00581253
internal_weight=531.57 138.539 393.031 80.8566 312.174 28.6206 283.554 70.1235 56.6547 9.45334 259.511 149.38 110.132 127.249
internal_count=2370 645 1725 351 1374 127 1247 307 249 40 1131 632 499 537
is_linear=0
shrinkage=0.05


Tree=23
num_leaves=15
num_cat=0
split_feature=16 5 6 5 2 16 6 7 3 1 16 7 2 6
split_gain=19.2626 24.8831 17.1799 16.8603 14.6935 11.7689 12.1322 21.5434 12.0869 15.8701 13.6219 11.5411 13.0795 14.6945
threshold=496.50000000000006 22.277235500000003 -13.643390499999997 61.281258000000008 9.6968755000000026 43.500000000000007 -3.7139284999999993 -5.3596829999999995 5.1654715000000015 2.6808590000000003 433.50000000000006 -4.5191724999999989 0.38060550000000004 -4.0516824999999992
decision_type=2 2 2 2 2 2 2 2 2 2 2 2 2 2
left_child=3 4 -3 5 -2 -1 7 -7 9 10 -8 12 -4 -14
right_child=1 2 11 -5 -6 6 8 -9 -10 -11 -12 -13 13 -15
leaf_value=-0.067118097190372747 0.059025671869106046 0.057713218181393855 0.017692338677268993 0.049032476327355579 0.011988274102654385 -0.0061781386128415185 -0.023538883191832935 0.063579143088452236 0.024323941467606372 -0.058428086336553921 0.064475831505767037 0.067076818369472921 -0.031313713121152033 0.018407550099161295
leaf_weight=8.7488262355327588 35.446399763226509 11.582327187061308 32.339006125926971 12.607040360569952 31.230878323316574 218.79042606055737 25.576864123344425 11.657884344458578 10.289551749825476 32.597942233085632 5.3085278421640387 5.167251229286193 64.001993134617805 19.35294608771801
leaf_count=41 189 57 138 57 148 966 114 56 45 141 22 28 266 82
internal_value=-0.000167221 0.0120829 -0.00045824 -0.00765933 0.0369939 -0.00994298 -0.00829874 -0.00264927 -0.0259463 -0.0340942 -0.00841107 -0.00603291 -0.00929821 -0.0197697
internal_weight=524.698 199.121 132.444 325.577 66.6773 312.97 304.221 230.448 73.7729 63.4833 30.8854 120.861 115.694 83.3549
internal_count=2350 908 571 1442 337 1385 1344 1022 322 277 136 514 486 348
is_linear=0
shrinkage=0.05


Tree=24
num_leaves=15
num_cat=0
split_feature=7 7 16 5 16 1 7 16 19 5 16 19 16 2
split_gain=16.046 17.1164 11.5364 10.9633 18.4464 18.2742 16.2436 14.3589 10.6539 10.0315 11.881 11.8296 18.4142 22.0066
threshold=-3.6658359999999997 -18.846248999999997 37.500000000000007 54.91555300000001 234.50000000000003 2.9930535000000007 -24.100376499999996 198.50000000000003 1.0000000180025095e-35 51.87092950000001 342.50000000000006 1.0000000180025095e-35 622.50000000000011 6.3974525000000009
decision_type=2 2 2 2 2 2 2 2 2 2 2 2 2 2
left_child=1 3 -3 4 6 -6 7 -1 -7 11 -11 12 -4 -14
right_child=-2 2 9 -5 5 8 -8 -9 -10 10 -12 -13 13 -15
leaf_value=0.061303683211921423 0.063808296145932905 -0.070832527330179793 -0.030341500156084108 0.063598826487369794 0.053703823962138797 -0.054940002085953336 -0.078183923508863842 -0.037305575389575116 0.040784828847594171 -0.0057036523990555074 -0.090604347827448001 0.0031718490100549287 0.050301674383099008 -0.017632472614940567
leaf_weight=6.8688855171203631 9.6530531644821149 6.5792405754327765 78.094141811132431 12.344296365976332 29.262831971049309 7.6967719793319684 8.5566156506538373 7.9812365770339966 4.6705272346735001 9.6567256301641482 7.1878521293401709 281.73270665109158 19.336903616786003 31.084809049963951
leaf_count=36 57 32 339 59 140 33 40 35 24 44 29 1249 97 135
internal_value=-5.59308e-05 -0.00126223 -0.0051275 0.0204002 0.0122009 0.0321679 -0.0233115 0.00830588 -0.0187894 -0.00411534 -0.0419321 -0.0025626 -0.0151337 0.00842051
internal_weight=520.707 511.054 433.672 77.3812 65.0369 41.6301 23.4067 14.8501 12.3673 427.093 16.8446 410.249 128.516 50.4217
internal_count=2349 2292 1925 367 308 197 111 71 57 1893 73 1820 571 232
is_linear=0
shrinkage=0.05


Tree=25
num_leaves=15
num_cat=0
split_feature=16 6 5 6 2 7 7 6 16 16 1 16 16 16
split_gain=19.7657 17.5647 16.6827 15.9366 14.845 13.3202 14.9207 16.5146 12.9092 14.1102 11.1189 14.9568 19.9514 19.6678
threshold=496.50000000000006 -3.8619294999999996 22.277235500000003 -13.643390499999997 7.4952845000000012 -5.3596829999999995 -9.3348469999999981 -4.7268684999999993 511.50000000000006 538.50000000000011 8.891646500000002 547.50000000000011 601.50000000000011 661.50000000000011
decision_type=2 2 2 2 2 2 2 2 2 2 2 2 2 2
left_child=1 5 4 -4 -2 6 -1 -8 -5 -10 11 -6 -13 -14
right_child=2 -3 3 8 10 -7 7 -9 9 -11 -12 12 13 -15
leaf_value=0.0023946940970633697 0.06091169920446951 -0.028386218494426227 0.056293235432295141 0.089135372677069766 0.062361136178559956 0.048350301460937786 -0.04608492314713359 0.027232943201737386 -0.059346922202725687 -0.00057878817971285571 0.063379985514619472 -0.10024818089708656 0.070062135612867671 -0.040849712807921462
leaf_weight=186.56287637352943 27.720847874879837 77.389407724142075 12.328573539853094 3.6489167511463156 6.9075889289379147 12.923867493867872 34.633172765374184 9.8690903931856138 11.336066722869871 103.17211410403252 8.3961748331785184 5.9482004642486599 6.9987426996231106 9.3194780200719816
leaf_count=827 157 341 64 15 29 63 160 43 48 444 47 24 35 46
internal_value=-1.70745e-06 -0.00763107 0.0125223 0.00219785 0.033156 -0.00104787 -0.00381079 -0.0298255 -0.0034465 -0.00639671 0.0126767 -0.00191548 -0.0218557 0.00671941
internal_weight=517.155 321.378 195.777 130.486 65.291 243.989 231.065 44.5023 118.157 114.508 37.5702 29.174 22.2664 16.3182
internal_count=2343 1434 909 571 338 1093 1030 203 507 492 181 134 105 81
is_linear=0
shrinkage=0.05


Tree=26
num_leaves=15
num_cat=0
split_feature=16 5 16 16 5 5 4 2 5 1 5 8 5 2
split_gain=18.7778 19.1956 13.3161 14.5589 28.9473 25.2519 14.5937 11.5541 16.2095 15.1524 12.6925 10.5293 11.4863 16.4091
threshold=258.50000000000006 58.054240500000006 300.50000000000006 394.50000000000006 21.494803000000005 23.326012500000001 -0.6730894999999999 10.188336500000002 18.787401500000005 8.891646500000002 11.442811500000003 57.500000000000007 37.953338500000008 20.147761500000005
decision_type=2 2 2 2 2 2 2 2 2 2 2 2 2 2
left_child=1 -1 -2 5 7 -4 -6 10 9 -9 -5 12 -8 -14
right_child=2 -3 3 4 6 -7 11 8 -10 -11 -12 -13 13 -15
leaf_value=-0.019148742002730618 0.035649094539283478 0.053169626700851916 -0.043050143661146734 -0.022879337548730075 0.059356193705429786 0.018100127186745876 0.0076954750109966058 -0.039433399279712802 0.06838477864185899 0.06452745135870569 0.054167839585897271 -0.034155270074386145 0.0044558984603358578 -0.064355083740956776
leaf_weight=145.57941998541355 34.66475535929203 9.7930726706981641 40.09665510058403 5.9896700233221045 8.9065376371145231 29.160370200872421 103.88112582266331 16.000176444649703 7.7118697315454474 4.4881139993667594 49.688091292977333 28.254661217331886 20.021460115909576 15.272662475705145
leaf_count=676 152 46 174 26 47 131 449 72 38 27 256 120 87 65
internal_value=-3.79167e-05 -0.0145905 0.00617151 0.00307008 0.00849247 -0.0173031 -0.00300921 0.0326724 0.00659712 -0.01666 0.0458793 -0.00632677 -0.00067717 -0.0253204
internal_weight=519.509 155.372 364.136 329.471 260.214 69.257 176.336 83.8779 28.2002 20.4883 55.6778 167.43 139.175 35.2941
internal_count=2366 722 1644 1492 1187 305 768 419 137 99 282 721 601 152
is_linear=0
shrinkage=0.05


Tree=27
num_leaves=15
num_cat=0
split_feature=7 5 16 2 19 16 16 7 8 5 2 3 7 20
split_gain=14.4049 14.9992 16.8276 18.8958 14.0521 14.6934 16.3161 13.5797 12.9817 15.4495 17.8165 13.8415 13.0497 18.2499
threshold=-3.6658359999999997 59.299730000000004 228.50000000000003 6.6265090000000013 1.0000000180025095e-35 303.50000000000006 448.50000000000006 -5.7190374999999998 42.500000000000007 14.690737500000003 26.972924000000003 -1.1013999999999997 -24.100376499999996 1.0000000180025095e-35
decision_type=2 2 2 2 2 2 2 2 2 2 2 2 2 2
left_child=1 2 8 7 -5 -6 -7 -4 -1 11 12 -10 -11 -14
right_child=-2 -3 3 4 5 6 -8 -9 9 10 -12 -13 13 -15
leaf_value=-0.056531119706526772 0.062266020994050021 0.043941351847058267 0.0084941811507492967 -0.030540616746665819 0.04909614064347502 -0.0477506776027685 0.0040051497454825606 0.0587461382964704 -0.0011945338983998012 0.01580644278379624 0.068512193804935922 0.080734573209749846 -0.058049628742756647 0.0063070870179596714
leaf_weight=19.863528802990913 8.9519935697317106 17.366550222039223 190.94414587318897 57.939211368560791 13.378783807158468 19.355503425002098 71.405616879463196 14.462123811244963 19.545450031757358 12.398837149143217 4.8519208729267111 7.002014845609664 41.240116700530052 15.03050437569618
leaf_count=93 57 83 863 255 60 86 313 71 90 61 21 31 199 69
internal_value=-0.000604602 -0.00171957 -0.00334645 0.00196091 -0.0108028 0.000178591 -0.00703218 0.0120323 -0.0196088 -0.0122798 -0.0240852 0.0204146 -0.0306278 -0.0408592
internal_weight=513.736 504.784 487.418 367.485 162.079 104.14 90.7611 205.406 119.932 100.069 73.5214 26.5475 68.6695 56.2706
internal_count=2352 2295 2212 1648 714 459 399 934 564 471 350 121 329 268
is_linear=0
shrinkage=0.05


Tree=28
num_leaves=15
num_cat=0
split_feature=16 16 2 16 16 3 4 2 2 5 5 8 4 16
split_gain=17.1262 15.1601 17.1107 13.5592 14.3971 15.5906 18.3652 14.3878 11.8339 11.3231 10.8124 10.3868 12.4853 19.4972
threshold=183.50000000000003 147.50000000000003 -8.2785889999999984 900.50000000000011 622.50000000000011 2.0056050000000005 0.42442400000000008 -8.2785889999999984 9.4905415000000009 19.450621500000004 23.454090000000004 32.500000000000007 0.51901050000000015 318.50000000000006
decision_type=2 2 2 2 2 2 2 2 2 2 2 2 2 2
left_child=1 2 -1 4 7 -6 8 9 -7 -2 -11 -9 -13 -14
right_child=3 -3 -4 -5 5 6 -8 11 -10 10 -12 12 13 -15
leaf_value=0.055929557846810099 0.057655050374869454 -0.050981649014663843 -0.016662593974843563 -0.066041664116135754 0.039411269288928033 0.014913596138683125 0.027846295496525342 -0.049992577013853276 -0.058132212866662362 -0.04194391702244183 0.01969916453082371 -0.0081395328873963228 0.064696164364066541 -0.011543252122816088
leaf_weight=9.4584120661020261 15.803961083292959 26.653109818696976 57.263133019208908 6.6907379180192939 56.827695280313492 8.8209302276372927 30.011666715145111 12.517761588096617 14.928385213017462 8.5913307219743711 41.360605701804161 191.01658597588539 16.068614304065704 17.539568483829498
leaf_count=47 69 134 275 31 272 45 155 54 66 38 189 835 78 76
internal_value=0.000263633 -0.0191055 -0.00637197 0.00456796 0.00571051 0.0211513 0.00184977 7.30495e-05 -0.0310017 0.0207676 0.00909705 -0.00566523 -0.00319498 0.024908
internal_weight=513.552 93.3747 66.7215 420.178 413.487 110.589 53.761 302.898 23.7493 65.7559 49.9519 237.143 224.625 33.6082
internal_count=2364 456 322 1908 1877 538 266 1339 111 296 227 1043 989 154
is_linear=0
shrinkage=0.05


Tree=29
num_leaves=15
num_cat=0
split_feature=7 7 8 3 24 7 5 6 2 5 2 4 6 6
split_gain=14.0908 12.6158 8.79948 8.59367 11.549 8.39314 7.99766 14.719 8.74405 8.66246 7.96228 17.3924 9.83631 12.0288
threshold=-3.6658359999999997 -18.846248999999997 42.500000000000007 -4.8830934999999984 1.0000000180025095e-35 -24.520225499999995 51.87092950000001 -11.897619999999998 48.871490500000007 59.299730000000004 25.060005000000004 0.74530550000000007 -7.4960949999999995 -6.3976629999999988
decision_type=2 2 2 2 2 2 2 2 2 2 2 2 2 2
left_child=1 2 5 4 -4 -1 7 -3 10 -8 11 12 -9 -14
right_child=-2 6 3 -5 -6 -7 9 8 -10 -11 -12 -13 13 -15
leaf_value=-0.048387097127670746 0.061207071152326237 0.049443701186946784 -0.037914656163489324 0.037689346440853956 0.03828672520648449 0.029732461949950485 -0.063045144494006652 -0.021807064546016119 0.06389801795083129 0.010617436164700232 -0.030058514574312124 0.055508938261697421 0.022478600838474652 -0.0064619105337097738
leaf_weight=8.9751342982053739 8.9086912125349027 12.429894551634787 10.609534651041031 41.688765197992325 9.3582078069448471 5.5734597742557517 11.875945657491686 80.300002694129944 4.4486132711172095 6.0111815482377997 33.119022190570831 11.705396324396132 42.688811466097832 225.91965807974339
leaf_count=39 60 53 49 209 50 29 52 357 22 27 145 49 192 1043
internal_value=-0.00112778 -0.00222807 0.0165172 0.0247705 -0.00220164 -0.0184601 -0.00556177 -0.00413606 -0.00580864 -0.03829 -0.00659622 -0.00444143 -0.00645268 -0.00186252
internal_weight=513.612 504.704 76.2051 61.6565 19.9677 14.5486 428.499 410.611 398.182 17.8871 393.733 360.614 348.908 268.608
internal_count=2376 2316 376 308 99 68 1940 1861 1808 79 1786 1641 1592 1235
is_linear=0
shrinkage=0.05


Tree=30
num_leaves=15
num_cat=0
split_feature=18 18 4 6 2 18 13 6 4 18 7 1 18 22
split_gain=15.6143 13.0631 12.4976 13.1342 12.2007 22.2463 11.7634 10.9908 10.3953 9.59733 15.4529 8.71148 8.67071 19.5957
threshold=496.50000000000006 900.50000000000011 1.3270845000000002 -3.8619294999999996 21.415068500000004 800.50000000000011 2.0927590000000005 -2.3703669999999994 -0.025196999999999997 37.500000000000007 -5.1778004999999991 13.546475500000001 442.50000000000006 1.0000000180025095e-35
decision_type=2 2 2 2 2 2 2 2 2 2 2 2 2 2
left_child=2 4 3 9 7 8 11 -2 -6 -1 12 -5 -11 -14
right_child=1 -3 -4 6 5 -7 -8 -9 -10 10 -12 -13 13 -15
leaf_value=-0.068496668664956892 0.016199412736701082 -0.062507498468311093 0.058579810992921269 -0.035795694758981027 0.031166518150374363 0.043303734185558072 0.050900915386512313 0.06528826914766489 -0.049308768637564622 -0.00025283779053664212 0.05935360516921992 0.036806676342162996 0.014834699135806496 -0.076570526925411081
leaf_weight=5.3686847835779181 133.64062021672726 5.8123170286416999 7.1766965240240088 66.795351952314377 4.8470617979764965 13.151868328452109 4.6351156681776038 12.466191843152044 23.316263779997826 200.13560329377651 10.183660864830015 4.4041414707899085 11.353832185268402 12.125675603747368
leaf_count=28 628 28 35 301 20 78 20 70 101 914 52 20 46 52
internal_value=7.74009e-05 0.0113146 -0.0066624 -0.00814881 0.013604 -0.0103861 -0.0262803 0.0203878 -0.0354585 -0.00239974 -0.00088197 -0.0313048 -0.00362516 -0.0323703
internal_weight=515.413 193.234 322.179 315.002 187.422 41.3152 75.8346 146.107 28.1633 239.167 233.799 71.1995 223.615 23.4795
internal_count=2393 925 1468 1433 897 199 341 698 121 1092 1064 321 1012 98
is_linear=0
shrinkage=0.05


Tree=31
num_leaves=15
num_cat=0
split_feature=16 6 6 5 16 8 2 16 3 1 16 5 16 4
split_gain=14.0188 16.556 14.6375 12.5745 12.3639 13.6844 15.5062 12.2472 19.2709 15.9279 17.8073 16.8649 15.716 22.3894
threshold=228.50000000000003 -12.874794499999998 -1.4061024999999998 58.054240500000006 900.50000000000011 57.500000000000007 9.1936845000000016 601.50000000000011 1.8080535000000004 8.7168470000000031 664.50000000000011 40.41413450000001 318.50000000000006 0.51901050000000015
decision_type=2 2 2 2 2 2 2 2 2 2 2 2 2 2
left_child=3 -2 4 -1 5 6 -3 12 -9 10 -10 -11 13 -8
right_child=1 2 -4 -5 -6 -7 7 8 9 11 -12 -13 -14 -15
leaf_value=-0.019274856925718745 0.050112196803540933 0.01638712320878917 0.063437567100435993 0.042332304475510694 -0.070357294427847161 -0.020343471315328425 -0.031971619811850593 0.047831398305350041 0.036679668533626551 0.04816254910459021 -0.079068879530167696 -0.048860851951378077 -0.036403983409935045 0.071804837357729953
leaf_weight=118.82700501382351 18.639273971319199 158.83462302386761 9.3822852969169599 8.9032475799322111 6.1081008315086356 59.902804762125015 11.418043553829195 21.339666157960892 4.5537713170051601 14.239869356155397 12.292377948760985 6.5340497046709052 49.414492964744568 9.5397874116897565
leaf_count=574 97 728 60 43 30 261 52 93 22 76 53 29 212 50
internal_value=-0.000639982 0.00415263 0.00179634 -0.0149806 0.000163446 0.00140098 0.00592112 -0.00693234 0.00987728 -0.0116519 -0.0477803 0.0176456 -0.0210159 0.0152663
internal_weight=509.929 382.199 363.56 127.73 354.178 348.069 288.167 129.332 58.9597 37.6201 16.8461 20.7739 70.3723 20.9578
internal_count=2380 1763 1666 617 1606 1576 1315 587 273 180 75 105 314 102
is_linear=0
shrinkage=0.05


Tree=32
num_leaves=15
num_cat=0
split_feature=16 16 5 6 6 16 4 0 2 6 16 4 7 6
split_gain=12.5592 13.9429 13.1208 12.0203 12.2493 14.3289 9.90679 9.85651 8.89377 10.0182 9.13303 8.21623 9.01492 7.63796
threshold=607.50000000000011 900.50000000000011 25.896373000000004 -9.4787029999999977 -6.0492539999999986 710.50000000000011 1.3270845000000002 -0.6709449999999999 -13.342830999999999 -15.284406499999998 37.500000000000007 -0.79894549999999986 -32.354953999999992 -12.874794499999998
decision_type=2 2 2 2 2 2 2 2 2 2 2 2 2 2
left_child=6 2 -2 -4 5 7 8 -5 11 -10 -11 -1 -13 -12
right_child=1 -3 3 4 -6 -7 -8 -9 9 10 13 12 -14 -15
leaf_value=0.070038654902687278 0.035150177245641775 -0.060498747471859453 0.040678607654800393 0.054154424586152265 0.012119678553913467 -0.081060574115638551 0.055401478575214949 -0.04743399252496297 -0.056075708399117824 -0.066846850809375649 0.039605586458350397 -0.048087507109791552 0.020319727711874624 -0.0062591118658940573
leaf_weight=6.3047509491443625 57.795665144920349 5.9180490970611563 14.904592752456663 4.8174718171358109 25.088416829705242 10.378459379076956 6.9074036329984656 4.7339448779821378 10.332247495651243 6.0676467418670645 9.3485266268253309 5.9223110824823406 25.784570261836052 312.96438588202
leaf_count=32 326 30 70 20 112 45 35 20 51 33 42 26 130 1410
internal_value=0.00052969 0.0143882 0.018153 0.00175918 -0.0111262 -0.0403889 -0.00393662 0.00380441 -0.00502461 -0.00759823 -0.00607292 0.0179083 0.00754241 -0.00492883
internal_weight=507.268 123.637 117.719 59.9229 45.0183 19.9299 383.632 9.55142 376.724 338.713 328.381 38.0116 31.7069 322.313
internal_count=2382 623 593 267 197 85 1759 40 1724 1536 1485 188 156 1452
is_linear=0
shrinkage=0.05


Tree=33
num_leaves=15
num_cat=0
split_feature=5 16 7 6 5 6 8 2 7 19 2 2 16 16
split_gain=11.6981 12.9988 12.8582 15.766 13.1688 12.3271 10.7272 10.958 12.7642 11.2924 14.3523 10.8397 15.6059 18.6452
threshold=61.281258000000008 228.50000000000003 -18.846248999999997 -4.9709334999999983 22.831983500000003 -1.4061024999999998 67.500000000000014 6.6265090000000013 -5.0636754999999996 1.0000000180025095e-35 28.646576500000005 23.786204000000005 601.50000000000011 679.50000000000011
decision_type=2 2 2 2 2 2 2 2 2 2 2 2 2 2
left_child=1 -1 3 -3 -5 6 7 8 -4 -9 11 12 -11 -14
right_child=-2 2 5 4 -6 -7 -8 9 -10 10 -12 -13 13 -15
leaf_value=-0.015681840809766118 0.044624907195958012 0.052703095975446895 0.0051211798021242308 0.062842012954989146 -0.041628795577230239 0.05950581563730304 -0.057483297310648822 -0.027564609936410744 0.057807583791194397 -0.017906867630478017 0.038461853561969989 -0.070476051546399493 0.057671918365927943 -0.044231014345216563
leaf_weight=120.02814538776875 14.223084807395933 26.430475264787674 142.21743173897266 4.2230777367949477 10.557344749569891 8.4708334133028966 8.3640288859605771 55.28193424642086 12.506632715463637 55.265650302171707 20.002479746937752 6.5362278074026099 17.120157048106197 6.0840600579977027
leaf_count=586 71 135 634 28 45 56 37 250 66 236 110 28 83 28
internal_value=-8.01259e-05 -0.00136964 0.00323516 0.0295763 -0.0117793 -3.60266e-05 -0.00159571 -0.000111828 0.00937992 -0.00927395 0.000355194 -0.00861155 -0.00345848 0.0309533
internal_weight=507.312 493.088 373.06 41.2109 14.7804 331.849 323.379 315.015 154.724 160.291 105.009 85.0061 78.4699 23.2042
internal_count=2393 2322 1736 208 73 1528 1472 1435 700 735 485 375 347 111
is_linear=0
shrinkage=0.05


Tree=34
num_leaves=15
num_cat=0
split_feature=7 5 16 2 7 7 3 5 2 7 20 5 2 1
split_gain=10.952 9.74769 10.9323 12.0482 13.4051 16.3595 10.5798 10.7042 14.3149 10.9489 14.7165 10.5046 9.65312 8.63899
threshold=-3.6658359999999997 61.281258000000008 228.50000000000003 6.6265090000000013 -6.4936539999999985 -7.8904974999999995 0.49569200000000008 14.754149500000002 15.270728500000002 -24.464679999999998 1.0000000180025095e-35 16.301710000000003 38.239763500000002 24.512875500000003
decision_type=2 2 2 2 2 2 2 2 2 2 2 2 2 2
left_child=1 2 6 4 5 -4 7 -1 9 -9 -11 -12 -8 -5
right_child=-2 -3 3 13 -6 -7 12 8 -10 10 11 -13 -14 -15
leaf_value=0.019624175095294686 0.058949739399262152 0.040136162771197068 0.010505654294876056 -0.01035685875952851 0.043776328413551086 -0.043952903144499483 -0.052350006583801748 0.021268197791469341 0.069145960878103888 -0.054135938475795779 -0.062286316150764055 0.030041661256678703 0.023896703225744387 0.040140802067886033
leaf_weight=28.068418771028519 7.8933217227458945 14.392898008227347 159.99356722831726 150.85341037064791 26.812153428792953 15.091193899512289 25.673364430665973 10.802818775177 4.4249359816312781 31.642532557249069 4.2180307507514945 11.425855726003645 4.9517761617898932 8.9733570069074613
leaf_count=132 62 73 739 681 133 71 128 54 21 164 20 53 21 44
internal_value=0.000515597 -0.000411845 -0.0016203 0.00273442 0.0108534 0.00581167 -0.0146162 -0.00602687 -0.017544 -0.0241476 -0.0345231 0.00514745 -0.0400217 -0.0075217
internal_weight=505.218 497.324 482.931 361.724 201.897 175.085 121.208 90.5826 62.5142 58.0892 47.2864 15.6439 30.6251 159.827
internal_count=2396 2334 2261 1668 943 810 593 444 312 291 237 73 149 725
is_linear=0
shrinkage=0.05


Tree=35
num_leaves=15
num_cat=0
split_feature=7 18 5 5 18 5 2 7 5 6 8 18 5 18
split_gain=9.99958 8.7241 7.86049 8.20045 7.44726 24.5946 17.6319 14.9425 14.7698 11.4375 11.2332 11.0351 18.3468 14.8598
threshold=-3.6658359999999997 37.500000000000007 61.281258000000008 77.871963500000007 394.50000000000006 21.494803000000005 8.7079995000000014 -6.6763724999999994 11.442811500000003 -12.874794499999998 62.500000000000007 105.50000000000001 18.842814000000004 180.50000000000003
decision_type=2 2 2 2 2 2 2 2 2 2 2 2 2 2
left_child=1 -1 4 -4 11 6 8 -8 -6 -7 -11 -3 13 -13
right_child=-2 2 3 -5 5 9 7 -9 -10 10 -12 12 -14 -15
leaf_value=-0.065052678155109608 0.05843245685213784 0.021253933377592432 0.059299033432467854 -0.024399549263736775 -0.026001354100797597 0.049356707056732549 0.049324103488546468 -0.026353486237377099 0.058406228210959747 -0.0064390084386270587 -0.06486710252968575 -0.065757387486316293 -8.8849095484374177e-06 -0.017652013158727827
leaf_weight=5.3266501724719992 7.0810148417949668 27.985150262713432 10.35073648393154 4.0799779742956153 5.9578198939561835 8.6410680711269361 9.625207722187044 20.236133769154549 39.832281745970249 144.3294623196125 8.7233786880969983 21.962583303451538 122.76660880446434 59.665569573640823
leaf_count=31 58 142 57 18 26 50 46 92 225 626 38 115 576 263
internal_value=-0.000559704 -0.0014131 -0.000712946 0.035635 -0.00182961 0.00439992 0.0279308 -0.00196032 0.0474238 -0.00660943 -0.00976917 -0.00819226 -0.0122239 -0.0305951
internal_weight=496.564 489.483 484.156 14.4307 469.725 237.345 75.6514 29.8613 45.7901 161.694 153.053 232.38 204.395 81.6282
internal_count=2363 2305 2274 75 2199 1103 389 138 251 714 664 1096 954 378
is_linear=0
shrinkage=0.05


Tree=36
num_leaves=15
num_cat=0
split_feature=16 16 10 16 2 1 5 7 2 8 7 7 5 2
split_gain=9.9432 9.18913 13.1576 12.5776 18.4643 12.6879 8.76914 8.81526 8.88733 10.6545 8.59453 11.6046 9.8607 8.82603
threshold=43.500000000000007 101.50000000000001 2.5000000000000004 180.50000000000003 30.061026500000001 -8.4583084999999993 61.281258000000008 -3.6658359999999997 -13.342830999999999 67.500000000000014 -23.172414999999997 -20.103445499999996 51.87092950000001 -7.291698499999999
decision_type=2 2 2 2 2 2 2 2 2 2 2 2 2 2
left_child=-1 2 -2 4 5 -3 7 8 -5 10 13 -12 -13 -10
right_child=1 3 -4 6 -6 -7 -8 -9 9 -11 11 12 -14 -15
leaf_value=-0.058308342152119823 0.011632042146209467 0.042046157989703292 0.097872587078073434 0.027254396334706971 0.047843299337285844 -0.044851345378390764 0.050909610323164489 0.057967179516634937 -0.077459436724143946 -0.062966421339576029 0.056525825917866861 0.0015047681836568875 -0.052379987616537817 0.00032888745473578601
leaf_weight=6.98455686867237 19.56221337616444 4.702321082353591 5.7148026078939429 29.803114116191864 7.8077224195003501 39.372657924890518 9.372788727283476 6.9106912910938254 7.1052750200033188 6.8384343087673178 9.3667105510830861 324.81616609543562 8.7180392146110517 7.4909304678440076
leaf_count=40 98 23 28 143 34 210 53 59 31 31 54 1487 38 38
internal_value=0.000926199 0.00177473 0.0311299 0.000169702 -0.0230261 -0.0355803 0.00310195 0.00198465 0.00100307 -0.00114432 3.82559e-05 0.00163774 9.63087e-05 -0.0375376
internal_weight=494.566 487.582 25.277 462.305 51.8827 44.075 410.422 401.049 394.139 364.336 357.497 342.901 333.534 14.5962
internal_count=2367 2327 126 2201 267 233 1934 1881 1822 1679 1648 1579 1525 69
is_linear=0
shrinkage=0.05


Tree=37
num_leaves=15
num_cat=0
split_feature=16 7 3 16 7 16 7 7 8 27 16 16 2 16
split_gain=9.93144 8.79757 8.60942 13.8043 19.9514 17.7133 17.7113 21.3063 14.1743 17.0801 15.3472 14.7764 13.5569 13.4073
threshold=43.500000000000007 -3.6658359999999997 0.42119500000000004 105.50000000000001 -10.033946999999998 180.50000000000003 -13.389685999999998 -12.790780999999997 52.500000000000007 1.0000000180025095e-35 327.50000000000006 378.50000000000006 12.864071000000001 394.50000000000006
decision_type=2 2 2 2 2 2 2 2 2 2 2 2 2 2
left_child=-1 2 3 4 -2 12 -7 -8 -9 13 -11 -12 -5 -10
right_child=1 -3 -4 5 -6 6 7 8 9 10 11 -13 -14 -15
leaf_value=-0.057886599321551248 -0.0021093824209709169 0.057528547940970065 -0.0077410728159273638 -0.043044513615216426 0.096644309174566373 0.028348827466744803 -0.071442700563270373 0.022132453631531733 -0.056588837919281411 0.085328440453091112 -0.053473332008140653 0.041724007660405044 0.047013869175671616 -0.0014023111678673388
leaf_weight=7.4366738200187674 10.697042837738993 6.6320156604051581 219.18954572826624 30.085169240832329 9.8003298342227918 70.021127492189407 10.401951834559439 54.258014410734177 23.245149150490761 6.8545496463775661 7.8140449225902584 8.521574065089224 4.8528585433959952 20.90189254283905
leaf_count=44 57 59 1038 162 45 335 44 253 105 29 33 38 24 96
internal_value=-0.000544872 0.000337507 -0.000458249 0.00574216 0.0451073 0.00233697 0.00802209 -0.00276073 0.00311472 -0.0122091 0.0225354 -0.00381307 -0.0305355 -0.0304602
internal_weight=490.712 483.275 476.643 257.454 20.4974 236.956 202.018 131.997 121.595 67.3372 23.1902 16.3356 34.938 44.147
internal_count=2362 2318 2259 1221 102 1119 933 598 554 301 100 71 186 201
is_linear=0
shrinkage=0.05


Tree=38
num_leaves=15
num_cat=0
split_feature=7 4 16 3 2 16 7 5 19 5 16 7 1 16
split_gain=8.92235 7.14107 7.64344 6.99591 11.7002 14.9878 15.4817 20.0771 17.9055 14.6634 9.31949 9.14586 9.58341 8.78107
threshold=-3.6658359999999997 1.2721910000000003 37.500000000000007 0.42119500000000004 11.943172500000001 243.50000000000003 -14.655997999999999 19.715719500000002 1.0000000180025095e-35 53.807834000000007 402.50000000000006 -6.1254514999999996 0.84313900000000019 105.50000000000001
decision_type=2 2 2 2 2 2 2 2 2 2 2 2 2 2
left_child=1 2 -1 13 5 9 8 10 -7 -5 -8 12 -9 -4
right_child=-2 -3 3 4 -6 6 7 11 -10 -11 -12 -13 -14 -15
leaf_value=-0.062688910669335865 0.05709915301546601 0.03768656690504394 0.034512216859235889 -0.050241868374558185 -0.024013678652214859 -0.0525501851633913 -0.042476376316693321 0.0046814579835450102 0.017493866657477548 0.045392054262354507 0.013043800160120557 -0.0032644635297090318 0.070755943652311984 0.0013274800886946977
leaf_weight=5.1453637331724158 6.6692886501550666 11.565055772662161 21.796845093369484 22.045407921075824 74.930196389555931 18.420096471905708 11.930075690150259 6.950530692934989 18.078997045755386 4.8989025503396979 20.62653411924839 7.8265714496374121 26.075037598609924 233.34721055626869
leaf_count=33 62 57 107 111 345 81 52 30 97 28 101 35 118 1111
internal_value=-0.000338384 -0.00113044 -0.0020814 -0.00141353 -0.00813115 0.000564959 0.00875776 0.02199 -0.0178555 -0.0328541 -0.00730107 0.0453331 0.05685 0.00416244
internal_weight=490.306 483.637 472.072 466.926 211.782 136.852 109.908 73.4087 36.4991 26.9443 32.5566 40.8521 33.0256 255.144
internal_count=2368 2306 2249 2216 998 653 514 336 178 139 153 183 148 1218
is_linear=0
shrinkage=0.05


Tree=39
num_leaves=15
num_cat=0
split_feature=16 16 5 8 7 7 1 16 16 16 4 16 6 16
split_gain=8.17237 11.7518 13.1837 10.7248 15.5798 23.0072 11.4416 15.1891 10.3372 10.0981 9.64363 10.5457 11.9108 8.29231
threshold=900.50000000000011 619.50000000000011 25.896373000000004 42.500000000000007 -14.943362999999998 -11.346329999999998 8.891646500000002 321.50000000000006 550.50000000000011 451.50000000000006 -0.3047244999999999 676.50000000000011 -5.5859324999999993 496.50000000000006
decision_type=2 2 2 2 2 2 2 2 2 2 2 2 2 2
left_child=1 3 -3 4 -1 -6 13 -8 9 -7 -4 -12 -13 -5
right_child=-2 2 10 6 5 8 7 -9 -10 -11 11 12 -14 -15
leaf_value=-0.064062796330742452 -0.058554232265099294 0.036524660592572415 0.05692873043251595 -0.0051602145158046817 0.042517344905443101 -0.028953308057593181 0.061688923878735286 -0.015287994983629542 -0.072586275934064956 0.031300634769291451 0.03349998304561469 -0.042076926871545212 0.013797183584631304 0.018006239493763496
leaf_weight=15.311642706394194 5.6871455013751975 46.179200440645218 6.7741367965936652 223.82569499313831 16.694567650556564 28.08007550239563 17.066960498690609 10.261460334062575 9.4451501071453077 9.2422585338354093 12.510222256183622 23.282079026103016 16.157365143299106 46.684139236807823
leaf_count=69 30 282 38 1048 76 136 87 46 42 45 52 104 76 227
internal_value=0.00103216 0.00173593 0.0165363 -0.00238661 -0.0187932 -0.00787088 0.00195268 0.0327851 -0.0258579 -0.0140324 0.000817778 -0.00649898 -0.0191867 -0.00116219
internal_weight=487.202 481.515 104.903 376.612 78.7737 63.4621 297.838 27.3284 46.7675 37.3223 58.7238 51.9497 39.4394 270.51
internal_count=2358 2328 552 1776 368 299 1408 133 223 181 270 232 180 1275
is_linear=0
shrinkage=0.05


Tree=40
num_leaves=15
num_cat=0
split_feature=16 16 8 7 7 19 7 16 16 16 2 1 16 16
split_gain=8.33711 7.06368 13.4755 16.2265 21.1794 10.9385 24.6494 13.5133 32.2618 28.5185 17.4879 12.6406 12.2354 24.965
threshold=43.500000000000007 619.50000000000011 42.500000000000007 -14.943362999999998 -11.346329999999998 1.0000000180025095e-35 -23.941125499999995 398.50000000000006 321.50000000000006 264.50000000000006 14.614225000000003 -14.453309499999998 565.50000000000011 538.50000000000011
decision_type=2 2 2 2 2 2 2 2 2 2 2 2 2 2
left_child=-1 2 3 -2 -5 6 -4 8 9 11 -9 -7 13 -8
right_child=1 -3 5 4 -6 7 12 10 -10 -11 -12 -13 -14 -15
leaf_value=-0.055773041956332509 -0.067921008906589669 0.012270321211792935 0.059702294225436658 0.038239998065956515 -0.027771799229504502 -0.073292485720150208 -0.025323631599164894 0.039525058334751811 -0.041346613889804928 0.063020541867143856 -0.039353931515364468 0.0055527673368610574 -0.078831268430070697 0.090286127917789685
leaf_weight=6.5544611960649481 14.858269795775412 107.62435255199671 10.156561598181723 16.747480735182762 44.272484719753265 5.3961710631847373 56.342697039246559 51.42753367125988 35.139671176671982 23.126532673835754 8.1387940645217878 87.705668248236179 8.7838390171527845 5.0916106700897208
leaf_count=41 69 572 61 78 211 24 262 239 157 109 34 424 38 22
internal_value=0.000232658 0.00100578 -0.00229591 -0.0210639 -0.00965427 0.00259265 -0.0131033 0.00857344 0.00063455 0.0133268 0.0287475 0.000982906 -0.0236341 -0.015742
internal_weight=481.366 474.812 367.187 75.8782 61.02 291.309 80.3747 210.934 151.368 116.228 59.5663 93.1018 70.2181 61.4343
internal_count=2341 2300 1728 358 289 1370 383 987 714 557 273 448 322 284
is_linear=0
shrinkage=0.05


Tree=41
num_leaves=15
num_cat=0
split_feature=16 16 7 16 0 16 16 16 7 2 7 16 6 16
split_gain=7.86437 12.8953 11.0512 16.6084 14.1663 13.3088 8.20241 7.93095 6.77212 7.1408 9.39971 10.1102 9.86652 18.9821
threshold=177.50000000000003 153.50000000000003 -12.790780999999997 105.50000000000001 -1.1455764999999998 67.500000000000014 900.50000000000011 67.500000000000014 -3.6658359999999997 9.1936845000000016 -5.3596829999999995 837.50000000000011 -5.2984354999999992 198.50000000000003
decision_type=2 2 2 2 2 2 2 2 2 2 2 2 2 2
left_child=1 2 5 4 7 -1 8 -4 9 10 11 12 -2 -14
right_child=6 -3 3 -5 -6 -7 -8 -9 -10 -11 -12 -13 13 -15
leaf_value=-0.053416960147680298 0.011600856943997763 -0.056904831824749938 0.012086201284115767 -0.056001775968519046 -0.021575293092810411 0.040595508783133373 -0.057530489549916478 0.10841286897513031 0.056447953862168367 -0.006628945490969762 0.041858296568348538 0.066284155048682389 0.078440591026159037 -0.01521823778459435
leaf_weight=4.6785987913608578 141.75086091458797 14.544090732932089 4.4101348668336868 18.386982828378677 15.30395182967186 19.26774950325489 5.5520156323909751 4.1454205065965652 5.9855875000357619 131.59819092601538 18.658483631908894 6.5513338446617118 5.7692775875329962 86.84241895377636
leaf_count=25 660 87 26 99 80 96 30 18 60 607 101 39 25 412
internal_value=-3.26336e-05 -0.0142752 -0.00490846 -0.0202898 0.00723114 0.0222275 0.00282278 0.0587593 0.00366649 0.00285884 0.00766896 0.00502104 0.0033085 -0.00938373
internal_weight=483.445 80.7369 66.1928 42.2465 23.8595 23.9463 402.708 8.55556 397.156 391.171 259.572 240.914 234.363 92.6117
internal_count=2365 431 344 223 124 121 1934 44 1904 1844 1237 1136 1097 437
is_linear=0
shrinkage=0.05


Tree=42
num_leaves=15
num_cat=0
split_feature=4 16 16 5 4 8 7 7 7 19 6 16 16 3
split_gain=9.51797 9.02664 12.0039 11.5728 8.76464 8.70091 11.5634 15.7558 9.71927 13.354 13.6353 13.4651 24.3544 13.5126
threshold=1.3270845000000002 900.50000000000011 622.50000000000011 25.896373000000004 -0.3047244999999999 42.500000000000007 -14.943362999999998 -11.346329999999998 -24.464679999999998 1.0000000180025095e-35 -15.284406499999998 565.50000000000011 526.50000000000011 1.7659505000000002
decision_type=2 2 2 2 2 2 2 2 2 2 2 2 2 2
left_child=1 2 5 -4 -5 6 -1 -8 -7 11 -11 12 13 -10
right_child=-2 -3 3 4 -6 8 7 -9 9 10 -12 -13 -14 -15
leaf_value=-0.059936999777450234 0.054011737051358172 -0.065522429689738301 0.033530985250236928 0.05090558339660553 -0.0085035523732403719 0.030536939680874609 0.034855234951557602 -0.024841372637131549 -0.01255538897363606 -0.065852520272335666 0.0058072191947397128 -0.078340104672113331 0.080316015161926629 -0.076908813889124364
leaf_weight=14.470445230603216 7.9707710668444625 5.3730380982160559 45.776643842458725 7.1557992845773688 46.882923930883408 23.0091632604599 14.679135516285895 44.744496874511242 46.081897899508476 6.875459596514701 192.42305187135935 9.1952245384454709 6.2234241217374793 9.9116044938564283
leaf_count=67 41 30 285 41 213 131 67 218 219 34 910 40 27 47
internal_value=-0.000171108 -0.00108455 -0.000343848 0.0150331 -0.000636604 -0.00451903 -0.0198552 -0.0100948 -0.000660746 -0.00331241 0.00333508 -0.0218643 -0.0135176 -0.0239468
internal_weight=480.773 472.802 467.429 99.8154 54.0387 367.614 73.8941 59.4236 293.72 270.711 199.299 71.4122 62.2169 55.9935
internal_count=2370 2329 2299 539 254 1760 352 285 1408 1277 944 333 293 266
is_linear=0
shrinkage=0.05


Tree=43
num_leaves=15
num_cat=0
split_feature=7 16 0 16 16 16 2 5 3 7 2 16 2 16
split_gain=6.88835 6.95156 6.50533 7.40206 6.20511 14.9815 13.1967 9.36242 11.6649 10.7691 8.27515 13.0008 11.3177 10.802
threshold=-3.6658359999999997 37.500000000000007 -5.121310499999999 900.50000000000011 105.50000000000001 183.50000000000003 20.919033000000002 19.155715500000003 0.28352100000000008 -23.359291499999994 24.663233500000004 613.50000000000011 -8.2785889999999984 342.50000000000006
decision_type=2 2 2 2 2 2 2 2 2 2 2 2 2 2
left_child=1 -1 -3 4 7 6 -6 8 -4 -9 11 12 -7 -12
right_child=-2 2 3 -5 5 10 -8 9 -10 -11 13 -13 -14 -15
leaf_value=-0.061430428258028115 0.056010069520752603 0.022939891376469585 0.075145759791402672 -0.064423516610871395 -0.042138466261819184 0.019579729218271155 0.02576950110715703 0.061947739837111049 -0.027062211666935926 -0.039543714376716797 0.018611927018338217 0.022912949523070825 -0.0065427419476572672 -0.039497810156185906
leaf_weight=4.4994370564818373 5.6395129635930052 31.550469905138016 11.244118377566339 4.4921948462724677 36.06337483227253 52.667179621756077 8.9247718751430494 3.7407506406307212 3.7135644853115073 8.6752780675888044 11.843873977661131 73.886755272746086 194.92619076371193 24.624717310070992
leaf_count=31 60 155 50 26 205 252 40 25 20 42 66 394 882 108
internal_value=0.00107856 0.000420631 0.00101738 -0.000573379 9.31798e-05 -0.00147178 -0.0286668 0.0231291 0.0497704 -0.00896596 0.00194619 0.00450672 -0.000986063 -0.0206256
internal_weight=476.492 470.853 466.353 434.803 430.311 402.937 44.9881 27.3737 14.9577 12.416 357.949 321.48 247.593 36.4686
internal_count=2356 2296 2265 2110 2084 1947 245 137 70 67 1702 1528 1134 174
is_linear=0
shrinkage=0.05


Tree=44
num_leaves=15
num_cat=0
split_feature=5 5 18 19 18 18 18 18 18 2 5 8 3 6
split_gain=6.90367 7.43599 6.66311 6.18135 13.8342 18.591 12.4757 20.3137 22.2467 18.4124 18.1635 13.7553 11.2881 10.8392
threshold=59.299730000000004 77.871963500000007 37.500000000000007 1.0000000180025095e-35 740.50000000000011 705.50000000000011 398.50000000000006 315.50000000000006 264.50000000000006 14.614225000000003 46.055489000000009 37.500000000000007 2.6288345000000004 -2.6964894999999998
decision_type=2 2 2 2 2 2 2 2 2 2 2 2 2 2
left_child=2 -2 -1 -4 5 6 7 8 10 -8 13 -10 -11 -5
right_child=1 -3 3 4 -6 -7 9 -9 11 12 -12 -13 -14 -15
leaf_value=-0.060639585838895664 0.05651760319082845 -0.022705863219911179 -0.0086826886485617746 0.0060587237300472442 0.046320770197905224 -0.077216782073373111 0.027306052281695161 -0.038109293937777275 -0.037488942583493265 0.011374644963866339 -0.085123596334356358 0.059059952492554094 -0.05223416394446323 -0.035883872643833969
leaf_weight=4.5881782025098792 10.510627247393129 4.1240739822387686 144.24424318224192 89.340205907821655 18.037049151957035 7.3658417463302603 87.513836599886417 36.901487603783607 4.3835955858230617 14.454318389296533 6.8519988507032386 23.28386913985014 13.478726997971533 18.612867400050163
leaf_count=33 65 19 704 439 139 31 419 167 21 63 33 115 59 98
internal_value=0.000374459 0.0341923 -0.00068067 -8.83743e-05 0.00378292 0.0012439 0.00320417 -0.00504735 0.00351595 0.0160249 -0.00618336 0.0437629 -0.019319 -0.00117286
internal_weight=483.691 14.6347 469.056 464.468 320.224 302.187 294.821 179.374 142.473 115.447 114.805 27.6675 27.933 107.953
internal_count=2405 84 2321 2288 1584 1445 1414 873 706 541 570 136 122 537
is_linear=0
shrinkage=0.05


Tree=45
num_leaves=15
num_cat=0
split_feature=2 16 5 8 16 2 8 16 16 7 2 1 7 10
split_gain=7.84528 8.53048 11.7906 10.2907 11.8921 10.3357 9.57253 15.7163 14.3821 12.3371 13.5194 11.1288 9.19743 11.6617
threshold=48.871490500000007 598.50000000000011 21.628885000000004 52.500000000000007 877.50000000000011 -2.9308654999999999 42.500000000000007 547.50000000000011 228.50000000000003 -13.582623499999999 12.248602000000002 8.891646500000002 -24.464679999999998 4.5000000000000009
decision_type=2 2 2 2 2 2 2 2 2 2 2 2 2 2
left_child=1 6 -3 4 -4 -5 7 8 -1 -10 -11 12 -8 -14
right_child=-2 2 3 5 -6 -7 11 -9 9 10 -12 -13 13 -15
leaf_value=-0.049275701044042171 0.039972772751159576 0.035153614131008121 0.018043034529910445 0.015389065884658958 -0.046262786499580322 -0.057692247138177992 0.02842428777549726 -0.079253128639708292 -0.053283281640582131 0.036636913108106593 -0.032578668541142601 0.033500519478960787 -0.010407277887475908 0.034683677017186686
leaf_weight=18.617685861885548 11.33674820512533 32.466463893651962 55.318436868488789 7.6510217636823681 8.2634568959474546 13.158655613660811 19.338424995541573 10.393510177731512 7.7831050008535376 24.212813034653664 9.9556244611740095 20.596282608807087 218.86314506828785 15.344389170408247
leaf_count=103 60 235 267 37 43 61 112 45 34 113 49 103 1037 70
internal_value=-0.00112001 -0.00212844 0.0095477 -0.00030321 0.00968549 -0.0308227 -0.00608217 -0.0224496 -0.0127023 0.00352865 0.0164696 -0.0018454 -0.00471665 -0.00745309
internal_weight=473.3 461.963 116.858 84.3916 63.5819 20.8097 345.105 70.9627 60.5692 41.9515 34.1684 274.142 253.546 234.208
internal_count=2369 2309 643 408 310 98 1666 344 299 196 162 1322 1219 1107
is_linear=0
shrinkage=0.05


Tree=46
num_leaves=15
num_cat=0
split_feature=2 16 5 6 16 16 16 6 6 0 0 3 7 7
split_gain=6.50258 7.59766 8.71642 8.26016 11.2365 6.99822 9.88977 7.71479 8.22606 8.84303 8.44452 6.48769 10.5227 15.034
threshold=-13.342830999999999 234.50000000000003 13.3557085 -14.678177999999997 165.50000000000003 622.50000000000011 664.50000000000011 -15.284406499999998 -11.897619999999998 4.4640295000000014 9.368659000000001 2.2649230000000005 -3.6658359999999997 -7.4350499999999995
decision_type=2 2 2 2 2 2 2 2 2 2 2 2 2 2
left_child=1 2 -1 -4 -5 7 -7 -2 9 -9 -10 -8 13 -13
right_child=5 -3 3 4 -6 6 11 8 10 -11 -12 12 -14 -15
leaf_value=0.077920666985513615 -0.051790074657666475 0.053005207591403092 0.037751451658676376 0.038176235405218889 -0.060227350099040081 0.042168401594103518 0.015516388745349967 0.050549748546306353 -0.0073226033258363939 -0.030008458519381567 0.044765762250040489 0.0062449210697774205 0.055321137933049706 -0.061601035334778266
leaf_weight=3.4173523783683804 8.695101320743559 11.89592971652746 6.5637200549244907 4.1608862280845633 9.5807811468839628 19.062200888991356 42.796751275658607 12.888915091753008 299.08860856294632 4.6304567456245413 7.9887944757938376 18.999186530709267 4.9346794262528411 14.31896924972534
leaf_count=15 48 67 36 26 49 102 232 62 1433 21 44 100 58 69
internal_value=-0.000141428 0.0203949 0.00404229 -0.00839128 -0.0304314 -0.00182918 0.00976359 -0.00531133 -0.00406629 0.0292578 -0.00596749 0.00214225 -0.0128206 -0.0229129
internal_weight=469.022 35.6187 23.7227 20.3054 13.7417 433.404 100.112 333.292 324.597 17.5194 307.077 81.0496 38.2528 33.3182
internal_count=2362 193 126 111 75 2169 561 1608 1560 83 1477 459 227 169
is_linear=0
shrinkage=0.05


Tree=47
num_leaves=15
num_cat=0
split_feature=16 16 0 16 6 5 1 7 7 3 7 3 20 7
split_gain=6.39956 6.25701 10.8917 10.2414 14.6575 7.62603 7.06518 5.15355 7.7587 9.12782 5.42047 8.43548 10.2162 8.29434
threshold=55.500000000000007 101.50000000000001 -1.1455764999999998 180.50000000000003 -9.1480694999999983 31.013985000000002 2.5175380000000005 -3.6658359999999997 -3.8766169999999995 0.61567850000000013 -5.3596829999999995 2.1211990000000003 1.0000000180025095e-35 -7.8904974999999995
decision_type=2 2 2 2 2 2 2 2 2 2 2 2 2 2
left_child=-1 2 -2 4 5 -3 -6 8 10 -10 13 -12 -13 -5
right_child=1 3 -4 7 6 -7 -8 -9 9 -11 11 12 -14 -15
leaf_value=-0.03749131841150749 0.079679076018243311 0.076536664098711932 0.0034252545435488769 0.0059079520131768461 -0.051462601516944977 -0.004301363923943714 -0.00043555045250485947 0.055033388367837256 0.015259001528672095 -0.084589494532886889 0.047438562588402927 0.041461981477518783 -0.038007381484767788 -0.012518840233715545
leaf_weight=10.645633168518541 6.9281265661120441 4.5408916920423499 14.450013585388659 268.39953076839447 25.88216257840395 8.1605242639780027 9.1931208074092847 4.7174890562891951 3.959860682487486 5.4241789430379868 17.03222031891346 7.2595248669385919 9.1307454854249954 79.057217977941036
leaf_count=66 34 22 77 1289 155 44 49 58 21 24 90 43 41 383
internal_value=0.000838328 0.00171748 0.0281372 0.000441821 -0.0214231 0.0245991 -0.0380886 0.00308659 0.00245866 -0.0424556 0.00356525 0.0227973 -0.00280907 0.00171528
internal_weight=474.781 464.136 21.3781 442.757 47.7767 12.7014 35.0753 394.981 390.263 9.38404 380.879 33.4225 16.3903 347.457
internal_count=2396 2330 111 2219 270 66 204 1949 1891 45 1846 174 84 1672
is_linear=0
shrinkage=0.05


Tree=48
num_leaves=15
num_cat=0
split_feature=2 20 16 16 4 2 16 19 4 16 16 2 16 3
split_gain=7.46752 6.74821 9.77113 18.0404 8.42492 8.33343 9.71231 8.61453 13.9238 11.1895 18.137 20.2005 14.7505 9.90955
threshold=-13.342830999999999 1.0000000180025095e-35 740.50000000000011 710.50000000000011 -0.052280499999999987 48.871490500000007 258.50000000000006 1.0000000180025095e-35 0.25585450000000004 282.50000000000006 398.50000000000006 10.959785500000001 318.50000000000006 -0.70917749999999991
decision_type=2 2 2 2 2 2 2 2 2 2 2 2 2 2
left_child=-1 5 3 4 -3 6 -2 8 -8 -9 12 -12 -11 -13
right_child=1 2 -4 -5 -6 -7 7 9 -10 10 11 13 -14 -15
leaf_value=0.022538221701276052 -0.022351567392670506 0.025897316390448816 0.04534123672435314 -0.079672948748079439 -0.0022168736225991305 0.03594768407833604 0.00063155424914777152 0.073797646267808839 -0.037114916239050812 0.019048094639405735 0.054066662876928254 0.038023540258467409 -0.063376528042797808 -0.026750532547640444
leaf_weight=35.134669937193394 78.84172710776329 40.356670506298542 15.26749514043331 6.272295504808425 78.443183951079845 11.504200726747511 84.518533915281296 6.4815245866775504 34.364975929260254 8.8009619563817996 25.047998949885368 8.3888210654258746 14.162498772144316 19.939047992229462
leaf_count=194 424 195 128 27 374 61 412 32 165 42 126 35 70 87
internal_value=0.000370256 -0.00143104 0.00757979 0.00297027 0.0073336 -0.00576105 -0.00747137 -0.00165504 -0.0102796 0.0107249 0.00536979 0.0213552 -0.0317865 -0.00756878
internal_weight=467.525 432.39 140.34 125.072 118.8 292.05 280.546 201.704 118.884 82.8209 76.3393 53.3759 22.9635 28.3279
internal_count=2372 2178 724 596 569 1454 1393 969 577 392 360 248 112 122
is_linear=0
shrinkage=0.05


Tree=49
num_leaves=15
num_cat=0
split_feature=27 3 16 5 6 5 7 3 1 4 6 0 16 7
split_gain=7.57004 10.6273 9.30766 17.6983 11.3676 9.97346 7.55613 10.5321 7.39375 6.61819 6.23063 11.5615 9.68423 14.3412
threshold=1.0000000180025095e-35 -4.1080299999999994 745.50000000000011 26.828688000000003 -3.1051594999999996 13.687491500000002 -6.4314919999999995 2.0056050000000005 0.91028250000000011 1.3270845000000002 -5.2984354999999992 8.6517215000000025 105.50000000000001 -5.6831429999999985
decision_type=2 2 2 2 2 2 2 2 2 2 2 2 2 2
left_child=9 -2 3 4 5 -3 7 -6 -8 10 -1 12 -12 -14
right_child=1 2 -4 -5 6 -7 8 -9 -10 -11 11 -13 13 -15
leaf_value=-0.0009060094310223279 0.071219505640601422 0.066052711061755726 0.043988880344090799 -0.0710257656799234 -0.033541419770399282 0.011301447144191576 0.014576356423771648 0.038644026882232237 -0.052613751195349702 0.038696757787371819 0.030841746930665066 0.060543837465721478 -0.029756448844203406 0.045109846002176469
leaf_weight=204.69120820611715 6.5568685531616202 9.5983790382742864 14.448684006929396 7.8592277467250815 8.9061032235622424 62.333166651427746 5.5386423841118839 11.679884001612661 15.702460214495657 8.507873594760893 8.7592353448271734 4.7329499498009673 85.630514159798622 6.9130840748548499
leaf_count=1025 33 44 125 34 46 306 25 55 72 46 47 25 429 44
internal_value=-0.000532044 0.00904485 0.00604873 0.00154129 0.00655472 0.0186073 -0.0141726 0.00741448 -0.0350939 -0.00481068 -0.00600193 -0.0158391 -0.0194078 -0.0241639
internal_weight=461.858 142.623 136.067 121.618 113.759 71.9315 41.8271 20.586 21.2411 319.235 310.727 106.036 101.303 92.5436
internal_count=2356 740 707 582 548 350 198 101 97 1616 1570 545 520 473
is_linear=0
shrinkage=0.05


Tree=50
num_leaves=15
num_cat=0
split_feature=5 5 2 16 3 6 6 5 2 6 24 13 16 8
split_gain=5.79353 6.03153 9.10793 7.57835 12.8147 12.6626 10.4867 9.8635 11.9111 10.2762 9.37335 12.9685 9.73521 9.19665
threshold=59.299730000000004 56.435234500000007 48.871490500000007 228.50000000000003 0.42119500000000004 -10.727540499999998 -9.7310194999999986 14.754149500000002 17.105295500000004 -6.7229154999999992 1.0000000180025095e-35 8.5376030000000025 109.50000000000001 67.500000000000014
decision_type=2 2 2 2 2 2 2 2 2 2 2 2 2 2
left_child=1 2 3 4 7 -5 -7 9 10 -1 -9 12 -12 -8
right_child=-2 -3 -4 5 -6 6 13 8 -10 -11 11 -13 -14 -15
leaf_value=-0.051567604260219682 0.03224238322059917 -0.063175122850355009 0.058621852276254063 0.033162015639584201 -0.044987046673806041 -0.034570382900122154 0.0031204665955913823 -0.04064712951726715 0.067227911911310667 0.038139616068290166 0.051980034485103015 0.064794490530649937 -0.038114775398849235 -0.06902115351323615
leaf_weight=3.8014735132455852 13.711747437715529 3.8362070471048346 6.4830923676490775 30.722517937421799 23.920480854809284 21.042322292923927 283.20338379964232 28.235304199159145 4.1209345608949652 19.924593776464462 3.7834792882204118 6.1013317704200736 14.449396707117556 4.4877217262983313
leaf_count=22 81 17 36 158 132 96 1413 162 20 97 16 31 84 21
internal_value=0.000221339 -0.000745524 -0.000213644 -0.00107313 -0.0128584 0.00254925 -0.00049707 -0.00330151 -0.01463 0.0237664 -0.0210468 0.00169566 -0.0194193 0.00199512
internal_weight=467.824 454.112 450.276 443.793 104.337 339.456 308.733 80.4165 56.6904 23.7261 52.5695 24.3342 18.2329 287.691
internal_count=2386 2305 2288 2252 564 1688 1530 432 313 119 293 131 100 1434
is_linear=0
shrinkage=0.05


Tree=51
num_leaves=15
num_cat=0
split_feature=16 19 13 16 16 16 2 16 5 2 16 16 16 16
split_gain=6.15169 6.6882 11.3281 10.5941 15.1979 9.75992 18.5226 11.7916 9.59928 8.64252 7.7809 13.2495 7.54629 7.44946
threshold=37.500000000000007 1.0000000180025095e-35 8.6236645000000021 740.50000000000011 710.50000000000011 574.50000000000011 20.528792500000005 553.50000000000011 26.828688000000003 29.157798500000002 201.50000000000003 246.50000000000003 664.50000000000011 321.50000000000006
decision_type=2 2 2 2 2 2 2 2 2 2 2 2 2 2
left_child=-1 2 9 4 5 7 -7 -3 -4 10 -2 -12 -8 -13
right_child=1 3 8 -5 -6 6 12 -9 -10 -11 11 13 -14 -15
leaf_value=-0.059606596216353863 -0.061392379833554257 0.0022814950860017111 -0.025943600432634328 0.04590395860782473 -0.074402738117366668 0.044962008240625191 0.0091087761239217781 -0.058242994066938947 0.058333104709468224 -0.063570034430674396 0.063015146117948437 -0.052559871541742222 -0.077483862794188785 -0.0069655277988373027
leaf_weight=4.3240770995616904 6.9872466921806327 243.95783791691065 4.9520558118820182 14.64487639069557 6.3135157227516165 31.93516705930233 5.1989858746528608 8.3218399286270124 10.635359421372412 8.1026235967874509 6.3711840733885756 9.8834527432918531 4.8754256367683411 95.74261998385191
leaf_count=34 47 1191 23 130 28 183 23 38 63 42 38 44 21 464
internal_value=-0.000248543 0.000311964 -0.00867021 0.00437711 0.00235399 0.00400068 0.0263144 0.000285 0.0315588 -0.0136043 -0.0102018 -0.00700812 -0.032797 -0.0112318
internal_weight=462.246 457.922 142.675 315.248 300.603 294.289 42.0096 252.28 15.5874 127.087 118.985 111.997 10.0744 105.626
internal_count=2369 2335 721 1614 1484 1456 227 1229 86 635 593 546 44 508
is_linear=0
shrinkage=0.05


Tree=52
num_leaves=15
num_cat=0
split_feature=16 16 2 5 7 3 7 5 3 1 16 7 8 7
split_gain=7.09927 5.60636 9.6526 10.4894 9.67076 10.0469 8.42426 9.46555 13.1734 8.3019 7.88882 5.90381 5.7032 5.35305
threshold=900.50000000000011 622.50000000000011 23.786204000000005 38.775022000000007 -25.545219999999997 -0.13460649999999999 -7.5782199999999991 25.896373000000004 2.8434650000000006 -1.1061359999999998 690.50000000000011 -16.226709499999995 32.500000000000007 -9.1463144999999972
decision_type=2 2 2 2 2 2 2 2 2 2 2 2 2 2
left_child=1 12 4 10 5 -3 9 8 -8 11 -4 -6 -1 -12
right_child=-2 2 3 -5 6 -7 7 -9 -10 -11 13 -13 -14 -15
leaf_value=-0.03765477746611428 -0.062072575002275157 0.04678200057061941 -0.049707276146447703 -0.062432228834976539 0.063823684586077609 -0.067688914006099193 0.059508656896190608 -0.04293701343759862 -0.037007174672117935 0.061310626157946468 -0.034388994651687217 -0.010115864380026684 -0.0017602814010053863 0.04105137398563985
leaf_weight=11.432470209896563 4.6609607040882102 2.9024155139923096 4.7567329704761567 8.0269308686256391 3.8075312227010718 5.6446921378374082 10.254494227468969 7.2311990708112708 5.3956423997879019 22.923405461013317 2.994125202298167 9.2789184227585775 345.51692965626717 10.954822711646552
leaf_count=55 30 20 20 39 25 25 68 32 27 136 13 44 1729 87
internal_value=-0.000681225 -4.69319e-05 0.0108051 -0.0146203 0.0208837 -0.028817 0.0280969 0.00437333 0.0262332 0.0431714 0.00589668 0.011397 -0.00290992 0.0248582
internal_weight=455.781 451.12 94.1709 26.7326 67.4383 8.54711 58.8912 22.8813 15.6501 36.0099 18.7057 13.0864 356.949 13.9489
internal_count=2350 2320 536 159 377 45 332 127 95 205 120 69 1784 100
is_linear=0
shrinkage=0.05


Tree=53
num_leaves=15
num_cat=0
split_feature=4 16 16 3 6 16 6 2 1 6 20 16 6 7
split_gain=5.86851 5.47802 8.511 15.747 13.0843 9.75117 19.3889 7.74173 7.26361 4.98328 5.65976 13.0372 10.4334 14.4933
threshold=1.3270845000000002 55.500000000000007 105.50000000000001 0.49569200000000008 -5.5220109999999991 177.50000000000003 -9.1480694999999983 9.8918605000000017 5.3655960000000009 -20.264350499999995 1.0000000180025095e-35 210.50000000000003 -5.2984354999999992 -6.4499214999999994
decision_type=2 2 2 2 2 2 2 2 2 2 2 2 2 2
left_child=1 -1 3 4 -3 6 -4 -8 -9 -7 12 -12 -11 -14
right_child=-2 2 5 -5 -6 9 7 8 -10 10 11 -13 13 -15
leaf_value=-0.039075741624458392 0.041200807104346197 -0.005520023200682303 0.03101788387262432 -0.042666799438519226 0.091302756722908607 0.052582409733902685 -0.062195588947633468 0.045681602266923485 -0.046692206645532933 0.0026937683470284828 0.081804568507782352 0.0046784574790928483 -0.026863236578404132 0.032321640434316339
leaf_weight=9.5883009508252126 8.1199056729674322 5.4363232478499421 11.114641077816485 5.4186032861471167 9.7422957420349121 4.4722374230623236 21.615663401782516 3.7882909625768644 4.8560516834259033 161.62635042518377 5.7510406076908103 115.9406997859478 75.436536006629467 11.987718142569063
leaf_count=62 44 33 59 32 42 30 143 22 23 773 26 612 374 77
internal_value=-0.000924908 -0.00169052 -0.000870595 0.0305039 0.056625 -0.00242183 -0.0254584 -0.0462024 -0.00621037 0.000118394 -0.000514475 0.00832337 -0.00483284 -0.0187477
internal_weight=454.895 446.775 437.186 20.5972 15.1786 416.589 41.3746 30.26 8.64434 375.215 370.742 121.692 249.051 87.4243
internal_count=2352 2308 2246 107 75 2139 247 188 45 1892 1862 638 1224 451
is_linear=0
shrinkage=0.05


Tree=54
num_leaves=15
num_cat=0
split_feature=16 0 3 2 16 0 16 2 16 5 16 6 5 2
split_gain=5.78143 4.79172 5.8182 5.68537 5.026 13.0377 12.6039 12.1752 7.49104 13.859 7.85877 7.42311 7.47144 10.2803
threshold=43.500000000000007 -5.121310499999999 -5.7214169999999998 17.587627500000004 101.50000000000001 -0.97645149999999992 180.50000000000003 30.061026500000001 207.50000000000003 15.539791500000002 228.50000000000003 -1.4061024999999998 12.114666000000001 6.6265090000000013
decision_type=2 2 2 2 2 2 2 2 2 2 2 2 2 2
left_child=-1 3 -3 -2 5 -4 7 -6 9 -8 -10 12 -12 -14
right_child=1 2 4 -5 6 -7 8 -9 10 -11 11 -13 13 -15
leaf_value=-0.051532015495084738 0.0092971554894396482 -0.038644420088250753 0.073948922382989377 0.065318023927326302 -0.03943743883769843 -0.004321037909890039 0.072040718451827343 0.038084946814839933 -0.038866725050942276 -0.035302009020387382 -0.041280222889464209 0.055520143989983756 0.010494206649559903 -0.007840165149731286
leaf_weight=5.4199386090040198 23.967552907764915 9.9907832667231542 8.0674029439687747 5.5841687247157088 34.152952514588833 15.625770665705202 9.4053733199834806 5.9466535151004782 12.417269438505171 4.4200612232089034 10.303159207105635 6.2746034786105147 165.13243877142668 142.37788092344999
leaf_count=41 126 50 39 26 217 82 42 27 65 23 48 60 819 717
internal_value=-0.00019724 0.000416056 -0.000940375 0.019883 -3.07603e-05 0.0223295 -0.00138769 -0.0279411 0.00165167 0.0377227 0.000169684 0.00166534 0.000602086 0.00200536
internal_weight=459.086 453.666 424.114 29.5517 414.124 23.6932 390.43 40.0996 350.331 13.8254 336.505 324.088 317.813 307.51
internal_count=2382 2341 2189 152 2139 121 2018 244 1774 65 1709 1644 1584 1536
is_linear=0
shrinkage=0.05


Tree=55
num_leaves=15
num_cat=0
split_feature=16 6 8 2 6 7 8 7 7 7 1 20 16 7
split_gain=5.04018 8.68826 8.21424 7.96831 8.93149 8.49932 8.44226 9.28199 9.23815 12.7312 11.5968 9.36323 8.0741 7.84188
threshold=228.50000000000003 -12.874794499999998 67.500000000000014 9.1936845000000016 -11.164909999999997 -6.4936539999999985 52.500000000000007 -16.226709499999995 -14.923908999999998 -7.5782199999999991 2.9930535000000007 1.0000000180025095e-35 285.50000000000006 -16.965267499999996
decision_type=2 2 2 2 2 2 2 2 2 2 2 2 2 2
left_child=-1 -2 3 4 -3 6 8 -8 10 -10 13 12 -12 -6
right_child=1 2 -4 -5 5 -7 7 -9 9 -11 11 -13 -14 -15
leaf_value=-0.0097081225750331856 0.043151877172354219 0.066222607464073449 -0.05468331556768713 -0.0075084820086504193 0.052143869569215531 0.029304635063415675 0.029013769648466844 -0.018980047659368365 0.041380247826731248 -0.032190980915409007 0.019489312843627003 0.046913615036782819 -0.055172694981456605 -0.014447804735743917
leaf_weight=110.77741266787052 12.688575036823748 6.4647372961044303 6.4943857342004767 130.12380065023899 11.288053773343565 33.597645625472069 12.095832392573355 60.275920823216438 34.900741547346115 7.0716953277587882 4.6279621720314088 3.7343069314956656 16.643072441220284 7.267231471836566
leaf_count=621 85 31 31 671 60 180 58 280 168 35 22 35 74 34
internal_value=-0.000421745 0.00254053 0.00100041 0.00210264 0.00842003 0.00646874 0.00160991 -0.0109586 0.0122445 0.0289847 -0.0038854 -0.0261087 -0.0389284 0.026063
internal_weight=458.051 347.274 334.585 328.091 197.967 191.502 157.905 72.3718 85.5331 41.9724 43.5606 25.0053 21.271 18.5553
internal_count=2385 1764 1679 1648 977 946 766 338 428 203 225 131 96 94
is_linear=0
shrinkage=0.05


Tree=56
num_leaves=15
num_cat=0
split_feature=16 3 8 2 7 7 16 7 4 4 2 6 7 7
split_gain=4.90895 4.71005 11.8909 14.5432 14.2834 17.3755 13.7487 16.5778 11.8155 7.81182 7.68152 7.51422 7.36922 9.84595
threshold=55.500000000000007 0.42119500000000004 52.500000000000007 15.004296000000002 -15.521558499999999 -6.556462999999999 207.50000000000003 -17.119512499999995 -0.047935999999999993 0.47308000000000006 10.959785500000001 -4.339736499999999 -14.923908999999998 -18.604027499999997
decision_type=2 2 2 2 2 2 2 2 2 2 2 2 2 2
left_child=-1 2 3 -2 6 -6 7 -4 -7 -3 12 -12 13 -11
right_child=1 9 4 -5 5 8 -8 -9 -10 10 11 -13 -14 -15
leaf_value=-0.034740186434021707 0.010426737852984792 -0.011788855435077234 -0.035160185725360817 0.063328028517327037 -0.02154131488925801 0.086649104691195064 0.050215446109668674 0.055833974299468285 -0.013172987970801948 0.040372760295033762 -0.027723976741227598 0.013638054683718176 0.059796218119038937 -0.043853783284469788
leaf_weight=10.076323017477987 73.548983469605446 138.67375257611275 15.660109952092172 15.778999693691729 88.147302322089672 6.708915963768959 20.515674665570259 7.356878086924552 5.3112418651580793 8.5776955857872945 19.074995309114456 25.875693347305059 11.640903726220129 5.8267288804054287
leaf_count=68 401 708 89 72 420 34 114 37 24 52 94 169 53 29
internal_value=-0.000231691 0.000553763 0.00544583 0.0197713 -0.00345927 -0.0138513 0.0204526 -0.00607589 0.0425416 -0.00488331 0.00860503 -0.00391408 0.0302113 0.00630231
internal_weight=452.774 442.698 233.028 89.328 143.7 100.167 43.5327 23.017 12.0202 209.67 70.996 44.9507 26.0453 14.4044
internal_count=2364 2296 1191 473 718 478 240 126 58 1105 397 263 134 81
is_linear=0
shrinkage=0.05


Tree=57
num_leaves=15
num_cat=0
split_feature=16 16 16 3 16 16 7 4 2 7 2 8 4 2
split_gain=7.37828 4.54482 5.67048 8.70548 8.92945 16.2499 11.709 8.86135 8.24197 8.37652 5.5575 5.50187 5.47933 5.94622
threshold=43.500000000000007 900.50000000000011 622.50000000000011 2.0056050000000005 710.50000000000011 837.50000000000011 -9.1463144999999972 0.46237650000000002 24.663233500000004 -3.6658359999999997 9.4905415000000009 32.500000000000007 0.47308000000000006 10.959785500000001
decision_type=2 2 2 2 2 2 2 2 2 2 2 2 2 2
left_child=-1 2 11 4 -4 6 -6 10 -9 -10 -5 -2 -13 -14
right_child=1 -3 3 7 5 -7 -8 8 9 -11 -12 12 13 -15
leaf_value=-0.059232709065042258 -0.03683680194647998 -0.050328389264194966 0.048461145893233547 0.0047988215290288329 0.0076525028663192596 0.067533032877397731 -0.076430055049837672 0.050845408519386251 -0.041975713156497507 0.053886240351319704 -0.045165793933033938 -0.0035920536716659069 0.036254139748358491 -0.001047596315392772
leaf_weight=5.2830518037080756 11.138506323099135 4.404846027493476 23.282192222774029 9.1011883541941661 13.559605546295646 7.7549840807914725 5.9605010002851495 10.31248999387026 7.2752457112073898 3.3181775324046594 14.325271531939505 289.79704923182726 19.181191921234131 24.116178646683693
leaf_count=44 55 29 126 54 81 48 28 61 33 51 70 1455 94 127
internal_value=-0.000492701 0.000206977 0.000713898 0.0115358 0.0257174 0.00630323 -0.0180223 -0.00463711 0.0190264 -0.0119489 -0.0257545 -0.00226922 -0.0011133 0.0154775
internal_weight=448.81 443.527 439.123 94.8897 50.5573 27.2751 19.5201 44.3324 20.9059 10.5934 23.4265 344.233 333.094 43.2974
internal_count=2356 2312 2283 552 283 157 109 269 145 84 124 1731 1676 221
is_linear=0
shrinkage=0.05


Tree=58
num_leaves=15
num_cat=0
split_feature=6 16 16 16 2 24 16 13 2 6 16 6 4 7
split_gain=5.97924 5.00765 4.73953 6.09702 7.62783 10.5095 14.941 17.3625 15.3271 7.0481 7.72279 8.93259 11.9234 11.4304
threshold=-20.264350499999995 43.500000000000007 101.50000000000001 228.50000000000003 30.061026500000001 1.0000000180025095e-35 177.50000000000003 8.1624605000000017 1.7425030000000004 -1.1323529999999999 300.50000000000006 -10.791973499999999 0.5270895000000001 -6.4936539999999985
decision_type=2 2 2 2 2 2 2 2 2 2 2 2 2 2
left_child=-1 -2 -3 4 5 -4 7 -7 -8 10 11 -5 13 -13
right_child=1 2 3 9 -6 6 8 -9 -10 -11 -12 12 -14 -15
leaf_value=0.062002022087817757 -0.049471286198354406 0.020861699613797798 -0.039641313884901101 0.070290308251009487 0.033198031877513752 -0.052698586131132742 0.06222913077096745 0.078481490762159822 -0.047468654812185353 0.058159918129292082 -0.0027226654724110642 -0.024971986583466027 0.058154865265083955 0.032533970586868882
leaf_weight=3.8432272449135771 5.1874056607484809 25.511655129492283 33.160913027822971 7.0784914940595618 7.6501404345035544 15.483628600835802 12.358224324882032 3.0133159756660453 4.2894704788923255 5.4052434638142577 280.74175875633955 22.824627175927159 10.09448818862438 13.905946031212808
leaf_count=28 44 133 182 38 35 106 68 14 23 53 1427 110 54 64
internal_value=-9.70163e-05 -0.000631285 -5.74626e-05 -0.00134033 -0.014148 -0.0194507 -0.000399766 -0.0313282 0.0339642 0.00152046 0.000605616 0.01794 0.0100263 -0.00320062
internal_weight=450.549 446.705 441.518 416.006 75.9557 68.3056 35.1446 18.4969 16.6477 340.051 334.645 53.9036 46.8251 36.7306
internal_count=2379 2351 2307 2174 428 393 211 120 91 1746 1693 266 228 174
is_linear=0
shrinkage=0.05


Tree=59
num_leaves=15
num_cat=0
split_feature=16 3 16 5 8 7 2 7 19 16 16 16 16 5
split_gain=4.47057 10.8925 9.7972 9.1123 8.38838 7.88794 6.47562 7.49866 7.47654 14.1867 19.6059 17.6503 13.3705 11.6923
threshold=622.50000000000011 2.0056050000000005 715.50000000000011 24.156332000000003 32.500000000000007 -12.642641999999999 -8.2785889999999984 -10.9414605 1.0000000180025095e-35 565.50000000000011 538.50000000000011 374.50000000000006 327.50000000000006 39.619760500000005
decision_type=2 2 2 2 2 2 2 2 2 2 2 2 2 2
left_child=6 2 -2 -4 -3 -5 7 -1 9 10 11 12 13 -8
right_child=1 4 3 5 -6 -7 8 -9 -10 -11 -12 -13 -14 -15
leaf_value=0.004270985380392253 0.049276394757703929 0.026849753676513346 0.050851963300994556 0.034074574585560617 -0.022662104377758199 -0.034112454530910781 -0.04540140098037046 0.055513212932447202 -0.0022106393441324182 -0.071795456659544121 0.081973283633769919 -0.060799236774427723 0.05639696659390589 0.031827524229841718
leaf_weight=72.037699013948441 22.731805376708508 11.736651178449391 7.7719798609614399 6.1416769474744841 31.552714232355356 13.707208618521687 13.94611026346684 7.9249179810285559 205.82961799949408 11.605996638536451 5.1467044055461875 17.40913525223732 8.3162715435028058 7.5564794018864623
leaf_count=395 125 91 55 44 181 69 81 35 1042 55 23 82 37 40
internal_value=-0.000549742 0.00915321 0.0249649 0.00495672 -0.00923841 -0.0130139 -0.00314744 0.00934949 -0.00685111 -0.0217798 -0.0106965 -0.0207953 0.00256024 -0.0182615
internal_weight=443.415 93.642 50.3527 27.6209 43.2894 19.8489 349.773 79.9626 269.81 63.9807 52.3747 47.228 29.8189 21.5026
internal_count=2355 565 293 168 272 113 1790 430 1360 318 263 240 158 121
is_linear=0
shrinkage=0.05


Tree=60
num_leaves=15
num_cat=0
split_feature=4 7 7 12 7 2 3 2 3 19 16 16 7 16
split_gain=5.67699 4.50655 4.40712 5.88461 5.81665 4.2494 6.87738 5.16934 12.3187 13.8569 9.37704 11.1108 9.24626 12.2387
threshold=1.3270845000000002 -3.6658359999999997 -3.8766169999999995 1.4521770000000003 -3.9591564999999993 48.871490500000007 6.6112810000000009 25.688312000000003 2.8434650000000006 1.0000000180025095e-35 622.50000000000011 705.50000000000011 -8.2149594999999973 780.50000000000011
decision_type=2 2 2 2 2 2 2 2 2 2 2 2 2 2
left_child=1 2 4 -4 5 7 -7 10 9 -9 -1 -12 13 -13
right_child=-2 -3 3 -5 -6 6 -8 8 -10 -11 11 12 -14 -15
leaf_value=-0.0046397520543409836 0.042872215845603079 0.053732278261125532 0.016158873984607271 -0.06678568601709807 0.043974472300118861 0.065467257146993627 -0.016643800395627972 -0.043997872603565184 -0.057512988357116504 0.067418202844205022 0.041639893805581155 0.057522882949253257 -0.028418098260842847 -0.010607585855585579
leaf_weight=308.50650139898062 7.4967433437705031 3.7267951145768157 3.4114056229591352 5.7302509844303131 7.1489558219909659 5.9116015732288343 4.4847026094794273 5.3705348670482653 13.13415542244911 5.8094401806592941 25.881379805505276 11.542631160467865 17.082349643111229 15.367533624172209
leaf_count=1575 43 60 20 26 38 29 25 28 66 27 142 77 97 96
internal_value=-0.000266413 -0.00101311 -0.00148827 -0.0358331 -0.000741148 -0.001515 0.0300466 -0.00232982 -0.0246776 0.0138972 -0.000893785 0.0156454 0.000352449 0.0186158
internal_weight=440.605 433.108 429.381 9.14166 420.24 413.091 10.3963 402.695 24.3141 11.18 378.38 69.8739 43.9925 26.9102
internal_count=2349 2306 2246 46 2200 2162 54 2108 121 55 1987 412 270 173
is_linear=0
shrinkage=0.05


Tree=61
num_leaves=15
num_cat=0
split_feature=5 12 16 5 16 7 24 16 0 24 7 16 4 3
split_gain=4.73892 7.06624 5.86481 9.00914 11.3139 10.4551 9.56145 7.60355 9.25301 10.8226 7.38226 8.77703 7.54206 7.08228
threshold=61.281258000000008 32.651457500000006 228.50000000000003 13.461224000000001 162.50000000000003 -7.0844174999999998 1.0000000180025095e-35 61.500000000000007 -1.1455764999999998 1.0000000180025095e-35 -11.929959499999997 147.50000000000003 -0.052280499999999987 -6.8758444999999986
decision_type=2 2 2 2 2 2 2 2 2 2 2 2 2 2
left_child=2 -2 3 5 7 -1 -6 -5 9 -9 11 -10 -12 -4
right_child=1 -3 13 4 6 -7 -8 8 10 -11 12 -13 -14 -15
leaf_value=0.030936187038162845 0.054158431847116564 -0.032230151378041187 0.061093953583679229 -0.060575566448108381 -0.063251539815026306 -0.051111219371226535 -0.0041783723041273696 0.079896017207987211 0.050177019420075179 -0.0046932629796983295 0.005033258409435911 -0.039284791605409569 -0.074548858798916304 0.0015651777341350833
leaf_weight=19.802422821521763 8.8399434238672239 3.2327300384640685 5.0750113055109969 5.202522560954093 20.328654892742634 4.829712100327014 10.330975435674192 6.9998066350817654 6.6712566539645177 8.2238129451870918 4.9889443963766098 4.6544772461056709 7.382807709276678 322.64393385127187
leaf_count=101 61 15 32 43 105 36 66 37 36 47 27 34 41 1665
internal_value=0.000133254 0.0310259 -0.000739908 -0.0113774 -0.0200158 0.0148489 -0.0433464 -0.00380434 0.00378418 0.0342008 -0.0157559 0.0134114 -0.0424571 0.00248703
internal_weight=439.207 12.0727 427.134 99.4154 74.7833 24.6321 30.6596 44.1236 38.9211 15.2236 23.6975 11.3257 12.3718 327.719
internal_count=2346 76 2270 573 436 137 171 265 222 84 138 70 68 1697
is_linear=0
shrinkage=0.05


Tree=62
num_leaves=15
num_cat=0
split_feature=16 16 0 16 6 16 16 2 2 4 16 5 16 16
split_gain=4.36571 4.70709 8.78925 8.33165 10.5345 6.38967 8.47313 7.21742 5.09706 6.69212 9.55256 7.02233 10.9065 7.94693
threshold=55.500000000000007 105.50000000000001 -0.89297899999999986 135.50000000000003 -7.6688904999999989 144.50000000000003 180.50000000000003 9.8918605000000017 6.1343225000000006 0.46237650000000002 300.50000000000006 38.488631500000004 484.50000000000006 345.50000000000006
decision_type=2 2 2 2 2 2 2 2 2 2 2 2 2 2
left_child=-1 2 -2 4 -3 -5 7 -7 -8 -10 -11 12 -12 -13
right_child=1 3 -4 5 -6 6 8 -9 9 10 11 13 -14 -15
leaf_value=-0.034903282428440027 0.066665454042494229 0.023218944832861133 0.00055979143906542499 0.050343853910689018 -0.064174422214372182 -0.048137618446716053 0.0072332742755459581 0.028787475787343166 -0.011183883505396272 0.063576785239990927 -0.050123027796920731 0.037663388123198083 0.03669261887582053 -0.043494677140147528
leaf_weight=8.608832046389578 7.6970184817910221 5.1030426472425452 14.501771382987497 6.5222195461392394 10.633630163967608 14.883616484701635 209.4691299572587 3.8348393812775603 113.17105757445097 7.3690610602498046 4.5138681977987316 3.9982669204473522 18.220820941030979 12.281601190567015
leaf_count=63 38 28 79 34 70 108 1082 22 559 42 22 28 134 59
internal_value=0.000353477 0.00105574 0.0234807 -0.000158416 -0.0358348 0.00126557 0.000440023 -0.032378 0.00210469 -0.00462829 0.0113666 0.0015052 0.0194558 -0.0235626
internal_weight=440.809 432.2 22.1988 410.001 15.7367 394.264 387.742 18.7185 369.024 159.555 46.3836 39.0146 22.7347 16.2799
internal_count=2368 2305 117 2188 98 2090 2056 130 1926 844 285 243 156 87
is_linear=0
shrinkage=0.05


Tree=63
num_leaves=15
num_cat=0
split_feature=16 16 16 16 16 6 0 2 4 4 19 16 3 7
split_gain=5.15498 4.36906 5.23251 4.41896 9.271 12.0653 6.4022 5.88824 4.03663 7.94092 7.39634 7.1834 5.70761 8.68549
threshold=55.500000000000007 900.50000000000011 865.50000000000011 101.50000000000001 177.50000000000003 -9.1480694999999983 -1.1455764999999998 15.270728500000002 0.51901050000000015 0.24575400000000003 1.0000000180025095e-35 303.50000000000006 4.3234945000000016 -6.6763724999999994
decision_type=2 2 2 2 2 2 2 2 2 2 2 2 2 2
left_child=-1 2 3 6 5 -5 -2 -7 9 -6 -11 -10 13 -12
right_child=1 -3 -4 4 8 7 -8 -9 11 10 12 -13 -14 -15
leaf_value=-0.03847366411990967 0.061396224025302572 -0.048930116200856716 0.039781381057724115 0.020030876502569822 0.0046350006057018023 -0.053207323512277839 0.0036983387865856428 0.001518115053773969 0.048457785780710513 -0.041969518051792276 0.0043613050083549177 0.0048340486349203963 0.027077518820488623 -0.052041607064755906
leaf_weight=8.0930913984775525 7.3622880652546909 4.2023644894361487 9.1139448285102826 11.630756750702856 249.27425721287727 21.38582664728165 13.85685123503208 6.3821165189146987 12.739117577672003 18.465494401752949 19.79985249042511 36.403568346053362 10.932503450661896 10.416118405759336
leaf_count=61 36 29 52 63 1256 161 76 31 78 93 104 217 63 54
internal_value=0.0010626 0.00180334 0.00230175 0.00148582 0.00029885 -0.0227221 0.0237175 -0.0406294 0.00283213 0.000714515 -0.0156789 0.0161425 -0.0038809 -0.015082
internal_weight=440.058 431.965 427.763 418.649 397.43 39.3987 21.2191 27.7679 358.031 308.888 59.614 49.1427 41.1485 30.216
internal_count=2374 2313 2284 2232 2120 255 112 192 1865 1570 314 295 221 158
is_linear=0
shrinkage=0.05


Tree=64
num_leaves=15
num_cat=0
split_feature=20 3 6 2 6 16 2 16 6 16 7 7 6 6
split_gain=3.81557 9.66746 8.44575 9.27522 7.36179 12.5119 11.5434 12.1737 6.83296 7.71428 5.6261 15.5793 9.4349 9.96447
threshold=1.0000000180025095e-35 -3.8546354999999997 -5.0945639999999992 -9.2448279999999983 -3.1051594999999996 502.50000000000006 7.3703410000000007 628.50000000000011 -2.6535319999999998 264.50000000000006 -6.556462999999999 -8.5568064999999986 -2.6535319999999998 -3.5730484999999996
decision_type=2 2 2 2 2 2 2 2 2 2 2 2 2 2
left_child=10 -2 3 -3 6 8 -4 -8 -6 -10 11 12 13 -1
right_child=1 2 4 -5 5 -7 7 -9 9 -11 -12 -13 -14 -15
leaf_value=-0.00018646178252367706 0.065477234407648743 0.058071220251407457 0.048608668942861852 -0.023555641848193865 -0.060555973266980839 0.040075073051845801 -0.03410319293955659 0.054447451717957042 -0.036755639522572429 0.018740255117036447 0.021838056135511458 -0.039151107739886601 0.053047154413653125 -0.041996291575340905
leaf_weight=233.13953436166048 6.6932860612869254 3.8608778640627852 25.568424709141254 35.291289262473583 7.3339033573865846 12.914611313492058 11.501822501420977 5.8581596091389647 11.214018575847154 14.180557593703268 20.90879662334919 29.950277395546436 7.8169360458850852 15.178526282310484
leaf_count=1205 35 19 140 173 33 115 52 44 66 60 147 173 49 73
internal_value=-0.000123468 0.00690185 0.00383224 -0.0155062 0.0123806 -0.00159912 0.0272444 -0.00422161 -0.0180437 -0.00576624 -0.0031995 -0.00502939 -0.00103948 -0.0027421
internal_weight=441.411 134.417 127.724 39.1522 88.5715 45.6431 42.9284 17.36 32.7285 25.3946 306.994 286.085 256.135 248.318
internal_count=2384 737 702 192 510 274 236 96 159 126 1647 1500 1327 1278
is_linear=0
shrinkage=0.05


Tree=65
num_leaves=15
num_cat=0
split_feature=16 16 6 6 6 6 6 13 16 5 5 6 2 5
split_gain=3.76973 8.91641 7.82138 7.61489 7.25159 7.46921 6.79269 9.01758 8.29786 14.7431 12.6296 11.3449 8.88411 11.3706
threshold=258.50000000000006 297.50000000000006 -3.7035544999999996 -2.5795659999999994 -1.6113254999999997 -13.643390499999997 -9.7310194999999986 6.0768290000000009 390.50000000000006 23.326012500000001 21.494803000000005 -4.0308929999999989 7.9370950000000002 12.114666000000001
decision_type=2 2 2 2 2 2 2 2 2 2 2 2 2 2
left_child=-1 2 -2 -4 5 -3 -7 8 9 -8 11 -10 13 -13
right_child=1 4 3 -5 -6 6 7 -9 10 -11 -12 12 -14 -15
leaf_value=-0.0080308995034016253 0.050525500865231013 0.04255130245682396 -0.045009886232767193 0.041754130050549572 0.05254208499314586 -0.02281942789958091 -0.03939522102508386 0.04338553164288781 0.049772856992365333 0.019475047435360014 -0.007165282865968868 -0.038686458004806738 -0.018184908196988075 0.052949682899226302
leaf_weight=122.71280405670404 16.940206214785579 9.2814535871148092 5.4753243178129196 4.6992978751659376 6.3425368070602408 37.428480841219425 32.827239587903023 11.461433731019495 22.287606343626976 15.731545537710188 106.94446481391788 4.5043829679489162 19.931767039000988 13.625296495854853
leaf_count=715 87 72 25 26 64 177 158 51 129 84 530 19 108 97
internal_value=-0.000621935 0.00233491 0.0297138 -0.00493666 -0.000312956 -0.00153634 -0.00308198 0.000167901 -0.00212689 -0.0203231 0.00315475 0.0214429 0.00485371 0.0301824
internal_weight=430.194 307.481 27.1148 10.1746 280.366 274.024 264.742 227.314 215.852 48.5588 167.294 60.3491 38.0614 18.1297
internal_count=2342 1627 138 51 1489 1425 1353 1176 1125 242 883 353 224 116
is_linear=0
shrinkage=0.05


Tree=66
num_leaves=15
num_cat=0
split_feature=10 6 16 7 7 7 6 2 20 7 7 16 7 2
split_gain=4.59521 5.34307 5.13948 4.20274 3.97445 5.4404 8.6797 5.72629 5.98114 5.00012 13.4675 9.76233 7.83124 6.00104
threshold=4.5000000000000009 -19.457300999999998 43.500000000000007 -3.6658359999999997 -3.8766169999999995 -5.1778004999999991 -2.3363894999999997 7.6483915000000007 1.0000000180025095e-35 -7.8904974999999995 -7.4270144999999994 105.50000000000001 -6.4314919999999995 -2.9308654999999999
decision_type=2 2 2 2 2 2 2 2 2 2 2 2 2 2
left_child=1 -1 -3 4 5 9 7 -7 -9 -4 -11 -12 13 -13
right_child=-2 2 3 -5 -6 6 -8 8 -10 10 11 12 -14 -15
leaf_value=0.053604052658029415 0.023093179919443728 -0.057243148159028402 9.6064913998578463e-05 0.053303502585849753 -0.035069450145711965 0.055653509311018957 -0.033761653676722451 0.052170933392139608 -0.021741419558958933 -0.050674889929742541 0.081363515964222699 -0.05909261921047268 -0.030178671350199689 0.012670805553400402
leaf_weight=4.3233361318707457 19.593250308185816 4.2084820643067351 277.86753285676241 3.4430835284292689 8.9767340794205648 12.661018811166292 6.2252793386578551 4.4729805588722211 7.0528676509857178 19.143486618995667 3.2622045576572409 3.1803556233644477 23.350258804857731 34.670851826667786
leaf_count=32 102 42 1458 62 44 80 33 32 31 114 15 17 124 176
internal_value=-0.00056605 -0.00168891 -0.00227408 -0.0017019 -0.00217435 -0.00142084 0.0188896 0.0324412 0.00694267 -0.00312964 -0.0138502 -0.00291456 -0.00740681 0.00664106
internal_weight=432.432 412.838 408.515 404.307 400.864 391.887 30.4121 24.1869 11.5258 361.475 83.6072 64.4637 61.2015 37.8512
internal_count=2362 2260 2228 2186 2124 2080 176 143 63 1904 446 332 317 193
is_linear=0
shrinkage=0.05


Tree=67
num_leaves=15
num_cat=0
split_feature=6 19 13 2 7 2 16 16 4 3 7 3 16 16
split_gain=5.82534 6.34676 10.263 7.42394 8.07973 16.0656 15.0472 15.554 11.7165 9.20208 19.7016 7.9719 7.21635 11.5874
threshold=-19.457300999999998 1.0000000180025095e-35 14.377073000000001 29.157798500000002 -12.790780999999997 6.1343225000000006 294.50000000000006 183.50000000000003 -0.36793999999999993 1.7085015000000003 -15.713749999999999 9.5749070000000014 740.50000000000011 705.50000000000011
decision_type=2 2 2 2 2 2 2 2 2 2 2 2 2 2
left_child=-1 3 12 4 6 8 7 -2 -6 10 -8 -7 13 -3
right_child=1 2 -4 -5 5 11 9 -9 -10 -11 -12 -13 -14 -15
leaf_value=0.052483879111214174 -0.041821782122568374 0.0042733823261039581 -0.073131516045241735 -0.059024082224647639 -0.03712106135166808 -0.022823259267011946 0.015428756418246604 0.060402852373379369 0.05661890571813151 -0.068498995297025994 -0.059950713924977118 0.046151073896053663 0.042092578884329573 -0.062916434071707314
leaf_weight=5.1708014607429496 5.9041592925786963 270.08696095645428 4.3401453122496596 7.3050417378544799 4.0748071372509029 32.641780838370323 18.539736188948147 10.063750170171259 18.320621632039547 13.457961618900297 16.28027234971524 4.8059383928775778 12.121208179742096 6.5729735344648352
leaf_count=39 43 1430 22 43 20 174 96 60 111 61 73 21 133 32
internal_value=-0.000266172 -0.000908693 0.00318451 -0.01004 -0.00715639 0.00606318 -0.01947 0.0226051 0.0395631 -0.0333864 -0.0198153 -0.0139713 0.00433148 0.00267707
internal_weight=429.686 424.515 293.121 131.394 124.089 59.8431 64.2459 15.9679 22.3954 48.278 34.82 37.4477 288.781 276.66
internal_count=2358 2319 1617 702 659 326 333 103 131 230 169 195 1595 1462
is_linear=0
shrinkage=0.05


Tree=68
num_leaves=15
num_cat=0
split_feature=4 3 2 16 7 16 5 5 16 16 0 17 33 16
split_gain=3.95103 4.08546 7.24917 6.78074 6.69482 13.9412 13.6887 9.32465 18.6801 18.2021 9.83165 8.92103 8.67676 11.5316
threshold=1.3270845000000002 0.42119500000000004 20.919033000000002 126.50000000000001 -15.713749999999999 207.50000000000003 21.628885000000004 20.467929000000002 378.50000000000006 105.50000000000001 -1.1455764999999998 2.9930535000000007 -16.999999999999996 351.50000000000006
decision_type=2 2 2 2 2 2 2 2 2 2 2 2 2 2
left_child=1 2 4 -3 5 6 -1 8 9 10 -6 -9 -11 -14
right_child=-2 3 -4 -5 7 -7 -8 11 -10 12 -12 -13 13 -15
leaf_value=0.042533469021344833 0.034348010397560823 -0.045510895471433201 0.042041075869971814 -0.0042194444703101529 0.086041137927819186 0.037034715353236131 -0.036826579741920086 -0.022486887228733852 0.042820686767548202 -0.04743218980695911 0.0039513803997483967 0.040939164135520664 0.0098007877889802614 -0.082399483849340524
leaf_weight=7.8861086294055012 8.0076874196529371 10.51519290357828 11.526006311178206 182.56479328498244 6.5841887667775145 33.366938561201096 17.473284840583801 66.484215088188648 25.752262786030769 20.570289075374596 8.177568279206751 6.0483048111200324 22.443558469414722 3.9949553608894339
leaf_count=43 47 67 55 1003 32 199 109 339 151 119 43 31 120 17
internal_value=-0.000445891 -0.00110396 0.00339318 -0.00646819 0.0013571 0.0157966 -0.0121477 -0.00394094 0.0070455 -0.00786925 0.0405659 -0.0171979 -0.0230789 -0.00413101
internal_weight=431.395 423.388 230.308 193.08 218.782 58.7263 25.3594 160.055 87.5228 61.7706 14.7618 72.5325 47.0088 26.4385
internal_count=2375 2328 1258 1070 1203 351 152 852 482 331 75 370 256 137
is_linear=0
shrinkage=0.05


Tree=69
num_leaves=15
num_cat=0
split_feature=16 4 13 16 24 4 7 16 8 6 0 2 16 6
split_gain=3.61188 3.41861 3.56355 6.09377 10.0576 16.8905 7.95961 11.7775 8.49864 5.14992 6.61194 6.2784 7.20658 11.6106
threshold=900.50000000000011 1.3270845000000002 6.1470280000000015 207.50000000000003 1.0000000180025095e-35 -0.37782399999999994 -15.713749999999999 351.50000000000006 57.500000000000007 -9.5517249999999994 -3.9974574999999994 48.871490500000007 398.50000000000006 -4.2343734999999993
decision_type=2 2 2 2 2 2 2 2 2 2 2 2 2 2
left_child=1 2 9 4 5 -4 -5 -8 -9 10 -1 12 13 -11
right_child=-2 -3 3 6 -6 -7 7 8 -10 11 -12 -13 -14 -15
leaf_value=0.026572307144061807 -0.047395036063587116 0.032985684716629403 -0.067860127465338108 0.050683257336650349 0.031212658479051886 0.042382405290454311 0.059462632707327989 0.034162010159924774 -0.047966675110502649 0.001531939840604443 -0.0269354362418497 0.060300295837504861 0.0061359938217695181 -0.027809562361985608
leaf_weight=6.8456058725714675 4.0479258745908728 7.739977814257144 10.881308391690252 15.588191963732241 10.030695028603077 5.104218341410161 6.4883604794740704 4.6375763639807692 9.8194747865200025 92.571818258613348 36.862923711538315 4.2255076095461837 163.69468763843179 53.029304169118404
leaf_count=36 30 45 61 108 56 33 28 21 46 510 182 25 907 291
internal_value=-0.000386807 5.82855e-05 -0.000548836 0.0104605 -0.00803319 -0.0326594 0.0236302 0.00349654 -0.0216212 -0.00247654 -0.0185551 -0.000235003 -0.00106202 -0.00915451
internal_weight=431.568 427.52 419.78 62.5498 26.0162 15.9855 36.5336 20.9454 14.4571 357.23 43.7085 313.521 309.296 145.601
internal_count=2379 2349 2304 353 150 94 203 95 67 1951 218 1733 1708 801
is_linear=0
shrinkage=0.05


Tree=70
num_leaves=15
num_cat=0
split_feature=6 16 0 16 2 0 2 9 5 16 2 5 16 13
split_gain=4.64752 4.15202 6.77421 10.4153 5.32857 14.5721 5.10542 4.76654 4.82476 4.59433 5.10491 8.12362 7.01936 6.10189
threshold=-20.264350499999995 613.50000000000011 4.8484030000000011 760.50000000000011 -7.291698499999999 -1.1455764999999998 20.919033000000002 5.5000000000000009 14.898979000000002 900.50000000000011 23.319637000000004 42.464622000000013 690.50000000000011 0.33251500000000006
decision_type=2 2 2 2 2 2 2 2 2 2 2 2 2 2
left_child=-1 7 4 6 5 -3 -4 -2 -9 10 13 12 -12 -6
right_child=1 2 3 -5 9 -7 -8 8 -10 -11 11 -13 -14 -15
leaf_value=0.059626017949377046 -0.0017091645166894974 0.063471813725115983 0.049792244540138392 -0.080662892371264963 0.042014536600384872 -0.082279234873279108 -0.021063520854598946 -0.080563192869568409 -0.0026206905828380107 -0.042161229216416109 -0.040815259209971415 -0.065486548763748931 0.036626661192283451 0.0029637598796313724
leaf_weight=3.2915848270058623 321.49442745000124 2.8060581907629967 4.2228153422474843 4.955401148647069 34.597355354577303 4.4100739657878867 6.3880941718816757 3.9031072333455077 4.0412478744983673 2.8961588665843001 3.9564412534236935 3.7761860340833655 11.235625393688677 14.072075769305227
leaf_count=29 1707 19 25 32 226 21 28 20 21 22 17 22 88 86
internal_value=0.00044343 -1.73678e-05 0.00929293 -0.0208148 0.0153208 -0.0256026 0.00713489 -0.00265459 -0.0409143 0.0195076 0.0221481 0.000145025 0.0164586 0.0307236
internal_weight=426.047 422.755 93.3163 15.5663 77.75 7.21613 10.6109 329.439 7.94436 70.5338 67.6377 18.9683 15.1921 48.6694
internal_count=2363 2334 586 85 501 40 53 1748 41 461 439 127 105 312
is_linear=0
shrinkage=0.05


Tree=71
num_leaves=15
num_cat=0
split_feature=16 16 16 16 16 2 2 4 0 6 8 5 5 16
split_gain=4.20363 3.91422 5.03065 5.99817 7.50842 8.70559 5.92939 6.18817 5.37604 6.66512 5.3854 6.36835 10.7317 11.5641
threshold=55.500000000000007 101.50000000000001 135.50000000000003 147.50000000000003 177.50000000000003 9.8918605000000017 9.1936845000000016 0.80265700000000006 -0.54212049999999989 -3.3016709999999994 52.500000000000007 35.578937500000002 20.564629500000002 386.50000000000006
decision_type=2 2 2 2 2 2 2 2 2 2 2 2 2 2
left_child=-1 -2 -3 -4 5 -5 7 8 9 10 -6 12 13 -12
right_child=1 2 3 4 6 -7 -8 -9 -10 -11 11 -13 -14 -15
leaf_value=-0.037670734810647949 0.020688480034744848 -0.029540319028047803 0.043008146737383124 -0.058705117790760764 0.016705699591527266 0.039440935088700141 -0.0090926357165380233 0.067544432455661788 0.010696735021774043 -0.040522608940471459 -0.0078483707748734175 0.036097432748884488 -0.032463116437663107 0.073133551914109113
leaf_weight=7.8841467685997477 20.131722934544086 15.817880943417547 7.669482745230197 10.760976925492285 31.189963113516569 2.8598591685295096 124.03145090118051 3.8225960209965697 119.65267264470458 11.585200719535349 18.952551513910297 7.1158749908208838 33.467123366892338 5.7445017807185641
leaf_count=63 108 102 40 90 169 17 684 24 643 62 94 45 164 34
internal_value=-0.00150507 -0.000814336 -0.00191676 -0.000757297 -0.00166649 -0.0380982 -0.000270868 0.00445497 0.00339587 -0.00468858 -0.000385228 -0.00855105 -0.0140134 0.0109879
internal_weight=420.686 412.802 392.67 376.852 369.183 13.6208 355.562 231.53 227.708 108.055 96.47 65.2801 58.1642 24.6971
internal_count=2339 2276 2168 2066 2026 107 1919 1235 1211 568 506 337 292 128
is_linear=0
shrinkage=0.05


Tree=72
num_leaves=15
num_cat=0
split_feature=10 16 5 16 6 2 3 0 5 2 22 2 6 16
split_gain=3.43933 4.74864 4.56556 4.5582 4.3465 2.92418 6.29556 4.81677 3.66613 8.09173 12.2998 6.34251 4.50181 8.95343
threshold=4.5000000000000009 43.500000000000007 28.952797500000006 228.50000000000003 -19.457300999999998 48.871490500000007 6.6112810000000009 8.6517215000000025 46.055489000000009 18.698480000000004 1.0000000180025095e-35 -1.0000000180025095e-35 -4.1072144999999987 448.50000000000006
decision_type=2 2 2 2 2 2 2 2 2 2 2 2 2 2
left_child=1 -1 3 -2 -3 7 -7 8 12 10 11 -10 -6 -14
right_child=2 4 -4 -5 5 6 -8 -9 9 -11 -12 -13 13 -15
leaf_value=-0.056637711019190601 0.072835852412085206 0.050383284195370137 -0.027960621701761702 0.014395498589119059 0.002469655446944078 0.061417925421344388 -0.013355526014167951 0.029553272992132579 -0.082918229574266297 -0.061072821388314213 0.058606732230970994 -0.004038709948572681 -0.0236825005730226 0.0040569356517711338
leaf_weight=3.8150553964078417 4.8277183249592808 4.1389963701367369 3.9106552228331557 10.803008552640675 235.38001342862844 5.6253464967012388 5.6346845850348473 11.842058435082434 3.9178621694445637 8.4708175510168058 5.6989025399088851 7.2908987998962429 57.102222323417664 59.29660527780652
leaf_count=41 26 36 20 56 1232 31 35 66 20 44 38 39 309 393
internal_value=-0.000134722 -0.00111566 0.0203569 0.0324454 -0.000591875 -0.001119 0.0240002 -0.0018461 -0.00283199 -0.0211853 -0.00120146 -0.0316099 -0.00150792 -0.00955131
internal_weight=427.755 408.213 19.5414 15.6307 404.398 400.259 11.26 388.999 377.157 25.3785 16.9077 11.2088 351.779 116.399
internal_count=2386 2284 102 82 2243 2207 66 2141 2075 141 97 59 1934 702
is_linear=0
shrinkage=0.05


Tree=73
num_leaves=15
num_cat=0
split_feature=5 5 2 7 7 2 7 6 4 6 4 2 5 16
split_gain=4.10271 6.85058 5.95169 5.77426 4.45055 9.30284 9.08341 6.71491 5.43056 7.55095 4.36906 9.47098 6.2629 9.45215
threshold=61.281258000000008 51.87092950000001 48.871490500000007 -22.489228499999996 -22.489228499999996 -14.860059499999998 -19.412206999999999 -11.897619999999998 -0.86457699999999982 -11.315585999999998 0.90818900000000002 21.415068500000004 31.700851500000002 502.50000000000006
decision_type=2 2 2 2 2 2 2 2 2 2 2 2 2 2
left_child=1 2 4 -3 5 8 -6 -8 -1 -10 12 -12 13 -9
right_child=-2 3 -4 -5 6 -7 7 10 9 -11 11 -13 -14 -15
leaf_value=0.063197210697452141 0.032729110727540138 0.011287846993391458 0.058270087439960205 -0.052746466771810933 0.043540882664495434 -0.048692973829868105 0.040803903849860344 -0.0049001603231678299 -0.04508637779080224 0.031897939382846567 0.077808973041485499 -0.0070361473031177388 -0.018127983277512218 0.015028773134089568
leaf_weight=3.466343596577647 9.9866398870944959 5.233406536281108 4.5787988230586043 10.756584480404852 12.972675763070582 13.317362561821936 10.243059754371641 186.6647969968617 6.5039250329136875 6.242261476814746 5.5391853824257842 8.0971805080771428 47.993919588625431 87.335558082908392
leaf_count=23 71 36 29 58 88 67 50 985 36 42 27 45 256 539
internal_value=0.00106578 0.00029255 0.00159798 -0.0317885 0.00092984 -0.0177285 0.00246526 0.000924638 0.00770639 -0.00738442 -0.000292431 0.0274285 -0.00146641 0.00145204
internal_weight=418.932 408.945 392.955 15.99 388.376 29.5299 358.846 345.874 16.2125 12.7462 335.631 13.6364 321.994 274
internal_count=2352 2281 2187 94 2158 168 1990 1902 101 78 1852 72 1780 1524
is_linear=0
shrinkage=0.05


Tree=74
num_leaves=15
num_cat=0
split_feature=10 13 16 24 4 8 7 7 16 8 7 0 7 7
split_gain=4.67708 3.44356 8.10946 7.12009 9.34459 6.57994 8.3533 6.09477 6.48854 7.75066 5.72692 12.2095 9.40812 5.68952
threshold=5.5000000000000009 6.1470280000000015 207.50000000000003 1.0000000180025095e-35 -0.37782399999999994 57.500000000000007 -7.4350499999999995 -17.583693999999998 354.50000000000006 57.500000000000007 -25.545219999999997 -1.2894984999999999 -19.412206999999999 -14.943362999999998
decision_type=2 2 2 2 2 2 2 2 2 2 2 2 2 2
left_child=1 5 3 4 -3 10 -7 -4 -9 -10 11 -1 -12 -14
right_child=-2 2 7 -5 -6 6 -8 8 9 -11 12 -13 13 -15
leaf_value=0.047254449345145479 0.039977380947102126 -0.060206856605843531 0.056770568464060936 0.02311283044684018 0.024051666287743856 -0.031182123340781201 0.018713385795136522 0.04683868478700115 0.046010101263366382 -0.031649169315102262 0.040574211860466468 -0.052656789860493561 -0.021262442441786281 0.0015840664074407422
leaf_weight=4.0126025676727322 6.9310264661908141 10.30046486109495 10.690743390470741 8.8770322948694229 4.8352452889084825 38.376455746591091 10.734709508717058 8.2866437286138552 4.607346646487712 10.615230329334734 14.340561207383869 12.850524581968783 30.67772014066577 243.93025739118457
leaf_count=24 36 61 89 52 32 203 59 37 22 50 91 66 181 1364
internal_value=-0.000755557 -0.00143892 0.00983268 -0.0124388 -0.0332897 -0.00328763 -0.020276 0.0254701 0.0112363 -0.0081444 -0.000559425 -0.0288828 0.00109354 -0.000968222
internal_weight=420.067 413.136 58.2127 24.0127 15.1357 354.923 49.1112 34.2 23.5092 15.2226 305.812 16.8631 288.949 274.608
internal_count=2367 2331 343 145 93 1988 262 198 109 72 1726 90 1636 1545
is_linear=0
shrinkage=0.05


Tree=75
num_leaves=15
num_cat=0
split_feature=16 10 16 16 5 2 7 6 16 6 2 16 2 7
split_gain=3.09854 2.96554 4.50042 3.75959 8.42861 8.52116 8.33176 7.09886 4.85885 13.1472 7.01723 5.72343 4.8495 6.95538
threshold=900.50000000000011 5.5000000000000009 43.500000000000007 105.50000000000001 19.155715500000003 -1.0000000180025095e-35 -23.359291499999994 -3.7139284999999993 180.50000000000003 -9.1480694999999983 9.8918605000000017 144.50000000000003 9.1936845000000016 -5.7190374999999998
decision_type=2 2 2 2 2 2 2 2 2 2 2 2 2 2
left_child=1 2 -1 4 5 -4 -6 -7 9 11 -11 -5 13 -10
right_child=-2 -3 3 8 6 7 -8 -9 12 10 -12 -13 -14 -15
leaf_value=-0.056662904397570282 -0.045391529001671913 0.032762822447231693 0.098870420361955536 0.048986964099527318 0.059266384348948924 0.053431716787733965 -0.036636192065304239 -0.034434990882403864 0.0030709217035699895 -0.056213863362734241 0.0023268215344009048 -0.025736090807360015 -0.0069239012958355901 0.037167532186197373
leaf_weight=3.4631763882935038 3.6868116930127135 7.0664785727858535 4.8220491260290137 8.0709099099040014 3.0401510521769515 5.5816414654254904 8.8791863545775396 3.9082061052322414 203.93787287548184 17.30850496143103 7.268852747976779 3.7548657208681098 119.97974516823888 16.140543881803751
leaf_count=38 29 38 21 42 25 25 50 23 1086 145 40 27 658 105
internal_value=0.000243103 0.00065026 9.15509e-05 0.000579642 0.0188819 0.0447471 -0.0121752 0.0172456 -0.000695629 -0.018057 -0.0389002 0.0252612 0.0011629 0.00557157
internal_weight=416.909 413.222 406.156 402.693 26.2312 14.3119 11.9193 9.48985 376.461 36.4031 24.5774 11.8258 340.058 220.078
internal_count=2352 2323 2285 2247 144 69 75 48 2103 254 185 69 1849 1191
is_linear=0
shrinkage=0.05


Tree=76
num_leaves=15
num_cat=0
split_feature=4 3 2 5 18 18 18 7 18 6 18 33 18 2
split_gain=3.95851 3.2289 9.58225 7.4023 15.3224 18.1492 11.6902 9.33424 15.4878 9.72865 8.2231 7.88945 11.1804 8.59155
threshold=1.3270845000000002 0.53197450000000013 18.061485500000007 20.467929000000002 382.50000000000006 315.50000000000006 267.50000000000006 -15.713749999999999 207.50000000000003 -4.5179854999999991 105.50000000000001 -16.999999999999996 135.50000000000003 -13.342830999999999
decision_type=2 2 2 2 2 2 2 2 2 2 2 2 2 2
left_child=1 2 3 4 5 6 10 8 -5 -10 -1 13 -13 -12
right_child=-2 -3 -4 7 -6 -7 -8 -9 9 -11 11 12 -14 -15
leaf_value=0.034981136062022404 0.035904978194054353 -0.006284833095299096 0.040360308531229974 -0.02795476805639116 0.044637387062260642 -0.04595018697457634 0.072301505974253652 -0.020591756169697929 0.041368782479124511 -0.038562897918880672 0.021526852276775144 -0.060750150008903582 0.037890442791445128 -0.0581492992134158
leaf_weight=14.532933697104452 7.2872231006622306 179.83627957105637 15.705986350774763 18.651194490492344 24.158341348171234 17.332899026572704 7.1717492118477812 67.715081479400396 26.295505624264482 4.451136201620101 4.7891530171036694 3.756695024669173 12.207397498190401 11.526763744652271
leaf_count=75 45 1023 75 122 150 88 35 352 173 23 28 27 68 73
internal_value=-0.000621842 -0.00127403 0.00267316 -0.000111152 0.0102221 -0.00143579 0.0128565 -0.00853533 0.00799174 0.0297972 0.00374949 -0.0103115 0.0146782 -0.0347622
internal_weight=415.418 408.131 228.295 212.589 95.4759 71.3176 53.9847 117.113 49.3978 30.7466 46.8129 32.28 15.9641 16.3159
internal_count=2357 2312 1289 1214 544 394 306 670 318 196 271 196 95 101
is_linear=0
shrinkage=0.05


Tree=77
num_leaves=15
num_cat=0
split_feature=10 6 7 7 19 16 16 16 8 6 3 6 16 8
split_gain=3.81073 3.83989 4.01814 4.24921 5.55702 6.53879 17.1029 13.1508 11.8348 8.57575 8.50492 7.55578 7.22805 5.79581
threshold=4.5000000000000009 -19.457300999999998 -33.728653499999993 -26.344495999999996 1.0000000180025095e-35 398.50000000000006 318.50000000000006 264.50000000000006 37.500000000000007 -15.284406499999998 -2.7839899999999997 -9.1480694999999983 117.50000000000001 52.500000000000007
decision_type=2 2 2 2 2 2 2 2 2 2 2 2 2 2
left_child=1 -1 -3 -4 -5 6 7 9 -9 -6 -8 12 -11 -12
right_child=-2 2 3 4 5 -7 10 8 -10 11 13 -13 -14 -15
leaf_value=0.048980233049868094 0.02280501764179374 -0.053581841299628008 0.03340006886610148 -0.010296148400619799 -0.068280071081817592 0.011548860419456967 0.02044612335695585 -0.037518017384759593 0.05174175907093137 -0.0076154766403782135 -0.020454306178250049 -0.0071260047518855217 0.066746023728407836 -0.066458232520560864
leaf_weight=3.8723548986017695 18.236314799636602 3.607346147298812 8.9946700409054738 119.73856389522552 4.9423590227961531 116.34550357609987 5.6319502294063559 4.4925003647804287 21.417316749691963 5.8274060115218145 11.913532838225366 68.79305450245738 7.44010329246521 16.096998229622841
leaf_count=37 98 16 68 652 32 666 25 24 122 34 58 415 40 87
internal_value=0.000453671 -0.000567607 -0.00105305 -0.000569206 -0.00136772 0.00269875 -0.00432707 0.00499638 0.036265 -0.00431555 -0.0356189 -0.000463082 0.0340847 -0.0468917
internal_weight=417.35 399.114 395.241 391.634 382.639 262.901 146.555 112.913 25.9098 87.0029 33.6425 82.0606 13.2675 28.0105
internal_count=2374 2276 2239 2223 2155 1503 837 667 146 521 170 489 74 145
is_linear=0
shrinkage=0.05


Tree=78
num_leaves=15
num_cat=0
split_feature=16 10 16 16 5 16 6 16 2 5 2 7 7 5
split_gain=2.76091 2.5861 3.14434 3.5625 6.66681 5.88558 11.1745 5.56658 5.3651 4.3674 3.65846 6.03163 6.98621 6.51621
threshold=900.50000000000011 5.5000000000000009 55.500000000000007 105.50000000000001 15.180705000000001 180.50000000000003 -9.1480694999999983 144.50000000000003 9.8918605000000017 32.432449000000005 -13.342830999999999 -23.172414999999997 -18.846248999999997 53.807834000000007
decision_type=2 2 2 2 2 2 2 2 2 2 2 2 2 2
left_child=1 2 -1 4 -4 6 7 -5 -8 -10 -7 13 -13 -12
right_child=-2 -3 3 5 -6 10 8 -9 9 -11 11 12 -14 -15
leaf_value=-0.033753714476738604 -0.0440615258996786 0.031549937917351945 0.061998064224774101 0.043557549495297283 0.001310570732827426 0.020675095740190382 -0.055204386473172343 -0.03384687522874294 0.036429734522578021 -0.039681055915569696 -0.048227899141863435 0.035637871196774487 7.8580468057935549e-06 0.020135622993543843
leaf_weight=6.7848709858953944 3.5049043372273436 6.6000951677560797 6.6523474529385593 8.0081522688269597 14.1541461199522 23.125084593892097 16.492511086165909 3.2716387361288062 3.5151068121194831 4.0639308467507362 12.255778498947622 14.452834136784075 286.09471226856112 4.8710430152714244
leaf_count=59 29 36 31 43 81 140 148 25 19 22 59 97 1527 46
internal_value=0.000127161 0.000504595 -2.91284e-06 0.000573962 0.0207139 -0.00054006 -0.0199592 0.0211068 -0.0392025 -0.00438138 0.0014743 7.65797e-05 0.00172125 -0.0287846
internal_weight=413.847 410.342 403.742 396.957 20.8065 376.151 35.3513 11.2798 24.0715 7.57904 340.799 317.674 300.548 17.1268
internal_count=2362 2333 2297 2238 112 2126 257 68 189 41 1869 1729 1624 105
is_linear=0
shrinkage=0.05


Tree=79
num_leaves=15
num_cat=0
split_feature=9 16 5 7 20 16 6 16 7 17 5 17 5 2
split_gain=3.01512 4.34686 3.65474 5.65845 9.29964 7.84773 7.03898 5.17139 4.01657 4.97125 3.8325 5.81749 5.11035 5.34503
threshold=5.5000000000000009 598.50000000000011 14.754149500000002 -9.4292034999999981 1.0000000180025095e-35 105.50000000000001 -3.4843029999999993 61.500000000000007 -6.643944499999999 -0.067442499999999989 59.299730000000004 34.292614500000006 51.87092950000001 48.871490500000007
decision_type=2 2 2 2 2 2 2 2 2 2 2 2 2 2
left_child=2 -2 3 -1 5 -5 -6 -4 -8 -10 12 -12 13 -9
right_child=1 -3 7 4 6 -7 8 10 9 -11 11 -13 -14 -15
leaf_value=0.033599332387979748 -0.048694177211376817 0.016898077951995286 -0.057769390610435435 0.030588671586097817 0.063002763690611585 -0.052054342850562145 0.028426142516033912 -0.0011278329529128622 0.023040440158749856 -0.051397515535983665 0.048246134304347488 -0.035797896138969103 -0.032214767555734984 0.059934438852262607
leaf_weight=20.132104016840458 7.2380676567554456 3.8798020519316196 4.0189776495099059 3.9007400944828978 6.8396856077015391 10.898266755044459 8.2664330974221247 311.99074687063694 3.9122944623231897 5.2565331645309934 8.5376547127962095 2.7134235873818389 13.170744955539702 3.625450871884822
leaf_count=116 38 30 43 25 40 81 39 1728 17 29 68 14 80 25
internal_value=-0.000117899 -0.0258045 0.000590273 0.0120648 0.00096961 -0.0302712 0.0200153 -0.0013843 0.00315172 -0.0196352 -0.000717869 0.0279772 -0.00169981 -0.000426417
internal_weight=414.381 11.1179 403.263 59.2061 39.074 14.799 24.2749 344.057 17.4353 9.16883 340.038 11.2511 328.787 315.616
internal_count=2373 68 2305 347 231 106 125 1958 85 46 1915 82 1833 1753
is_linear=0
shrinkage=0.05


Tree=80
num_leaves=15
num_cat=0
split_feature=3 2 0 16 3 2 7 16 7 16 7 16 16 9
split_gain=2.81695 6.18338 5.59929 6.17052 5.37952 7.61855 12.5082 13.8284 7.48641 10.3628 6.61224 6.4142 6.6141 5.96636
threshold=0.42119500000000004 26.125278000000005 -0.62540849999999992 61.500000000000007 1.1770855000000002 11.943172500000001 -14.655997999999999 261.50000000000006 -18.846248999999997 595.50000000000011 -24.520225499999995 877.50000000000011 720.50000000000011 1.0000000180025095e-35
decision_type=2 2 2 2 2 2 2 2 2 2 2 2 2 2
left_child=1 2 -1 -4 -2 6 8 -8 10 -10 13 12 -7 -6
right_child=4 -3 3 -5 5 11 7 -9 9 -11 -12 -13 -14 -15
leaf_value=-0.0025324728479879789 -0.023617937686619642 0.055097277692007854 -0.049615603734891406 0.018279992758591553 0.023364590318997389 -0.015455673465122451 -0.026929829429961211 0.035273263456639635 -0.066718827679021514 0.030504035201719806 0.03582962266566117 -0.073030470146866491 0.029194534124056117 -0.048401168884932733
leaf_weight=140.53146425262094 28.809544179588556 5.902036875486373 3.5256067402660838 65.837481647729874 4.8019602335989457 56.29930280148983 11.029368840157984 47.049436867237091 10.749175094068049 3.6788712367415419 9.4920719116926211 4.1406520679593077 9.7269755415618402 7.2969896197319031
leaf_count=807 162 31 29 380 27 302 65 243 55 29 63 23 96 41
internal_value=0.000698556 0.00462416 0.0032049 0.014829 -0.00368904 -0.000193811 0.00910463 0.0234607 -0.0140437 -0.0419289 0.00459035 -0.0126636 -0.00887782 -0.019918
internal_weight=408.871 215.797 209.895 69.3631 193.074 164.265 94.0979 58.0788 36.0191 14.428 21.591 70.1669 66.0263 12.0989
internal_count=2353 1247 1216 409 1106 944 523 308 215 84 131 421 398 68
is_linear=0
shrinkage=0.05


Tree=81
num_leaves=15
num_cat=0
split_feature=4 9 16 16 2 24 0 16 5 7 4 2 2 16
split_gain=3.21855 3.06791 5.98849 2.98252 3.2229 6.88939 11.2755 7.90719 7.17301 5.86802 5.27739 5.27465 5.52363 5.13892
threshold=1.2721910000000003 5.5000000000000009 421.50000000000006 37.500000000000007 8.2639560000000021 1.0000000180025095e-35 -0.5097259999999999 517.50000000000011 49.534786500000003 -4.3522154999999989 0.60796900000000009 44.941540500000009 11.943172500000001 499.50000000000006
decision_type=2 2 2 2 2 2 2 2 2 2 2 2 2 2
left_child=1 3 -3 -1 9 6 7 -6 11 10 -5 12 -8 -7
right_child=-2 2 -4 4 5 13 8 -9 -10 -11 -12 -13 -14 -15
leaf_value=-0.055223382724554786 0.030493531788742367 -0.075679374198361529 0.0028867767986635114 0.0017836645507998778 0.066034610334494828 -0.031649476420951221 0.044788926575776954 -0.0024676027414659487 -0.04753428135107024 0.060977155411418196 0.044176506357560874 0.056170514366540282 -0.017314888034838619 -0.0054143297567823007
leaf_weight=2.3937263116240493 8.673495624214409 3.9380994290113431 6.3143128901720047 240.15879918262362 11.377343811094763 28.568639226257801 4.4864212051034036 6.68951791524887 8.6288835629820806 4.4550354517996302 7.5728065967559806 4.2258069142699233 17.72867439687252 53.848178092390299
leaf_count=32 53 21 42 1373 57 153 29 31 42 38 46 27 87 325
internal_value=0.000360036 -0.00029274 -0.0272916 0.000416769 0.000760265 -0.00545743 0.00858092 0.0406707 -0.00795072 0.00410235 0.00307955 0.00496722 -0.00477279 -0.0145084
internal_weight=409.06 400.386 10.2524 390.134 387.74 135.553 53.1366 18.0669 35.0698 252.187 247.732 26.4409 22.2151 82.4168
internal_count=2356 2303 63 2240 2208 751 273 88 185 1457 1419 143 116 478
is_linear=0
shrinkage=0.05


Tree=82
num_leaves=15
num_cat=0
split_feature=6 7 6 16 16 16 16 34 5 1 16 16 7 7
split_gain=2.86353 6.22264 4.84753 17.3941 8.35939 7.8293 7.08758 6.70084 7.17133 6.6061 6.79019 6.52143 6.44073 6.35808
threshold=-7.4960949999999995 -8.5568064999999986 -6.3976629999999988 565.50000000000011 472.50000000000006 502.50000000000006 695.50000000000011 12.000000000000002 28.376112500000001 -1.7014794999999998 394.50000000000006 234.50000000000003 -25.576640499999996 -7.9901614999999984
decision_type=2 2 2 2 2 2 2 2 2 2 2 2 2 2
left_child=1 -1 3 4 13 7 -5 -4 9 10 -9 -10 -7 -2
right_child=2 -3 5 6 -6 12 -8 8 11 -11 -12 -13 -14 -15
leaf_value=-0.0036020546690640042 0.036827463786338957 -0.064939638404848329 -0.037899151084171315 -0.050068031734428399 0.08102277194943891 -0.03930076579846313 0.015345626156861773 0.0019946728686001569 -0.025956785801697947 -0.016129339921433148 0.06853498678641877 0.052933793101151032 0.015729903022194874 -0.033651703690686006
leaf_weight=123.55190147086978 16.979556135833267 4.2780387736856929 15.435282055288551 9.7976962924003619 9.067172557115553 5.6846954375505439 7.1723103597760192 37.637776751071215 3.5841007456183425 73.069098226726055 4.2688488513231269 9.7342680245637876 82.199763901531696 3.9430673941969898
leaf_count=704 96 29 95 50 41 25 46 206 17 392 24 64 535 31
internal_value=0.000540963 -0.00565482 0.00338404 0.0180321 0.0409229 0.000414144 -0.0224212 -0.00677426 -0.00302957 -0.00705293 0.00877285 0.0317036 0.0121703 0.023545
internal_weight=406.404 127.83 278.574 46.9598 29.9898 231.614 16.97 143.729 128.294 114.976 41.9066 13.3184 87.8845 20.9226
internal_count=2355 733 1622 264 168 1358 96 798 703 622 230 81 560 127
is_linear=0
shrinkage=0.05


Tree=83
num_leaves=15
num_cat=0
split_feature=4 20 7 16 5 16 16 16 5 16 5 16 16 6
split_gain=3.58518 2.60914 8.49155 9.69125 15.1115 8.55537 7.86633 7.75573 9.67251 6.43079 5.89078 8.51635 17.2823 6.65201
threshold=1.3270845000000002 1.0000000180025095e-35 -7.0844174999999998 300.50000000000006 16.301710000000003 433.50000000000006 475.50000000000006 673.50000000000011 29.655343000000006 550.50000000000011 25.896373000000004 382.50000000000006 351.50000000000006 -2.8697494999999997
decision_type=2 2 2 2 2 2 2 2 2 2 2 2 2 2
left_child=1 -1 10 4 -4 -5 -7 9 -9 -8 11 12 13 -3
right_child=-2 2 3 5 -6 6 7 8 -10 -11 -12 -13 -14 -15
leaf_value=-0.0029810429502474768 0.036126090475570381 0.047807347431716628 -0.031217150904926695 -0.061651423606059658 0.054533469514597602 0.041951012012130806 -0.011507687827901755 0.042397243017065669 -0.044812315578562197 -0.074594234543176749 -0.019534286892347166 0.046516402152018015 -0.071698889997571236 -0.02672808496444562
leaf_weight=272.92451488226652 6.8884906508028498 12.506896786391739 8.3801338747143763 9.4408251643180829 13.278812319040297 6.4288835301995269 8.2476052045822197 8.2980324067175371 5.154369704425334 7.9172701835632315 7.9731509611010543 25.601185485720634 5.6050004512071601 3.9352945834398279
leaf_count=1577 45 65 51 47 65 40 37 84 34 36 50 162 25 29
internal_value=0.0003646 -0.000257962 0.00579572 -0.00617261 0.0213554 -0.0192803 -0.00818287 -0.0190652 0.00898237 -0.0424064 0.0202438 0.0269 0.00412145 0.0299679
internal_weight=402.58 395.692 122.767 67.1459 21.6589 45.487 36.0462 29.6173 13.4524 16.1649 55.6215 47.6484 22.0472 16.4422
internal_count=2347 2302 725 394 116 278 231 191 118 73 331 281 119 94
is_linear=0
shrinkage=0.05


Tree=84
num_leaves=15
num_cat=0
split_feature=18 3 8 7 18 18 7 8 7 7 7 5 18 1
split_gain=3.0278 3.10526 8.633 8.48617 11.1426 10.4819 9.93182 7.39369 6.2047 4.95916 6.17382 4.73895 17.0768 7.65868
threshold=37.500000000000007 0.53197450000000013 47.500000000000007 -16.226709499999995 207.50000000000003 113.50000000000001 -16.719693499999995 67.500000000000014 -10.033946999999998 -14.943362999999998 -18.604027499999997 20.564629500000002 382.50000000000006 -0.34779649999999995
decision_type=2 2 2 2 2 2 2 2 2 2 2 2 2 2
left_child=-1 2 9 4 6 8 -4 11 -5 10 -2 12 -7 -14
right_child=1 -3 3 5 -6 7 -8 -9 -10 -11 -12 -13 13 -15
leaf_value=-0.055097262846576893 0.024541979871691939 -0.0042005624341858389 -0.02642280768202972 -0.013521559443370482 0.040918638527343773 -0.016364366850472579 0.050208676486815651 -0.05608207527178824 0.063037440790987942 0.031559728618005503 -0.064974662386141857 -0.018548639598971361 0.069254682209461613 -0.014365293684852532
leaf_weight=2.4579422809183589 4.7409956492483616 184.50553968548775 17.243327349424366 3.9872498735785484 24.482465293258429 34.256292328238487 5.6017880514264098 8.82022527605295 7.8702238947153074 37.602656207978725 3.2441350892186156 54.307501874864101 10.909934394061564 3.6558189615607253
leaf_count=34 36 1073 117 21 156 194 29 56 36 213 26 270 68 24
internal_value=0.000227792 0.000566716 0.00462531 -0.00052524 0.017483 -0.00740924 -0.00763221 -0.012144 0.0372934 0.0239603 -0.0118261 -0.00838621 0.00291804 0.0482671
internal_weight=403.686 401.228 216.723 171.135 47.3276 123.807 22.8451 111.95 11.8575 45.5878 7.98513 103.13 48.822 14.5658
internal_count=2353 2319 1246 971 302 669 146 612 57 275 62 556 286 92
is_linear=0
shrinkage=0.05


Tree=85
num_leaves=15
num_cat=0
split_feature=16 16 0 0 4 16 16 7 16 2 16 16 8 16
split_gain=2.87448 7.87665 5.19812 4.5049 10.5777 4.47775 7.93484 5.29205 7.45999 6.95084 5.14012 7.24979 4.20301 3.48977
threshold=622.50000000000011 664.50000000000011 2.2811150000000002 4.8484030000000011 0.48834550000000004 837.50000000000011 900.50000000000011 -8.2149594999999973 813.50000000000011 25.060005000000004 705.50000000000011 690.50000000000011 32.500000000000007 565.50000000000011
decision_type=2 2 2 2 2 2 2 2 2 2 2 2 2 2
left_child=12 2 -2 5 -5 7 -7 8 9 -3 11 -9 -1 -14
right_child=1 3 -4 4 -6 6 -8 10 -10 -11 -12 -13 13 -15
leaf_value=-0.033795073297917554 0.062830199164731454 0.040505975802608542 0.0079145951016205574 -0.077661144731600948 0.022500180067420567 0.050262268852331107 -0.041298034361908785 -0.032544156753330743 -0.044072241024395803 -0.043875099696304244 -0.05043006013598117 0.050713482581730307 0.00049644810262535518 -0.018965388320393746
leaf_weight=10.142598852515219 9.6082633994519728 16.08036303147674 7.8133719712495795 5.4826904200017434 5.0766005143523216 11.007145386189221 3.0142593979835501 6.3910282254219108 4.4752251356840125 2.8772301822900763 8.5072732269763929 4.4250151515007019 283.64601444453001 25.069800011813641
leaf_count=54 66 127 43 29 35 84 26 38 20 15 66 24 1594 147
internal_value=5.09971e-05 0.00823512 0.0382013 0.000482163 -0.0295065 0.00605935 0.030579 -0.00198161 0.0139923 0.0276993 -0.0213527 0.00151787 -0.00212449 -0.00108398
internal_weight=403.617 84.7585 17.4216 67.3368 10.5593 56.7775 14.0214 42.7561 23.4328 18.9576 19.3233 10.816 318.858 308.716
internal_count=2368 573 109 464 64 400 110 290 162 142 128 62 1795 1741
is_linear=0
shrinkage=0.05


Tree=86
num_leaves=15
num_cat=0
split_feature=5 7 33 1 2 5 16 16 16 4 12 1 20 7
split_gain=2.79947 5.25657 5.3366 6.27927 4.79932 4.93432 4.57851 4.57224 7.69078 5.89402 9.89857 9.10985 6.05703 21.945
threshold=14.243292500000001 -9.4292034999999981 -16.999999999999996 -0.60319599999999995 1.2342505000000001 11.277520500000001 183.50000000000003 228.50000000000003 300.50000000000006 0.58035950000000014 3.1374510000000004 5.5912490000000004 1.0000000180025095e-35 -11.859835499999997
decision_type=2 2 2 2 2 2 2 2 2 2 2 2 2 2
left_child=1 6 -3 -4 -5 -6 -1 -2 9 10 12 -12 13 -9
right_child=7 2 3 4 5 -7 -8 8 -10 -11 11 -13 -14 -15
leaf_value=0.0076412142569248706 -0.014099954999707169 -0.028693042344401384 0.066513457320125896 0.037108060360461943 -0.060881634902981312 0.0044026862813219027 0.061528509584862501 0.058847354445306393 -0.0030769707944242695 0.066689140188749815 -0.064292557977029194 0.01322403299511982 0.072757176764432066 -0.066047041644769169
leaf_weight=7.9948775805532915 66.715856038033962 11.385881870985026 4.4449103958904734 6.1967510432005026 4.2173743844032279 9.2261711061000806 7.7752811275422573 10.392351903021334 240.80618433281779 5.7802405133843413 6.327765777707099 9.4513601213693601 6.9078622311353675 5.3164134770631817
leaf_count=44 452 85 28 27 23 48 58 61 1358 39 30 49 37 26
internal_value=-0.000726489 0.010192 -0.000486045 0.0128483 0.00070308 -0.0160777 0.0342097 -0.00231728 0.000441109 0.0196184 0.0125322 -0.0178618 0.0337374 0.0165786
internal_weight=402.939 51.2412 35.4711 24.0852 19.6403 13.4435 15.7702 351.698 284.982 44.176 38.3958 15.7791 22.6166 15.7088
internal_count=2365 313 211 126 98 71 102 2052 1600 242 203 79 124 87
is_linear=0
shrinkage=0.05


Tree=87
num_leaves=15
num_cat=0
split_feature=16 8 7 2 13 16 5 19 2 7 2 5 0 3
split_gain=2.98867 3.00538 5.72122 4.02702 3.58086 6.64731 6.17385 4.99521 8.12742 8.84218 20.92 11.556 7.19165 6.69882
threshold=55.500000000000007 67.500000000000014 -15.713749999999999 -18.342434499999996 6.0768290000000009 207.50000000000003 29.516835500000003 1.0000000180025095e-35 28.646576500000005 -12.790780999999997 5.5422305000000014 40.70950650000001 5.6854545000000014 1.7085015000000003
decision_type=2 2 2 2 2 2 2 2 2 2 2 2 2 2
left_child=-1 4 3 -3 7 6 -6 8 9 11 -11 13 -12 -2
right_child=1 2 -4 -5 5 -7 -8 -9 -10 10 12 -13 -14 -15
leaf_value=-0.0330907702793359 -0.021415906987950841 -0.027490282463927214 -0.050261774464365971 0.042518775473272069 0.02390638295142913 0.028433876424160266 -0.044713128074376385 0.0037397818883663243 -0.059850822717888767 0.057881593541908409 -0.0233388603105548 0.030850254343081703 0.034798420841504411 -0.070813162131724033
leaf_weight=6.6855725012719622 24.819206655025482 3.9458009526133537 8.0868045762181264 4.2844183146953601 5.9031696915626508 29.389539517462254 7.3708565011620522 238.04011534154415 7.439760521054267 15.103340663015841 28.537476912140846 8.2446234226226789 6.5380374342203131 9.4866567626595479
leaf_count=62 135 23 52 27 36 177 47 1388 48 99 162 54 32 45
internal_value=6.16248e-05 0.000619652 -0.0203934 0.00895444 0.00151988 0.01517 -0.0141969 -0.00020203 -0.00956928 -0.00553515 0.00868267 -0.0223019 -0.0125021 -0.0350758
internal_weight=403.875 397.19 16.317 8.23022 380.873 42.6636 13.274 338.209 100.169 92.7293 50.1789 42.5505 35.0755 34.3059
internal_count=2387 2325 102 50 2223 260 83 1963 575 527 293 234 194 180
is_linear=0
shrinkage=0.05


Tree=88
num_leaves=15
num_cat=0
split_feature=5 7 16 3 16 4 8 13 2 16 2 2 3 6
split_gain=3.33254 7.22499 6.07982 7.22502 4.44665 3.25879 6.89249 4.74685 6.42427 6.069 4.48481 4.09515 5.2108 3.36534
threshold=13.3557085 -7.8486469999999988 433.50000000000006 1.5524870000000004 61.500000000000007 -0.76117399999999991 67.500000000000014 6.0768290000000009 5.4195675000000003 586.50000000000011 -17.277555999999997 -2.5382514999999999 -4.5119444999999994 -1.7915634999999999
decision_type=2 2 2 2 2 2 2 2 2 2 2 2 2 2
left_child=1 -1 3 -3 -2 10 7 13 9 11 -6 12 -9 -7
right_child=4 2 -4 -5 5 6 -8 8 -10 -11 -12 -13 -14 -15
leaf_value=0.03619779623362096 -0.056617689509382112 -0.047749109115024432 0.038501348916123182 0.03314287451017444 0.063552139214946304 -0.003369607113057279 -0.042834097837095755 -0.0059525363790076348 -0.026758724664406538 -0.032493877365982804 -0.008207081872311504 0.075339140030992388 0.047317146386402803 0.036118907126342019
leaf_weight=18.498327653855085 3.6472287960350505 9.8898434676229972 5.1589102931320658 3.8291321881115428 4.5297766402363777 302.13898829743266 9.9818479567766172 7.7426859065890374 6.803340069949626 3.6730102002620688 4.1926663704216462 5.2976322099566486 11.27715205401182 5.4935474023222914
leaf_count=100 46 77 29 22 32 1729 56 44 36 24 39 26 64 56
internal_value=-0.000229085 0.0139902 -0.00777088 -0.0251712 -0.00168604 -0.00113125 -0.0018785 -0.000684628 0.0168201 0.0274123 0.0290592 0.0364607 0.0256319 -0.00266444
internal_weight=402.154 37.3762 18.8779 13.719 364.778 361.131 352.408 342.426 34.7938 27.9905 8.72244 24.3175 19.0198 307.633
internal_count=2380 228 128 99 2152 2106 2035 1979 194 158 71 134 108 1785
is_linear=0
shrinkage=0.05


Tree=89
num_leaves=15
num_cat=0
split_feature=16 16 5 3 7 7 16 6 16 16 12 6 7 8
split_gain=2.49526 3.62754 6.80041 7.12904 5.56684 3.48377 3.34417 8.07864 4.41842 3.56281 5.73683 2.44754 5.36519 3.09069
threshold=37.500000000000007 105.50000000000001 19.155715500000003 -0.70917749999999991 -16.719693499999995 -23.359291499999994 135.50000000000003 -7.6688904999999989 144.50000000000003 177.50000000000003 2.5274675000000006 -18.340320499999994 -33.728653499999993 57.500000000000007
decision_type=2 2 2 2 2 2 2 2 2 2 2 2 2 2
left_child=-1 2 3 -2 5 -4 7 -3 -8 10 -10 -11 -13 -14
right_child=1 6 4 -5 -6 -7 8 -9 9 11 -12 12 13 -15
leaf_value=-0.054357923453570545 0.079907129193589263 0.0213468842265007 0.059139767377019363 0.0083555929446618837 -0.048217823663188566 -0.013838743314703826 0.044332730309330937 -0.057799994246275389 -0.045565359820150496 0.035099544888640727 0.026762980100435482 -0.067698724612800687 0.0028662838981478775 -0.009193654704645662
leaf_weight=2.0905459858477107 6.5975485593080521 5.4557263925671577 3.1406270638108253 7.3701201751828211 5.1802116110920888 3.4118288531899452 5.5512029305100432 7.882143668830393 9.933700464665888 5.0024750642478457 3.7865748144686213 2.9127155393362036 266.02744229882956 66.382316041737795
leaf_count=33 29 33 26 38 32 22 33 65 93 47 24 13 1526 360
internal_value=0.0001252 0.000410924 0.0185801 0.0421526 -0.00948275 0.0211402 -0.000841183 -0.0254257 7.06874e-05 -0.000623313 -0.0256039 0.000383785 -0.000134119 0.000457911
internal_weight=400.725 398.635 25.7003 13.9677 11.7327 6.55246 372.934 13.3379 359.596 354.045 13.7203 340.325 335.322 332.41
internal_count=2374 2341 147 67 80 48 2194 98 2096 2063 117 1946 1899 1886
is_linear=0
shrinkage=0.05


Tree=90
num_leaves=15
num_cat=0
split_feature=16 6 6 6 5 16 2 16 13 8 16 16 12 3
split_gain=2.90764 5.59814 8.40929 7.95027 7.78854 8.28759 8.11271 7.36207 5.36952 5.26328 11.7965 6.53991 5.19012 5.17895
threshold=595.50000000000011 -4.1605074999999987 -2.5795659999999994 -4.4087219999999991 22.277235500000003 499.50000000000006 2.0712425000000003 586.50000000000011 1.6593055000000001 57.500000000000007 664.50000000000011 622.50000000000011 3.0890685000000002 -1.0216654999999999
decision_type=2 2 2 2 2 2 2 2 2 2 2 2 2 2
left_child=1 3 8 7 5 6 -4 -1 -3 10 -2 -11 -8 -12
right_child=9 2 4 -5 -6 -7 12 -9 -10 11 13 -13 -14 -15
leaf_value=0.0011738033895712407 0.043915112708336444 -0.03093779791492457 0.023269531201215419 0.038840053880381503 0.06244896087874794 0.068755124249981356 -0.00037970930433255497 -0.070448777753989625 0.016397744126625639 -0.073175192865075719 0.029995904862631873 0.0035983949448392966 -0.061842514556433095 -0.0059843538587321995
leaf_weight=195.91657908260822 22.111565642058849 46.62244613841176 8.8923037908971363 14.000050686299799 5.3731303811073294 3.4527590721845618 5.686796396970748 3.6548293977975836 6.8743839785456649 4.1869453489780417 12.560220472514628 8.2190977707505208 8.6731895133852941 49.088758483529091
leaf_count=1116 151 261 56 79 33 20 32 16 44 21 88 50 47 336
internal_value=0.0005189 -0.00191241 -0.012718 0.00241723 0.00752318 -0.00352804 -0.0142615 -0.000137849 -0.0248551 0.00808199 0.0125838 -0.0223121 -0.0375022 0.00134618
internal_weight=395.313 299.146 85.575 213.571 32.0782 26.705 23.2523 199.571 53.4968 96.1666 83.7605 12.406 14.36 61.649
internal_count=2350 1704 493 1211 188 155 135 1132 305 646 575 71 79 424
is_linear=0
shrinkage=0.05


Tree=91
num_leaves=15
num_cat=0
split_feature=6 7 19 1 2 7 3 2 16 7 2 6 16 16
split_gain=2.47255 4.25284 2.85311 7.91609 6.12894 5.56525 5.43667 6.04346 5.1296 5.1199 9.82089 8.41492 8.62962 6.43288
threshold=-18.340320499999994 -33.728653499999993 1.0000000180025095e-35 -14.453309499999998 29.157798500000002 -12.973799999999999 -3.9338699999999998 -1.0014244999999997 598.50000000000011 -13.773882499999997 -2.2792934999999996 -4.1072144999999987 207.50000000000003 147.50000000000003
decision_type=2 2 2 2 2 2 2 2 2 2 2 2 2 2
left_child=-1 -2 4 -4 -3 8 7 -7 9 10 11 12 13 -5
right_child=1 2 3 5 -6 6 -8 -9 -10 -11 -12 -13 -14 -15
leaf_value=0.036178689424553656 -0.056903869958785352 -0.0035556265131856495 -0.076525581203382223 0.048475682577734713 -0.054986085141032939 -0.014559707001781878 -0.0021389893827935477 0.071466135870433406 0.058729543888415975 0.03999214703370671 -0.029098257448109961 -0.031011737024079417 0.061407441583459892 -0.019740698761793768
leaf_weight=4.7003263384103766 3.2907928526401511 117.55961947515607 3.0838276147842398 5.4811862334608987 6.0929821878671637 3.312478095293045 183.45696218311787 5.3212373703718168 6.4442183040082446 12.848231770098208 15.066126972436903 6.6919765807688298 12.87760768085718 9.3533866330981237
leaf_count=47 15 670 17 35 42 21 1067 26 73 69 84 44 82 62
internal_value=0.000130517 -0.000302961 0.000177604 0.00311386 -0.00608986 0.00405537 -0.00031419 0.0384608 0.0162619 0.0118704 0.00456668 0.0193091 0.0314606 0.00546439
internal_weight=395.581 390.881 387.59 263.937 123.653 260.853 192.091 8.63372 68.7627 62.3185 49.4703 34.4042 27.7122 14.8346
internal_count=2354 2307 2292 1580 712 1563 1114 47 449 376 307 223 179 97
is_linear=0
shrinkage=0.05


Tree=92
num_leaves=15
num_cat=0
split_feature=16 5 3 1 6 6 19 1 4 16 13 4 16 3
split_gain=2.56343 5.56786 6.51947 6.85418 4.49992 10.4844 8.52826 8.33928 8.01484 7.69438 5.0035 4.86029 4.69042 8.14225
threshold=598.50000000000011 21.494803000000005 2.7298730000000004 7.3051910000000007 -5.9803734999999989 -7.4960949999999995 1.0000000180025095e-35 -0.52518649999999989 0.9561845000000001 520.50000000000011 0.65149500000000005 -0.28064749999999999 544.50000000000011 -3.9958624999999999
decision_type=2 2 2 2 2 2 2 2 2 2 2 2 2 2
left_child=4 2 -2 -4 5 9 10 11 -8 -1 -6 -7 -11 -14
right_child=1 -3 3 -5 6 7 8 -9 -10 12 -12 -13 13 -15
leaf_value=0.0017429575857960359 0.051943176259869585 0.00091562828875836686 -0.03256172882935595 0.054970947087793612 -0.053676813609931075 0.0370238417804152 -0.005447955259732312 0.052278695203706961 0.063320715627310536 -0.074224648151609215 0.015268309473364257 -0.011069415124729601 0.047635554096361568 -0.054224205752955112
leaf_weight=91.333598557859659 13.340037502348425 70.242799948900938 6.3552519865334016 3.450759794563055 13.920355565845968 8.2611365392804164 137.59155859425664 17.634314831346273 4.3715677335858336 5.4857948347926131 3.2449480369687072 14.428510963916777 3.2124860882759085 5.0397614911198607
leaf_count=542 135 411 40 62 87 50 755 97 36 25 18 85 21 26
internal_value=0.000676932 0.00792379 0.0291919 -0.00175876 -0.00154547 0.0048131 -0.0073553 0.0264866 -0.00333031 -0.00350465 -0.0406434 0.00644099 -0.0383919 -0.0145716
internal_weight=397.913 93.3888 23.146 9.80601 304.524 145.396 159.128 40.324 141.963 105.072 17.1653 22.6896 13.738 8.25225
internal_count=2390 648 237 102 1742 846 896 232 791 614 105 135 72 47
is_linear=0
shrinkage=0.05


Tree=93
num_leaves=15
num_cat=0
split_feature=16 16 12 9 4 2 6 4 0 3 6 16 16 7
split_gain=2.55274 2.89547 4.97843 2.43079 2.58604 6.73303 5.71877 4.20457 4.19922 6.02081 4.10277 6.85064 8.57636 9.7543
threshold=900.50000000000011 865.50000000000011 5.4462985000000002 6.5000000000000009 0.51901050000000015 21.415068500000004 -4.339736499999999 0.84378450000000005 0.66956050000000011 8.970025500000002 -5.2984354999999992 813.50000000000011 574.50000000000011 -4.3522154999999989
decision_type=2 2 2 2 2 2 2 2 2 2 2 2 2 2
left_child=1 3 -3 4 10 8 7 -7 -6 -10 -1 12 -12 -14
right_child=-2 2 -4 -5 5 6 -8 -9 9 -11 11 -13 13 -15
leaf_value=0.0035831899834695004 -0.042754034000479064 0.069667883848297973 -0.010436716770854075 -0.037232764313525402 0.05407972604019648 -0.0010970817152478297 0.011714117117600368 -0.067813797376343424 -0.015327009934692879 0.045936185987374693 -0.011356629077847562 -0.06024741781576122 0.03954678159210729 -0.039314008187229688
leaf_weight=191.32370022311807 3.4121863543987265 4.008314110338687 3.7582274340093136 4.3185106180608264 10.004586752504112 4.2631695345044154 14.574757259339092 5.2941384762525558 8.7184045948088187 7.4268230609595767 106.49002662673593 5.9503919333219519 17.957738332450393 5.0165389366447917
leaf_count=1100 31 29 18 30 56 25 120 29 52 43 603 35 148 36
internal_value=0.000304711 0.000682307 0.0309053 6.677e-05 0.000494011 0.01105 -0.00799609 -0.0380539 0.0286265 0.0128541 -0.00113046 -0.00779024 -0.00537922 0.0223272
internal_weight=392.518 389.105 7.76654 381.339 377.02 50.2819 24.1321 9.55731 26.1498 16.1452 326.738 135.415 129.464 22.9743
internal_count=2355 2324 47 2277 2247 325 174 54 151 95 1922 822 787 184
is_linear=0
shrinkage=0.05


Tree=94
num_leaves=15
num_cat=0
split_feature=4 3 0 8 7 6 16 16 8 7 16 5 23 6
split_gain=2.32925 2.75449 6.02137 5.32583 5.90002 5.54947 5.56113 4.60315 4.85521 5.01245 6.00619 5.78032 6.56857 5.71198
threshold=1.2721910000000003 0.49569200000000008 -0.54212049999999989 57.500000000000007 -15.521558499999999 -10.219042999999997 55.500000000000007 105.50000000000001 47.500000000000007 -15.713749999999999 207.50000000000003 22.499035000000003 1.0000000180025095e-35 -11.897619999999998
decision_type=2 2 2 2 2 2 2 2 2 2 2 2 2 2
left_child=1 2 7 5 -5 -4 -7 -1 -9 10 11 -10 -13 -11
right_child=-2 -3 3 4 -6 6 -8 8 9 13 -12 12 -14 -15
leaf_value=0.025963752514726601 0.024517477403750664 -0.0063727555656585312 -0.012556188506606659 0.035384951419311785 -0.020709080873703416 -0.064829936701241417 0.036520493502923766 0.012059440469446245 0.032327871319918225 0.031069332837913105 0.026392047326583991 -0.088126210160013915 -0.00063855334761173858 -0.022143396817934952
leaf_weight=12.000333104282616 8.7026658207178098 170.44257954135537 8.3132760263979417 6.5005402490496662 16.809375360608101 1.4070815108716477 35.529389955103397 28.021626532077789 3.6981884017586735 5.4411580935120574 16.214932061731815 4.1071512848138791 4.4918347075581551 68.931081987917423
leaf_count=83 54 1030 61 45 96 15 206 169 23 30 106 18 38 392
internal_value=-0.00106011 -0.00164296 0.00216928 0.0143504 -0.00506589 0.0243526 0.0326596 -0.00367466 -0.00639166 -0.011417 0.00640724 -0.0199445 -0.0424255 -0.0182503
internal_weight=390.611 381.909 211.466 68.5597 23.3099 45.2497 36.9365 142.906 130.906 102.884 28.5121 12.2972 8.59899 74.3722
internal_count=2366 2312 1282 423 141 282 221 859 776 607 185 79 56 422
is_linear=0
shrinkage=0.05


Tree=95
num_leaves=15
num_cat=0
split_feature=5 16 16 24 16 16 5 20 1 2 16 0 19 3
split_gain=2.56169 3.50189 8.73362 9.29214 5.45902 5.05447 8.34177 11.2539 10.0635 4.72922 4.7221 5.12014 6.10599 5.58712
threshold=13.461224000000001 228.50000000000003 162.50000000000003 1.0000000180025095e-35 177.50000000000003 297.50000000000006 26.828688000000003 1.0000000180025095e-35 2.2407505000000003 -8.1293654999999969 61.500000000000007 -4.630549499999999 1.0000000180025095e-35 0.16394300000000003
decision_type=2 2 2 2 2 2 2 2 2 2 2 2 2 2
left_child=-1 2 10 -4 -5 6 7 -3 -9 -6 -2 -12 -13 -14
right_child=1 5 3 4 9 -7 -8 8 -10 -11 11 12 13 -15
leaf_value=0.012583578965222823 -0.055625722948506609 -0.051767800429106774 -0.055965837285969489 -0.05697250278433344 0.061397302131251032 -0.0012433705781823793 0.039103880956568679 0.070752156711472655 -0.021974579284542176 -0.019918312213065364 0.066277697396250973 -0.059636530748751207 0.027931755969467259 -0.015938803240365961
leaf_weight=38.980947185307741 3.1098389718681565 7.9595355466008195 16.837909616529942 2.6201080605387705 4.240697618573904 245.1089986525476 21.618889786303043 5.9678860753774643 5.740687221288681 3.09161776304245 3.4769230633974066 3.5331397503614417 17.619691602885727 12.340254686772822
leaf_count=242 42 43 101 27 33 1427 137 34 25 21 20 31 109 80
internal_value=0.000419537 -0.000922698 -0.0112251 -0.0333267 0.00497502 0.00148279 0.0176672 -0.00589564 0.0252884 0.0271112 0.0035482 0.00852578 0.00253055 0.00986183
internal_weight=392.247 353.266 66.8702 26.7903 9.95242 286.396 41.287 19.6681 11.7086 7.33232 40.0798 36.97 33.4931 29.9599
internal_count=2372 2130 464 182 81 1666 239 102 59 54 282 240 220 189
is_linear=0
shrinkage=0.05


Tree=96
num_leaves=15
num_cat=0
split_feature=4 0 16 8 5 4 4 4 1 3 27 16 16 5
split_gain=2.27233 7.66449 4.5155 5.84384 4.46288 4.76774 5.17392 3.70193 5.50654 4.1167 4.18329 3.62068 3.20527 5.86711
threshold=0.47308000000000006 0.19571150000000001 300.50000000000006 47.500000000000007 25.593359000000003 0.68701500000000004 1.0079045000000002 0.25585450000000004 3.3855780000000002 3.2644560000000005 1.0000000180025095e-35 745.50000000000011 237.50000000000003 13.461224000000001
decision_type=2 2 2 2 2 2 2 2 2 2 2 2 2 2
left_child=7 -2 3 4 -3 -6 -7 12 -9 -10 -11 -4 13 -1
right_child=1 2 11 -5 5 6 -8 8 9 10 -12 -13 -14 -15
leaf_value=0.015042003646439631 0.03834816717091117 -0.058100454978085997 -0.025014449551950133 0.075835358028203959 0.059902239797419314 -0.060678354754239529 0.036457403970140433 0.015570620981418162 -0.041030375130067853 -0.027777915539439216 0.021395959229918507 0.014146574088564585 0.0034044011091765164 -0.016783298559181273
leaf_weight=19.478164978325367 15.879735032096503 2.3976926654577246 20.614694193005565 3.5651218444108954 3.9828758090734464 2.7341279834508896 2.7494636811316013 11.276248309761284 18.39595465362072 10.385761991143228 7.4114408232271662 8.2702045552432519 205.21887413784862 56.455163143575191
leaf_count=124 102 12 115 19 21 16 24 64 106 57 49 89 1147 409
internal_value=-0.000387684 0.00854344 -0.00213692 0.0197011 0.00283308 0.0182665 -0.0119746 -0.00202361 -0.0149388 -0.0244442 -0.00730002 -0.013802 0.000156976 -0.00861958
internal_weight=388.816 60.1939 44.3142 15.4293 11.8642 9.46647 5.48359 328.622 47.4694 36.1932 17.7972 28.8849 281.152 75.9333
internal_count=2354 398 296 92 73 61 40 1956 276 212 106 204 1680 533
is_linear=0
shrinkage=0.05


Tree=97
num_leaves=15
num_cat=0
split_feature=16 3 16 16 7 6 5 1 0 7 8 2 16 16
split_gain=2.6629 5.71575 6.45802 6.74307 7.2234 5.73852 6.43137 6.57413 5.0699 3.70308 3.59628 4.61985 3.44329 3.2993
threshold=622.50000000000011 2.0056050000000005 710.50000000000011 837.50000000000011 -9.1463144999999972 -4.6736219999999991 17.798780000000004 5.5912490000000004 4.8484030000000011 -7.2954159999999995 32.500000000000007 8.4603740000000034 892.50000000000011 690.50000000000011
decision_type=2 2 2 2 2 2 2 2 2 2 2 2 2 2
left_child=10 2 13 4 -4 8 7 -7 9 -3 11 -1 -5 -2
right_child=1 5 3 12 -6 6 -8 -9 -10 -11 -12 -13 -14 -15
leaf_value=0.0017204215127666943 0.03107639042520649 0.021470257462799881 0.0063672968020602738 0.062880701766148545 -0.068164218530578496 -0.085814054185503807 0.024216953303637635 0.010466299986796103 -0.081072100241397424 -0.041322229445703462 -0.00010829483321746372 -0.067706249265447285 -0.0080742233878564797 0.078772662184951325
leaf_weight=5.0557440444827062 14.761920340359213 4.3735057562589637 11.578083004802467 5.6429448798298818 4.5200116112828281 3.1331494897604015 18.743708208203316 4.0840414222329855 3.7327066808938971 5.0695916712284079 297.47241850569844 4.5549753606319427 2.4530996009707451 4.8061680048704138
leaf_count=30 99 24 84 46 25 14 141 49 20 28 1742 24 20 24
internal_value=0.00106583 0.00901788 0.0214337 0.00415983 -0.0145596 -0.00486533 0.00877443 -0.0313312 -0.0317404 -0.0122403 -0.00108087 -0.0311842 0.0413814 0.0427912
internal_weight=389.982 82.8989 43.7622 24.1941 16.0981 39.1367 25.9609 7.21719 13.1758 9.4431 307.083 9.61072 8.09604 19.5681
internal_count=2370 574 298 175 109 276 204 63 72 52 1796 54 66 123
is_linear=0
shrinkage=0.05


Tree=98
num_leaves=15
num_cat=0
split_feature=12 5 5 0 16 5 19 2 7 4 6 2 16 2
split_gain=2.66162 5.63618 5.13089 5.24076 5.00875 4.39432 3.92408 6.8323 13.6315 9.6958 9.53159 6.50152 6.79201 11.7962
threshold=32.651457500000006 64.507990000000021 51.87092950000001 6.5749295000000005 342.50000000000006 32.432449000000005 1.0000000180025095e-35 5.5422305000000014 -12.790780999999997 -0.36793999999999993 -10.727540499999998 28.646576500000005 398.50000000000006 -0.81050199999999994
decision_type=2 2 2 2 2 2 2 2 2 2 2 2 2 2
left_child=1 2 3 6 -4 -5 7 8 10 -10 -1 12 -8 -14
right_child=-2 -3 4 5 -6 -7 11 -9 9 -11 -12 -13 13 -15
leaf_value=0.035334829655941834 -0.041544840328492927 0.048093873945474257 0.0035381688692582001 0.054460578649719163 -0.056578752962989136 0.0063975019045569379 -0.0069480455258109424 -0.024268928215578689 -0.033182575958588166 0.056095973121211146 -0.023746702175869713 0.038008143893473942 0.046128359046959472 0.0020934184904965055
leaf_weight=8.3231216631829721 3.8819218650460234 6.0129680782556525 6.1535864062607271 7.8652713820338276 7.9294848591089249 12.028503984212874 127.14251122251153 43.286924533545971 3.8345146328210857 14.697185229510067 37.965771228075027 12.296668041497467 18.839910417795181 78.903041571378708
leaf_count=58 21 51 47 42 46 72 773 253 21 100 201 109 126 437
internal_value=-0.000350039 6.50235e-05 -0.000696436 0.00044562 -0.0303107 0.0253999 -0.000992113 -0.00888726 0.00138456 0.0376228 -0.0131234 0.00260649 0.000670738 0.0105811
internal_weight=389.161 385.279 379.266 365.183 14.0831 19.8938 345.29 108.108 64.8206 18.5317 46.2889 237.182 224.885 97.743
internal_count=2357 2336 2285 2192 93 114 2078 633 380 121 259 1445 1336 563
is_linear=0
shrinkage=0.05


Tree=99
num_leaves=15
num_cat=0
split_feature=5 5 2 0 0 16 16 16 5 1 2 16 19 16
split_gain=2.67387 3.46228 4.36253 3.69502 3.93273 5.20585 5.32434 5.08701 5.16167 5.50407 3.49686 4.25242 3.82706 3.38992
threshold=61.281258000000008 56.435234500000007 48.871490500000007 9.368659000000001 4.164603500000001 837.50000000000011 900.50000000000011 853.50000000000011 35.842374500000005 1.7179580000000001 12.864071000000001 559.50000000000011 1.0000000180025095e-35 705.50000000000011
decision_type=2 2 2 2 2 2 2 2 2 2 2 2 2 2
left_child=1 2 3 4 5 13 -7 8 9 -6 12 -12 -11 -1
right_child=-2 -3 -4 -5 7 6 -8 -9 -10 10 11 -13 -14 -15
leaf_value=0.00074434657402829008 0.027322351450171048 -0.044125926011285267 0.048648522597401732 0.036749443146979748 -0.033882464119630633 0.048084188335540984 -0.035705140364263754 -0.074364382606988813 -0.036750307837132692 -0.0015743835949345549 -0.046470422659138644 0.024977041105494563 0.061927899066897933 -0.018692810867098775
leaf_weight=283.1040827576071 8.7326589003205282 4.5271762758493415 4.5270793363451949 6.4590236097574225 7.5115334540605572 10.045642349869011 2.3370348364114752 3.4061612300574771 12.685352422296999 3.9065058976411837 3.7477963417768461 4.6871491279453039 6.042537659406662 24.362127849832177
leaf_count=1667 67 26 33 36 39 81 22 21 72 22 22 35 34 182
internal_value=-3.02545e-05 -0.000663252 -0.000135485 -0.000735137 -0.00140426 0.000484364 0.0322703 -0.0157915 -0.0106203 0.00217997 0.0169148 -0.00676834 0.0369936 -0.000795759
internal_weight=386.082 377.349 372.822 368.295 361.836 319.849 12.3827 41.987 38.5809 25.8955 18.384 8.43495 9.94904 307.466
internal_count=2359 2292 2266 2233 2197 1952 103 245 224 152 113 57 56 1849
is_linear=0
shrinkage=0.05


Tree=100
num_leaves=15
num_cat=0
split_feature=4 5 7 2 16 2 22 4 16 16 16 7 5 1
split_gain=1.98035 1.85619 5.22359 4.26931 3.36467 2.83135 2.53216 7.40368 7.15573 18.1368 12.115 8.25997 12.247 8.35726
threshold=1.3270845000000002 51.87092950000001 -22.489228499999996 48.871490500000007 342.50000000000006 52.573757000000008 1.0000000180025095e-35 0.26182900000000003 386.50000000000006 315.50000000000006 264.50000000000006 -6.6763724999999994 20.564629500000002 -0.40866399999999997
decision_type=2 2 2 2 2 2 2 2 2 2 2 2 2 2
left_child=1 3 -3 6 5 -4 8 -8 9 10 -1 12 -10 -14
right_child=-2 2 4 -5 -6 -7 7 -9 11 -11 -12 -13 13 -15
leaf_value=-0.0038420250776714984 0.026750813454026953 0.01674427830632404 -0.044559435682080789 0.054109210045706839 -0.066721176106268501 0.020746838120618956 0.00096047144718918213 -0.02988045752876442 0.053438978812535967 -0.043318086437368085 0.039854053758032512 -0.0053170069204549301 -0.016621435691396364 0.025120294498223006
leaf_weight=87.002087127417326 7.0617669783532611 7.788524184376004 3.3977117612957937 3.7225079908967009 5.0786459594964981 3.244522325694561 86.837139047682285 25.079732950776815 22.170354755595326 24.849013149738312 19.399894513189793 42.356773523613811 19.65228083729744 30.759995386004448
leaf_count=566 48 69 24 28 26 18 506 154 153 135 109 279 104 156
internal_value=0.000514683 2.8834e-05 -0.0149941 0.000838853 -0.0360843 -0.0126594 0.00028511 -0.00595075 0.0031199 -0.00485719 0.00412493 0.0122291 0.0224684 0.00884806
internal_weight=388.401 381.339 19.5094 361.83 11.7209 6.64223 358.107 111.917 246.19 131.251 106.402 114.939 72.5826 50.4123
internal_count=2375 2327 137 2190 68 42 2162 660 1502 810 675 692 413 260
is_linear=0
shrinkage=0.05


Tree=101
num_leaves=15
num_cat=0
split_feature=2 16 24 16 16 16 3 1 6 16 16 16 16 0
split_gain=2.97656 4.38366 4.37293 9.02952 14.903 9.66439 4.80064 10.0508 5.73357 4.61432 6.52164 5.44072 11.9704 12.4661
threshold=6.1343225000000006 89.500000000000014 1.0000000180025095e-35 499.50000000000006 547.50000000000011 628.50000000000011 2.3839525000000004 9.5695715000000003 -7.0818709999999987 318.50000000000006 117.50000000000001 544.50000000000011 511.50000000000006 -0.30798449999999994
decision_type=2 2 2 2 2 2 2 2 2 2 2 2 2 2
left_child=-1 -2 9 -4 -5 -6 8 -8 -7 10 -3 12 13 -11
right_child=1 2 3 4 5 6 7 -9 -10 11 -12 -13 -14 -15
leaf_value=0.0034588746778253842 0.062246516159768332 -0.026479497962426646 -0.033367565939629355 0.064923269539083769 -0.049124194907047745 -0.018986613110579021 -0.04551022807160858 0.019515468780956953 0.03722192515907416 0.04923494146545232 0.042773982208651605 0.022959912370898752 -0.075303824820262558 -0.028108993924684762
leaf_weight=222.84868156723678 2.3550207465887061 4.5424600690603283 34.906569965183735 7.4092690199613562 12.587752051651476 6.826389696449044 12.538938324898483 11.295936476439236 13.527411617338656 8.3329746052622813 13.510422542691229 12.253522440791128 6.7130439132452002 13.900012753903868
leaf_count=1401 12 21 204 37 65 48 75 107 81 40 103 72 31 70
internal_value=-0.000281541 -0.00546852 -0.00647563 -0.0129009 -0.00177029 -0.0104737 0.000536378 -0.0146929 0.0183703 0.00426974 0.0253484 -0.00496656 -0.0167885 0.00087969
internal_weight=383.548 160.7 158.345 99.0923 64.1857 56.7764 44.1887 23.8349 20.3538 59.2524 18.0529 41.1996 28.946 22.233
internal_count=2367 966 954 617 413 376 311 182 129 337 124 213 141 110
is_linear=0
shrinkage=0.05


Tree=102
num_leaves=15
num_cat=0
split_feature=4 7 13 19 4 8 16 16 5 16 16 16 16 13
split_gain=1.81461 3.71166 3.53963 2.03068 4.85013 5.49454 4.04509 11.0572 10.5412 8.6115 9.11395 9.69415 6.35295 5.34223
threshold=-0.76117399999999991 -24.464679999999998 13.836371000000002 1.0000000180025095e-35 0.25585450000000004 62.500000000000007 324.50000000000006 374.50000000000006 39.619760500000005 424.50000000000006 580.50000000000011 640.50000000000011 511.50000000000006 8.0325575000000011
decision_type=2 2 2 2 2 2 2 2 2 2 2 2 2 2
left_child=1 -1 3 4 5 6 8 -8 13 -9 12 -12 -11 -2
right_child=2 -3 -4 -5 -6 -7 7 9 -10 10 11 -13 -14 -15
leaf_value=0.051530396636172537 -0.066532579630242825 -0.014020018360046765 -0.052054291397423659 0.0031886587597653514 -0.021181146180469096 -0.033747052083356703 0.06830592333924014 -0.049029648504940834 0.046454930252465831 0.014876636854469751 -0.051756963527970247 0.012978751872317423 0.084620480933120468 0.017075768299584824
leaf_weight=4.9944299571216106 7.5891129449009878 3.8045505657792074 3.211116485297679 251.71367012709379 32.53354749456048 9.70888903737068 7.6266924738883963 6.7097525075078002 4.501294143497943 7.1727784126996976 7.6791855320334461 23.421960331499577 5.9934703931212425 2.5533911362290382
leaf_count=51 60 30 17 1560 203 57 37 34 24 34 40 155 29 13
internal_value=0.00074609 0.0231874 0.000213012 0.000670078 -0.00481924 0.00159751 0.00628239 0.0121559 -0.0172233 0.00375535 0.0117561 -0.00300515 0.0466251 -0.045484
internal_weight=379.214 8.79898 370.415 367.204 115.49 82.9565 73.2476 58.6038 14.6438 50.9771 44.2674 31.1011 13.1662 10.1425
internal_count=2344 81 2263 2246 686 483 426 329 97 292 258 195 63 73
is_linear=0
shrinkage=0.05


Tree=103
num_leaves=15
num_cat=0
split_feature=5 1 5 2 8 7 4 2 6 27 16 16 16 4
split_gain=2.28843 4.84319 3.68355 4.20887 3.71178 4.39604 2.9423 6.79827 2.81392 6.57947 7.46749 9.52915 7.11007 6.65021
threshold=59.299730000000004 34.292614500000006 51.87092950000001 48.871490500000007 37.500000000000007 -22.489228499999996 0.90818900000000002 21.415068500000004 -5.2984354999999992 1.0000000180025095e-35 538.50000000000011 105.50000000000001 710.50000000000011 -0.065487999999999991
decision_type=2 2 2 2 2 2 2 2 2 2 2 2 2 2
left_child=2 -2 3 6 -4 -6 8 -8 -1 10 11 -10 -12 -11
right_child=1 -3 4 -5 5 -7 7 -9 9 13 12 -13 -14 -15
leaf_value=0.0028346667467703873 0.04593501762593153 -0.028863059664963598 -0.074217150958456102 0.05352053373594317 0.030235307265226809 -0.039631761614612911 0.07313695272431002 -0.0051872305959911906 0.024344518449733309 0.040681626439891372 0.02838885138200143 -0.036769103881091073 -0.0235278204911612 -0.0018209244845212445
leaf_weight=185.70188594609499 7.0946406722068769 3.1141013354063034 3.1760026663541785 3.6433300562202922 3.7528770938515654 5.6274024322628966 4.4161354005336744 7.4342426955699921 7.4726343080401412 10.599959094077347 14.545034229755403 43.563104879111052 12.065196882933376 69.850349171087146
leaf_count=1087 64 16 17 29 29 38 24 47 47 69 108 268 69 455
internal_value=-0.000236146 0.0231184 -0.000877323 5.29854e-05 -0.0274977 -0.0116792 -0.000494746 0.0240009 -0.00133909 -0.00624163 -0.0166243 -0.0278209 0.0048496 0.00377912
internal_weight=382.057 10.2087 371.848 359.292 12.5563 9.38028 355.649 11.8504 343.798 158.096 77.646 51.0357 26.6102 80.4503
internal_count=2367 80 2287 2203 84 67 2174 71 2103 1016 492 315 177 524
is_linear=0
shrinkage=0.05


Tree=104
num_leaves=15
num_cat=0
split_feature=4 2 6 1 16 6 5 16 12 4 2 8 16 16
split_gain=2.50195 5.38613 4.10787 9.32146 7.50686 4.12216 3.97825 6.88203 5.89895 3.73688 3.51126 3.40407 3.36329 5.40085
threshold=0.5092135000000001 10.959785500000001 -3.0641699999999994 0.50704300000000013 526.50000000000011 -1.7915634999999999 37.254839000000011 345.50000000000006 15.091254500000003 0.58686450000000012 10.323484000000002 47.500000000000007 67.500000000000014 105.50000000000001
decision_type=2 2 2 2 2 2 2 2 2 2 2 2 2 2
left_child=2 11 12 -4 5 -5 8 -8 9 -3 -6 -2 -1 -14
right_child=1 6 3 4 10 -7 7 -9 -10 -11 -12 -13 13 -15
leaf_value=-0.030652461150211027 0.014683544727740999 0.030677724015970749 0.032050875716786303 -0.051414061858605059 0.031545091827053166 -0.0058092958499881275 0.012051328011576658 -0.046705569840503086 0.058380133827951958 -0.038800664893400325 -0.022452157957087718 0.060035482154376853 0.03449718604109285 -0.00042378465167585734
leaf_weight=8.6278177574276906 10.703182555735113 3.402097247540949 8.398945849388836 20.753272786736488 6.5600418671965581 6.50911442562938 10.356940623372795 9.6055499166250211 5.5642765015363693 4.4887711610645056 5.5643193796277046 6.7450495958328238 11.561546377837656 261.53283695876598
leaf_count=75 77 40 46 132 64 34 73 56 32 36 41 35 66 1561
internal_value=-0.000622416 0.00969864 -0.00221567 -0.0157709 -0.0259686 -0.0405256 -0.00205799 -0.0162213 0.0189552 -0.0088455 0.00676375 0.0322155 8.35694e-05 0.00105461
internal_weight=380.374 50.8659 329.508 47.7857 39.3867 27.2624 33.4176 19.9625 13.4551 7.89087 12.1244 17.4482 281.722 273.094
internal_count=2368 349 2019 317 271 166 237 129 108 76 105 112 1702 1627
is_linear=0
shrinkage=0.05


Tree=105
num_leaves=15
num_cat=0
split_feature=13 13 4 16 33 5 7 7 3 1 10 8 7 5
split_gain=2.29509 4.55509 4.86947 5.24839 10.8143 5.74286 3.64243 6.79194 6.116 5.40628 5.97086 3.73558 4.9383 5.19896
threshold=6.0768290000000009 6.7779085000000014 -0.3047244999999999 207.50000000000003 -16.999999999999996 34.638742000000008 -25.545219999999997 -19.412206999999999 -0.92962299999999987 0.50704300000000013 1.0000000180025095e-35 57.500000000000007 -7.4350499999999995 13.3557085
decision_type=2 2 2 2 2 2 2 2 2 2 2 2 2 2
left_child=6 -2 3 4 -3 -5 8 -8 -1 -10 -11 -9 13 -13
right_child=1 2 -4 5 -6 -7 7 11 9 10 -12 12 -14 -15
leaf_value=0.062765133378850799 0.039327102285187682 -0.051426435790141792 -0.04323435451660982 0.0072980603912934788 0.03373816082435744 0.06146784994622212 0.03591236600276182 0.0014161121312344001 -0.079345427189990228 -0.046969986345906482 0.030992907309523244 0.018015606676255066 0.014074056403372474 -0.033134373393989412
leaf_weight=1.8246049806475664 10.938813827931879 8.3689837381243688 4.9937345646321765 15.298827759921553 6.7210945934057227 7.1932626478373995 13.039110230281947 251.60100950300694 4.5792716294527045 5.771393880248068 4.2749096341431141 6.0624866038560858 11.492824383080004 27.512825701385736
leaf_count=13 63 56 34 84 44 72 95 1559 21 32 28 36 72 154
internal_value=0.000950725 0.0105479 0.00315379 0.00931762 -0.0134943 0.0246223 -0.000623938 0.000593818 -0.0235507 -0.034319 -0.0137952 -0.000958492 -0.0142151 -0.0238985
internal_weight=379.673 53.5147 42.5759 37.5822 15.0901 22.4921 326.158 309.708 16.4502 14.6256 10.0463 296.669 45.0681 33.5753
internal_count=2363 353 290 256 100 156 2010 1916 94 81 60 1821 262 190
is_linear=0
shrinkage=0.05


Tree=106
num_leaves=15
num_cat=0
split_feature=16 16 16 22 5 16 2 16 5 6 6 16 16 4
split_gain=4.05408 2.7215 4.84325 12.2802 7.32249 11.4342 4.77701 6.84062 6.10906 4.35459 7.70406 8.26181 6.37644 6.28438
threshold=43.500000000000007 628.50000000000011 565.50000000000011 1.0000000180025095e-35 27.497918500000004 574.50000000000011 25.060005000000004 676.50000000000011 40.41413450000001 -4.2343734999999993 -4.4087219999999991 544.50000000000011 529.50000000000011 0.90818900000000002
decision_type=2 2 2 2 2 2 2 2 2 2 2 2 2 2
left_child=-1 2 9 4 5 -4 7 -3 -8 10 11 12 -2 -11
right_child=1 6 3 -5 -6 -7 8 -9 -10 13 -12 -13 -14 -15
leaf_value=-0.055904139274952053 0.0021446305850739557 0.044055094197247756 -0.056517939256400779 -0.064830747087210677 -0.068237127049554133 0.048738983259434182 0.0045743087292725191 0.0055804499238322584 -0.060118685741069489 -0.01262828703480131 0.04989239211296817 0.056959346834806079 -0.049326389148384525 0.053022234428914711
leaf_weight=3.1868403032422057 169.80597475916147 15.990549925714729 3.5103627890348461 10.201984994113447 2.7930923700332633 9.7368509136140329 13.460224403068425 41.627880837768316 5.006547972559928 74.16827279701829 8.9546091407537443 6.6829949133098117 6.2382315918803206 3.8336567394435397
leaf_count=46 1004 106 16 58 13 83 107 306 33 428 52 36 30 35
internal_value=0.000250276 0.000731324 -0.00143715 -0.0219428 0.00533488 0.0208471 0.0091654 0.0162581 -0.0129647 0.000558203 0.00461122 0.0023922 0.000320724 -0.00940168
internal_weight=375.198 372.011 295.926 26.2423 16.0403 13.2472 76.0852 57.6184 18.4668 269.684 191.682 182.727 176.044 78.0019
internal_count=2353 2307 1755 170 112 99 552 412 140 1585 1122 1070 1034 463
is_linear=0
shrinkage=0.05


Tree=107
num_leaves=15
num_cat=0
split_feature=13 3 24 13 16 0 2 16 16 16 8 19 7 2
split_gain=2.54754 3.53103 4.55968 9.47412 7.24305 3.15568 2.77497 3.45514 6.15775 6.01843 7.10657 2.3836 5.27544 13.0908
threshold=6.0768290000000009 -4.8830934999999984 1.0000000180025095e-35 8.9048625000000019 207.50000000000003 -7.0117959999999995 -10.063679499999997 258.50000000000006 123.50000000000001 351.50000000000006 57.500000000000007 1.0000000180025095e-35 -12.790780999999997 4.394867500000001
decision_type=2 2 2 2 2 2 2 2 2 2 2 2 2 2
left_child=5 2 4 -4 -2 -1 -3 8 -8 -9 -11 12 -7 -14
right_child=1 6 3 -5 -6 11 7 9 -10 10 -12 -13 13 -15
leaf_value=0.046023168024550594 -0.061621490954519548 0.043667262540952281 -0.051042503017353337 0.044505233591406936 0.023441822374583605 -0.021935911857616112 0.041522086050796853 0.076388994091959456 -0.056894987540902088 0.045293171682791705 -0.034173036925048271 0.00086120110776301902 0.048090720519677797 -0.011913725275286856
leaf_weight=3.4693099111318579 6.4814672619104385 9.5388322807848471 3.7003900036215791 8.6803321391344053 4.0764482393860817 41.408474620431662 2.6012636534869698 4.0912864953279486 4.0856775641441345 5.6290007121860963 5.6246882602572441 223.91584376432002 11.862773984670637 38.879975892603397
leaf_count=20 42 64 20 67 29 240 18 20 35 42 28 1401 88 245
internal_value=0.00030056 0.0102912 -0.00463826 0.0159476 -0.0287782 -0.00140373 0.0211386 0.0113847 -0.0186101 0.0244557 0.00557529 -0.00192431 -0.00869276 0.00211427
internal_weight=374.046 54.5094 22.9386 12.3807 10.5579 319.536 31.5707 22.0319 6.68694 15.345 11.2537 316.067 92.1512 50.7427
internal_count=2359 365 158 87 71 1994 207 143 53 90 70 1974 573 333
is_linear=0
shrinkage=0.05


Tree=108
num_leaves=15
num_cat=0
split_feature=9 16 5 4 5 2 16 16 6 16 16 16 16 1
split_gain=2.56335 7.2449 2.72255 4.24091 4.0262 3.52377 3.10588 5.02424 2.72795 5.86197 5.36858 8.91474 5.42324 5.34873
threshold=5.5000000000000009 421.50000000000006 59.299730000000004 0.84378450000000005 51.87092950000001 48.871490500000007 342.50000000000006 219.50000000000003 -4.1072144999999987 502.50000000000006 550.50000000000011 583.50000000000011 661.50000000000011 -1.0303179999999998
decision_type=2 2 2 2 2 2 2 2 2 2 2 2 2 2
left_child=2 -2 4 -4 5 8 7 -6 -1 13 -11 -12 -13 -10
right_child=1 -3 3 -5 6 -7 -8 -9 9 10 11 12 -14 -15
leaf_value=0.0033509162334480051 -0.083524928391586192 0.005790538082420341 0.063281547453748421 -0.0032699813221688879 -0.049968694207964071 0.052047766538040288 -0.051859597531228985 0.046179720740085257 0.019517728506867026 0.046987057529544546 -0.057926492819723258 0.047315337605183166 -0.0017643179006607602 -0.02302129916222069
leaf_weight=235.44683919847012 3.463522441685198 6.591504218056798 4.3668110854923707 5.297997884452343 2.6514578200876695 3.334771715104579 6.5269095823168755 2.7867389023303986 8.6721051484346372 7.1972813159227362 5.6573979556560507 7.5023896805942085 22.535175470635295 49.962989069521427
leaf_count=1398 21 48 41 37 22 27 41 20 54 39 28 73 198 303
internal_value=-7.29265e-05 -0.0249748 0.000618872 0.0267997 -9.94121e-05 0.00090289 -0.0286067 -0.000698588 0.000396749 -0.00645411 0.00759309 -0.000350031 0.0104942 -0.0167298
internal_weight=371.994 10.055 361.939 9.66481 352.274 340.309 11.9651 5.4382 336.974 101.527 42.8922 35.695 30.0376 58.6351
internal_count=2350 69 2281 78 2203 2120 83 42 2093 695 338 299 271 357
is_linear=0
shrinkage=0.05


Tree=109
num_leaves=15
num_cat=0
split_feature=6 16 13 3 24 16 13 0 7 7 7 2 10 8
split_gain=1.90577 6.12072 2.14455 4.04367 3.55635 6.81845 6.77627 4.17024 3.50454 3.46466 3.4332 3.33466 2.886 3.06195
threshold=-1.6113254999999997 406.50000000000006 6.0768290000000009 -4.8830934999999984 1.0000000180025095e-35 207.50000000000003 8.4089595000000017 -5.0044269999999988 -32.354953999999992 -15.713749999999999 -10.241358999999997 -13.342830999999999 5.5000000000000009 52.500000000000007
decision_type=2 2 2 2 2 2 2 2 2 2 2 2 2 2
left_child=2 -2 8 4 5 -4 -6 -8 -1 -5 -11 -10 13 -13
right_child=1 -3 3 9 6 -7 7 -9 11 10 -12 12 -14 -15
leaf_value=-0.058308696418509366 -0.032388241218272946 0.058555483204882457 -0.062126247667282287 0.041840848850367512 -0.059393651120423309 0.019610608121595482 0.059649548341267102 -0.0037429087786903905 0.027553592825620671 -0.0063952161180207152 0.041810192156127239 -0.00033750108992714964 0.039415624932056213 -0.011426513451779176
leaf_weight=2.8081102594733229 2.9941881336271754 4.841939851641655 6.2765662707388401 11.513699293136598 2.7729038074612626 4.2990672066807747 5.2950777467340222 5.0864467825740567 9.1395583413541299 13.390120383352043 5.1005348823964587 207.13182454183698 3.9382645674049845 89.000348124653101
leaf_count=15 20 66 42 94 15 30 43 34 68 76 31 1298 23 516
internal_value=-0.000591975 0.0238058 -0.00111469 0.0081112 -0.007312 -0.0288997 0.0100436 0.0285903 -0.00270353 0.0203092 0.00690195 -0.00219855 -0.00310474 -0.00367022
internal_weight=373.589 7.83613 365.753 53.7344 23.7301 10.5756 13.1544 10.3815 312.018 30.0044 18.4907 309.21 300.07 296.132
internal_count=2371 86 2285 365 164 72 92 77 1920 201 107 1905 1837 1814
is_linear=0
shrinkage=0.05


Tree=110
num_leaves=15
num_cat=0
split_feature=18 10 3 0 10 6 0 3 13 13 10 4 6 9
split_gain=2.1506 1.87809 4.85704 2.1476 5.41126 4.24378 3.07957 2.80336 2.95476 3.36817 3.71283 3.39486 3.788 9.36846
threshold=37.500000000000007 4.5000000000000009 -3.3828219999999996 -5.121310499999999 2.5000000000000004 -8.620689999999998 -6.5316454999999989 -5.8886684999999988 6.0768290000000009 3.5006765000000004 3.5000000000000004 -0.20393199999999997 -9.3673184999999979 2.5000000000000004
decision_type=2 2 2 2 2 2 2 2 2 2 2 2 2 2
left_child=-1 3 -3 4 6 -6 -2 -5 9 11 -11 -9 13 -13
right_child=1 2 -4 7 5 -7 -8 8 -10 10 -12 12 -14 -15
leaf_value=-0.054050619715933071 0.011664137137564323 -0.010093669954929062 0.042876030421040191 -0.034682893939077294 0.01443036297116619 -0.063335401279728684 0.063079742611527059 0.020155939899112026 0.01346264433690487 -0.021204031314974298 0.027963113563513484 0.0052842639448497618 0.00011641547310316963 -0.061127305701903834
leaf_weight=1.8309448286890972 5.9175065886229286 8.6678427606821078 8.6429584212601167 6.2225183397531501 4.1873040832579136 3.019370809197425 5.7346549294888982 18.832915566861629 32.679771250113845 35.576110202819109 4.304228212684392 13.094320554286243 216.2403934057802 8.9330733940005285
leaf_count=32 47 47 51 43 30 17 34 113 220 217 26 71 1380 48
internal_value=5.69151e-06 0.000271713 0.0163531 -0.000513031 0.0159052 -0.0181511 0.0369685 -0.00143487 -0.000807294 -0.00237756 -0.0158975 -0.000280404 -0.00189571 -0.0216485
internal_weight=373.884 372.053 17.3108 354.742 18.8588 7.20667 11.6522 335.883 329.661 296.981 39.8803 257.101 238.268 22.0274
internal_count=2376 2344 98 2246 128 47 81 2118 2075 1855 243 1612 1499 119
is_linear=0
shrinkage=0.05


Tree=111
num_leaves=15
num_cat=0
split_feature=10 16 4 2 3 7 3 7 19 16 4 16 4 2
split_gain=3.08001 3.34584 1.90023 1.87008 7.62412 8.25457 6.18931 18.6556 5.60922 6.35808 5.81289 5.42276 4.54524 5.04954
threshold=5.5000000000000009 43.500000000000007 1.3270845000000002 11.605264000000002 2.6679790000000003 -12.973799999999999 4.1289080000000009 -14.923908999999998 1.0000000180025095e-35 690.50000000000011 0.17544600000000002 282.50000000000006 0.50015450000000017 6.6265090000000013
decision_type=2 2 2 2 2 2 2 2 2 2 2 2 2 2
left_child=1 -1 3 6 5 -5 12 11 9 -7 -10 -8 13 -3
right_child=-2 2 -4 4 -6 8 7 -9 10 -11 -12 -13 -14 -15
leaf_value=-0.055651641202415905 0.038021865446917255 0.0021157236999396682 0.028272322887288304 0.062862714571541342 -0.02057337233347388 -0.061499033761947035 0.023582779025712482 0.064003540925290578 -0.0031464207267550659 0.0045118545991785809 0.045563637771939634 -0.041631174743086134 0.048142973533407248 -0.017586666356930056
leaf_weight=2.6500459983944884 5.5004660263657561 190.66753419488668 6.158383533358573 6.0105124972760668 45.14731371589005 6.5153964236378661 5.0718573406338718 14.523644700646399 17.660822525620464 8.2882479503750783 9.3767258264124376 8.5808803699910623 4.7550095207989207 39.207503624260426
leaf_count=42 34 1212 45 40 316 50 38 78 88 41 55 53 32 239
internal_value=0.000885891 0.000325668 0.000735495 0.000258879 -0.0058347 0.008071 0.00241521 0.0245575 0.000200141 -0.0245409 0.0137464 -0.0174048 -0.000243827 -0.00124472
internal_weight=370.114 364.614 361.964 355.805 92.999 47.8517 262.806 28.1764 41.8412 14.8036 27.0375 13.6527 234.63 229.875
internal_count=2363 2329 2287 2242 590 274 1652 169 234 91 143 91 1483 1451
is_linear=0
shrinkage=0.05


Tree=112
num_leaves=15
num_cat=0
split_feature=7 16 7 8 7 7 5 26 16 6 6 7 7 16
split_gain=2.42658 14.0695 2.5606 2.22597 8.73336 4.96486 5.63924 4.05817 4.00715 3.50009 2.71041 6.56367 8.00284 5.02191
threshold=-3.8766169999999995 673.50000000000011 -3.9591564999999993 37.500000000000007 -7.089732999999999 -14.943362999999998 37.254839000000011 1.0000000180025095e-35 755.50000000000011 -1.7915634999999999 -3.7139284999999993 -6.556462999999999 -7.0844174999999998 526.50000000000011
decision_type=2 2 2 2 2 2 2 2 2 2 2 2 2 2
left_child=2 -2 3 4 5 8 -7 -6 -1 10 11 12 -5 -12
right_child=1 -3 -4 9 7 6 -8 -9 -10 -11 13 -13 -14 -15
leaf_value=-0.061356689319805514 -0.076069998224045254 0.044927534677868433 0.034354598122735884 0.0021657534317781209 -0.054916917866139316 0.037414806329835563 -0.026728963534689995 0.0066202141153919869 0.013436409744301084 0.044873609489130134 -0.018884948730775758 0.029161183428622558 -0.06850335247489836 0.015946184323731041
leaf_weight=3.9748931117355815 5.5946224033832532 4.210738493129611 5.6968427523970595 235.07363410107791 11.565407000482081 13.639836758375173 4.5760780721902838 3.4868820384144774 3.2591971401125193 4.6846001539379349 37.069501236081123 22.583105068653822 4.0755858868360511 14.356079671531914
leaf_count=25 25 70 37 1436 65 79 31 28 30 40 234 157 28 100
internal_value=0.000435294 -0.0241098 0.00109641 0.00056768 -0.0104717 0.00738403 0.021301 -0.0406618 -0.0276599 0.00197442 0.00133268 0.00339458 0.000961409 -0.00916141
internal_weight=373.847 9.80536 364.042 358.345 40.5023 25.45 18.2159 15.0523 7.23409 317.843 313.158 261.732 239.149 51.4256
internal_count=2385 95 2290 2253 258 165 110 93 55 1995 1955 1621 1464 334
is_linear=0
shrinkage=0.05


Tree=113
num_leaves=15
num_cat=0
split_feature=6 6 2 6 6 0 6 2 1 6 3 4 6 16
split_gain=1.7501 5.08397 4.2666 4.16305 7.84239 9.95671 5.39548 4.9234 6.6205 4.92647 4.6641 4.49724 4.14562 4.02437
threshold=-9.7310194999999986 -10.727540499999998 48.871490500000007 -5.2984354999999992 -4.7268684999999993 2.0000165000000005 -4.6712559999999987 25.060005000000004 1.0000000180025095e-35 -7.8899979999999994 -0.86794749999999987 -0.090615499999999988 -9.4787029999999977 577.50000000000011
decision_type=2 2 2 2 2 2 2 2 2 2 2 2 2 2
left_child=1 -1 3 7 5 10 -6 8 11 -10 -5 12 -2 -8
right_child=2 -3 -4 4 6 -7 13 -9 9 -11 -12 -13 -14 -15
leaf_value=0.0013073499948503566 0.050589594179044996 -0.028417766606907993 0.0557162522098174 -0.034109459611139252 0.055495566970313152 -0.076152818369115235 -0.006532875151200504 -0.032079206129137498 -0.015464822404575217 0.03190277922612076 0.016000704073629048 -0.023890680657136027 0.0032995064384804653 0.012729301796864646
leaf_weight=52.199395896866918 5.0271617695689192 19.856340356171131 3.623919650912284 9.3058026432991063 4.3369740061461917 7.8886523470282546 97.265613421797752 7.3205922171473494 6.3823733422905198 39.22692408785224 9.2687381953001022 14.429957307875155 59.310698926448822 37.597804713994265
leaf_count=355 26 110 33 57 31 43 586 48 39 229 49 84 358 327
internal_value=0.000115442 -0.00688398 0.0017911 0.00113392 -0.00414092 -0.0290915 0.000602387 0.00776918 0.0101146 0.0252744 -0.00910437 0.00133654 0.00699461 -0.00116288
internal_weight=373.041 72.0557 300.985 297.361 165.664 26.4632 139.2 131.698 124.377 45.6093 18.5745 78.7678 64.3379 134.863
internal_count=2375 465 1910 1877 1093 149 944 784 736 268 106 468 384 913
is_linear=0
shrinkage=0.05


Tree=114
num_leaves=15
num_cat=0
split_feature=4 2 7 16 16 16 4 3 2 6 7 16 7 2
split_gain=2.35068 4.23806 4.09321 3.66268 3.67446 3.42321 3.31164 4.77078 2.70122 2.40991 6.85579 6.0304 4.95766 4.89057
threshold=0.5092135000000001 16.667897500000006 -4.341185499999999 345.50000000000006 138.50000000000003 637.50000000000011 0.74530550000000007 5.9792780000000008 25.688312000000003 -4.1905444999999988 -5.1778004999999991 406.50000000000006 -10.959499999999997 10.188336500000002
decision_type=2 2 2 2 2 2 2 2 2 2 2 2 2 2
left_child=9 6 3 4 -3 -5 7 -2 -7 10 -1 12 -11 -13
right_child=1 2 -4 5 -6 8 -8 -9 -10 11 -12 13 -14 -15
leaf_value=-0.0011768865121659956 0.030310825772280576 -0.03061218669122541 0.052616441151063058 -0.067725636097155831 0.031663017159561713 0.01929488928993944 0.049201739689626281 -0.035338602653361001 -0.037759875416182045 -0.064083780313726343 0.053504631670095885 0.013902517132055189 -0.016330061245356894 -0.017835005980551415
leaf_weight=219.81487094983459 8.7069080080837029 3.5968572944402748 2.8161484170705071 4.0061456710100165 6.9367944896221161 3.8431811332702619 8.8836444169282895 4.05675334483385 4.507744200527668 6.6143423430621615 5.8856178447604171 31.39246298186481 30.483249105513096 19.790253158658743
leaf_count=1339 55 16 65 26 52 23 63 23 23 50 48 219 202 123
internal_value=-0.000924362 0.0094601 -0.00426614 -0.0112642 0.0103983 -0.0297301 0.0257604 0.00944506 -0.0115027 -0.00249053 0.00024905 -0.00949465 -0.0248443 0.00163092
internal_weight=361.335 47.3542 25.7069 22.8907 10.5337 12.3571 21.6473 12.7637 8.35093 313.981 225.7 88.2803 37.0976 51.1827
internal_count=2327 346 205 140 68 72 141 78 46 1981 1387 594 252 342
is_linear=0
shrinkage=0.05


Tree=115
num_leaves=15
num_cat=0
split_feature=16 16 5 5 2 7 4 0 22 3 6 6 16 26
split_gain=2.09371 4.83867 9.7019 4.11743 6.05657 5.74957 5.13218 5.0061 4.07035 5.45972 2.4983 10.1778 8.39118 8.28746
threshold=105.50000000000001 177.50000000000003 19.974751500000004 19.155715500000003 -1.0000000180025095e-35 -23.359291499999994 0.065238000000000004 -1.3908619999999998 1.0000000180025095e-35 -0.86794749999999987 -7.1188014999999991 -6.3976629999999988 207.50000000000003 1.0000000180025095e-35
decision_type=2 2 2 2 2 2 2 2 2 2 2 2 2 2
left_child=3 2 -2 4 -1 -5 -7 -6 9 -4 -3 -12 13 -13
right_child=1 10 8 5 7 6 -8 -9 -10 -11 11 12 -14 -15
leaf_value=0.075796703357026901 -0.057212573556195391 -0.005952323612460164 0.059453418358802107 0.057327026990725921 0.059193846629833749 -0.061733535071423498 0.020334903510308672 -0.014393893737094245 -0.034193557763919732 -0.0074244308009079182 0.036330741604909553 0.090779630362185379 -0.0028050351468084638 -0.0019989404887562211
leaf_weight=4.8454006612300864 11.355665016919376 106.31511937081814 4.7300058640539673 2.3761138208210459 3.3548233136534682 5.0995017867535335 3.0409632530063391 7.4290652498602894 5.6951738931238642 8.6009121909737569 21.160342026501894 4.8931834250688535 173.94645212776959 4.7371266186237335
leaf_count=22 117 627 31 24 20 49 21 48 56 52 125 25 1123 26
internal_value=-0.000549953 -0.00159419 -0.0206396 0.0130866 0.0293626 -0.0111022 -0.0310759 0.00849895 0.00118889 0.0163048 0.000266049 0.0034951 -0.000289763 0.0451421
internal_weight=367.58 341.434 30.3818 26.1459 15.6293 10.5166 8.14047 10.7839 19.0261 13.3309 311.052 204.737 183.577 9.63031
internal_count=2366 2182 256 184 90 94 70 68 139 83 1926 1299 1174 51
is_linear=0
shrinkage=0.05


Tree=116
num_leaves=15
num_cat=0
split_feature=9 5 16 0 16 16 6 10 16 16 16 2 0 2
split_gain=1.75116 2.2318 3.02545 2.31105 3.72647 4.16455 6.0698 3.02587 2.39729 6.98683 6.11008 7.51182 4.94909 3.70271
threshold=6.5000000000000009 14.243292500000001 67.500000000000014 -5.121310499999999 168.50000000000003 207.50000000000003 -10.563880499999998 2.5000000000000004 228.50000000000003 303.50000000000006 147.50000000000003 -10.063679499999997 -0.97645149999999992 6.1343225000000006
decision_type=2 2 2 2 2 2 2 2 2 2 2 2 2 2
left_child=1 -1 -3 4 -4 -6 -7 -8 10 12 11 -5 -10 -11
right_child=-2 2 3 8 5 6 7 -9 9 13 -12 -13 -14 -15
leaf_value=0.010406950468673227 -0.035309879109461172 -0.050531907382795588 0.063791747773903507 0.069432134189278447 -0.037588321900851554 0.054784784185646279 0.022802765151836869 -0.033244343681865782 -0.011741298737451509 0.0029174347712190001 -0.032058403880205207 -0.0069961664119808382 0.030515661070713598 -0.010700778092941746
leaf_weight=44.857050232589245 3.5506750252097836 3.117216305807232 3.2386465072631863 3.7246624864637878 4.3130811378359821 6.5686216298490825 4.4588319770991749 5.2361032143235207 9.267117038369177 100.08011460117996 21.805222950875759 23.493937950581312 27.46272511780262 99.575617730617523
leaf_count=298 25 44 20 27 28 53 25 28 57 604 178 152 174 624
internal_value=-0.000369364 -2.20437e-05 -0.00151981 -0.00102573 0.0139381 0.00609147 0.0176753 -0.00746752 -0.00227435 -0.000187508 -0.0123368 0.00346248 0.019854 -0.00387447
internal_weight=360.75 357.199 312.342 309.225 23.8153 20.5766 16.2636 9.69494 285.409 236.386 49.0238 27.2186 36.7298 199.656
internal_count=2337 2312 2014 1970 154 134 106 53 1816 1459 357 179 231 1228
is_linear=0
shrinkage=0.05


Tree=117
num_leaves=15
num_cat=0
split_feature=4 0 16 16 16 7 2 2 16 2 4 8 22 7
split_gain=1.74761 5.03465 3.26893 4.19705 4.05358 3.05849 6.17873 3.31011 2.75093 2.23133 2.20064 1.98522 1.97032 1.91247
threshold=0.47308000000000006 0.79489300000000007 282.50000000000006 745.50000000000011 861.50000000000011 -13.582623499999999 10.959785500000001 29.157798500000002 138.50000000000003 10.037865000000002 0.43973750000000006 37.500000000000007 1.0000000180025095e-35 -3.8327899999999997
decision_type=2 2 2 2 2 2 2 2 2 2 2 2 2 2
left_child=10 9 8 5 11 -4 -7 -8 -3 -2 13 -5 -11 -1
right_child=1 2 3 4 -6 6 7 -9 -10 12 -12 -13 -14 -15
leaf_value=-0.00018912875825071666 0.053333072161793442 -0.01307394858424309 -0.06369078271371155 0.059654062543303334 -0.046514152896660298 0.039028021884214059 -0.045835153811172043 0.010223301915946264 0.041456397689378921 0.030057987441084563 -0.031915449245514822 -0.0059114188513289907 -0.01799316399608061 -0.03323075863451163
leaf_weight=298.87922815047204 6.7213252931833294 3.5361669510602933 3.613269247114661 4.2012746185064307 1.6830163486301897 4.2789814099669519 9.4321965277194959 3.6532102040946475 6.6854076236486435 7.5290851481258851 5.7431894578039637 1.5919901132583616 2.9769041463732719 4.4445050060749045
leaf_count=1891 51 19 21 55 14 21 55 34 47 55 38 19 21 29
internal_value=0.000217651 0.00835295 -0.00166154 -0.010374 0.0217927 -0.021838 -0.0131291 -0.0301846 0.0225916 0.0308356 -0.00125383 0.0416367 0.0164425 -0.000673277
internal_weight=364.97 55.9028 38.6755 28.4539 7.47628 20.9777 17.3644 13.0854 10.2216 17.2273 309.067 5.79326 10.506 303.324
internal_count=2370 412 285 219 88 131 110 89 66 127 1958 74 76 1920
is_linear=0
shrinkage=0.05


Tree=118
num_leaves=15
num_cat=0
split_feature=5 9 5 4 12 16 6 0 5 0 16 0 16 16
split_gain=1.7244 3.24185 2.56435 1.86631 3.35865 2.86605 2.13078 2.11668 4.03976 3.76241 4.01506 3.44444 3.36565 4.29893
threshold=61.281258000000008 2.5000000000000004 56.435234500000007 0.90818900000000002 17.338584000000004 568.50000000000011 -3.6226634999999994 6.5749295000000005 32.432449000000005 4.8484030000000011 297.50000000000006 5.6854545000000014 628.50000000000011 705.50000000000011
decision_type=2 2 2 2 2 2 2 2 2 2 2 2 2 2
left_child=2 -2 3 4 7 -5 -7 9 -9 12 -11 -12 -1 -14
right_child=1 -3 -4 5 -6 6 -8 8 -10 10 11 -13 13 -15
leaf_value=-0.002152116344482168 0.044832321992508785 -0.021807401253956336 -0.039481749063163311 0.047527880312858317 -0.042456197362934711 0.026786958343408992 -0.027848650621348323 0.050025407417493645 -0.0060893222781216467 0.028480491790434465 -0.062462202405641515 -0.0089139737380265673 0.029358074210238373 0.00070806557746805018
leaf_weight=249.81809375807643 5.5004694834351522 2.7312174011021852 4.1538809426128855 5.1665662452578527 4.7392201386392108 3.4643849730491638 3.6803209334611893 5.9517524838447553 6.9555787891149521 2.8065049871802321 6.5472577381879073 5.5477126911282539 20.907586254179478 35.032330390065908
leaf_count=1541 50 21 27 44 31 20 22 34 43 16 41 35 137 290
internal_value=9.79912e-05 0.0227217 -0.000426943 3.57527e-05 -0.000660138 0.0191584 -0.00135648 -6.63121e-05 0.019786 -0.000865415 -0.0253987 -0.0379007 0.000330242 0.011416
internal_weight=363.003 8.23169 354.771 350.617 338.306 12.3113 7.14471 333.567 12.9073 320.659 14.9015 12.095 305.758 55.9399
internal_count=2352 71 2281 2254 2168 86 42 2137 77 2060 92 76 1968 427
is_linear=0
shrinkage=0.05


Tree=119
num_leaves=15
num_cat=0
split_feature=6 4 8 7 7 16 16 16 16 2 2 6 8 7
split_gain=1.78733 2.57829 2.10147 5.7253 6.00349 5.14098 7.23196 5.89201 5.58982 5.13857 3.97331 3.65939 3.44974 5.03831
threshold=-1.1323529999999999 0.34165050000000002 42.500000000000007 -14.245439499999998 -11.346329999999998 610.50000000000011 550.50000000000011 877.50000000000011 225.50000000000003 11.777837000000002 18.698480000000004 -2.3363894999999997 52.500000000000007 -6.556462999999999
decision_type=2 2 2 2 2 2 2 2 2 2 2 2 2 2
left_child=2 -2 3 -1 10 6 8 11 -6 -10 -5 -7 -4 -14
right_child=1 -3 12 4 5 7 -8 -9 9 -11 -12 -13 13 -15
leaf_value=-0.032655404313154349 -0.022487957944430564 0.060373220024019549 0.0079219319002574295 0.053078124455340908 -0.051544349600136534 0.027647147867766675 -0.068769524012821645 -0.057724231802235626 0.018961383340663496 -0.039369504106293446 -0.00058192958850186987 -0.034253503285126517 -0.0063498381207759934 0.025500884019231552
leaf_weight=17.150138838216662 1.4087534639984358 2.8141140248626471 133.37170923687518 7.6685560792684537 5.9329189229756656 17.789353940635927 6.3112375140190116 2.8208295926451674 14.555953636765482 5.0979077443480483 6.2707192152738571 2.7577074840664855 128.48278999328613 13.744328111410139
leaf_count=111 19 41 853 46 52 137 36 20 79 34 45 19 800 88
internal_value=0.000389889 0.0327306 1.25738e-05 -0.00679354 -0.000384557 -0.00778051 -0.020833 0.0100366 -0.00900893 0.00383125 0.0289386 0.0193392 0.00214518 -0.0032719
internal_weight=366.177 4.22287 361.954 86.3553 69.2052 55.2659 31.898 23.3679 25.5868 19.6539 13.9393 20.5471 275.599 142.227
internal_count=2380 60 2320 579 468 377 201 176 165 113 91 156 1741 888
is_linear=0
shrinkage=0.05


end of trees

feature_importances:
navSampleSize=476
maxDrawdown60d=245
return60d=184
volatility20d=149
maxDrawdown20d=147
trendSlope20d=78
ma20Deviation=64
lossDayRatio20d=63
return5d=47
return20d=42
holdingDays=41
isActiveFund=28
lossPressure=23
isActiveQdii=20
consecutiveDownDays=15
isQdiiFund=14
profitBuffer=11
consecutiveUpDays=9
isEtfFund=6
typeActiveQdii=5
profileStableDrawdownFloor=4
holdingProfitRate=3
typeActiveEquity=2
profileStableAnnualReturn=2
isEtfQdii=1
profileStableBenchmarkGap=1

parameters:
[boosting: gbdt]
[objective: binary]
[metric: auc]
[tree_learner: serial]
[device_type: cpu]
[data_sample_strategy: bagging]
[data: ]
[valid: ]
[num_iterations: 120]
[learning_rate: 0.05]
[num_leaves: 15]
[num_threads: 8]
[seed: 0]
[deterministic: 0]
[force_col_wise: 0]
[force_row_wise: 0]
[histogram_pool_size: -1]
[max_depth: -1]
[min_data_in_leaf: 20]
[min_sum_hessian_in_leaf: 0.001]
[bagging_fraction: 0.9]
[pos_bagging_fraction: 1]
[neg_bagging_fraction: 1]
[bagging_freq: 1]
[bagging_seed: 3]
[bagging_by_query: 0]
[feature_fraction: 0.9]
[feature_fraction_bynode: 1]
[feature_fraction_seed: 2]
[extra_trees: 0]
[extra_seed: 6]
[early_stopping_round: 0]
[early_stopping_min_delta: 0]
[first_metric_only: 0]
[max_delta_step: 0]
[lambda_l1: 0]
[lambda_l2: 0]
[linear_lambda: 0]
[min_gain_to_split: 0]
[drop_rate: 0.1]
[max_drop: 50]
[skip_drop: 0.5]
[xgboost_dart_mode: 0]
[uniform_drop: 0]
[drop_seed: 4]
[top_rate: 0.2]
[other_rate: 0.1]
[min_data_per_group: 100]
[max_cat_threshold: 32]
[cat_l2: 10]
[cat_smooth: 10]
[max_cat_to_onehot: 4]
[top_k: 20]
[monotone_constraints: ]
[monotone_constraints_method: basic]
[monotone_penalty: 0]
[feature_contri: ]
[forcedsplits_filename: ]
[refit_decay_rate: 0.9]
[cegb_tradeoff: 1]
[cegb_penalty_split: 0]
[cegb_penalty_feature_lazy: ]
[cegb_penalty_feature_coupled: ]
[path_smooth: 0]
[interaction_constraints: ]
[verbosity: -1]
[saved_feature_importance_type: 0]
[use_quantized_grad: 0]
[num_grad_quant_bins: 4]
[quant_train_renew_leaf: 0]
[stochastic_rounding: 1]
[linear_tree: 0]
[max_bin: 255]
[max_bin_by_feature: ]
[min_data_in_bin: 3]
[bin_construct_sample_cnt: 200000]
[data_random_seed: 1]
[is_enable_sparse: 1]
[enable_bundle: 1]
[use_missing: 1]
[zero_as_missing: 0]
[feature_pre_filter: 1]
[pre_partition: 0]
[two_round: 0]
[header: 0]
[label_column: ]
[weight_column: ]
[group_column: ]
[ignore_column: ]
[categorical_feature: ]
[forcedbins_filename: ]
[precise_float_parser: 0]
[parser_config_file: ]
[objective_seed: 5]
[num_class: 1]
[is_unbalance: 0]
[scale_pos_weight: 1]
[sigmoid: 1]
[boost_from_average: 1]
[reg_sqrt: 0]
[alpha: 0.9]
[fair_c: 1]
[poisson_max_delta_step: 0.7]
[tweedie_variance_power: 1.5]
[lambdarank_truncation_level: 30]
[lambdarank_norm: 1]
[label_gain: ]
[lambdarank_position_bias_regularization: 0]
[eval_at: ]
[multi_error_top_k: 1]
[auc_mu_weights: ]
[num_machines: 1]
[local_listen_port: 12400]
[time_out: 120]
[machine_list_filename: ]
[machines: ]
[gpu_platform_id: -1]
[gpu_device_id: -1]
[gpu_use_dp: 0]
[num_gpu: 1]

end of parameters

pandas_categorical:[]
