tree
version=v4
num_class=1
num_tree_per_iteration=1
label_index=0
max_feature_idx=18
objective=binary sigmoid:1
feature_names=return5d return20d return60d ma20Deviation trendSlope20d volatility20d maxDrawdown20d maxDrawdown60d lossDayRatio20d consecutiveUpDays consecutiveDownDays positionToSingleLimit profitBuffer lossPressure themeRate estimateGrowthRate navSampleSize holdingProfitRate holdingDays
feature_infos=[-12.674067000000001:24.429967000000001] [-19.028299000000001:47.490637] [-17.038148:106.18034400000001] [-12.12072:26.335284999999999] [-1.016116:2.0411570000000001] [12.321101000000001:82.624454] [-20.781379999999999:-0.98314599999999996] [-21.963512000000001:-1.0902670000000001] [20:75] [0:8] [0:8] none [0:47.490637] [0:19.028299000000001] none none [20:242] [-19.028299000000001:47.490637] [20:242]
tree_sizes=1650 1702 1702 1694 1703 1705 1703 1703 1704 1697 1697 1695 1708 1705 1704 1703 1703 1699 1695 1709 1703 1705 1700 1709 1696 1696 1708 1709 1706 1711 1706 1710 1710 1710 1702 1707 1708 1705 1709 1704 1717 1705 1708 1709 1705 1700 1716 1693 1708 1717 1705 1709 1705 1709 1702 1706 1707 1704 1709 1705 1702 1696 1718 1708 1710 1702 1710 1705 1704 1699 1707 1702 1702 1705 1709 1716 1707 1703 1699 1718 1701 1698 1705 1707 1700 1691 1716 1708 1721 1712 1704 1700 1711 1717 1714 1704 1705 1711 1702 1716 1711 1706 1720 1699 1706 1721 1715 1707 1710 1715 1716 1712 1720 1727 1717 1716 1709 1717 1712 1725

Tree=0
num_leaves=15
num_cat=0
split_feature=7 2 1 3 7 7 16 16 7 7 16 1 1 4
split_gain=81.3312 49.5274 28.1921 26.1947 58.7342 44.2506 40.1482 38.1296 26.3925 24.6833 21.2788 19.2712 11.8009 10.82
threshold=-4.1960039999999994 42.926842000000008 23.269492500000002 4.1549830000000005 -9.2623459999999991 -16.562925499999995 185.50000000000003 109.50000000000001 -8.8118754999999975 -8.5187904999999997 109.50000000000001 11.567353000000002 4.8752815000000007 0.41234700000000007
decision_type=2 2 2 2 2 2 2 2 2 2 2 2 2 2
left_child=1 2 3 4 5 6 -1 -7 11 -6 12 -5 -11 -3
right_child=-2 13 -4 8 9 7 -8 -9 -10 10 -12 -13 -14 -15
leaf_value=0.25148093061680188 0.25148093061680193 0.14078578104199149 0.25148093061680193 0.10772099610406111 0.25148093061680193 0.22129134436912634 0.10510717911292033 0.071218473601695587 0.063862033032377447 0.24291650898625561 0.13072258562609962 0.2331842116788167 0.15522427881261894 0.056409757939513597
leaf_weight=10.9309219121933 21.364983737468719 4.9686008691787746 7.7013313472270957 6.9560412168502825 17.638533085584641 4.9686008691787711 8.198191434144972 28.569454997777939 14.657372564077376 11.676212042570119 13.663652390241621 5.4654609560966492 5.7138909995555869 16.147952824831009
leaf_count=44 86 20 31 28 71 20 33 115 59 47 55 22 23 65
internal_value=0.159946 0.14751 0.158562 0.15299 0.164661 0.128064 0.188749 0.0934515 0.109304 0.204246 0.177416 0.162925 0.214103 0.0762629
internal_weight=178.621 157.256 136.14 128.438 101.359 52.6672 19.1291 33.5381 27.0789 48.6923 31.0538 12.4215 17.3901 21.1166
internal_count=719 633 548 517 408 212 77 135 109 196 125 50 70 85
is_linear=0
shrinkage=1


Tree=1
num_leaves=15
num_cat=0
split_feature=7 2 5 7 16 16 7 7 7 7 16 3 7 8
split_gain=68.262 44.6241 33.0537 31.4322 66.0503 38.1734 47.6017 24.1511 17.4146 35.5294 16.5781 15.7941 12.4497 6.5657
threshold=-4.1960039999999994 56.554920500000009 21.189143000000005 -16.562925499999995 222.50000000000003 108.50000000000001 -5.6482519999999985 -17.812926999999998 -8.8118754999999975 -8.5187904999999997 179.50000000000003 3.5051965000000007 -5.2157574999999996 42.500000000000007
decision_type=2 2 2 2 2 2 2 2 2 2 2 2 2 2
left_child=1 2 11 7 5 6 -5 10 13 -10 -4 -1 -11 -7
right_child=-2 -3 3 4 -6 8 -8 -9 9 12 -12 -13 -14 -15
leaf_value=0.07550208900943077 0.088882414533257834 -0.088784512058460094 0.061502585704972162 0.077972322084054788 0.0902624403288496 -0.044920438804964491 -0.083548309953538874 0.086066565989349544 0.07329811611596064 -0.088575866198856643 -0.050825444930540975 -0.0254060484788593 -0.0053893909830213414 -0.098087269675375288
leaf_weight=17.512829840183262 18.948824048042297 16.724251314997673 5.1854293048381814 12.342930197715761 10.615461736917494 7.4797386527061454 7.2354218512773505 12.337043717503548 6.1595289111137417 14.705197304487232 8.9612174928188306 4.9806065559387198 6.4796027541160557 25.963016539812088
leaf_count=71 77 67 21 50 43 30 29 50 25 59 36 20 26 104
internal_value=-0.000752574 -0.0115928 -0.00236884 -0.0130018 -0.0269565 -0.0424399 0.0182804 0.0349372 -0.0619967 -0.0324003 -0.0096518 0.0531585 -0.0631324 -0.0861961
internal_weight=175.631 156.682 139.958 117.465 90.9809 80.3654 19.5784 26.4837 60.7871 27.3443 14.1466 22.4934 21.1848 33.4428
internal_count=708 631 564 473 366 323 79 107 244 110 57 91 85 134
is_linear=0
shrinkage=0.05


Tree=2
num_leaves=15
num_cat=0
split_feature=7 2 12 5 7 18 18 0 18 8 7 7 7 5
split_gain=69.1722 42.4115 23.7452 27.3721 21.1882 52.0967 25.1635 21.0711 20.9346 36.2106 18.1231 31.6395 11.3764 7.33096
threshold=-4.1960039999999994 42.926842000000008 23.269492500000002 21.024427000000003 -16.562925499999995 222.50000000000003 188.50000000000003 2.5641310000000002 108.50000000000001 42.500000000000007 -8.8118754999999975 -8.5187904999999997 -5.2157574999999996 43.614630000000012
decision_type=2 2 2 2 2 2 2 2 2 2 2 2 2 2
left_child=1 2 3 7 6 8 -5 -1 9 -6 13 -12 -13 -10
right_child=-2 -3 -4 4 5 -7 -8 -9 10 -11 11 12 -14 -15
leaf_value=0.069506319789127677 0.085575583103095682 -0.079162071697626846 0.085805975446587829 0.063756825187504043 -0.07339782743444824 0.086110281070431227 -0.042827859443243473 -0.043531610934865662 -0.095162042881671016 0.087237596782114971 0.070952034277349571 -0.082638462278068661 -0.0011945618489220874 -0.040857565588058094
leaf_weight=16.86651869118214 19.674664556980133 21.475125834345818 7.0515737980604163 14.448355719447138 6.7239665091037732 8.5171321779489499 8.9789311289787275 5.4563612490892401 25.242095634341233 7.3357342332601547 6.3421741724014309 13.745331212878231 6.2316448390483901 8.2447766959667188
leaf_count=69 81 86 29 59 27 35 36 22 101 30 26 55 25 33
internal_value=-0.00279184 -0.0138898 -0.00352076 -0.0084367 -0.0190513 -0.0309829 0.0229063 0.0418766 -0.0444844 0.0104147 -0.0573905 -0.0263438 -0.0572327 -0.0817918
internal_weight=176.334 156.66 135.185 128.133 105.81 82.3829 23.4273 22.3229 73.8657 14.0597 59.806 26.3192 19.977 33.4869
internal_count=714 633 547 518 427 332 95 91 297 57 240 106 80 134
is_linear=0
shrinkage=0.05


Tree=3
num_leaves=15
num_cat=0
split_feature=7 2 5 5 16 16 0 6 4 6 6 7 3 16
split_gain=63.0954 33.6613 21.9349 28.9821 19.2042 24.0765 15.8964 11.3099 22.2042 10.7818 22.0018 12.141 11.9679 10.55
threshold=-4.1960039999999994 56.554920500000009 21.189143000000005 37.242648500000008 156.50000000000003 108.50000000000001 2.5641310000000002 -8.5227879999999985 0.27445500000000006 -9.0621254999999987 -6.3431514999999985 -11.363113999999998 4.8597920000000014 135.50000000000003
decision_type=2 2 2 2 2 2 2 2 2 2 2 2 2 2
left_child=1 2 6 9 5 -5 -1 -6 -9 -4 -11 -12 13 -13
right_child=-2 -3 3 4 7 -7 -8 8 -10 10 11 12 -14 -15
leaf_value=0.065246661815934012 0.08265780892466347 -0.079497753493079665 -0.069949337870110415 0.059453733491822064 0.07721311141673777 -0.067370110926646604 -0.032321262589702533 -0.048892548694577563 0.056914639790585059 0.042304489147331384 0.016072159275153951 0.0084650193081346331 -0.097046057152043619 -0.064285963678058888
leaf_weight=17.65622274577618 20.792587101459503 15.709145098924635 15.403164535760878 5.5507705360651043 12.332788243889807 11.485804408788679 5.4674172997474662 7.9695586860179928 13.123562216758726 10.461995929479597 7.8275561779737393 9.1570655107498293 10.475456178188322 10.932946607470511
leaf_count=73 87 63 62 23 51 46 22 32 54 43 32 37 42 44
internal_value=0.000917104 -0.0101514 -0.00224844 -0.0112031 0.0171561 -0.026049 0.0421774 0.0391769 0.0169378 -0.0334738 -0.0219737 -0.0394894 -0.0537182 -0.0311259
internal_weight=174.346 153.553 137.844 114.721 50.4625 17.0366 23.1236 33.4259 21.0931 64.2582 48.855 38.393 30.5655 20.09
internal_count=711 624 561 466 206 69 95 137 86 260 198 155 123 81
is_linear=0
shrinkage=0.05


Tree=4
num_leaves=15
num_cat=0
split_feature=7 2 16 16 5 16 7 2 16 7 2 6 4 16
split_gain=54.9755 36.2342 19.6726 44.5017 25.2562 31.3795 23.1173 19.2564 11.8322 25.6221 11.3405 11.2472 14.7933 14.5154
threshold=-4.1960039999999994 56.554920500000009 86.500000000000014 156.50000000000003 30.196269000000004 202.50000000000003 -4.7763529999999994 4.5506830000000003 108.50000000000001 -5.6482519999999985 -6.4878959999999992 -8.5227879999999985 0.38276300000000002 211.50000000000003
decision_type=2 2 2 2 2 2 2 2 2 2 2 2 2 2
left_child=1 2 6 8 5 7 -1 10 9 -4 -5 -6 13 -13
right_child=-2 -3 3 4 11 -7 -8 -9 -10 -11 -12 12 -14 -15
leaf_value=0.062888487514533103 0.08006694630646459 -0.079574055750038411 0.066369443920993421 0.023882145635138095 0.075739158048845026 -0.082336754883624852 -0.057544936029454666 0.069792391920073804 -0.066391523158581087 -0.088653339682276192 -0.08231527491055593 -0.074036943659365403 0.059605813638933497 0.036515062922674542
leaf_weight=20.434589818120006 19.698449850082397 16.121328264474869 5.7608032822608948 5.0939590930938738 14.988452464342116 11.944432362914084 4.949749916791915 9.8653382211923581 30.613218709826469 4.9605580568313581 4.9632192552089727 5.9733144491910952 12.013923853635786 5.9037574976682663
leaf_count=85 84 65 24 21 63 48 20 41 123 20 20 24 50 24
internal_value=0.00142854 -0.00865733 -0.000340531 -0.00934216 0.0147401 -0.0182582 0.0394049 0.0201597 -0.0505603 -0.00535648 -0.0285263 0.0417867 0.020486 -0.0190847
internal_weight=173.285 153.587 137.465 112.081 70.7464 31.8669 25.3843 19.9225 41.3346 10.7214 10.0572 38.8794 23.891 11.8771
internal_count=712 628 563 458 291 130 105 82 167 44 41 161 98 48
is_linear=0
shrinkage=0.05


Tree=5
num_leaves=15
num_cat=0
split_feature=7 2 16 5 1 6 3 6 16 16 16 6 16 5
split_gain=53.5795 30.6781 21.116 23.7978 24.7132 16.8484 11.4004 9.11604 19.3101 11.229 24.6598 10.7817 9.88928 8.68586
threshold=-4.1960039999999994 56.554920500000009 233.50000000000003 21.267139500000003 23.627738500000003 -16.501015499999998 2.8571610000000005 -9.2613699999999977 222.50000000000003 187.50000000000003 156.50000000000003 -6.9063459999999992 135.50000000000003 35.083939500000007
decision_type=2 2 2 2 2 2 2 2 2 2 2 2 2 2
left_child=1 2 3 6 5 -5 -1 12 9 10 13 -11 -7 -9
right_child=-2 -3 -4 4 -6 7 -8 8 -10 11 -12 -13 -14 -15
leaf_value=0.062921909570132689 0.077753427339671874 -0.07590890822400409 0.079850967310513235 0.063076394787222212 0.072689830841735054 -0.01429116217546623 -0.01623897638322189 -0.020272461521336452 0.079760730287062945 -0.0047320656830844741 0.048591393374284857 -0.07957529771764156 -0.078504788870041309 -0.08308992738434931
leaf_weight=15.856251507997515 19.739947080612183 15.731918841600416 7.4183306843042365 5.3777058571577063 7.2290726453065863 9.7870756685733813 6.3774969577789298 23.830625817179683 4.6585817635059348 7.1774215996265438 12.427184686064718 14.600793629884718 15.478284791111944 7.1551506966352454
leaf_count=67 86 64 31 23 31 40 26 97 20 29 52 59 63 29
internal_value=0.000224649 -0.00977114 -0.00219711 -0.00688071 -0.0166013 -0.0230246 0.0402155 -0.0278927 -0.0185831 -0.0256108 -0.0109132 -0.0549093 -0.0536303 -0.0347781
internal_weight=172.846 153.106 137.374 129.956 107.722 100.493 22.2337 95.1151 69.8498 65.1912 43.413 21.7782 25.2654 30.9858
internal_count=717 631 567 536 443 412 93 389 286 266 178 88 103 126
is_linear=0
shrinkage=0.05


Tree=6
num_leaves=15
num_cat=0
split_feature=7 2 7 16 16 7 7 7 7 16 3 2 1 7
split_gain=48.3742 31.2008 19.5147 35.3859 36.3247 42.5418 21.2184 19.9834 39.0535 18.012 8.12877 8.23706 5.47038 12.0894
threshold=-4.1960039999999994 56.554920500000009 -16.562925499999995 222.50000000000003 108.50000000000001 -4.7763529999999994 -17.812926999999998 -8.8118754999999975 -8.5187904999999997 179.50000000000003 3.7552090000000002 14.853532000000003 5.1644655000000013 -9.567556999999999
decision_type=2 2 2 2 2 2 2 2 2 2 2 2 2 2
left_child=1 2 6 4 5 12 9 -6 -9 -1 11 -10 -4 -14
right_child=-2 -3 3 -5 7 -7 -8 8 10 -11 -12 -13 13 -15
leaf_value=0.069429336489310489 0.075677258044735657 -0.074032919850854362 0.076628425908776443 0.078376244704516235 -0.070727917947747951 -0.069104463844157207 0.076251950123238904 0.075149204854637039 -0.07651792110309491 -0.048344229924571713 -0.090151864326047104 0.0061467156470921833 0.079954248635132688 -0.02279137124310493
leaf_weight=4.8945663124322918 18.606556430459023 16.782808482646942 13.338980540633203 9.8828761726617795 32.649841040372849 9.5998644679784757 14.878738358616827 8.6793318837881106 4.9392446279525775 9.6411499381065351 8.1265268176794034 7.7292322963476181 5.8326713889837265 5.6230667829513532
leaf_count=21 83 69 57 43 133 39 64 37 20 39 33 31 25 23
internal_value=-0.000436092 -0.00971668 -0.00176911 -0.0117342 -0.0209609 0.0202631 0.0342779 -0.0437843 -0.0139378 -0.0086867 -0.0511206 -0.026083 0.0548639 0.0295214
internal_weight=171.205 152.599 135.816 106.402 96.5188 34.3946 29.4145 62.1242 29.4743 14.5357 20.795 12.6685 24.7947 11.4557
internal_count=717 634 565 441 398 144 124 254 121 60 84 51 105 48
is_linear=0
shrinkage=0.05


Tree=7
num_leaves=15
num_cat=0
split_feature=7 5 16 5 16 7 16 7 7 7 0 2 5 3
split_gain=42.1437 28.5018 29.7182 25.9333 18.5187 39.4711 16.3787 14.9998 14.2368 11.7374 10.2275 9.30581 3.01714 3.00245
threshold=-4.1960039999999994 21.024427000000003 156.50000000000003 33.679248000000008 108.50000000000001 -5.6482519999999985 191.50000000000003 -8.5187904999999997 -5.2157574999999996 -20.230554999999995 2.5641310000000002 7.4315715000000013 25.200717000000001 -1.0004754999999999
decision_type=2 2 2 2 2 2 2 2 2 2 2 2 2 2
left_child=1 10 4 6 5 -3 11 9 13 -5 -1 -4 -8 -6
right_child=-2 2 3 7 8 -7 12 -9 -10 -11 -12 -13 -14 -15
leaf_value=0.065577741213601423 0.073805785622462025 0.060071237335007278 -0.033873529047957311 -0.0025887740257231097 -0.053087111834414835 -0.075960775273394524 -0.081475749686298157 -0.034894893351217315 0.0068587480428855046 0.063622427179412092 -0.013947228155691403 0.06007025920061191 -0.034513820665427818 -0.085669869409781441
leaf_weight=16.027270004153255 17.6993258446455 11.204548701643946 5.0511999428272265 9.2572631388902646 10.248408213257788 10.175300255417822 10.206000179052351 7.0661316514015189 6.2257817685604087 24.168257996439934 5.4069118350744239 5.5133269429206848 5.1439318358898154 22.799983367323875
leaf_count=70 81 48 21 39 42 42 42 29 25 106 22 24 21 94
internal_value=0.000875876 -0.00781678 -0.0168138 0.0062963 -0.0421156 -0.00467041 -0.0327614 0.031293 -0.0624998 0.0452851 0.0455171 0.0151531 -0.0657383 -0.0755659
internal_weight=166.194 148.494 127.06 66.4061 60.654 21.3798 25.9145 40.4917 39.2742 33.4255 21.4342 10.5645 15.3499 33.0484
internal_count=706 625 533 282 251 90 108 174 161 145 92 45 63 136
is_linear=0
shrinkage=0.05


Tree=8
num_leaves=15
num_cat=0
split_feature=7 5 7 16 7 16 7 16 0 7 1 3 4 8
split_gain=42.6035 22.1734 26.5829 35.8704 19.7293 15.4317 28.0107 14.6451 10.4258 10.2604 25.7948 9.43386 7.96009 6.26566
threshold=-4.1960039999999994 21.189143000000005 -16.562925499999995 221.50000000000003 -17.812926999999998 86.500000000000014 -9.567556999999999 179.50000000000003 1.3733295000000003 -8.8118754999999975 4.3466270000000007 2.8571610000000005 0.27666250000000003 42.500000000000007
decision_type=2 2 2 2 2 2 2 2 2 2 2 2 2 2
left_child=1 8 4 5 7 6 -4 -3 -1 13 -11 -12 -5 -7
right_child=-2 2 3 12 -6 9 -8 -9 -10 10 11 -13 -14 -15
leaf_value=0.067893994966730611 0.072112050703654784 0.057249284676453675 0.076842534477574803 0.076486977816439095 0.071915319846908368 -0.034344201423713826 -0.071600366844116831 -0.049617495680501549 -0.0014672831682942581 0.032730008348240858 -0.003899239250798102 -0.078776042609210825 -0.0037017043580371591 -0.077365819139225023
leaf_weight=11.856574371457102 17.434007078409195 4.8146581351757058 7.0127828568220139 8.3729894310235959 12.509897083044052 11.564777567982672 5.8115013837814313 9.5944435298442823 9.9761894941329938 11.263849750161169 5.6122993230819729 16.795545890927315 4.9093864113092414 31.556153371930122
leaf_count=53 82 21 31 38 56 48 24 39 42 48 23 70 21 132
internal_value=-0.00191051 -0.0104202 -0.0182609 -0.0298333 0.0259756 -0.0411985 0.00957359 -0.013909 0.0362003 -0.0496774 -0.0289948 -0.0600223 0.0468479 -0.0658277
internal_weight=169.085 151.651 129.818 102.899 26.919 89.6169 12.8243 14.4091 21.8328 76.7926 33.6717 22.4078 13.2824 43.1209
internal_count=728 646 551 435 116 376 55 60 95 321 141 93 59 180
is_linear=0
shrinkage=0.05


Tree=9
num_leaves=15
num_cat=0
split_feature=7 2 8 16 16 5 16 2 6 4 16 2 1 7
split_gain=39.3686 20.6692 15.323 24.068 30.8945 16.9093 20.9106 14.2328 11.2672 19.3401 12.7066 9.15826 8.85364 13.1914
threshold=-4.1960039999999994 53.614001500000008 32.500000000000007 108.50000000000001 156.50000000000003 25.730875500000003 202.50000000000003 4.5506830000000003 -8.5227879999999985 0.37719100000000005 217.50000000000003 -6.4878959999999992 5.1644655000000013 -9.567556999999999
decision_type=2 2 2 2 2 2 2 2 2 2 2 2 2 2
left_child=1 2 -1 12 -5 6 7 11 -7 10 -10 -6 -4 -14
right_child=-2 -3 3 4 5 8 -8 -9 9 -11 -12 -13 13 -15
leaf_value=-0.062221649936431103 0.070573644008170608 -0.061744554013591815 0.071791413795049039 -0.052575957063305846 0.017144474536905201 0.066325463639760579 -0.083285279894675102 0.060695593680914851 -0.059369030404591953 0.06626560782159889 0.040872502516267423 -0.079834360307201133 0.074704201514328772 -0.029107689054722514
leaf_weight=9.4454188644885999 18.175183296203613 15.660314023494719 14.597253918647768 27.561421826481819 5.0761371850967434 14.649433657526965 8.7607286274433118 7.9726490974426261 9.5386688113212639 9.3864556998014432 4.7284839749336234 4.6778793632984188 5.279388040304184 7.2796454727649671
leaf_count=40 88 67 66 115 22 67 37 35 39 42 20 20 24 30
internal_value=0.00121543 -0.00750156 -0.000914214 0.00393127 -0.0082363 0.0106255 -0.0200912 0.0111401 0.0318667 0.0105254 -0.0261465 -0.0293651 0.0453102 0.0145313
internal_weight=162.789 144.614 128.954 119.508 92.3519 64.7904 26.4874 17.7267 38.303 23.6536 14.2672 9.75402 27.1563 12.559
internal_count=712 624 557 517 397 282 114 77 168 101 59 42 120 54
is_linear=0
shrinkage=0.05


Tree=10
num_leaves=15
num_cat=0
split_feature=7 18 18 18 18 2 7 8 0 18 7 1 4 5
split_gain=38.0593 20.0423 31.3416 19.1297 22.8265 13.3654 23.3254 10.6053 10.4853 11.0189 8.70143 14.5168 7.63581 6.21453
threshold=-4.1960039999999994 86.500000000000014 156.50000000000003 187.50000000000003 232.50000000000003 8.350106000000002 -8.3690944999999974 47.500000000000007 4.1533875000000009 135.50000000000003 -9.567556999999999 5.1644655000000013 0.5144875000000001 30.810960000000005
decision_type=2 2 2 2 2 2 2 2 2 2 2 2 2 2
left_child=1 10 8 -4 5 -5 7 -7 9 12 -1 -12 13 -3
right_child=-2 2 3 4 -6 6 -8 -9 -10 -11 11 -13 -14 -15
leaf_value=0.073887652546526045 0.069171736350789881 0.041923587318279235 0.04088068198795991 -0.065729872229846553 0.065425587992899464 0.06034394898528464 -0.074536520044283489 -0.029769561474065561 -0.079658664614264782 -0.066990871582528685 0.065411722207506143 -0.034871652127482819 -0.051185961275217129 -0.023244069651718467
leaf_weight=8.6885174512863177 17.830524161458015 7.8475388139486331 24.552728042006493 15.298512950539587 7.5838196277618399 10.159978300333021 7.961635276675227 4.8111077249050131 16.037286162376404 13.18508321046829 6.6094795316457731 7.9485127180814743 7.2405027002096167 6.8530856817960739
leaf_count=40 89 34 111 66 34 46 34 20 69 56 31 33 31 29
internal_value=0.000243403 -0.00824566 -0.016382 0.0052691 -0.0138155 -0.0295343 -0.00538811 0.0313851 -0.0461598 -0.0308655 0.0342905 0.010658 -0.00915672 0.011544
internal_weight=162.608 144.778 121.531 70.3678 45.8151 38.2312 22.9327 14.9711 51.1635 35.1262 23.2465 14.558 21.9411 14.7006
internal_count=723 634 530 311 200 166 100 66 219 150 104 64 94 63
is_linear=0
shrinkage=0.05


Tree=11
num_leaves=15
num_cat=0
split_feature=7 2 1 3 7 7 16 16 7 7 1 5 0 7
split_gain=34.1499 19.3879 12.8367 12.9376 27.2874 18.5586 20.2 16.7876 14.134 12.3007 15.586 9.48422 9.28508 8.00464
threshold=-4.1960039999999994 56.554920500000009 23.627738500000003 4.1549830000000005 -9.2623459999999991 -16.562925499999995 185.50000000000003 109.50000000000001 -8.5187904999999997 -8.5187904999999997 11.567353000000002 23.930129000000004 1.3733295000000003 -5.2157574999999996
decision_type=2 2 2 2 2 2 2 2 2 2 2 2 2 2
left_child=1 2 3 4 5 6 -1 -7 -6 10 -5 12 -10 -13
right_child=-2 -3 -4 9 8 7 -8 -9 11 -11 -12 13 -14 -15
leaf_value=0.067280390166268286 0.067890420286062833 -0.060386881758484702 0.069689930997465108 -0.04257574249400789 0.071872376235842347 0.04613313292141645 -0.038588584027274359 -0.057957163227899983 0.072675525195701099 -0.0657661367259149 0.074857580319382194 -0.046588446065907951 -0.0090763361582689491 0.029683941920602714
leaf_weight=9.9586034864187258 16.690602779388428 15.553627938032148 6.071555256843566 7.3919316828250903 15.102909147739409 4.4912383556365958 8.2284573167562467 28.164154306054115 8.8671125322580355 14.894547194242476 4.5737496763467789 8.734124153852461 5.7096485048532477 5.6749926954507819
leaf_count=47 86 69 30 32 72 20 34 122 42 64 21 36 25 23
internal_value=0.000200691 -0.00767693 -0.00126514 -0.0048024 0.00386599 -0.021097 0.0193816 -0.0436412 0.0326529 -0.0354388 0.00231185 0.0122179 0.0406537 -0.0165488
internal_weight=160.107 143.417 127.863 121.791 94.9312 50.8425 18.1871 32.6554 44.0888 26.8602 11.9657 28.9859 14.5768 14.4091
internal_count=723 637 568 538 421 223 81 142 198 117 53 126 67 59
is_linear=0
shrinkage=0.05


Tree=12
num_leaves=15
num_cat=0
split_feature=7 2 7 16 16 2 5 7 7 7 16 16 1 7
split_gain=30.7027 16.9089 12.8849 24.8531 26.6099 13.865 17.1396 12.8706 8.05152 7.55915 6.65055 5.06622 3.7754 7.77229
threshold=-4.1960039999999994 42.926842000000008 -4.7763529999999994 108.50000000000001 156.50000000000003 1.6538965000000003 25.730875500000003 -8.5187904999999997 -19.472064999999997 -5.2157574999999996 185.50000000000003 218.50000000000003 5.1644655000000013 -9.567556999999999
decision_type=2 2 2 2 2 2 2 2 2 2 2 2 2 2
left_child=1 2 3 12 9 6 10 8 -7 -5 -6 -3 -1 -14
right_child=-2 11 -4 4 5 7 -8 -9 -10 -11 -12 -13 13 -15
leaf_value=0.06720751043797632 0.066716139397082347 -0.068512389276610172 -0.059349441761820936 -0.065634376568327255 -0.0089219015629376456 -0.0033060327042942908 0.055005146999607173 -0.029877424960060191 0.054741417880756926 -0.0022662892767984369 -0.078097345602183926 -0.0077316737154643628 0.069708543893291994 -0.018754289247358683
leaf_weight=12.777071610093119 14.834446385502813 13.906508207321169 9.0670247375965101 20.535207703709606 5.5525457412004497 7.9625149220228151 4.9785718470811835 8.2341923862695712 23.918397560715679 6.1054441928863517 9.2839441597461683 4.5501744747161856 5.0382042974233627 4.8956211507320386
leaf_count=62 79 63 39 90 25 35 23 35 115 25 41 20 25 20
internal_value=-0.00160694 -0.00901553 -0.00207375 0.00267838 -0.0095345 0.00894779 -0.0252709 0.0258503 0.0402436 -0.0511118 -0.0522085 -0.053528 0.0492322 0.026112
internal_weight=151.64 136.805 118.349 109.282 86.5708 59.9302 19.8151 40.1151 31.8809 26.6407 14.8365 18.4567 22.7109 9.93383
internal_count=697 618 535 496 389 274 89 185 150 115 66 83 107 45
is_linear=0
shrinkage=0.05


Tree=13
num_leaves=15
num_cat=0
split_feature=7 16 2 1 3 7 7 16 16 7 5 7 2 7
split_gain=29.0713 15.4026 24.1921 10.964 16.2175 20.7479 15.0344 20.1341 13.447 8.36444 8.08844 7.71838 7.0596 6.69009
threshold=-4.1960039999999994 232.50000000000003 42.421640000000004 23.269492500000002 3.7552090000000002 -9.2623459999999991 -16.562925499999995 185.50000000000003 135.50000000000003 -10.883451499999998 45.578299500000007 -8.5187904999999997 6.4949185000000016 -5.2157574999999996
decision_type=2 2 2 2 2 2 2 2 2 2 2 2 2 2
left_child=1 2 3 4 5 6 7 -1 -8 10 -6 -7 -13 -14
right_child=-2 -3 -4 -5 9 11 8 -9 -10 -11 -12 12 13 -15
leaf_value=0.070189256684134255 0.065637295795371683 0.059113299946116471 -0.067101452555217531 0.067296057790274061 0.042543421747879548 0.069760570134820094 0.011626732328672644 -0.048779995367381368 -0.061717251477348169 -0.060330506896194874 -0.050013284235958091 0.054928247188745019 -0.027637627914010233 0.034699699198839626
leaf_weight=8.9493559747934253 15.425854921340941 8.3412278890609723 16.725039973855019 5.3357074111700049 4.9139371216297167 10.242438375949858 9.0725918859243411 5.9015128612518302 20.082679554820061 17.413369879126549 4.5423393100500107 8.8620555698871701 9.66721259057522 7.7580803185701361
leaf_count=44 85 39 77 28 23 51 41 25 90 77 20 43 41 33
internal_value=0.000543856 -0.00674255 -0.0109855 -0.00266076 -0.00613608 0.00508629 -0.0180359 0.0229127 -0.0388939 -0.0397727 -0.00191636 0.0329408 0.0185945 0.000116166
internal_weight=153.233 137.808 129.466 112.741 107.406 80.5359 44.0061 14.8509 29.1553 26.8696 9.45628 36.5298 26.2873 17.4253
internal_count=717 632 593 516 488 368 200 69 131 120 43 168 117 74
is_linear=0
shrinkage=0.05


Tree=14
num_leaves=15
num_cat=0
split_feature=16 16 2 2 5 1 16 16 16 2 16 5 5 5
split_gain=21.9425 12.9858 18.2654 8.9135 10.085 17.0048 9.44995 20.3241 11.0866 10.2514 11.4816 12.9424 6.1932 5.88594
threshold=86.500000000000014 232.50000000000003 45.062503500000012 27.163476000000006 29.383237500000003 10.026738000000002 155.50000000000003 185.50000000000003 108.50000000000001 2.1295070000000007 222.50000000000003 23.930129000000004 43.299794000000006 32.211936000000001
decision_type=2 2 2 2 2 2 2 2 2 2 2 2 2 2
left_child=13 2 3 6 -5 -6 8 -8 -2 -9 11 -11 -10 -1
right_child=1 -3 -4 4 5 -7 7 9 12 10 -12 -13 -14 -15
leaf_value=0.053228771852270346 0.013453670913888284 0.055373951166259185 -0.066225926568210677 0.072718086373811774 -0.076802703099141376 0.038704142086992167 0.034683317090102507 -0.070162345699856729 -0.075538682621315009 0.046940693577558701 0.069476486481108657 -0.057379860997048587 -0.013384696208511597 0.0065908019755719291
leaf_weight=19.859584257006649 7.5209268331527737 7.0658328533172599 14.826157331466673 6.7326337397098568 4.9038556814193717 9.0978942066431028 21.814422428607941 10.022828713059427 14.120633512735369 4.1603652238845852 3.8492348790168753 10.418743580579756 5.5963241755962363 10.260296732187269
leaf_count=102 35 33 70 34 21 45 105 46 64 20 20 45 25 50
internal_value=-0.000818072 -0.0103858 -0.0144954 -0.00668812 0.0224304 -0.00175001 -0.0144782 -0.00162602 -0.0381959 -0.0294656 -0.00733133 -0.0276104 -0.0578973 0.0373416
internal_weight=150.25 120.13 113.064 98.2379 20.7344 14.0017 77.5035 50.2656 27.2379 28.4512 18.4283 14.5791 19.717 30.1199
internal_count=715 563 530 460 100 66 360 236 124 131 85 65 89 152
is_linear=0
shrinkage=0.05


Tree=15
num_leaves=15
num_cat=0
split_feature=7 16 2 1 3 7 16 7 16 7 2 2 7 1
split_gain=25.9807 13.3876 20.44 11.5233 12.4023 16.7462 11.5305 18.6861 10.2935 7.4107 6.82643 5.36683 6.76753 4.60544
threshold=-4.1960039999999994 232.50000000000003 42.596646000000007 23.269492500000002 3.7552090000000002 -9.2623459999999991 187.50000000000003 -16.467661499999995 135.50000000000003 -8.5187904999999997 12.002794500000002 6.4949185000000016 -5.2157574999999996 4.2319795000000004
decision_type=2 2 2 2 2 2 2 2 2 2 2 2 2 2
left_child=1 2 3 4 5 6 7 -1 -9 -7 -6 -11 13 -13
right_child=-2 -3 -4 -5 10 9 -8 8 -10 11 -12 12 -14 -15
leaf_value=0.064526029089359171 0.06384607171260745 0.05555387968873407 -0.068283574613342835 0.065947821762693259 -0.00097134014127185718 0.067569228839683901 -0.056358799620927207 0.011932571222597442 -0.059967508997183977 0.04965844931230913 -0.054982203933830888 0.0042801502946031291 0.03722736772944004 -0.063933661185389262
leaf_weight=7.9122718870639757 13.925422787666319 7.7773961275815955 14.289651840925215 5.4888765066862097 8.6251959651708621 8.9266382455825788 13.820275962352751 9.3724226653575915 10.616545572876928 7.3997259289026358 18.183619439601898 5.2728685587644595 6.7230224013328543 4.6621835976839066
leaf_count=40 82 37 69 30 39 47 63 43 49 37 83 23 29 20
internal_value=-0.00103869 -0.0080391 -0.0121167 -0.00461599 -0.00843136 0.00203794 -0.0190108 -0.000511203 -0.026255 0.0286621 -0.0376053 0.0142256 -0.00151406 -0.0277303
internal_weight=142.996 129.071 121.293 107.004 101.515 74.706 41.7215 27.9012 19.989 32.9844 26.8088 24.0578 16.6581 9.93505
internal_count=691 609 572 503 473 351 195 132 92 156 122 109 72 43
is_linear=0
shrinkage=0.05


Tree=16
num_leaves=15
num_cat=0
split_feature=7 2 16 16 5 16 2 7 2 7 3 16 7 16
split_gain=24.9692 13.6145 9.82296 12.0789 12.6047 14.9974 11.4496 9.07408 7.97098 7.3242 6.75401 6.99196 5.0869 14.066
threshold=-4.1960039999999994 42.926842000000008 86.500000000000014 155.50000000000003 30.196269000000004 202.50000000000003 4.5506830000000003 -4.7763529999999994 -6.4878959999999992 -20.230554999999995 3.6461360000000007 135.50000000000003 -16.562925499999995 218.50000000000003
decision_type=2 2 2 2 2 2 2 2 2 2 2 2 2 2
left_child=1 2 7 10 5 6 8 -1 -5 -6 11 -4 -11 -14
right_child=-2 -3 3 4 9 -7 -8 -9 -10 12 -12 -13 13 -15
leaf_value=0.045413900277487512 0.062993935566935472 -0.049455257936919239 0.0050870615995008972 0.022024751183557966 -0.011891970855410905 -0.063771287720650272 0.054435495663076573 -0.037849562243628919 -0.072813887484051418 0.069489172253110507 -0.063433889204203966 -0.052901190889662324 -0.043228973094202622 0.062806169489868433
leaf_weight=17.109869390726093 13.915523543953894 16.813580065965652 14.18289862573147 4.1859195232391384 8.7625441849231702 11.251302197575567 7.9396279752254477 4.0459050834178916 4.7067838758230236 9.6395130604505557 11.408633574843405 8.2058500349521619 5.1082884520292309 8.0661703646182996
leaf_count=85 85 83 64 20 39 53 40 18 22 51 53 38 22 43
internal_value=-0.000695605 -0.00743908 -0.00127537 -0.00823973 0.00528961 -0.0190801 0.010793 0.0294903 -0.028172 0.0269636 -0.0321221 -0.0161666 0.0418875 0.0216919
internal_weight=145.342 131.427 114.613 93.4575 59.6601 28.0836 16.8323 21.1558 8.8927 31.5765 33.7974 22.3887 22.814 13.1745
internal_count=716 631 548 445 290 135 82 103 42 155 155 102 116 65
is_linear=0
shrinkage=0.05


Tree=17
num_leaves=15
num_cat=0
split_feature=7 5 8 5 5 8 16 2 16 7 3 7 16 7
split_gain=22.8148 13.9385 11.9941 11.2582 11.4468 8.03331 7.79549 10.3503 7.85748 8.55878 11.7392 10.6855 12.6156 5.53461
threshold=-4.1960039999999994 51.769359500000007 32.500000000000007 21.024427000000003 43.961988000000012 42.500000000000007 108.50000000000001 24.182599500000006 126.50000000000001 -9.2623459999999991 3.8116075000000005 -16.562925499999995 188.50000000000003 -8.5187904999999997
decision_type=2 2 2 2 2 2 2 2 2 2 2 2 2 2
left_child=1 2 -1 -4 6 -6 7 -5 -8 11 13 12 -10 -11
right_child=-2 -3 3 4 5 -7 8 -9 9 10 -12 -13 -14 -15
leaf_value=-0.055341376805888215 0.06220251556962219 -0.0567038820969928 0.042694133687886063 0.057920027622032355 0.062607499199616279 0.0022598638445719388 -0.071779144035511944 -0.037879373012539241 0.06688387994849497 0.065042409504797213 -0.059023309922576872 -0.057197759811417295 -0.037454315217595312 0.0054777617899499139
leaf_weight=9.2246187627315503 13.560199111700056 12.256307274103163 16.0442825704813 7.7968446314334852 9.6698478758335131 12.833248332142828 6.6617099195718756 4.4165805131196976 4.8425195217132515 6.8616186231374749 4.6643583029508582 16.845374315977097 7.2112822681665421 9.0349903106689524
leaf_count=43 86 62 81 37 48 63 32 22 26 39 22 81 32 38
internal_value=0.000523377 -0.00599234 -0.000639224 0.0040819 -0.00273796 0.028192 -0.0129233 0.0232773 -0.0208014 -0.0139353 0.0107233 -0.0314793 0.00446273 0.0311883
internal_weight=141.924 128.364 116.107 106.883 90.8384 22.5031 68.3353 12.2134 56.1219 49.4601 20.561 28.8992 12.0538 15.8966
internal_count=712 626 564 521 440 111 329 59 270 238 99 139 58 77
is_linear=0
shrinkage=0.05


Tree=18
num_leaves=15
num_cat=0
split_feature=7 16 5 7 7 3 5 16 16 7 7 7 3 5
split_gain=21.9053 14.1342 14.1602 12.3894 12.886 10.1047 9.75877 7.63133 6.04175 15.7326 7.2651 16.8165 8.90643 7.60169
threshold=-4.1960039999999994 232.50000000000003 21.492747000000005 -16.562925499999995 -17.812926999999998 2.6475665000000004 49.558890000000012 187.50000000000003 86.500000000000014 -9.567556999999999 -9.2623459999999991 -8.5187904999999997 4.8597920000000014 42.695248500000012
decision_type=2 2 2 2 2 2 2 2 2 2 2 2 2 2
left_child=1 2 5 4 7 -1 8 -4 9 -5 13 -12 -13 -10
right_child=-2 -3 3 6 -6 -7 -8 -9 10 -11 11 12 -14 -15
leaf_value=0.049783961564054936 0.061464989812283016 0.059924627460262371 0.020754851238872159 0.066301187825038022 0.060809226086016965 -0.024414169072721034 -0.065061945068028065 -0.065026616102078549 -0.06179725668765345 -0.0585405280356803 0.064597228146213784 -0.0069361814484188147 -0.06978701116558754 0.011409636051527701
leaf_weight=14.619528591632845 13.199938997626303 7.5924047678709021 5.3530307859182358 6.2211199700832367 9.0602188557386398 6.6875655949115744 14.077239856123922 5.0279665142297745 18.14062230288982 4.2460015863180143 6.0513345599174455 16.629964977502841 8.5267724841833097 4.4076542407274237
leaf_count=78 87 38 25 34 51 30 72 23 89 19 35 73 43 20
internal_value=0.000169487 -0.00621939 -0.0104378 -0.018489 0.0172363 0.0264957 -0.0273592 -0.0207928 -0.0190951 0.015659 -0.0258622 -0.010238 -0.0282392 -0.047487
internal_weight=139.841 126.641 119.049 97.7419 19.4412 21.3071 78.3007 10.381 64.2235 10.4671 53.7563 31.2081 25.1567 22.5483
internal_count=717 630 592 484 99 108 385 48 313 53 260 151 116 109
is_linear=0
shrinkage=0.05


Tree=19
num_leaves=15
num_cat=0
split_feature=7 16 2 1 3 5 7 16 7 6 4 7 16 5
split_gain=20.7913 12.0962 17.1032 10.3337 14.5136 10.6508 7.07707 6.10444 8.91405 7.38497 19.0124 6.14252 7.60402 4.45154
threshold=-4.1960039999999994 232.50000000000003 42.421640000000004 15.915673000000002 4.1549830000000005 21.267139500000003 -10.883451499999998 187.50000000000003 -16.467661499999995 -6.4833694999999993 -0.056546999999999993 -8.8118754999999975 135.50000000000003 28.921894000000005
decision_type=2 2 2 2 2 2 2 2 2 2 2 2 2 2
left_child=1 2 3 4 5 -1 -6 8 -7 10 -9 12 -10 -13
right_child=-2 -3 -4 -5 6 7 -8 9 11 -11 -12 13 -14 -15
leaf_value=0.039535701945293975 0.060777321270706508 0.059834721506642832 -0.05952256959760302 0.052450011072634695 -0.0074033302523788501 0.054876115252826846 -0.06749517821649248 -0.071377999704923631 0.010715563474108998 -0.061479930102673663 0.05527325565032222 0.038828340674761846 -0.054791881098936401 -0.020296301014935778
leaf_weight=15.700714230537413 12.690562233328817 6.5462854802608481 15.202778682112692 7.8375991880893698 7.9640733301639584 7.2984824031591335 12.7334007024765 5.423224925994873 7.9591922461986497 9.3598221242427808 6.5323611199855822 9.2041317969560748 9.9906376600265485 4.8669640868902198
leaf_count=83 87 34 81 45 38 40 62 27 38 45 34 45 50 20
internal_value=-0.000236734 -0.00635192 -0.00996035 -0.00277546 -0.00723616 0.00283298 -0.0443727 -0.00667078 0.00501008 -0.0282179 -0.00217757 -0.00635581 -0.025745 0.0183781
internal_weight=139.31 126.62 120.073 104.871 97.033 76.3355 20.6975 60.6348 39.3194 21.3154 11.9556 32.0209 17.9498 14.0711
internal_count=729 642 608 527 482 382 100 299 193 106 61 153 88 65
is_linear=0
shrinkage=0.05


Tree=20
num_leaves=15
num_cat=0
split_feature=7 16 2 1 5 0 7 7 16 2 3 16 7 7
split_gain=19.8511 10.4723 13.3486 9.61637 9.55621 9.58136 8.79689 8.74335 7.167 6.88147 6.69064 7.72576 7.40242 11.7667
threshold=-4.1960039999999994 232.50000000000003 42.926842000000008 23.269492500000002 21.492747000000005 1.3733295000000003 -16.562925499999995 -17.812926999999998 179.50000000000003 3.3110140000000006 4.8274465000000015 108.50000000000001 -9.2623459999999991 -8.5187904999999997
decision_type=2 2 2 2 2 2 2 2 2 2 2 2 2 2
left_child=1 2 3 4 5 -1 7 8 -6 -8 11 -11 -13 -14
right_child=-2 -3 -4 -5 6 -7 9 -9 -10 10 -12 12 13 -15
leaf_value=0.059396797262688129 0.060145002610188382 0.050544237797572458 -0.058998052997986564 0.062410148256152424 0.03742602158425485 -0.010145804812577984 -0.059903296501060847 0.065576654093162157 -0.046492511896377237 0.049369942025383286 -0.053970278013738188 -0.043722693086493243 0.063129723158118545 -0.022121722242820222
leaf_weight=9.3438809216022509 12.05819411575794 7.3908418565988532 12.790065944194792 5.058723732829093 4.4019114822149294 10.539928168058394 11.565337374806409 5.7820379436016003 6.0289168357849121 5.1575091183185569 9.7383570373058301 14.203493565320956 5.8318756818771265 13.229014739394209
leaf_count=53 86 38 70 32 22 50 59 33 28 25 50 70 36 58
internal_value=-0.00103404 -0.00712769 -0.0108775 -0.00477659 -0.00832356 0.0225339 -0.0164033 0.0162595 -0.0110781 -0.0252698 -0.0169529 -0.0075705 -0.0163989 0.00396184
internal_weight=133.12 121.062 113.671 100.881 95.8223 19.8838 75.9385 16.2129 10.4308 59.7256 48.1603 38.4219 33.2644 19.0609
internal_count=710 624 586 516 484 103 381 83 50 298 239 189 164 94
is_linear=0
shrinkage=0.05


Tree=21
num_leaves=15
num_cat=0
split_feature=7 2 8 16 16 2 7 7 6 4 7 5 1 7
split_gain=18.0698 10.6211 9.36377 14.1706 13.0878 8.89928 8.18754 7.1477 6.51494 8.59 6.46682 4.96072 4.33106 6.53095
threshold=-4.1960039999999994 53.614001500000008 32.500000000000007 108.50000000000001 155.50000000000003 1.0000000180025095e-35 -16.562925499999995 -17.812926999999998 -6.4833694999999993 0.41095800000000005 -5.2157574999999996 42.958331000000008 5.1644655000000013 -9.567556999999999
decision_type=2 2 2 2 2 2 2 2 2 2 2 2 2 2
left_child=1 2 -1 12 10 6 7 -6 11 -10 -5 -7 -4 -14
right_child=-2 -3 3 4 5 8 -8 -9 9 -11 -12 -13 13 -15
leaf_value=-0.050820677257720319 0.059547544414778955 -0.050070545156882432 0.061200698900686572 -0.052756235499580223 -0.032378131873584841 0.06082961335785754 -0.056747969491734412 0.063202378738321449 -0.029287445909752227 0.062720487971280506 0.0099288952536015218 0.014936354650245729 0.065007909797842364 -0.014335261172556603
leaf_weight=8.7293573766946775 11.442357182502745 12.379944637417791 10.855906352400782 17.819121256470684 4.0809811651706696 10.89405240118503 8.8467679768800718 3.7564378380775478 10.528160050511365 3.3420532345771781 5.3495411872863761 12.814550086855887 4.2498971819877625 6.6547091752290708
leaf_count=43 85 70 62 91 19 65 47 23 53 21 23 62 25 29
internal_value=-0.000495073 -0.00620597 -0.00117415 0.00319496 -0.00682348 0.00660857 -0.0237803 0.0134332 0.0201006 -0.00711797 -0.0382825 0.0360242 0.0388442 0.0165875
internal_weight=131.744 120.301 107.922 99.1922 77.4317 54.263 16.6842 7.83742 37.5788 13.8702 23.1687 23.7086 21.7605 10.9046
internal_count=718 633 563 520 404 290 89 42 201 74 114 127 116 54
is_linear=0
shrinkage=0.05


Tree=22
num_leaves=15
num_cat=0
split_feature=7 2 8 16 16 16 5 7 7 7 1 7 5 3
split_gain=16.3902 9.40168 6.63397 13.5141 10.4454 8.49552 10.4126 9.67295 9.99512 7.11513 4.02112 5.65531 3.92048 3.76965
threshold=-4.1960039999999994 42.421640000000004 32.500000000000007 108.50000000000001 155.50000000000003 185.50000000000003 46.530779500000001 -9.2623459999999991 -8.5187904999999997 -5.2157574999999996 5.1644655000000013 -9.567556999999999 43.299794000000006 3.8116075000000005
decision_type=2 2 2 2 2 2 2 2 2 2 2 2 2 2
left_child=1 2 -1 10 9 13 7 -7 -9 12 -4 -12 -5 -6
right_child=-2 -3 3 4 5 6 -8 8 -10 -11 11 -13 -14 -15
leaf_value=-0.048515587324309932 0.05899911127882005 -0.042620823504225157 0.059894475703623377 -0.06770815804372865 0.045339856145066658 -0.046687748103705649 0.063608403746284611 0.062202964444133937 -0.026440194715626447 0.013803412243337813 0.064152545401871625 -0.011299005833843544 -0.016727777471502663 -0.0057530311207218878
leaf_weight=6.6375448107719413 10.728027060627936 14.938872516155241 10.698627784848215 11.561375647783285 14.068314462900164 15.870565712451929 4.2175403535366049 5.5592386722564697 7.4306792914867454 5.605921894311904 3.933526948094368 6.7369001209735853 5.5967009961605063 4.8563007563352576
leaf_count=33 83 85 64 62 83 82 23 37 35 24 24 29 28 23
internal_value=-0.000165468 -0.0055576 -0.000170178 0.00316776 -0.00685439 0.00551048 -0.0097756 -0.0204996 0.011496 -0.035101 0.0382335 0.0165153 -0.0510791 0.0322288
internal_weight=128.44 117.712 102.773 96.1357 74.7666 52.0026 33.078 28.8605 12.9899 22.764 21.3691 10.6704 17.1581 18.9246
internal_count=715 632 547 514 397 283 177 154 72 114 117 53 90 106
is_linear=0
shrinkage=0.05


Tree=23
num_leaves=15
num_cat=0
split_feature=7 16 2 1 3 7 7 16 7 16 7 16 4 1
split_gain=15.0827 8.76676 12.8288 8.05094 8.05929 10.5573 6.85296 6.65647 12.3303 9.11199 5.64028 5.67729 4.81646 5.69443
threshold=-4.1960039999999994 232.50000000000003 42.926842000000008 15.915673000000002 4.1549830000000005 -9.2623459999999991 -8.8118754999999975 187.50000000000003 -16.467661499999995 135.50000000000003 -8.5187904999999997 152.50000000000003 0.19202700000000003 3.3889530000000003
decision_type=2 2 2 2 2 2 2 2 2 2 2 2 2 2
left_child=1 2 3 4 5 7 -6 8 -1 -10 -7 12 13 -12
right_child=-2 -3 -4 -5 6 10 -8 -9 9 -11 11 -13 -14 -15
leaf_value=0.052481801659177499 0.058480259396525291 0.049500344393115694 -0.05555206381068304 0.051636572630933936 0.0023716727801534514 0.062359598619701806 -0.058490349407710099 -0.046520750398433335 0.013761063044478793 -0.056542737813664062 0.043020596403766376 -0.027422998916535758 0.048692687028541994 -0.039889200044780859
leaf_weight=7.5551619678735689 10.537575989961622 7.1847618520259848 12.329587131738661 6.6637079566717139 7.7362628281116512 7.2008662670850745 11.501121327280996 11.864963963627813 8.7363700121641177 9.7553128749132139 3.803264513611806 6.6632875204086295 10.557383909821509 4.5469297915697098
leaf_count=46 85 39 74 42 39 47 59 62 45 53 23 30 53 20
internal_value=0.00120414 -0.00399445 -0.00752335 -0.00139221 -0.00532198 0.00248714 -0.0340148 -0.0154788 -0.00133843 -0.0233278 0.0232709 0.0122634 0.0262494 -0.00212626
internal_weight=126.637 116.099 108.914 96.5846 89.9209 70.6835 19.2374 37.9118 26.0468 18.4917 32.7717 25.5709 18.9076 8.35019
internal_count=717 632 593 519 477 379 98 206 144 98 173 126 96 43
is_linear=0
shrinkage=0.05


Tree=24
num_leaves=15
num_cat=0
split_feature=7 6 3 7 6 7 1 7 16 0 7 16 4 4
split_gain=15.0568 8.71714 9.32676 19.688 7.42725 7.36552 6.86038 6.12209 7.6077 5.99349 5.27961 4.91057 5.22132 6.2317
threshold=-4.1960039999999994 -9.2613699999999977 3.7552090000000002 -8.5187904999999997 -13.923449499999998 -9.2623459999999991 14.973863500000002 -12.726825499999999 185.50000000000003 -5.0369649999999995 -8.5187904999999997 207.50000000000003 0.19202700000000003 0.050823000000000007
decision_type=2 2 2 2 2 2 2 2 2 2 2 2 2 2
left_child=1 4 5 6 -1 7 -4 8 -3 -6 -7 12 13 -12
right_child=-2 2 3 -5 9 10 -8 -9 -10 -11 11 -13 -14 -15
leaf_value=0.020762475971721109 0.05800049936574591 0.066875138344419105 -0.0038334613103575611 -0.053672722760844886 0.0040207885944345545 0.061434045199522426 0.062045715475729513 -0.045433668383697522 -0.019714806447719953 -0.057332386028717874 0.056577388504455331 -0.022023062250984143 0.057542792338974746 -0.031097735868857737
leaf_weight=5.973534747958186 10.700985118746756 4.2386816143989581 9.8055599927902239 17.338784024119377 5.276243641972548 10.053629577159876 6.619537040591239 6.9285943508148184 6.3171160072088242 16.20971447229385 3.3210689723491758 5.7491481304168692 9.0954707562923414 5.200198769569397
leaf_count=37 90 25 49 96 28 69 44 40 29 92 21 27 47 24
internal_value=0.0013334 -0.00407468 0.00386473 -0.0165116 -0.0285548 0.0173801 0.0227167 -0.00891479 0.0150554 -0.0422661 0.031137 0.0181011 0.0311954 0.00307267
internal_weight=122.828 112.127 84.6678 33.7639 27.4595 50.9039 16.4251 17.4844 10.5558 21.486 33.4195 23.3659 17.6167 8.52127
internal_count=718 628 471 189 157 282 93 94 54 120 188 119 92 45
is_linear=0
shrinkage=0.05


Tree=25
num_leaves=15
num_cat=0
split_feature=7 16 2 1 5 5 6 2 2 16 8 6 1 7
split_gain=13.599 8.11339 11.3721 7.61504 6.94886 4.38003 7.40353 5.21907 5.84335 4.84518 11.8966 6.30476 5.96153 4.20842
threshold=-4.1960039999999994 232.50000000000003 42.926842000000008 15.531159000000002 21.492747000000005 40.419282500000001 -7.3184504999999991 20.223797000000001 14.641432000000002 108.50000000000001 42.500000000000007 -9.2613699999999977 2.2996440000000002 -5.2157574999999996
decision_type=2 2 2 2 2 2 2 2 2 2 2 2 2 2
left_child=1 2 3 4 -1 9 7 8 -7 10 -6 -11 -13 -14
right_child=-2 -3 -4 -5 5 6 -8 -9 -10 11 -12 12 13 -15
leaf_value=0.02225676698413221 0.057549301003719126 0.048258136652303794 -0.054662058583036459 0.050072113806575835 -0.047347264577259567 0.016500444599142502 -0.038462546838745788 -0.014746213045732157 0.094431890388972803 -0.063237652556584353 0.065735923584435904 0.021720883711244032 -0.045232769433732084 0.00618315419794737
leaf_weight=17.378517240285873 9.5727455466985685 6.8379162549972525 11.595363557338713 6.4906980320811263 4.5516333580017072 6.798173546791082 6.9904908239841452 5.8782692104578009 3.7224119454622269 10.27932457625865 4.755937397480011 7.2064889222383597 14.661733850836749 5.4626007825136247
leaf_count=99 84 38 73 44 22 40 34 29 18 60 27 45 83 24
internal_value=0.00033715 -0.00452636 -0.00793876 -0.002186 -0.00605427 -0.0130522 0.00462317 0.0229897 0.0440743 -0.0218637 0.0104354 -0.0298569 -0.0173022 -0.0312763
internal_weight=122.182 112.61 105.772 94.1763 87.6856 70.3071 23.3893 16.3989 10.5206 46.9177 9.30757 37.6101 27.3308 20.1243
internal_count=720 636 598 525 481 382 121 87 58 261 49 212 152 107
is_linear=0
shrinkage=0.05


Tree=26
num_leaves=15
num_cat=0
split_feature=7 3 7 7 16 16 7 16 7 16 3 6 1 4
split_gain=13.0572 7.85769 11.0851 10.0307 8.24236 11.2849 6.9559 9.89601 6.7672 5.80203 4.41696 4.30497 5.55683 5.23899
threshold=-4.1960039999999994 3.7552090000000002 -8.0002234999999988 -9.2623459999999991 108.50000000000001 174.50000000000003 -16.562925499999995 185.50000000000003 -8.5187904999999997 134.50000000000003 -0.52816399999999997 -7.4939069999999992 4.4122705000000009 0.23906150000000004
decision_type=2 2 2 2 2 2 2 2 2 2 2 2 2 2
left_child=1 3 4 6 -3 -6 7 -1 -5 10 -8 -10 -13 -14
right_child=-2 2 -4 8 5 -7 9 -9 11 -11 -12 12 13 -15
leaf_value=0.061655023669569001 0.057128744837061207 0.066604283213185581 -0.054781549544860753 0.060413325897206521 -0.059922986212761743 0.020685501971191327 0.032577828646759913 -0.022808661205227884 -0.039055681533254893 -0.047349256537397515 -0.04010134962712808 0.045155681993645364 -0.044812614420768178 0.023824978732812752
leaf_weight=6.278051599860186 9.1730570644140226 3.8215731829404858 16.169859230518341 9.3255444541573507 7.6847938895225552 9.9811118692159635 5.2309092432260513 7.7472482472658157 3.7194112688302985 15.695176437497137 3.4820076525211388 10.604853972792631 4.8087242841720563 6.5901516526937485
leaf_count=42 84 25 92 68 45 57 28 37 17 91 20 63 22 29
internal_value=-0.000205792 -0.00493798 -0.0235096 0.0045794 2.33463e-05 -0.0143798 -0.0130618 0.0149993 0.0239242 -0.0291861 0.00353251 0.0106956 0.0191053 -0.00513044
internal_weight=120.312 111.139 37.6573 73.4821 21.4875 17.6659 38.4334 14.0253 35.0487 24.4081 8.71292 25.7231 22.0037 11.3989
internal_count=720 636 219 417 127 102 218 79 199 139 48 131 114 51
is_linear=0
shrinkage=0.05


Tree=27
num_leaves=15
num_cat=0
split_feature=7 7 16 16 7 7 8 16 7 7 17 0 6 3
split_gain=12.3807 7.63732 12.4632 13.1126 6.98679 5.61307 9.60217 7.68502 9.58238 4.01698 7.82232 2.80798 2.67559 2.62108
threshold=-4.1960039999999994 -4.7763529999999994 108.50000000000001 155.50000000000003 -5.2157574999999996 -8.0002234999999988 47.500000000000007 185.50000000000003 -9.2623459999999991 -9.567556999999999 5.1644655000000013 -1.2192099999999997 -8.8118754999999975 -1.0004754999999999
decision_type=2 2 2 2 2 2 2 2 2 2 2 2 2 2
left_child=1 2 9 4 13 6 -5 12 11 -1 -11 -9 -8 -4
right_child=-2 -3 3 5 -6 -7 7 8 -10 10 -12 -13 -14 -15
leaf_value=0.066866668560050371 0.056732450185596472 -0.048121095885097082 -0.026484035178596762 0.03835685453109277 0.015158251414322596 -0.042929496500246488 0.0039977582066493458 -0.022243424515232139 0.034577809303538626 0.055213764908638843 -0.023636368869360956 -0.068478885439408929 0.054540259565255059 -0.063573100193292278
leaf_weight=6.6562869325280216 8.8890529125928861 9.2423292249441129 7.2415670007467332 18.69383925944566 4.9399831593036643 5.4917627573013368 6.0153330564498901 5.6984881609678251 4.6201544255018261 6.8273951560258848 5.8322765231132507 7.7497912049293518 4.6368746757507342 13.920430451631544
leaf_count=44 85 52 40 116 22 30 38 30 27 47 26 43 28 87
internal_value=2.06072e-05 -0.00466593 -0.000581209 -0.00938311 -0.0383829 0.0049243 0.0104669 -0.00768618 -0.0275451 0.0354213 0.0188877 -0.0488874 0.0259988 -0.0508813
internal_weight=116.456 107.567 98.3242 79.0082 26.102 52.9062 47.4145 28.7206 18.0684 19.316 12.6597 13.4483 10.6522 21.162
internal_count=715 630 578 461 149 312 282 166 100 117 73 73 66 127
is_linear=0
shrinkage=0.05


Tree=28
num_leaves=15
num_cat=0
split_feature=6 16 2 1 3 16 16 6 6 5 8 5 6 2
split_gain=8.94647 7.74164 7.03772 5.87449 7.49986 7.89179 7.53446 6.56193 6.83185 6.51492 5.32154 4.67177 4.44372 4.19492
threshold=-2.6041044999999996 232.50000000000003 45.062503500000012 15.531159000000002 2.6475665000000004 188.50000000000003 170.50000000000003 -5.9411189999999996 -11.905574999999997 33.679248000000008 47.500000000000007 21.819491500000002 -4.5236774999999989 17.771479000000003
decision_type=2 2 2 2 2 2 2 2 2 2 2 2 2 2
left_child=1 2 3 4 5 6 7 8 13 -7 -2 -6 -13 -1
right_child=10 -3 -4 -5 11 9 -8 -9 -10 -11 -12 12 -14 -15
leaf_value=0.065597362455946537 0.048411157846372378 0.046612223134109725 -0.05048421574841444 0.051191565636656167 -0.079049294033165407 -0.062686383847940383 0.073167054362949596 0.038919985281070962 -0.02989431983056173 0.0035463425570602769 -0.022281687809454089 -0.040047477445404746 0.0041528448103344117 -0.011239529824264502
leaf_weight=3.8532295972108814 12.831747666001322 6.451230362057685 9.6352153718471509 4.3544956669211379 4.0734216570854214 7.0651436150073987 4.8761926367878905 10.392473660409456 14.008276045322418 7.8248967006802559 3.3589753732085219 13.187932789325718 9.9968116283416713 3.2956008464097977
leaf_count=25 102 37 67 31 20 44 32 60 84 44 18 69 68 20
internal_value=-0.000711892 -0.00634622 -0.0100372 -0.00533773 -0.00847053 0.00278795 0.0153244 0.00638448 -0.00959712 -0.0278803 0.033745 -0.0296656 -0.0209892 0.0301757
internal_weight=115.206 99.0149 92.5637 82.9285 78.574 51.3158 36.4258 31.5496 21.1571 14.89 16.1907 27.2582 23.1847 7.14883
internal_count=721 601 564 497 466 309 221 189 129 88 120 157 137 45
is_linear=0
shrinkage=0.05


Tree=29
num_leaves=15
num_cat=0
split_feature=7 16 2 1 8 16 16 1 16 16 16 2 16 7
split_gain=11.8375 5.98218 9.4533 5.69212 6.65345 8.70022 6.20792 5.62672 4.97429 8.92083 7.97304 6.37692 4.66634 6.40913
threshold=-4.1960039999999994 232.50000000000003 42.926842000000008 23.269492500000002 32.500000000000007 108.50000000000001 126.50000000000001 5.1644655000000013 135.50000000000003 155.50000000000003 185.50000000000003 7.4315715000000013 218.50000000000003 -8.5187904999999997
decision_type=2 2 2 2 2 2 2 2 2 2 2 2 2 2
left_child=1 2 3 4 -1 7 -7 -6 -8 -10 -11 -12 13 -13
right_child=-2 -3 -4 -5 5 6 8 -9 9 10 11 12 -14 -15
leaf_value=-0.055308081646072732 0.05613824853774485 0.04258055104506691 -0.052108245995787922 0.058453464097651654 0.056436288763258229 -0.06389686161891249 0.040114780609589638 -0.0013729096731538695 -0.051896738200965353 0.026044396094726259 -0.049697707542270264 0.02080459178730994 0.051552386638464759 -0.059167941915122396
leaf_weight=6.2660847306251517 8.3720474466681463 6.0634988844394675 11.079979740083216 3.6013794392347327 9.1839756593108195 5.0033692196011534 5.3435607403516761 7.7707108706235877 10.406097292900084 17.045685403048992 9.7918291166424769 5.6977306753396881 3.6488251090049735 4.4713275134563535
leaf_count=34 86 36 79 30 64 31 24 37 59 107 62 31 22 23
internal_value=-0.00108644 -0.00563298 -0.0085767 -0.00311002 -0.00572984 -0.00176546 -0.0105195 0.029941 -0.00578473 -0.0105881 -1.47956e-05 -0.018829 0.00304572 -0.0143593
internal_weight=113.746 105.374 99.3106 88.2306 84.6292 78.3631 61.4084 16.9547 56.4051 51.0615 40.6554 23.6097 13.8179 10.1691
internal_count=725 639 603 524 494 460 359 101 328 304 245 138 76 54
is_linear=0
shrinkage=0.05


Tree=30
num_leaves=15
num_cat=0
split_feature=7 7 16 16 5 16 2 16 3 8 13 4 1 7
split_gain=9.69349 7.21857 11.2045 10.4444 5.00512 9.41391 4.98995 4.75142 4.41035 5.89651 4.34626 4.61173 2.73358 5.65178
threshold=-4.1960039999999994 -4.7763529999999994 108.50000000000001 155.50000000000003 30.196269000000004 202.50000000000003 4.5506830000000003 232.50000000000003 2.9687955000000001 42.500000000000007 1.7176040000000004 0.58440000000000014 5.5004420000000005 -9.567556999999999
decision_type=2 2 2 2 2 2 2 2 2 2 2 2 2 2
left_child=1 2 12 8 5 6 -5 10 9 -4 11 -6 -1 -14
right_child=-2 -3 3 4 7 -7 -8 -9 -10 -11 -12 -13 13 -15
leaf_value=0.055480020166541945 0.055801774841216283 -0.047017762688506902 0.020130632296845915 -0.018331586013170316 -0.015092836527570971 -0.054804706029414132 0.045908033025085893 0.067720831186397462 -0.062846755351727568 -0.044141257699524976 0.051600383181175193 0.039414507178981352 0.063610631900538381 -0.016102984599968492
leaf_weight=8.9026392772793788 7.3569424897432318 8.7608577758073789 5.9243730306625393 5.9702881872653979 14.514820806682119 8.3607283756136876 6.1234250664710999 4.1637189760804167 9.0438653156161291 8.9741707891225797 5.0115860328078261 5.2966049388051024 3.7709008157253265 5.4192112833261472
leaf_count=65 79 52 29 38 81 51 40 29 61 53 35 34 28 25
internal_value=0.00040537 -0.00366047 0.000491941 -0.00819695 0.00492961 -0.0140086 0.0141949 0.0182933 -0.0353034 -0.0185837 0.0100025 -0.000520242 0.0357338 0.0166052
internal_weight=107.594 100.237 91.4763 73.3836 49.4412 20.4544 12.0937 28.9867 23.9424 14.8985 24.823 19.8114 18.0928 9.19011
internal_count=700 621 569 451 308 129 78 179 143 82 150 115 118 53
is_linear=0
shrinkage=0.05


Tree=31
num_leaves=15
num_cat=0
split_feature=16 16 7 7 7 3 16 7 7 1 16 4 0 16
split_gain=9.58127 7.82357 7.08547 8.02205 7.06022 10.0325 6.66807 5.99228 4.64327 3.55606 4.74878 4.88671 3.0529 3.21674
threshold=86.500000000000014 233.50000000000003 -16.562925499999995 -17.812926999999998 -9.2623459999999991 4.889412000000001 183.50000000000003 -8.5187904999999997 -4.5236774999999989 1.2600995000000002 204.50000000000003 0.23003750000000003 -4.7471904999999994 170.50000000000003
decision_type=2 2 2 2 2 2 2 2 2 2 2 2 2 2
left_child=-1 2 3 6 12 7 -2 -6 -7 -9 11 -11 -4 -14
right_child=1 -3 4 -5 5 8 -8 9 -10 10 -12 -13 13 -15
leaf_value=0.033696805886079866 0.034691243136517037 0.053821241049937678 -0.0032420161674820078 0.056024096077848556 0.053522185514914361 -0.066486110894285008 -0.049753997490896408 0.046956867348668427 0.0039306069702280521 -0.031114022608252235 -0.049917080312514288 0.031592204296438442 -0.0583051894097679 -0.015457896749075332
leaf_weight=20.209343895316124 4.2656240314245224 5.4034272730350486 5.5685003176331547 8.1978483349084854 6.9238265603780738 7.2437025159597397 5.1723008155822754 3.4012019038200441 3.4589404091238958 5.0902953445911425 5.0539243370294562 7.9741076156497002 14.105458751320841 6.3533450663089743
leaf_count=152 24 34 34 60 54 47 28 18 34 25 28 47 96 37
internal_value=0.0026432 -0.00447113 -0.0082748 0.0198412 -0.0158829 -0.00246408 -0.0115876 0.0130628 -0.0437284 4.52014e-05 -0.00876113 0.00715992 -0.0360654 -0.0449992
internal_weight=108.422 88.2125 82.8091 17.6358 65.1733 39.146 9.43792 28.4434 10.7026 21.5195 18.1183 13.0644 26.0273 20.4588
internal_count=718 566 532 112 420 253 52 172 81 118 100 72 167 133
is_linear=0
shrinkage=0.05


Tree=32
num_leaves=15
num_cat=0
split_feature=7 0 7 16 7 16 4 5 5 16 16 16 16 3
split_gain=9.2709 5.20883 7.09398 5.26149 7.54879 6.28089 5.52237 6.8116 5.01628 4.66316 5.0261 5.62525 7.47261 3.93433
threshold=-4.1960039999999994 4.6157440000000003 -8.3690944999999974 108.50000000000001 -4.7763529999999994 126.50000000000001 -0.25494499999999992 40.161982500000008 46.059530500000008 222.50000000000003 135.50000000000003 155.50000000000003 187.50000000000003 1.3694735000000002
decision_type=2 2 2 2 2 2 2 2 2 2 2 2 2 2
left_child=1 3 8 4 -1 -5 7 -7 -3 10 -8 -12 -13 -14
right_child=-2 2 -4 5 -6 6 9 -9 -10 -11 11 12 13 -15
leaf_value=0.041210800648261527 0.05534799723458568 0.028341285079358569 -0.063017185263382722 -0.061499954197511822 -0.037094629018806537 -0.057736972933337044 0.042264493510779391 0.031776103761618421 -0.036144279071503423 0.043253178152919389 -0.049090457521340405 0.038887805580783093 -0.045538647359551987 0.0049772669121871498
leaf_weight=14.144420154392721 6.7166633605957022 6.1616483032703417 8.4207404106855375 4.7947900295257559 3.9337082281708708 7.9397537708282453 5.6624026000499716 2.9021012112498283 5.9067827090620995 7.0738645717501631 6.8167597055435207 8.8699126094579714 7.2467532828450194 8.2336643636226636
leaf_count=93 77 43 57 34 20 54 26 23 42 48 41 57 40 49
internal_value=-0.0014816 -0.0053723 -0.0277961 0.000547002 0.0241719 -0.00662624 -0.00182019 -0.0337765 -0.00322058 0.00607136 -0.00107018 -0.00894317 0.00229587 -0.0186704
internal_weight=104.824 98.1073 20.4892 77.6181 18.0781 59.54 54.7452 10.8419 12.0684 43.9034 36.8295 31.1671 24.3503 15.4804
internal_count=704 627 142 485 113 372 338 77 85 261 213 187 146 89
is_linear=0
shrinkage=0.05


Tree=33
num_leaves=15
num_cat=0
split_feature=7 7 16 16 7 8 7 16 16 3 2 6 16 6
split_gain=8.8757 5.94051 8.05366 10.0479 6.19785 7.61869 4.83166 9.00549 4.76274 4.14513 5.19953 4.38632 2.93266 7.95488
threshold=-4.1960039999999994 -4.7763529999999994 108.50000000000001 156.50000000000003 -8.0002234999999988 42.500000000000007 -9.2623459999999991 185.50000000000003 218.50000000000003 2.9687955000000001 12.296723500000002 -10.281963499999998 170.50000000000003 -12.290637499999997
decision_type=2 2 2 2 2 2 2 2 2 2 2 2 2 2
left_child=1 2 -1 9 5 -5 7 12 -8 10 -4 -12 13 -7
right_child=-2 -3 3 4 -6 6 8 -9 -10 -11 11 -13 -14 -15
leaf_value=0.031912682070379728 0.055059758402807836 -0.044545065788995121 -0.063373396142683641 0.051796912388975408 -0.047387970435112295 0.058156854622734434 -0.0021343227065408008 -0.041513413506518923 0.066543255506341867 -0.061163402776846676 -0.031870039064930876 0.028436540395521227 0.047270619373272649 -0.060217712561700221
leaf_weight=16.334716819226742 6.9220349490642539 8.0967060700058919 4.5954144373536172 9.6073450744152051 4.7902438044548026 2.6989613696932793 5.3931555077433639 11.960047647356985 4.7459579110145569 8.4136113300919515 5.8672381788492229 6.2027555480599359 5.4312400594353676 2.9932221025228447
leaf_count=112 83 50 31 68 30 23 33 73 38 63 36 29 32 17
internal_value=0.000357425 -0.00354095 0.000187948 -0.00694025 0.00654944 0.012582 0.00124176 -0.0113954 0.0300126 -0.0325546 -0.0181112 -0.000878559 0.0209878 -0.00409015
internal_weight=104.053 97.1306 89.0339 72.6992 47.6202 42.8299 33.2226 23.0835 10.1391 25.079 16.6654 12.07 11.1234 5.69218
internal_count=718 635 585 473 314 284 216 145 71 159 96 65 72 40
is_linear=0
shrinkage=0.05


Tree=34
num_leaves=15
num_cat=0
split_feature=7 16 7 7 16 3 7 8 7 7 8 16 5 7
split_gain=8.45478 4.25787 4.32136 9.10149 6.33776 6.92156 8.16322 8.09729 5.54125 4.90596 4.84871 4.54517 2.47667 2.47613
threshold=-4.1960039999999994 232.50000000000003 -16.562925499999995 -17.812926999999998 86.500000000000014 4.8274465000000015 -9.2623459999999991 42.500000000000007 -8.5187904999999997 -4.6064339999999993 42.500000000000007 179.50000000000003 23.930129000000004 -6.7563399999999989
decision_type=2 2 2 2 2 2 2 2 2 2 2 2 2 2
left_child=1 2 3 11 9 6 7 -6 -8 13 -10 -1 -12 -4
right_child=-2 -3 4 -5 5 -7 8 -9 10 -11 12 -13 -14 -15
leaf_value=0.027943989735151477 0.054786438953461941 0.039654500612915866 0.018220372652630396 0.058972068943568892 0.022682197129599634 -0.054218170555308455 0.051523270664699722 -0.050101682888697499 -0.03608680275240058 -0.037204266905359801 0.052283179783354831 -0.043031220565824591 0.0013273765652813947 0.068216743736855032
leaf_weight=3.731950372457506 6.9320317804813376 5.6533236205577841 9.0814144983887655 7.451961174607276 5.0274737775325731 10.818446688354014 6.0208003669977144 15.927347123622893 7.1137381345033814 3.2388369515538207 3.3979949280619604 5.702252209186554 7.9960488080978394 3.4050304293632498
leaf_count=23 87 37 63 63 28 83 51 110 36 19 24 31 38 24
internal_value=0.00148612 -0.00242096 -0.00509622 0.0176694 -0.0104334 -0.0182718 -0.00972183 -0.0326394 0.00985671 0.0176307 -0.00369792 -0.0149551 0.0165237 0.0318543
internal_weight=101.499 94.5666 88.9133 16.8862 72.0271 56.3018 45.4834 20.9548 24.5286 15.7253 18.5078 9.4342 11.394 12.4864
internal_count=717 630 593 117 476 370 287 138 149 106 98 54 62 87
is_linear=0
shrinkage=0.05


Tree=35
num_leaves=15
num_cat=0
split_feature=7 16 3 7 6 6 16 5 13 4 6 1 5 16
split_gain=7.51302 6.10657 4.40282 7.95609 8.17669 6.65524 4.37296 3.40555 5.48492 3.30479 3.19673 3.18838 2.46613 2.41114
threshold=-4.1960039999999994 232.50000000000003 2.6475665000000004 -8.0002234999999988 -5.0309389999999992 -7.9519664999999993 188.50000000000003 25.200717000000001 3.0739345000000005 0.41234700000000007 -4.6540244999999993 4.4122705000000009 40.525884000000012 170.50000000000003
decision_type=2 2 2 2 2 2 2 2 2 2 2 2 2 2
left_child=1 2 5 4 13 7 10 -1 -9 -6 11 -7 -8 -4
right_child=-2 -3 3 -5 9 6 12 8 -10 -11 -12 -13 -14 -15
leaf_value=-0.050008181459750237 0.054535325883739251 0.047182228769395006 -0.049050765344914329 -0.044341560240764862 -0.0076990321708425838 0.04107068503417452 -0.0350535523450888 -0.024755714799180713 0.037202781126634429 0.057048018891291345 0.058703910101426664 -0.014339258177920833 0.018566419342764803 -0.0037791168239793035
leaf_weight=5.8217082396149626 5.866698130965232 5.5256982892751685 5.8627955466508883 17.679141595959663 2.8744425475597364 5.7373538911342639 4.4979147091507894 11.55805801600218 5.1696316525340071 6.2690713256597519 7.5308408439159455 4.7419215962290764 4.0982165932655334 5.9017529785633087
leaf_count=44 77 37 46 115 18 42 30 76 42 53 54 25 22 31
internal_value=-0.000347181 -0.00379935 -0.00700997 -0.0196514 0.00122583 0.00291352 0.0198507 -0.0170708 -0.00560767 0.0366935 0.0338549 0.0159974 -0.00949016 -0.02634
internal_weight=99.1352 93.2685 87.7428 38.5872 20.9081 49.1556 26.6062 22.5494 16.7277 9.14351 18.0101 10.4793 8.59613 11.7645
internal_count=712 635 598 263 148 335 173 162 118 71 121 67 52 77
is_linear=0
shrinkage=0.05


Tree=36
num_leaves=15
num_cat=0
split_feature=5 16 16 5 16 8 2 1 16 4 6 0 16 2
split_gain=5.96799 4.20109 4.72377 3.8292 6.35507 3.77351 3.13655 4.43507 2.70573 4.55264 7.48851 4.37261 3.20256 4.82676
threshold=51.023036000000012 86.500000000000014 233.50000000000003 32.211936000000001 72.500000000000014 47.500000000000007 45.062503500000012 13.476315000000001 187.50000000000003 -0.056546999999999993 -7.0515774999999996 3.6254285000000004 170.50000000000003 12.296723500000002
decision_type=2 2 2 2 2 2 2 2 2 2 2 2 2 2
left_child=1 3 6 5 -5 -1 7 8 11 -10 -11 12 13 -3
right_child=-2 2 -4 4 -6 -7 -8 -9 9 10 -12 -13 -14 -15
leaf_value=0.062799457241361711 -0.041095532221562404 -0.024083568338435106 0.048626549264161267 -0.043225182141231687 0.057697720734170399 0.0069158020766740842 -0.050716592471782597 0.040144741854917239 -0.065713610989711929 0.051422047663251425 -0.029415504754888064 -0.030495178589738312 0.045386564236856088 0.021873821907056501
leaf_weight=7.9147778302431124 7.6473960131406775 9.6979116722941452 4.5236074551939955 4.1508675441145888 2.4988934844732285 4.8852639049291611 3.4343201741576186 5.7635880112648001 4.4185544252395657 3.9106464534997949 10.713485151529309 8.1247192323207837 5.4907328486442557 13.90513803064823
leaf_count=75 64 73 31 27 23 36 27 50 30 28 68 56 40 91
internal_value=0.00129906 0.00492423 -0.000788784 0.0254803 -0.00529967 0.0414709 -0.00420367 -0.00162825 -0.00590761 -0.0212369 -0.00779869 0.00193557 0.0109922 0.00299106
internal_weight=97.0799 89.4325 69.9827 19.4498 6.64976 12.8 65.4591 62.0248 56.2612 19.0427 14.6241 37.2185 29.0938 23.603
internal_count=719 655 494 161 50 111 463 436 386 126 96 260 204 164
is_linear=0
shrinkage=0.05


Tree=37
num_leaves=15
num_cat=0
split_feature=7 8 5 8 5 5 7 3 16 7 5 1 4 4
split_gain=7.63341 5.35369 3.7179 5.27612 7.97831 4.72703 4.28165 9.91485 4.96752 6.43227 4.97037 3.79709 2.94916 3.15658
threshold=-4.1960039999999994 32.500000000000007 51.023036000000012 42.500000000000007 40.419282500000001 21.492747000000005 -9.2623459999999991 4.1549830000000005 185.50000000000003 -11.363113999999998 46.059530500000008 4.2319795000000004 -0.21731549999999997 -0.51664949999999987
decision_type=2 2 2 2 2 2 2 2 2 2 2 2 2 2
left_child=1 -1 3 4 5 -3 8 11 9 10 12 -8 13 -5
right_child=-2 2 -4 6 -6 -7 7 -9 -10 -11 -12 -13 -14 -15
leaf_value=-0.045186708154322824 0.054097852087390645 0.051962619415737432 -0.033992070502030361 0.05076811101661223 0.064726254414177439 -0.01370645798198903 0.043777568705534259 -0.052950110668799844 -0.043898210259871173 -0.051698697593052845 -0.033606499936367849 -0.0030376651433601572 0.062273965058880623 -0.02528142771712141
leaf_weight=7.2865730524063101 6.0106025859713546 3.5982349440455463 7.5531138703227034 2.4471658617258063 7.6150894612073889 11.49395979195833 11.960626684129247 4.9160732254385939 11.570873141288756 4.8933120369911203 3.8440681770443925 6.7902004867792121 4.6865588948130599 3.0840393453836441
leaf_count=48 86 26 62 22 54 72 94 31 74 38 22 39 35 23
internal_value=-0.000489239 -0.00406567 -0.000517775 0.00277006 0.0230027 0.00195016 -0.00570758 0.0102537 -0.0180824 -0.00232358 0.0148582 0.0268245 0.0330914 0.0083651
internal_weight=97.7505 91.7399 84.4533 76.9002 22.7073 15.0922 54.1929 23.6669 30.526 18.9551 14.0618 18.7508 10.2178 5.53121
internal_count=726 640 592 530 152 98 378 164 214 140 102 133 80 45
is_linear=0
shrinkage=0.05


Tree=38
num_leaves=15
num_cat=0
split_feature=6 16 2 1 3 3 8 6 1 16 2 16 16 16
split_gain=5.19608 4.74779 4.82733 5.05585 5.94489 3.97527 3.29762 3.10916 3.90024 2.78781 2.72155 2.29221 4.07242 3.38852
threshold=-2.6041044999999996 232.50000000000003 45.062503500000012 15.531159000000002 3.7552090000000002 -2.3016569999999992 47.500000000000007 -4.3825619999999992 8.6620250000000016 90.500000000000014 12.296723500000002 218.50000000000003 187.50000000000003 170.50000000000003
decision_type=2 2 2 2 2 2 2 2 2 2 2 2 2 2
left_child=1 2 3 4 5 10 9 -6 -9 -2 -1 12 13 -7
right_child=6 -3 -4 -5 7 11 -8 8 -10 -11 -12 -13 -14 -15
leaf_value=-0.041463048316330492 0.060413188893768524 0.038329468113962449 -0.046257145295763941 0.054687167414720919 -0.053128850781654129 0.0059458342456235116 -0.015349955061533855 -0.053678011637492244 0.022442261589768895 0.002714163970253234 0.0090459535382337846 0.047377032762465576 -0.026570651684608027 0.0533194967382562
leaf_weight=7.9245661124587041 6.7684364765882474 5.6572302132844916 7.860442526638507 3.3849095478653899 9.2954939305782336 21.437596119940284 3.2804480865597716 2.8614333197474471 4.0853797644376755 3.0309372171759605 4.019822858273983 3.4691870436072341 7.9659666121006003 4.5812997370958319
leaf_count=63 78 39 72 33 59 145 19 17 42 24 26 24 49 36
internal_value=-0.00123845 -0.00587812 -0.00913088 -0.00490305 -0.00797595 0.000652294 0.0280413 -0.0342174 -0.00891213 0.0425669 -0.0244645 0.00866224 0.00471022 0.0142872
internal_weight=95.6231 82.5433 76.8861 69.0257 65.6407 49.3984 13.0798 16.2423 6.94681 9.79937 11.9444 37.454 33.9849 26.0189
internal_count=726 605 566 494 461 343 121 118 59 102 89 254 230 181
is_linear=0
shrinkage=0.05


Tree=39
num_leaves=15
num_cat=0
split_feature=7 0 7 6 16 2 16 2 7 16 0 7 7 16
split_gain=6.8198 4.4532 6.55641 3.93709 3.91847 5.73879 5.49486 4.74625 4.52899 5.06671 3.4843 3.28642 4.04473 2.70052
threshold=-4.1960039999999994 4.6157440000000003 -8.5187904999999997 -5.1848174999999985 108.50000000000001 26.308830000000004 126.50000000000001 7.4315715000000013 -16.562925499999995 196.50000000000003 1.3733295000000003 -8.5187904999999997 -13.153492499999997 161.50000000000003
decision_type=2 2 2 2 2 2 2 2 2 2 2 2 2 2
left_child=1 4 3 13 5 10 -6 8 9 -8 -1 12 -9 -3
right_child=-2 2 -4 -5 6 -7 7 11 -10 -11 -12 -13 -14 -15
leaf_value=0.059384895457933462 0.053734413881711511 -0.057639254444292187 -0.061329170726511867 0.03731735521420812 -0.059362126047276059 -0.039248791848834445 0.057442889333032036 -0.0042060686222374641 -0.041612098093967702 -0.027622072702027791 0.0077725848689748538 -0.0079208083033495622 0.043250993392287607 0.0068408591311069815
leaf_weight=7.8314815759658831 5.6073756143450728 3.1735466867685327 7.4201558828353873 4.2334513142704973 4.1307968348264685 2.9431029185652724 3.1665605530142811 7.2251980602741268 10.217451028525828 3.9144775122404099 5.6141860783100128 12.225013889372351 11.859321609139441 3.3252394497394562
leaf_count=62 87 29 59 40 35 21 30 49 79 23 33 62 91 21
internal_value=0.000283503 -0.0031505 -0.0251903 -0.00020426 0.00263699 0.0239917 -0.00399907 0.000705781 -0.0203139 0.010418 0.0378344 0.0123191 0.0252842 -0.0246467
internal_weight=92.8874 87.28 18.1524 10.7322 69.1276 16.3888 52.7388 48.608 17.2985 7.08104 13.4457 31.3095 19.0845 6.49879
internal_count=721 634 149 90 485 116 369 334 132 53 95 202 140 50
is_linear=0
shrinkage=0.05


Tree=40
num_leaves=15
num_cat=0
split_feature=7 8 16 16 1 4 6 16 16 16 7 6 1 1
split_gain=6.34739 5.19944 3.80499 5.97177 4.62775 3.79388 5.06264 4.80389 5.12831 4.86281 3.43102 3.12852 3.69907 3.3939
threshold=-4.1960039999999994 32.500000000000007 108.50000000000001 126.50000000000001 5.1644655000000013 -0.25494499999999992 -16.501015499999998 226.50000000000003 135.50000000000003 148.50000000000003 -7.6468439999999989 -8.377950499999999 1.0000000180025095e-35 13.106827500000003
decision_type=2 2 2 2 2 2 2 2 2 2 2 2 2 2
left_child=1 -1 4 -4 -3 6 -5 8 -7 -10 -6 -11 -13 -14
right_child=-2 2 3 5 10 7 -8 -9 9 11 -12 12 13 -15
leaf_value=-0.047333696895878491 0.05354067270558948 0.05143515202150261 -0.058467814677358065 0.032649257075625236 0.038811399085613735 0.044327570313581185 -0.050777464079617453 0.04930304225208676 -0.060986764824148436 -0.039867244377362401 -0.022169826547905797 0.045484745056904592 -0.010825908944307886 0.04626944373056871
leaf_weight=6.4495831280946723 5.0464582629501811 7.0069114044308689 5.0621451362967482 2.4153124317526817 3.5072131305933008 5.3200703710317603 7.3590728938579542 5.2188981026411048 3.8994193822145453 4.6635033637285153 6.7379720211029026 4.5766298547387221 20.64624592661858 2.9782287552952758
leaf_count=45 82 64 46 22 30 25 62 42 31 29 40 34 135 24
internal_value=-0.00095598 -0.00415975 -0.000652398 -0.00642001 0.0201217 -0.00180394 -0.0301622 0.00405583 -0.00155533 -0.00819498 -0.00129425 -0.00193118 0.00434215 -0.00362816
internal_weight=90.8877 85.8412 79.3916 62.1395 17.2521 57.0774 9.77439 47.303 42.0841 36.764 10.2452 32.8646 28.2011 23.6245
internal_count=711 629 584 450 134 404 84 320 278 253 70 222 193 159
is_linear=0
shrinkage=0.05


Tree=41
num_leaves=15
num_cat=0
split_feature=7 3 7 5 7 7 7 6 3 8 7 16 5 16
split_gain=5.9282 4.35401 5.90262 5.40948 3.49088 4.75324 4.39213 6.76037 5.98806 4.21495 4.58859 4.89861 4.17112 3.56159
threshold=-4.1960039999999994 5.5122850000000012 -8.8118754999999975 45.073884500000005 -9.2623459999999991 -10.711000499999999 -8.5187904999999997 -7.8578979999999996 2.6475665000000004 42.500000000000007 -13.923449499999998 183.50000000000003 49.098343500000006 170.50000000000003
decision_type=2 2 2 2 2 2 2 2 2 2 2 2 2 2
left_child=1 4 3 -3 5 9 -6 -8 -9 12 11 13 -1 -11
right_child=-2 2 -4 -5 6 -7 7 8 -10 10 -12 -13 -14 -15
leaf_value=0.066993596943283634 0.053360324530354733 0.05123446325156214 -0.057070835549034554 -0.027867118703490935 0.04731121098392263 -0.054425965735781991 -0.069187999505154585 0.034939555252546321 -0.017939219354784802 0.0053767733545628076 -0.045488232792041533 -0.025583853887042415 -0.010084025282521137 0.073433732743608274
leaf_weight=4.0145357772707966 5.1163762658834449 3.4958724230527896 7.6977717652916899 5.6618173494935036 8.0505582690238935 4.6772357299923888 2.7446576133370391 13.493189111351972 8.875378414988516 5.2253104150295275 6.6968056559562674 7.4024174213409415 3.1188757047057152 3.0412491336464882
leaf_count=21 87 33 67 47 78 37 15 86 51 44 55 45 23 22
internal_value=0.00110387 -0.00207164 -0.0247984 0.00232926 0.00361693 -0.00759729 0.0151736 0.00487119 0.0139584 -0.000172387 -0.0108462 0.00395962 0.0332937 0.0304148
internal_weight=89.3121 84.1957 16.8555 9.15769 67.3402 34.1764 33.1638 25.1132 22.3686 29.4992 22.3658 15.669 7.13341 8.26656
internal_count=711 624 147 80 477 247 230 152 137 210 166 111 44 66
is_linear=0
shrinkage=0.05


Tree=42
num_leaves=15
num_cat=0
split_feature=7 3 7 6 7 7 7 8 7 1 2 1 16 7
split_gain=5.72659 4.03484 5.56261 4.49967 4.45068 4.73923 4.72857 3.32805 5.27884 4.36578 4.96156 3.16357 2.38259 5.66178
threshold=-4.1960039999999994 3.7552090000000002 -8.0002234999999988 -9.2613699999999977 -9.2623459999999991 -10.711000499999999 -8.5187904999999997 37.500000000000007 -5.2157574999999996 1.2600995000000002 8.5980560000000015 12.429344500000001 185.50000000000003 -16.467661499999995
decision_type=2 2 2 2 2 2 2 2 2 2 2 2 2 2
left_child=1 4 3 -3 5 12 -6 -8 9 -9 -11 -5 13 -1
right_child=-2 2 -4 11 6 -7 7 8 -10 10 -12 -13 -14 -15
leaf_value=0.057107349816411149 0.053198376903635172 -0.055711748322823496 -0.0465400260528386 -0.0094960390972277132 0.056318275748873173 -0.060033040136112048 -0.032846171631243266 0.044699586737635695 0.060431143243998044 0.02727267783797729 -0.051979163041797352 0.041850310330867183 -0.020757366604504071 -0.0079521019884551559
leaf_weight=4.6243705600500169 4.7300124429166308 2.9080382809042922 11.083683110773562 6.6863209828734416 6.3848654255270985 3.9734544828534153 4.1629976183176067 3.6397570893168512 4.957770742475982 3.243122458457945 5.0500913932919502 5.4409361556172371 10.042486421763895 12.078252166509627
leaf_count=46 84 29 91 42 69 34 21 25 30 25 27 51 65 84
internal_value=-0.000335572 -0.00334017 -0.0196652 0.000146283 0.00399157 -0.00908103 0.0186268 0.00719634 0.0170655 -0.000951586 -0.0209871 0.0135407 -0.00151121 0.0100606
internal_weight=89.0062 84.2761 26.119 15.0353 58.1572 30.7186 27.4386 21.0537 16.8907 11.933 8.29321 12.1273 26.7451 16.7026
internal_count=723 639 213 122 426 229 197 128 107 77 52 93 195 130
is_linear=0
shrinkage=0.05


Tree=43
num_leaves=15
num_cat=0
split_feature=7 16 2 1 0 3 2 8 7 3 2 7 5 2
split_gain=5.53143 4.01005 6.13151 3.60422 4.61226 3.54084 2.88213 2.74732 5.5976 2.61051 2.37216 2.23001 2.05677 2.80338
threshold=-4.1960039999999994 232.50000000000003 42.926842000000008 23.269492500000002 4.6157440000000003 -1.7870354999999998 12.296723500000002 32.500000000000007 -5.0360034999999987 2.8571610000000005 15.073177000000001 -8.3690944999999974 22.210002500000005 24.182599500000006
decision_type=2 2 2 2 2 2 2 2 2 2 2 2 2 2
left_child=1 2 3 4 5 6 -1 -7 9 12 -11 -6 -9 -14
right_child=-2 -3 -4 -5 11 7 -8 8 -10 10 -12 -13 13 -15
leaf_value=-0.041025351065089338 0.053029609587371553 0.041445611658758416 -0.050994161624569961 0.054920020580738783 -0.015069555064167794 -0.039080354582670541 0.0072103254288721818 0.037908724251064126 0.064487122435586894 0.0064528333014458907 -0.040071834566476547 -0.061900963741148111 -0.0050313506988759601 0.038416173966055164
leaf_weight=7.8979980871081263 4.4552916288375846 4.5543938204646102 7.1379118710756293 2.6421894803643218 5.8742281347513199 2.9563180208206239 5.0943165943026543 6.333068229258056 4.3508977368474069 5.6914240345358831 5.2829638868570328 4.4811222180724126 15.606130167841913 4.8716912418603888
leaf_count=70 83 34 75 34 39 18 33 60 30 35 36 35 114 22
internal_value=-0.00124125 -0.00416234 -0.00681787 -0.0023818 -0.00459399 0.000886541 -0.022112 0.00751303 0.0107821 0.00459804 -0.0159437 -0.0353351 0.0130063 0.00530485
internal_weight=87.2299 82.7747 78.2203 71.0823 68.4402 58.0848 12.9923 45.0925 42.1362 37.7853 10.9744 10.3554 26.8109 20.4778
internal_count=718 635 601 526 492 418 103 315 297 267 71 74 196 136
is_linear=0
shrinkage=0.05


Tree=44
num_leaves=15
num_cat=0
split_feature=7 16 2 16 1 6 7 7 3 7 8 7 1 2
split_gain=4.50712 4.26936 4.07779 2.85028 3.76817 3.99682 2.78649 6.75348 4.39651 7.35433 5.29507 3.70579 2.93795 4.71198
threshold=-4.1960039999999994 233.50000000000003 42.926842000000008 86.500000000000014 5.1644655000000013 -2.5795659999999994 -16.562925499999995 -17.812926999999998 4.8274465000000015 -9.2623459999999991 42.500000000000007 -8.5187904999999997 4.3466270000000007 20.349550500000003
decision_type=2 2 2 2 2 2 2 2 2 2 2 2 2 2
left_child=1 2 3 4 -1 -6 7 -5 9 10 -8 -11 -13 -14
right_child=-2 -3 -4 6 5 -7 8 -9 -10 11 -12 12 13 -15
leaf_value=0.058013375786824944 0.052869058503378391 0.046272335749217762 -0.039395582884966203 -0.013845787393475804 -0.025652802064892601 0.041704522499734054 0.01640055645320998 0.057824441674125551 -0.054981170335102893 0.049418441487812111 -0.047071089883970386 0.025502589066425763 -0.05197349580087926 0.01930142864778614
leaf_weight=4.4166170433163634 3.9882419295608988 4.4206909015774718 7.4608076587319365 8.391176871955393 5.412845090031623 3.7131124213337889 4.4512132033705667 5.4035740718245426 5.1406260952353469 5.3793118782341436 12.551076032221316 7.2426663115620853 4.7245107963681203 4.553958997130394
leaf_count=45 78 35 79 52 36 27 24 55 44 55 104 43 29 21
internal_value=0.000944979 -0.00154217 -0.00422316 -0.000546893 0.0201012 0.00175312 -0.00538156 0.0142283 -0.0115235 -0.00578103 -0.0304542 0.0133738 0.00163762 -0.0169911
internal_weight=87.2504 83.2622 78.8415 71.3807 13.5426 9.12596 57.8381 13.7948 44.0434 38.9027 17.0023 21.9004 16.5211 9.27847
internal_count=727 649 614 535 108 63 427 107 320 276 128 148 93 50
is_linear=0
shrinkage=0.05


Tree=45
num_leaves=15
num_cat=0
split_feature=16 5 16 16 5 16 0 16 16 16 16 2 2 2
split_gain=3.7248 3.29518 5.03284 2.4515 5.2598 4.48928 4.2045 3.99679 2.58429 2.9872 4.53038 2.70346 2.56883 2.58646
threshold=86.500000000000014 32.211936000000001 72.500000000000014 156.50000000000003 35.633359500000005 135.50000000000003 4.1533875000000009 202.50000000000003 128.50000000000003 108.50000000000001 97.500000000000014 23.959780500000004 4.5506830000000003 -6.4878959999999992
decision_type=2 2 2 2 2 2 2 2 2 2 2 2 2 2
left_child=1 -1 -3 5 7 6 8 12 9 10 -2 -11 13 -5
right_child=3 2 -4 4 -6 -7 -8 -9 -10 11 -12 -13 -14 -15
leaf_value=0.040233003803770033 -0.022667394453775788 -0.042077031374144286 0.056037972943230444 0.016191761278976296 0.021268617130522541 -0.044403008565287144 -0.043635009844155873 -0.043460492797809162 0.045981456663569252 -0.064183521580914796 0.066272305573949142 0.0081861438503194293 0.030834393688864488 -0.05503881688611887
leaf_weight=10.041749060153959 2.7551017925143295 3.6903996989130965 2.0237744115293026 2.5100418999791154 20.710419069975615 8.9831878915429098 4.5607764013111582 7.5297480672597876 3.9365344271063796 2.6443304494023323 2.9810102358460426 2.5205078981816769 4.8578536882996559 2.5888621807098398
leaf_count=109 25 28 23 22 163 73 56 57 20 19 24 28 41 22
internal_value=0.00112287 0.0229842 -0.00732789 -0.00405065 0.00421967 -0.0151812 -0.00164879 -0.0159725 0.011257 -0.00128262 0.0235538 -0.0288662 0.00481513 -0.0199741
internal_weight=82.3343 15.7559 5.71417 66.5784 38.1969 28.3814 19.3983 17.4865 14.8375 10.901 5.73611 5.16484 9.95676 5.0989
internal_count=710 160 51 550 305 245 172 142 116 96 49 47 85 44
is_linear=0
shrinkage=0.05


Tree=46
num_leaves=15
num_cat=0
split_feature=7 8 18 18 0 4 18 6 18 18 1 18 7 13
split_gain=4.73959 4.2388 2.88121 5.47175 3.8408 3.68799 5.1796 4.63545 4.56352 5.3102 2.55796 2.85777 3.94743 5.13638
threshold=-4.1960039999999994 32.500000000000007 108.50000000000001 126.50000000000001 1.3733295000000003 -0.29070949999999995 222.50000000000003 -16.501015499999998 135.50000000000003 148.50000000000003 13.106827500000003 202.50000000000003 -8.8118754999999975 0.78008200000000005
decision_type=2 2 2 2 2 2 2 2 2 2 2 2 2 2
left_child=1 -1 4 -4 -3 7 8 -5 -7 -10 11 12 13 -11
right_child=-2 2 3 5 -6 6 -8 -9 9 10 -12 -13 -14 -15
leaf_value=-0.043800461053164208 0.052686542905996364 0.045739946492979709 -0.057103092609447431 0.031152798243925663 -0.0041881420437565372 0.042149720752096519 0.046830148610898702 -0.054845733810623333 -0.062399391202093236 -0.032242982180093228 0.039600946632742835 -0.033445633646665439 0.035499708220856123 0.047319526172826865
leaf_weight=5.849495440721511 4.0382758900523177 7.3563075698912135 4.5898676589131346 2.1500141769647598 8.0856071189045888 5.1362913995981279 6.4723307602107516 5.7777721583843151 4.0147851034998885 8.6561753973364812 3.4193219915032378 7.0552455782890311 6.4178010597825148 2.6493946537375441
leaf_count=47 84 65 49 21 67 24 58 56 36 60 29 49 48 22
internal_value=-0.000125206 -0.00287243 0.000462831 -0.00478161 0.0195969 -0.000140976 0.00553638 -0.0315229 -0.00161955 -0.00859852 -0.00093842 -0.00653264 0.00418077 -0.013598
internal_weight=81.6687 77.6304 71.7809 56.339 15.4419 51.7491 43.8213 7.92779 37.349 32.2127 28.1979 24.7786 17.7234 11.3056
internal_count=715 631 584 452 132 403 326 77 268 244 208 179 130 82
is_linear=0
shrinkage=0.05


Tree=47
num_leaves=15
num_cat=0
split_feature=7 8 8 9 7 5 5 5 3 7 4 16 1 16
split_gain=4.27387 3.65394 3.2686 5.1336 4.0221 3.95526 5.3075 4.3492 3.45803 3.21877 3.14173 2.69158 2.1724 1.97929
threshold=-4.1960039999999994 32.500000000000007 42.500000000000007 2.5000000000000004 -9.2623459999999991 50.658227500000002 37.26278700000001 22.585318500000003 4.1549830000000005 -13.923449499999998 0.38276300000000002 183.50000000000003 1.7827810000000002 170.50000000000003
decision_type=2 2 2 2 2 2 2 2 2 2 2 2 2 2
left_child=1 -1 5 4 9 6 7 -3 -6 11 -11 13 -5 -4
right_child=-2 2 3 12 8 -7 -8 -9 -10 10 -12 -13 -14 -15
leaf_value=-0.039600293094819244 0.052546254390853232 0.055196551186150002 0.0026510517818161073 -0.0056371412816700345 0.03130595833962229 -0.028236520657821618 0.059712420919487801 -0.012888722693928238 -0.037186620245774453 -0.051980001169924052 0.016302556753595095 -0.019113171028973298 -0.054965605674770372 0.057146986348135621
leaf_weight=5.9820653051137915 3.7562909647822371 3.2104554213583532 3.8872935846447891 3.3707322850823385 13.194715179502966 4.0810678601264945 7.2484809309244147 8.7063854634761793 2.1419681161642066 6.6790829524397868 2.2527540028095245 6.4271110147237778 6.6064654104411602 2.916067898273468
leaf_count=48 82 29 36 34 110 39 60 58 19 66 23 40 48 20
internal_value=0.000472451 -0.00207765 0.0010962 -0.00642542 0.00205539 0.0164577 0.0259748 0.00545378 0.0217401 -0.0115667 -0.034758 0.00408961 -0.0383003 0.0260092
internal_weight=80.4609 76.7046 70.7226 47.4762 37.499 23.2464 19.1653 11.9168 15.3367 22.1623 8.93184 13.2305 9.9772 6.80336
internal_count=712 630 582 396 314 186 147 87 129 185 89 96 82 56
is_linear=0
shrinkage=0.05


Tree=48
num_leaves=15
num_cat=0
split_feature=7 0 7 8 7 1 1 9 16 16 1 16 3 2
split_gain=4.57809 2.87163 5.38549 2.32502 5.25626 2.19752 2.06471 1.97537 2.6976 2.67025 3.60806 2.33599 2.99701 1.40112
threshold=-4.1960039999999994 4.6157440000000003 -8.5187904999999997 32.500000000000007 -5.0360034999999987 12.300989000000003 6.1258570000000008 3.5000000000000004 108.50000000000001 89.500000000000014 5.5004420000000005 128.50000000000003 -0.074540999999999982 12.296723500000002
decision_type=2 2 2 2 2 2 2 2 2 2 2 2 2 2
left_child=1 3 5 -1 7 6 -3 8 9 10 -5 -10 13 -13
right_child=-2 2 -4 4 -6 -7 -8 -9 11 -11 -12 12 -14 -15
leaf_value=-0.03896457504686815 0.052395433439158458 0.0071739207966185579 -0.058837926750953742 0.055833337665024352 0.058803839041222578 0.028570063362711458 -0.057169670199948841 -0.035607310531065244 -0.044108432632524459 0.067363343204920267 -0.029070272590978771 -0.02285002713249799 0.014257673240084562 0.0058840369419190476
leaf_weight=3.3227370381355277 3.9024911485612384 2.9081009440124017 6.1194072142243376 2.1901546120643527 4.0744107589125695 4.1619612723588943 2.1824373751878738 3.6499581374227992 3.1306527368724337 2.9050127565860748 2.919034831225872 12.854445852339262 20.10881336778403 6.3324571922421447
leaf_count=22 90 24 62 25 31 44 18 28 31 24 19 112 148 39
internal_value=-0.000435259 -0.0031177 -0.022447 0.00171461 0.00403845 0.00162127 -0.0204117 -8.67922e-05 0.00248353 0.0290881 0.00732533 -0.00254199 0.000769572 -0.0133666
internal_weight=80.7621 76.8596 15.3719 61.4877 58.1649 9.2525 5.09054 54.0905 50.4406 8.0142 5.10919 42.4264 39.2957 19.1869
internal_count=717 627 148 479 457 86 42 426 398 68 44 330 299 151
is_linear=0
shrinkage=0.05


Tree=49
num_leaves=15
num_cat=0
split_feature=7 8 16 1 16 8 4 16 6 16 16 6 6 16
split_gain=4.01898 3.91481 2.58048 4.28033 4.12847 2.79709 2.60959 4.48487 4.47127 4.26021 4.81171 3.03677 3.77935 5.17963
threshold=-4.1960039999999994 32.500000000000007 108.50000000000001 5.1644655000000013 126.50000000000001 47.500000000000007 -0.25494499999999992 222.50000000000003 -16.501015499999998 135.50000000000003 148.50000000000003 -8.377950499999999 -7.3184504999999991 202.50000000000003
decision_type=2 2 2 2 2 2 2 2 2 2 2 2 2 2
left_child=1 -1 3 -3 -4 -5 8 9 -6 -8 -11 -12 -13 -14
right_child=-2 2 4 5 6 -7 7 -9 -10 10 11 12 13 -15
leaf_value=-0.04459323797452306 0.05228496938272973 0.056862793015340397 -0.055542068071917944 0.018856757519585952 0.032525202878728558 -0.037657761518639331 0.040678318290435077 0.042676782035951738 -0.050177103425871609 -0.062140874557708448 -0.043031052406299883 0.043352115804767048 0.007372803562994322 -0.056722464560198443
leaf_weight=5.1029076650738707 3.5292017050087443 5.0145744979381552 3.6571999117732039 6.614725496619938 2.280329704284668 3.2726003676652908 4.9706905707717004 6.4651993066072455 5.7688643373548896 3.7691352926194659 3.9038271307945172 4.9791850671172098 15.832845624536295 3.935481145977973
leaf_count=44 85 58 45 52 23 20 24 57 60 35 24 33 121 32
internal_value=0.000132124 -0.00230355 0.000758984 0.0192349 -0.00419624 0.000151049 -0.000578477 0.00422449 -0.0267476 -0.00242419 -0.00903265 -0.00204616 0.00441905 -0.00538729
internal_weight=79.0968 75.5676 70.4647 14.9019 55.5628 9.88733 51.9056 43.8564 8.04919 37.3912 32.4205 28.6513 24.7475 19.7683
internal_count=713 628 584 130 454 72 409 326 83 269 245 210 186 153
is_linear=0
shrinkage=0.05


Tree=50
num_leaves=15
num_cat=0
split_feature=7 7 0 8 7 7 16 16 16 5 4 7 5 7
split_gain=3.97537 2.77876 4.83422 3.58906 3.71004 4.14097 7.81128 4.07483 3.12883 2.86884 4.47107 3.31244 2.44122 2.66889
threshold=-4.1960039999999994 -8.2102879999999967 4.1533875000000009 42.500000000000007 -9.2623459999999991 -16.562925499999995 109.50000000000001 179.50000000000003 218.50000000000003 49.558890000000012 0.35723850000000007 -10.883451499999998 29.383237500000003 -5.2157574999999996
decision_type=2 2 2 2 2 2 2 2 2 2 2 2 2 2
left_child=1 3 12 9 5 7 -7 -5 -6 10 -1 -12 13 -3
right_child=-2 2 -4 4 8 6 -8 -9 -10 -11 11 -13 -14 -15
leaf_value=0.080079417907597442 0.052167676733085699 -0.012218791893697617 -0.05767537055594335 0.044836566561931412 -0.0012124340204977696 0.057411557202608689 -0.046728778003821712 -0.015084936220938844 0.064024537812610041 -0.011611935133161151 0.045498457425597598 -0.029946209850514299 -0.02870619176579833 0.033791636872872212
leaf_weight=4.1387175284326059 3.5210874229669562 6.9355788603425061 5.3930968418717375 4.740045662969349 4.2396669834852245 2.1176718845963469 12.027239955961702 7.0673278421163559 3.24448087438941 3.6338561326265326 3.3064649365842333 2.5980873852968225 6.6452371925115576 5.7771531343460101
leaf_count=29 89 60 60 42 32 20 123 44 35 35 38 19 40 40
internal_value=0.000295596 -0.00224593 -0.0158108 0.00488034 -0.00394588 -0.0128899 -0.0311377 0.00897043 0.0270687 0.0264578 0.0402321 0.0123017 -0.00414736 0.00869011
internal_weight=75.3857 71.8646 24.7511 47.1136 33.4364 25.9523 14.1449 11.8074 7.48415 13.6771 10.0433 5.90455 19.358 12.7127
internal_count=706 617 200 417 296 229 143 86 67 121 86 57 140 100
is_linear=0
shrinkage=0.05


Tree=51
num_leaves=15
num_cat=0
split_feature=16 2 1 6 3 1 16 16 16 4 4 1 16 5
split_gain=3.62495 4.12956 3.40272 4.09522 3.5059 2.06846 1.99296 4.87419 4.16516 2.55197 3.29474 2.40891 2.81369 1.67834
threshold=232.50000000000003 42.926842000000008 12.429344500000001 -2.6041044999999996 3.8116075000000005 10.153522500000001 187.50000000000003 218.50000000000003 156.50000000000003 0.17353250000000003 0.3888835000000001 1.2600995000000002 134.50000000000003 59.797039000000005
decision_type=2 2 2 2 2 2 2 2 2 2 2 2 2 2
left_child=1 2 3 4 5 6 8 -8 9 11 -11 12 -1 -3
right_child=-2 13 -4 -5 -6 -7 7 -9 -10 10 -12 -13 -14 -15
leaf_value=0.034700711918333085 0.046400456677376078 -0.055130049270534588 0.032084426602829612 0.036901207185032002 -0.034775534148351182 0.039529024530031751 -0.045292107631210485 0.022614608200823685 0.035185353834805588 0.036860845245635085 -0.030359914710381727 -0.047703523839541059 -0.040976938740549015 0.0025429946083386197
leaf_weight=2.6976984776556474 4.1339409053325644 4.7557339891791335 8.2314995937049371 5.9335346296429696 9.2726125083863717 2.9630586579442015 7.435060437768696 4.0995421223342419 7.5176822766661635 5.0316445380449286 2.8584150671958923 5.5601859390735626 2.2548357769846916 1.7168558984994886
leaf_count=27 35 58 98 70 79 18 60 39 80 40 16 37 24 23
internal_value=0.000897907 -0.00177676 0.00208065 -0.00235943 -0.00704751 -0.00068623 -0.00386765 -0.0211572 0.00382621 -0.00898425 0.0125081 -0.0251148 0.000245489 -0.0398323
internal_weight=74.4623 70.3284 63.8558 55.6243 49.6907 40.4181 37.4551 11.5346 25.9205 18.4028 7.89006 10.5127 4.95253 6.47259
internal_count=704 669 588 490 420 341 323 99 224 144 56 88 51 81
is_linear=0
shrinkage=0.05


Tree=52
num_leaves=15
num_cat=0
split_feature=6 8 18 18 18 7 7 7 7 7 8 2 18 5
split_gain=4.8872 2.52204 2.61598 2.72136 2.5953 4.05032 5.66246 4.18795 2.80975 3.62628 3.34848 2.52468 2.03139 1.98841
threshold=-2.6041044999999996 32.500000000000007 108.50000000000001 75.500000000000014 227.50000000000003 -16.562925499999995 -17.812926999999998 -5.2157574999999996 -8.2102879999999967 -9.2623459999999991 42.500000000000007 -1.0000000180025095e-35 183.50000000000003 41.553412500000007
decision_type=2 2 2 2 2 2 2 2 2 2 2 2 2 2
left_child=1 -1 3 -3 5 6 12 8 9 10 -7 -6 -4 -11
right_child=-2 2 4 -5 11 7 -8 -9 -10 13 -12 -13 -14 -15
leaf_value=-0.041905140562420687 0.034121956901365755 -0.0072023728010253783 0.010576007019054709 0.045906039643756835 -0.0088875591160987831 0.0023054249930361983 0.05683354152315432 0.020925594843569713 -0.061177669588027575 0.042392998368544203 -0.04636258775073631 0.05977733116427595 -0.042175242422103271 -0.021513122323887027
leaf_weight=4.5452995896339408 8.6089011132717115 4.6184611916542035 3.8963080197572708 5.0492206923663616 2.7142676487565041 5.0266100764274588 4.5595046803355128 5.0220670364797249 5.3685019202530411 2.991088416427373 11.904443625360726 2.6414340175688258 3.4330529645085335 2.0524077117443085
leaf_count=44 117 40 24 60 15 37 54 39 47 35 128 34 21 11
internal_value=-0.00124111 -0.00601116 -0.00325886 0.020535 -0.00789569 -0.0118741 0.0130837 -0.021042 -0.0287502 -0.020828 -0.0319137 0.024978 -0.0141325 0.0163869
internal_weight=72.4316 63.8227 59.2774 9.66768 49.6097 44.254 11.8889 32.3651 27.3431 21.9745 16.9311 5.3557 7.32936 5.0435
internal_count=706 589 545 100 445 396 99 297 258 211 165 49 45 46
is_linear=0
shrinkage=0.05


Tree=53
num_leaves=15
num_cat=0
split_feature=7 9 5 0 6 4 16 7 16 5 10 3 6 16
split_gain=3.42739 2.33721 1.63237 5.12206 2.10226 3.80426 3.15744 2.95102 2.41746 3.87346 3.16575 3.5195 3.46242 2.19372
threshold=-4.1960039999999994 4.5000000000000009 21.492747000000005 1.9483685000000002 -13.923449499999998 -0.25494499999999992 218.50000000000003 -8.0002234999999988 202.50000000000003 45.43395300000001 3.5000000000000004 0.39481750000000004 -7.3184504999999991 148.50000000000003
decision_type=2 2 2 2 2 2 2 2 2 2 2 2 2 2
left_child=1 2 3 -1 -4 -6 8 -8 10 -10 11 12 -7 -13
right_child=-2 -3 4 -5 5 6 7 -9 9 -11 -12 13 -14 -15
leaf_value=0.050622765492152388 0.051965513411247138 -0.037925829069470472 0.040542405271960555 -0.025556304414502119 -0.049435877695371236 0.003091303636988943 0.048701546157714527 -0.017967256441224176 -0.061027891987042948 0.018700743884712927 -0.048282481976371576 -0.018335489494900305 0.066981312901542439 0.011692548272350053
leaf_weight=5.5940020121633989 3.1686178147792807 4.0795075446367255 2.7603838853538027 3.6438665017485619 4.282513152807943 4.7684979289770126 5.5294452682137489 2.3718249946832648 4.374790657311677 2.3372708261013031 3.1826305724680415 14.358642343431713 3.8188204765319878 10.552186589688061
leaf_count=65 88 29 32 26 51 30 54 19 35 15 24 149 26 85
internal_value=0.00107693 -0.00117341 0.00104535 0.020574 -0.00204709 -0.00416243 -0.000382574 0.0286887 -0.00567608 -0.0332648 -0.000627729 0.00389991 0.0315035 -0.00561566
internal_weight=74.823 71.6544 67.5749 9.23787 58.337 55.5766 51.2941 7.90127 43.3928 6.71206 36.6808 33.4981 8.58732 24.9108
internal_count=728 640 611 91 520 488 437 73 364 50 314 290 56 234
is_linear=0
shrinkage=0.05


Tree=54
num_leaves=15
num_cat=0
split_feature=7 7 0 16 16 0 8 9 8 4 7 4 1 16
split_gain=2.86987 2.74991 5.60489 4.54055 5.19389 4.29902 2.86936 3.14243 3.36847 2.60396 2.74002 4.32814 3.57755 2.50941
threshold=-4.1960039999999994 -8.2102879999999967 4.1533875000000009 107.50000000000001 156.50000000000003 -4.7471904999999994 42.500000000000007 2.5000000000000004 47.500000000000007 0.53531850000000014 -6.7563399999999989 0.22480100000000003 4.7295310000000006 187.50000000000003
decision_type=2 2 2 2 2 2 2 2 2 2 2 2 2 2
left_child=1 3 9 -1 5 -5 -6 8 -8 10 -3 12 -12 -10
right_child=-2 2 -4 4 6 -7 7 -9 13 -11 11 -13 -14 -15
leaf_value=0.056579440827839826 0.051873295569285841 -0.020411015564677282 -0.057236529683905794 0.022287224756108844 0.043785681030378693 -0.047129868071657699 0.061905087771370541 -0.027414356996640493 0.030595210606314843 -0.04052003334783541 0.031727493709489803 0.057270891533509075 -0.045446666868670632 -0.010644814235564015
leaf_weight=4.323513898998498 2.8236804753541938 5.6692712530493798 5.527149334549903 3.1410751268267632 6.1613777019083527 7.6926288306713086 3.2219858169555726 5.562265381217002 6.1088080629706374 3.3532246574759474 3.0705406181514281 4.9078724570572376 2.9391101822257042 9.3109702914953214
leaf_count=45 82 42 67 23 67 85 28 46 56 26 24 35 17 80
internal_value=0.00243953 0.000473256 -0.0126837 0.00783376 0.0027183 -0.0270034 0.0133223 0.00556759 0.0154086 -0.000334119 0.00778996 0.0224342 -0.00601569 0.00569312
internal_weight=73.8135 70.9898 25.4672 45.5226 41.1991 10.8337 30.3654 24.204 18.6418 19.94 16.5868 10.9175 6.00965 15.4198
internal_count=723 641 211 430 385 108 277 210 164 144 118 76 41 136
is_linear=0
shrinkage=0.05


Tree=55
num_leaves=15
num_cat=0
split_feature=7 3 7 5 6 1 1 7 16 16 6 0 1 1
split_gain=3.05967 2.28424 3.85536 4.6055 2.3655 2.39319 3.14148 3.10689 3.34434 3.81244 3.2381 2.24921 1.81342 1.64354
threshold=-4.1960039999999994 5.5122850000000012 -8.8118754999999975 45.073884500000005 -2.4257399999999998 10.153522500000001 4.4122705000000009 -9.2623459999999991 185.50000000000003 170.50000000000003 -11.171080999999999 -1.2192099999999997 -0.21708699999999997 1.2600995000000002
decision_type=2 2 2 2 2 2 2 2 2 2 2 2 2 2
left_child=1 4 3 -3 5 6 7 8 9 10 -1 -10 -12 -9
right_child=-2 2 -4 -5 -6 -7 -8 13 11 -11 12 -13 -14 -15
leaf_value=0.026589816757972673 0.051772573927006585 0.051470703466373849 -0.054028143766725961 -0.032928529402585262 0.041765833384914082 0.027516253136714811 -0.02292497463161499 0.049403295739406342 -0.0086490291442805744 0.073300013105690537 -0.056030052278784326 -0.063977297667084113 0.0083174537339831458 0.010727930277655812
leaf_weight=4.4752307273447469 2.7805208899080744 2.851311020553112 5.1821523383259755 3.7319650426506996 3.5844023376703253 6.7695121429860583 15.170888934284447 4.353998560458427 4.030977874994278 1.9343769401311863 3.0219177380204156 3.3746355623006812 1.7170002162456581 7.4424108602106571
leaf_count=45 85 34 66 42 24 42 115 47 30 19 35 32 17 73
internal_value=0.000368584 -0.00174449 -0.0217681 0.00362599 0.0024718 -0.0002217 -0.00434662 0.00493987 -0.00781582 0.00948541 -0.00391155 -0.0338614 -0.0327157 0.0250028
internal_weight=70.4213 67.6408 11.7654 6.58328 55.8754 52.2909 45.5214 30.3505 18.5541 11.1485 9.21415 7.40561 4.73892 11.7964
internal_count=706 621 142 76 479 455 413 298 178 116 97 62 52 120
is_linear=0
shrinkage=0.05


Tree=56
num_leaves=15
num_cat=0
split_feature=7 9 16 16 5 2 5 4 6 1 4 16 7 4
split_gain=2.90075 2.1142 1.57038 2.33285 2.77829 2.76012 4.016 4.57792 2.25711 2.73659 2.85953 4.35693 2.54373 2.36454
threshold=-4.1960039999999994 4.5000000000000009 232.50000000000003 202.50000000000003 31.056000500000003 23.678644500000004 29.383237500000003 1.1700910000000002 -2.3070119999999994 1.2600995000000002 0.17353250000000003 108.50000000000001 -12.726825499999999 -0.21731549999999997
decision_type=2 2 2 2 2 2 2 2 2 2 2 2 2 2
left_child=1 2 3 5 -5 8 -7 -8 9 13 -11 -12 -13 -1
right_child=-2 -3 -4 4 -6 6 7 -9 -10 10 11 12 -14 -15
leaf_value=-0.0015307654590296334 0.051688233906155359 -0.03663818100874449 0.029465993485559828 -0.057204779268919162 -0.0041740807413827843 0.032717062618814283 -0.045568277077024023 0.03330912622991599 0.056218909603176083 -0.032001322225505766 0.044504266670875953 0.018536828971287656 -0.03676788499327157 0.04475102771385512
leaf_weight=4.5289304032921791 2.6569386124610892 4.0417330600321284 4.4023837260901919 3.7526838518679124 7.2247137762606144 3.3945017978548995 8.9360538795590383 2.3163377642631522 2.5526614859700265 6.2200779728591469 5.2824958674609652 3.611451048403973 4.9003128558397329 7.0645116418600029
leaf_count=55 85 31 38 43 62 19 89 37 17 51 53 24 43 71
internal_value=0.000432935 -0.00156303 0.000645585 -0.00147667 -0.0223029 0.00320742 -0.0149511 -0.0293311 0.0109932 0.00734076 -0.00385656 0.00883442 -0.0133027 0.0266712
internal_weight=70.8858 68.2288 64.1871 59.7847 10.9774 48.8073 14.6469 11.2524 34.1604 31.6078 20.0143 13.7943 8.51176 11.5934
internal_count=718 633 602 564 105 459 145 126 314 297 171 120 67 126
is_linear=0
shrinkage=0.05


Tree=57
num_leaves=15
num_cat=0
split_feature=6 2 8 9 16 8 6 16 6 2 2 1 1 4
split_gain=2.19208 2.86501 2.68676 2.53822 1.80482 1.67412 2.13137 2.37929 2.32388 2.41315 2.71867 2.06958 3.04176 3.29603
threshold=-2.6041044999999996 10.700604000000002 42.500000000000007 4.5000000000000009 99.500000000000014 32.500000000000007 -8.137280999999998 224.50000000000003 -10.059080499999999 20.223797000000001 14.338379000000002 12.627242500000003 4.3466270000000007 0.23906150000000004
decision_type=2 2 2 2 2 2 2 2 2 2 2 2 2 2
left_child=3 -2 4 5 -3 -1 7 8 9 10 -7 12 -8 -14
right_child=1 2 -4 -5 -6 6 11 -9 -10 -11 -12 -13 13 -15
leaf_value=-0.034640256849270683 0.056582645784124433 0.053680206211834003 -0.063156915882109324 -0.044456514490876176 -0.022216873139492027 -0.013440045990678249 0.021701755872193314 0.022664508867597022 -0.046778830050197673 -0.034038137575168145 0.052942711416595581 0.038453874466285835 -0.050955668070799293 0.0024177013092710493
leaf_weight=3.4188332743942729 3.7397102005779725 1.8733023181557658 1.3027331158518789 3.5197667963802806 1.346170838922262 3.8403474800288713 12.984490573406221 4.1412155032157889 5.3571390882134446 4.6644291579723358 2.5775575637817383 5.1346545312553635 3.8897775895893565 11.282777974382041
leaf_count=39 47 48 10 31 14 47 131 45 50 56 18 67 28 92
internal_value=3.9313e-05 0.0242048 -0.00257066 -0.00324386 0.0219451 -0.0007119 0.00144125 -0.0112077 -0.0197403 -0.00667008 0.0132206 0.00926074 0.00393715 -0.0112656
internal_weight=69.0729 8.26192 4.52221 60.811 3.21947 57.2912 53.8724 20.5807 16.4395 11.0823 6.41791 33.2917 28.157 15.1726
internal_count=723 119 72 604 62 573 534 216 171 121 65 318 251 120
is_linear=0
shrinkage=0.05


Tree=58
num_leaves=15
num_cat=0
split_feature=7 8 7 5 5 16 7 1 8 5 6 1 7 6
split_gain=3.09712 1.75496 1.67311 4.78929 1.84854 2.80762 3.97885 2.60482 3.03293 4.70413 1.52946 2.41925 3.32808 2.05261
threshold=-4.1960039999999994 32.500000000000007 -5.2157574999999996 29.383237500000003 37.242648500000008 218.50000000000003 -8.5187904999999997 -3.5763219999999998 42.500000000000007 49.558890000000012 -9.0621254999999987 1.2600995000000002 -8.9826134999999976 -2.3070119999999994
decision_type=2 2 2 2 2 2 2 2 2 2 2 2 2 2
left_child=1 -1 4 -4 10 6 7 -6 9 -9 -3 12 -12 -13
right_child=-2 2 3 -5 5 -7 -8 8 -10 -11 11 13 -14 -15
leaf_value=-0.032694594661452338 0.051546781702706615 -0.037339047380262669 0.053757197728899711 -0.022860471245092918 0.051007031712175438 0.04114114951717171 -0.06537947653197286 0.059176224666623603 -0.020459639306597718 -0.022830738397480038 -0.014877999780863904 -0.026717694708370272 0.058982723374991199 0.022485839857720152
leaf_weight=4.9292316436767569 2.6091077551245681 5.6046612635254851 4.5324659906327707 3.7084830924868584 2.6091995723545649 4.3668900653719893 2.2738071493804446 3.8979224562644985 9.9350940808653814 3.171550340950489 3.3783209212124348 12.865099355578421 2.7802768163383069 2.5377035513520232
leaf_count=48 91 59 37 34 28 46 15 39 85 32 32 117 37 19
internal_value=-0.00189206 -0.00398587 -0.00169088 0.0192787 -0.00492577 0.00453535 -0.00276804 0.00449045 -0.00264711 0.0223858 -0.0140694 -0.00802071 0.0184662 -0.0186111
internal_weight=69.1998 66.5907 61.6615 8.24095 53.4205 26.2545 21.8876 19.6138 17.0046 7.06947 27.1661 21.5614 6.1586 15.4028
internal_count=719 628 580 71 509 245 199 184 156 71 264 205 69 136
is_linear=0
shrinkage=0.05


Tree=59
num_leaves=15
num_cat=0
split_feature=16 9 7 3 6 3 4 16 16 16 16 8 7 1
split_gain=3.65468 3.22799 2.34036 3.3389 4.1793 1.98711 2.36088 2.21438 3.19951 4.87537 5.41337 2.21609 4.05358 1.99517
threshold=86.500000000000014 4.5000000000000009 -7.6468439999999989 2.6475665000000004 -2.6041044999999996 7.6712920000000011 -0.30094449999999989 222.50000000000003 185.50000000000003 156.50000000000003 135.50000000000003 47.500000000000007 -8.5187904999999997 11.567353000000002
decision_type=2 2 2 2 2 2 2 2 2 2 2 2 2 2
left_child=2 5 -1 -4 -5 6 -2 8 9 10 13 12 -10 -8
right_child=1 -3 3 4 -6 -7 7 -9 11 -11 -12 -13 -14 -15
leaf_value=0.057400987099161832 -0.033983969555737896 -0.063393123900298998 0.044721781716132128 -0.071884513179504492 0.02461910544622925 -0.035232678400623878 0.0061852860806026738 0.031413692976961019 0.045765453448003396 0.04867164710956217 -0.041325989862447558 -0.045794507961644464 -0.036725261356375653 0.060415322839313002
leaf_weight=3.5005055330693713 5.1056428477168074 2.4818449467420569 3.5490134824067336 2.0908099543303242 2.4209723174572 4.9306279532611361 10.434048237279063 5.5607210472226134 2.5330077707767487 5.6403010338544837 6.4863526150584212 5.8138331584632397 3.6141479276120645 2.0252573303878298
leaf_count=42 64 24 44 21 50 68 96 58 22 57 54 48 30 26
internal_value=-0.00227549 -0.0076807 0.0232635 0.00843881 -0.0201017 -0.00502901 -0.00187475 0.00201856 -0.00245399 0.00786473 -0.00428387 -0.0236643 -0.00273399 0.0150004
internal_weight=66.1871 54.6258 11.5613 8.0608 4.51178 52.1439 47.2133 42.1077 36.5469 24.586 18.9457 11.961 6.14716 12.4593
internal_count=704 547 157 115 71 523 455 391 333 233 176 100 52 122
is_linear=0
shrinkage=0.05


Tree=60
num_leaves=15
num_cat=0
split_feature=7 8 7 3 7 1 8 2 16 2 1 0 6 4
split_gain=2.49787 2.04849 2.30264 3.39501 2.11603 3.28942 2.76987 2.88374 2.54452 2.42561 2.92636 1.90629 1.53554 3.03326
threshold=-4.1960039999999994 32.500000000000007 -5.2157574999999996 3.0163695000000006 -8.2102879999999967 3.8685300000000002 42.500000000000007 28.050063500000004 175.50000000000003 18.017319000000004 12.790273000000001 1.3733295000000003 -13.782466499999998 -0.12918799999999997
decision_type=2 2 2 2 2 2 2 2 2 2 2 2 2 2
left_child=1 -1 4 -4 6 -6 8 12 9 -3 -11 -7 -8 -14
right_child=-2 2 3 -5 5 11 7 -9 -10 10 -12 -13 13 -15
leaf_value=-0.031809582591283407 0.05145363699263697 0.053876482997163848 0.052842194328984106 -0.013608692528591855 0.015065786265665236 -0.016102369273883695 0.03739911914113097 -0.054053837590094293 0.048497887262903799 -0.046748504699877992 0.035210209517002482 -0.06781357052402022 -0.031373823451993174 0.0073624393751362044
leaf_weight=4.9225788041949263 2.3707312252372494 1.6614424586296062 4.8740007318556291 3.1737028993666172 3.9575474634766561 3.5891132913529873 2.4799132794141761 2.726093925535678 5.4861655123531818 2.947008203715086 1.7275839969515798 3.5400610230863094 7.1219669170677689 17.402874827384956
leaf_count=50 88 8 35 33 39 25 30 34 64 25 26 34 75 154
internal_value=0.00103326 -0.000788607 0.00172762 0.0266365 -0.00208052 -0.0214882 0.00309762 -0.00504274 0.0235693 0.00198437 -0.0164591 -0.0417801 -9.51369e-05 -0.0038865
internal_weight=67.9808 65.6101 60.6875 8.0477 52.6398 11.0867 41.553 29.7308 11.8222 6.33603 4.67459 7.12917 27.0048 24.5248
internal_count=720 632 582 68 514 98 416 293 123 59 51 59 259 229
is_linear=0
shrinkage=0.05


Tree=61
num_leaves=15
num_cat=0
split_feature=7 3 7 16 16 7 6 5 1 6 0 0 3 1
split_gain=2.45853 2.34302 4.67522 4.86327 3.87751 2.43203 2.36576 3.47777 3.37538 2.20814 2.37259 2.25005 1.6289 1.50661
threshold=-4.1960039999999994 2.8571610000000005 -8.3690944999999974 107.50000000000001 172.50000000000003 -17.812926999999998 -8.377950499999999 25.730875500000003 -3.8546469999999995 -6.6943889999999993 -2.9727419999999998 1.2781820000000002 0.59482750000000018 6.5189785000000011
decision_type=2 2 2 2 2 2 2 2 2 2 2 2 2 2
left_child=1 6 3 -3 -5 -6 7 -1 -9 -8 -11 12 -12 -4
right_child=-2 2 13 4 5 -7 9 8 -10 10 11 -13 -14 -15
leaf_value=-0.057000111677240776 0.051375819031260372 0.070248023100394019 -0.011186694129899095 -0.047948560709018304 -0.028508517010747997 0.029086823514625 0.042419552959228675 0.035494834622243079 -0.017431382829704686 -0.035000340076462834 0.051579324807661177 -0.013210435918918415 0.0097251712612428792 -0.053078772845297974
leaf_weight=3.0623990483582011 2.2260312773287287 2.3231068700552013 3.0927031487226468 4.1683764532208434 2.6764587089419347 5.8152336627244949 5.8728461898863307 4.7995528094470492 8.0904917940497381 2.8237924054265049 4.3862023726105708 4.6387976482510558 4.9459623843431473 7.0130934454500675
leaf_count=39 87 28 21 46 15 62 50 50 81 22 46 38 48 90
internal_value=-0.000275844 -0.00208058 -0.0139772 0.00374893 -0.00845358 0.0109336 0.00564786 -0.0091037 0.00227547 0.0160294 0.00680114 0.01525 0.029397 -0.0402584
internal_weight=65.935 63.709 25.089 14.9832 12.6601 8.49169 38.62 15.9524 12.89 22.6676 16.7948 13.971 9.33216 10.1058
internal_count=723 636 262 151 123 77 374 170 131 204 154 132 94 111
is_linear=0
shrinkage=0.05


Tree=62
num_leaves=15
num_cat=0
split_feature=7 8 18 7 18 18 18 8 7 7 7 18 18 18
split_gain=2.35782 1.97752 2.11767 1.97009 2.87585 2.74344 4.10573 2.09378 1.57567 1.53493 3.5102 2.66127 2.55945 3.49085
threshold=-4.1960039999999994 32.500000000000007 69.500000000000014 -5.0360034999999987 78.500000000000014 107.50000000000001 128.50000000000003 37.500000000000007 -5.2157574999999996 -9.2623459999999991 -16.276567999999997 179.50000000000003 222.50000000000003 202.50000000000003
decision_type=2 2 2 2 2 2 2 2 2 2 2 2 2 2
left_child=1 8 -3 4 -4 -6 -7 -8 -1 10 11 -9 13 -11
right_child=-2 2 3 -5 5 6 7 9 -10 12 -12 -13 -14 -15
leaf_value=-9.354743680873315e-05 0.051306709233893105 0.041801463172327261 -0.051582540177978822 0.03764211533725962 0.038018721166721094 -0.052407573198801384 0.035766736305750384 0.026580218734147482 -0.060487110863610631 0.019377839661055343 -0.037072321944798488 -0.01600524476490333 0.049214928376262228 -0.035056759111277105
leaf_weight=1.8491187132894991 2.0476528368890277 2.7811595164239398 3.1243159417062989 2.8488297984004012 3.9209890291094771 4.2460327595472327 3.5761759579181662 6.5305984057485977 2.5965364240109912 7.495294846594339 8.8681052923202532 8.3713958673179132 3.0383407585322848 4.8516850769519806
leaf_count=18 84 32 24 31 42 56 34 65 30 57 99 63 46 38
internal_value=-0.00150964 -0.00319688 -0.000799383 -0.00288266 -0.00501968 -0.00216151 -0.00551515 -0.000855681 -0.0353671 -0.00420051 -0.012165 0.00265726 0.00810448 -0.00201197
internal_weight=66.1462 64.0986 59.6529 56.8718 54.0229 50.8986 46.9776 42.7316 4.44566 39.1554 23.7701 14.902 15.3853 12.347
internal_count=719 635 587 555 524 500 458 402 48 368 227 128 141 95
is_linear=0
shrinkage=0.05


Tree=63
num_leaves=15
num_cat=0
split_feature=16 3 1 16 16 16 5 16 16 5 5 4 16 5
split_gain=2.41251 2.28935 3.01389 1.87742 2.20011 1.79782 1.62802 2.5704 1.60242 1.38813 2.76887 1.44613 2.47239 3.4878
threshold=86.500000000000014 6.1959055000000012 10.410552000000001 186.50000000000003 142.50000000000003 77.500000000000014 32.822264000000004 69.500000000000014 181.50000000000003 51.769359500000007 43.961988000000012 -0.25494499999999992 219.50000000000003 30.504830500000004
decision_type=2 2 2 2 2 2 2 2 2 2 2 2 2 2
left_child=5 2 9 4 -4 6 7 -1 -3 10 11 -2 13 -13
right_child=1 8 3 -5 -6 -7 -8 -9 -10 -11 -12 12 -14 -15
leaf_value=0.056692409020221782 -0.033426550733460847 -0.043742129685585468 0.05238117629632575 0.070005651701137081 -0.016619087980376368 0.061449923626993377 -0.018051146939733965 -0.016942953809399555 0.0098259338191642818 -0.045871901071657888 0.028563077617914025 0.0027626697205269061 0.031304766906760144 -0.038372378103406518
leaf_weight=3.1237480323761684 4.9088056422769943 5.3610885925590983 2.0473073087632647 2.133243553340435 2.6514547541737556 2.3244113456457853 2.9445171467959881 1.9096460863947866 1.8876045122742651 1.9560200795531262 5.9905164353549472 16.288644898682847 4.2120528295636168 7.5377248544245949
leaf_count=60 66 80 26 15 20 35 35 20 27 23 56 158 35 67
internal_value=0.000549833 -0.0036113 0.000365181 0.0311058 0.0134452 0.0227542 0.0114799 0.0287555 -0.0297927 -0.00477056 -0.00270585 -0.00839122 -0.00400818 -0.0102508
internal_weight=65.2768 54.9745 47.7258 6.83201 4.69876 10.3023 7.97791 5.03339 7.24869 40.8938 38.9377 32.9472 28.0384 23.8264
internal_count=723 573 466 61 46 150 115 80 107 405 382 326 260 225
is_linear=0
shrinkage=0.05


Tree=64
num_leaves=15
num_cat=0
split_feature=16 7 7 5 7 16 8 5 16 16 5 4 6 3
split_gain=2.33401 2.47963 1.71827 4.24901 3.05466 2.50834 3.09473 4.11232 3.47271 2.34667 4.16881 1.94108 1.84684 1.52237
threshold=232.50000000000003 -4.1960039999999994 -8.2102879999999967 32.079995000000004 -5.2157574999999996 107.50000000000001 42.500000000000007 49.558890000000012 156.50000000000003 108.50000000000001 19.655462000000004 0.35723850000000007 -4.6540244999999993 3.2824320000000005
decision_type=2 2 2 2 2 2 2 2 2 2 2 2 2 2
left_child=1 2 5 4 9 -1 7 11 -8 10 -4 -7 -6 -10
right_child=-2 -3 3 -5 12 6 8 -9 13 -11 -12 -13 -14 -15
leaf_value=0.041998297032195091 0.036042737700533761 0.051231960825388535 -0.039465493917422684 -0.054651564599376881 -0.0074271462855281445 0.065784794581103853 -0.054461866961732178 -0.034003295236339 0.0048069202148370753 -0.053224662429167673 0.057407486323236438 0.013851673966859782 0.044730900633184002 -0.026272322285683977
leaf_weight=3.3308334313333026 3.8741467930376521 1.9632412772625674 2.7254367396235466 5.5904452092945567 3.1047672871500254 3.5528029873967153 4.2269898913800743 2.5882161520421505 13.380148619413378 3.7646185457706451 1.8743352591991422 3.6454241685569286 3.7435022927820691 5.5848345234990111
leaf_count=41 39 86 21 65 22 28 65 30 152 37 25 42 34 33
internal_value=-0.00155319 -0.00401871 -0.00591795 -0.0173756 -0.00367718 0.000646614 -0.00352992 0.0200489 -0.0134796 -0.0239504 8.73276e-06 0.0394841 0.0210843 -0.00434534
internal_weight=62.9497 59.0756 57.1124 20.8031 15.2127 36.3092 32.9784 9.78644 23.192 8.36439 4.59977 7.19823 6.84827 18.965
internal_count=720 681 595 204 139 391 350 100 250 83 46 70 56 185
is_linear=0
shrinkage=0.05


Tree=65
num_leaves=15
num_cat=0
split_feature=7 3 12 12 6 4 6 7 6 4 3 7 2 6
split_gain=1.80299 2.24892 3.30531 2.24098 2.98762 2.26011 3.14491 2.18556 3.7043 1.60908 1.55579 1.24778 1.8573 3.49711
threshold=-4.1960039999999994 5.9848465000000006 10.153522500000001 1.7827810000000002 -2.5716004999999993 -0.26516349999999994 -13.923449499999998 -8.5187904999999997 -5.0309389999999992 0.51956150000000012 4.1549830000000005 -5.2157574999999996 20.675629000000004 -5.9411189999999996
decision_type=2 2 2 2 2 2 2 2 2 2 2 2 2 2
left_child=1 2 3 5 10 6 -1 8 -3 -4 11 12 13 -5
right_child=-2 7 9 4 -6 -7 -8 -9 -10 -11 -12 -13 -14 -15
leaf_value=0.03182973184530595 0.051162091261766234 -0.042900654055084253 0.06343241120364182 0.02826411805260819 0.028185223750998408 0.024797510143848733 -0.043595098211019555 -0.0544949124213924 0.038099683396967336 0.013841607440105819 -0.052405886113765725 0.0092914776486046746 -0.047403512138911974 -0.033732513245044157
leaf_weight=2.3191878832876682 1.7938671503216017 2.9141867104917765 3.1297664456069461 3.921328818425537 4.2476118206977871 12.472294669598339 3.4201500639319447 3.3800858072936517 2.7372390795499086 3.42667356133461 2.8095186278223983 4.8565329890698221 4.3022197857499114 5.4166939593851575
leaf_count=31 83 31 19 44 36 129 49 58 43 30 28 30 39 57
internal_value=0.00177586 0.00028324 0.00440645 -0.000553357 -0.0101048 0.0128489 -0.013117 -0.0226906 -0.00366856 0.0375142 -0.0177383 -0.0124725 -0.0202215 -0.00769818
internal_weight=61.1474 59.3535 50.322 43.7655 25.5539 18.2116 5.73934 9.03151 5.65143 6.55644 21.3063 18.4968 13.6402 9.33802
internal_count=707 624 492 443 234 209 80 132 74 49 198 170 140 101
is_linear=0
shrinkage=0.05


Tree=66
num_leaves=15
num_cat=0
split_feature=7 8 16 8 6 2 3 12 16 5 16 16 13 7
split_gain=2.06248 1.53008 1.98987 1.60662 2.41222 2.37508 2.48409 2.51866 2.361 3.09191 2.07865 2.09784 1.8757 1.65353
threshold=-4.1960039999999994 32.500000000000007 69.500000000000014 47.500000000000007 -4.0446769999999992 13.898535000000003 3.5051965000000007 17.211449000000005 128.50000000000003 49.356817500000012 187.50000000000003 218.50000000000003 6.0333895000000011 -16.467661499999995
decision_type=2 2 2 2 2 2 2 2 2 2 2 2 2 2
left_child=1 -1 -3 5 10 -4 8 -8 -7 -10 13 -12 -13 -5
right_child=-2 2 3 4 -6 6 7 -9 9 -11 11 12 -14 -15
leaf_value=-0.031664105450192846 0.051112916620930531 0.042285696091048368 0.026827655249491784 0.033969516261737352 -0.047903609925329195 -0.029161212772821927 -0.044414839653585614 0.017011446388287256 0.039104367249884121 -0.025702216680977975 -0.048523516976829564 0.037802395439447155 -0.028372216983188828 -0.0059656475201365355
leaf_weight=4.1963062807917586 1.8456633128225792 2.6078827120363703 8.9425133187323826 4.2194527275860336 3.9388305954635134 2.9549490362405804 5.548704218119382 2.3865429013967514 6.983287822455166 2.4991159811615944 4.2265713438391668 1.9238955341279504 2.4150157831609249 6.7204183116555241
leaf_count=47 89 34 99 42 38 23 67 51 49 22 38 20 20 81
internal_value=-0.000941991 -0.00255499 -0.000348795 -0.00245621 -0.012213 0.00534655 -0.00408254 -0.0259407 0.00986338 0.0220244 -0.00500573 -0.0234522 0.000969946 0.00943714
internal_weight=61.4091 59.5635 55.3672 52.7593 23.4442 29.3151 20.3726 7.93525 12.4374 9.4824 19.5054 8.56548 4.33891 10.9399
internal_count=720 631 584 550 239 311 212 118 94 71 201 78 40 123
is_linear=0
shrinkage=0.05


Tree=67
num_leaves=15
num_cat=0
split_feature=6 7 0 0 8 16 16 5 9 16 5 8 9 16
split_gain=1.73902 1.34741 3.10793 3.00235 2.29705 2.34327 2.28504 1.96195 1.94192 1.93737 1.49948 1.69262 1.40812 2.27746
threshold=-2.3888789999999998 -8.2102879999999967 3.6254285000000004 -4.1565809999999992 42.500000000000007 175.50000000000003 134.50000000000003 34.415815000000002 3.5000000000000004 135.50000000000003 28.324343000000002 42.500000000000007 2.5000000000000004 179.50000000000003
decision_type=2 2 2 2 2 2 2 2 2 2 2 2 2 2
left_child=1 4 3 -3 5 6 -1 8 9 10 11 -5 -6 -14
right_child=-2 2 -4 7 12 -7 -8 -9 -10 -11 -12 -13 13 -15
leaf_value=0.024293526205362796 0.032143068632631576 -0.066679200135096442 -0.048951195331042426 -0.015803155172010749 0.0011206180181514407 0.050184112127220126 -0.041417171058893157 -0.04380125141984488 -0.0293082803799131 -0.013103190441942093 0.069711858461593265 0.047218023905582607 0.00055400005214241855 -0.064873025591863448
leaf_weight=3.9530478771775943 3.8465702235698691 1.6031901314854629 4.6369120031595221 1.8706076201051454 20.28690881468356 4.4829327240586281 1.9885188192129133 1.7345711328089244 2.1744939424097529 2.6406811699271202 2.3435547631233931 2.475250069051981 3.0963342506438485 2.3316793814301491
leaf_count=39 60 10 83 35 227 58 18 16 21 18 18 43 37 23
internal_value=-0.000370441 -0.00261907 -0.0132193 -0.00205624 0.00309448 0.0228929 0.00230152 0.00576925 0.0132431 0.0231602 0.0374754 0.0200915 -0.00493153 -0.0275511
internal_weight=59.4653 55.6187 19.4793 14.8423 36.1394 10.4245 5.94157 13.2392 11.5046 9.33009 6.68941 4.34586 25.7149 5.42801
internal_count=706 646 244 161 402 115 57 151 135 114 96 78 287 60
is_linear=0
shrinkage=0.05


Tree=68
num_leaves=15
num_cat=0
split_feature=7 0 1 2 4 6 4 7 16 4 2 2 7 5
split_gain=1.88012 1.88678 1.39348 2.7659 3.04464 2.51179 2.33509 2.00837 1.42013 1.77027 1.5354 3.2403 3.9467 4.02767
threshold=-4.1960039999999994 8.8190965000000023 1.7827810000000002 12.705663500000002 -0.095418499999999989 -10.582139 0.050823000000000007 -16.467661499999995 225.50000000000003 0.11761950000000002 10.700604000000002 17.771479000000003 -9.567556999999999 34.415815000000002
decision_type=2 2 2 2 2 2 2 2 2 2 2 2 2 2
left_child=1 2 3 4 7 -4 -6 -1 9 -7 -11 -12 -13 -14
right_child=-2 -3 5 -5 6 8 -8 -9 -10 10 11 12 13 -15
leaf_value=0.0018692927844188756 0.05104734966763444 -0.046996840063843887 -0.050806386888518219 0.039387594861199249 0.069682787303208052 -0.036472861293071125 -0.0085539968174472621 -0.049019938414070409 0.039227268549651521 0.017088571761718897 -0.037973927711470172 0.034433160498776844 0.0060975851084494829 -0.066022274451096333
leaf_weight=4.4172379225492486 1.7125893384218205 2.2504261396825305 2.8449477627873412 5.8711956944316617 2.0811962187290205 3.821535311639308 1.7604675237089393 3.4554317910224199 1.9733677003532637 8.9133203886449355 6.2376352325081852 6.4827642906457159 6.0919983051717281 2.8376487158238888
leaf_count=46 88 37 39 54 23 34 24 49 33 89 54 66 47 30
internal_value=-0.000597448 -0.00209554 -0.000316194 0.011378 -0.00266028 -0.00556192 0.0338303 -0.0204667 -0.00202165 -0.00438894 -0.000377284 -0.00756797 0.00473777 -0.0168205
internal_weight=60.7518 59.0392 56.7887 17.5855 11.7143 39.2032 3.84166 7.87267 36.3583 34.3849 30.5634 21.65 15.4124 8.92965
internal_count=713 625 588 196 142 392 47 95 353 320 286 197 143 77
is_linear=0
shrinkage=0.05


Tree=69
num_leaves=15
num_cat=0
split_feature=10 3 8 5 6 5 2 2 1 5 1 3 2 9
split_gain=1.44582 1.63028 2.56639 2.67644 1.99204 2.25608 2.8697 2.02386 1.84593 2.39167 1.65477 3.08306 1.74 1.54971
threshold=3.5000000000000004 2.6475665000000004 42.500000000000007 21.819491500000002 -7.6266694999999993 36.554665000000007 20.675629000000004 11.177511000000001 6.3910755000000004 43.199297000000008 8.8676875000000006 5.5122850000000012 45.062503500000012 1.0000000180025095e-35
decision_type=2 2 2 2 2 2 2 2 2 2 2 2 2 2
left_child=1 4 10 -4 5 7 -7 -1 -5 -10 -3 -12 -13 -6
right_child=-2 2 3 8 13 6 -8 -9 9 -11 11 12 -14 -15
leaf_value=-0.042310951236957911 -0.02694515229540877 -0.018289972936421452 -0.068766134675929236 0.017213964950103671 0.036350713133017923 0.034170077589481256 -0.028022122263557284 0.024932929106242983 0.018118716976845209 -0.048505800214521957 0.058808020025573927 0.012088724835045068 -0.055687601570728329 0.004092557019033766
leaf_weight=4.7277379818260696 4.7771425880491725 4.1203881632536676 2.6132997646927825 3.5139543972909433 8.5909939389675838 5.5632178746163827 2.7825620137155056 1.4659088589251039 1.9463691823184488 4.3743854258209467 3.2562416195869428 4.4962449762970209 1.1996147837489841 6.5708120372146359
leaf_count=54 55 50 16 35 80 57 34 19 35 45 50 103 19 68
internal_value=-0.000555966 0.00172692 -0.00754112 -0.0237897 0.0096904 -0.0035327 0.0134346 -0.0263957 -0.0118385 -0.0279899 0.00793128 0.0200001 -0.00218576 0.0223707
internal_weight=59.9989 55.2217 25.5205 12.448 29.7012 14.5394 8.34578 6.19365 9.83471 6.32075 13.0725 8.9521 5.69586 15.1618
internal_count=720 665 353 131 312 164 91 73 115 80 222 172 122 148
is_linear=0
shrinkage=0.05


Tree=70
num_leaves=15
num_cat=0
split_feature=16 16 7 5 7 16 16 0 5 16 2 10 2 16
split_gain=1.33152 2.12281 2.70395 3.00455 4.39294 1.99041 4.10703 2.84708 1.9192 4.47309 2.71857 1.77512 1.76267 1.60255
threshold=86.500000000000014 78.500000000000014 -9.567556999999999 32.211936000000001 -5.0360034999999987 155.50000000000003 135.50000000000003 1.0112955000000003 30.196269000000004 202.50000000000003 4.5506830000000003 2.5000000000000004 4.5506830000000003 229.50000000000003
decision_type=2 2 2 2 2 2 2 2 2 2 2 2 2 2
left_child=1 2 -1 4 -4 6 7 -2 9 12 -10 -11 -7 -12
right_child=5 -3 3 -5 -6 8 -8 -9 10 11 13 -13 -14 -15
leaf_value=0.055387963094320584 0.019549218121645732 0.061105367701975638 -0.043674627538628635 -0.066607801472107847 0.059965203832240056 -0.012046287468906952 -0.049852022179161189 -0.025893522064403263 0.063718921380439261 -0.07249707324530362 0.00076801221069563129 -0.010960408914002797 0.035961920393861722 0.048368102520887579
leaf_weight=1.9487588200718162 7.6541281156241912 2.0841342210769653 1.9370830617845052 1.7898568976670501 2.1654272275045501 3.6450017653405684 6.1944971568882456 6.2703888211399317 2.450301211327317 2.9497238472104073 13.431163463741539 1.9444624278694389 4.0213572718203068 2.0362987220287314
leaf_count=27 72 34 16 20 61 41 74 111 31 34 114 20 43 34
internal_value=-0.000491256 0.0162535 0.00433206 -0.0125534 0.0110296 -0.00377593 -0.0159818 -0.000914231 0.00428128 -0.0107043 0.0147863 -0.0480485 0.0131362 0.00703459
internal_weight=60.5226 9.92526 7.84113 5.89237 4.10251 50.5973 20.119 13.9245 30.4783 12.5605 17.9178 4.89419 7.66636 15.4675
internal_count=732 158 124 97 77 574 257 183 317 138 179 54 84 148
is_linear=0
shrinkage=0.05


Tree=71
num_leaves=15
num_cat=0
split_feature=6 2 9 8 8 1 7 7 16 6 6 0 1 6
split_gain=1.58904 1.80717 1.33095 2.08076 1.55911 1.55539 2.2169 2.39449 2.29531 2.02182 2.4867 1.95006 1.77304 2.32796
threshold=-2.3888789999999998 10.700604000000002 3.5000000000000004 42.500000000000007 32.500000000000007 10.514513500000001 -9.2623459999999991 -13.923449499999998 187.50000000000003 -7.4939069999999992 -12.290637499999997 -5.9548174999999999 4.3466270000000007 -7.8578979999999996
decision_type=2 2 2 2 2 2 2 2 2 2 2 2 2 2
left_child=2 -2 4 -4 -1 6 7 8 9 10 -6 -9 13 -8
right_child=1 -3 3 -5 5 -7 12 11 -10 -11 -12 -13 -14 -15
leaf_value=-0.037598499654276994 0.06926503635622705 -0.001678710518083203 0.00369034601505276 -0.049806110661732052 0.037711308339503473 0.021707632608494228 -0.0090039838295116505 0.0032035078532707227 -0.02252983928984276 0.066294185156607607 -0.039255587391192941 -0.046666923965613338 -0.0057384233738946621 0.045157967567252447
leaf_weight=2.5617963429540387 1.6915027806535357 1.9127139309421179 3.7009030869230619 3.5720048435032368 2.4014564529061269 8.5553619302809221 2.9945485610514888 2.802983183413744 4.9867327846586704 1.8818153776228435 1.8639990501105788 6.5193812344223225 7.8542962213978162 5.8785932566970667
leaf_count=41 23 36 56 35 34 117 39 20 38 22 18 89 81 74
internal_value=-0.000556593 0.0316161 -0.00264313 -0.0225838 0.000359431 0.00248541 -0.0019373 -0.0129772 0.00267584 0.023123 0.00407687 -0.0316722 0.0115637 0.0268791
internal_weight=59.1781 3.60422 55.5739 7.27291 48.301 45.7392 37.1838 20.4564 11.134 6.14727 4.26546 9.32236 16.7274 8.87314
internal_count=723 59 664 91 573 532 415 221 112 74 52 109 194 113
is_linear=0
shrinkage=0.05


Tree=72
num_leaves=15
num_cat=0
split_feature=1 4 2 2 6 16 6 7 3 5 4 2 7 2
split_gain=1.2538 2.2773 2.05759 3.07153 2.25578 2.46031 2.23606 2.21893 2.07856 3.26839 2.0195 3.64667 2.67513 1.86104
threshold=1.7827810000000002 0.15308800000000003 10.700604000000002 18.859571000000003 -2.4257399999999998 190.50000000000003 -8.6261094999999983 -10.883451499999998 4.7744300000000015 33.35240300000001 -0.12918799999999997 15.399402000000002 -16.467661499999995 18.099410000000002
decision_type=2 2 2 2 2 2 2 2 2 2 2 2 2 2
left_child=10 -2 4 -4 5 -3 -5 -8 9 -9 11 12 -1 -12
right_child=1 2 3 6 -6 -7 7 8 -10 -11 13 -13 -14 -15
leaf_value=0.0051155367397364461 -0.032886235735889634 0.025851952833787269 -0.034695443183184002 -0.039467842191948432 0.068643780628190626 -0.045677112724851199 0.03792264216799314 0.047109138319821005 -0.027503603097459722 -0.029315187156596596 0.042069053891140649 0.050341601995542842 -0.053585174025955223 -0.016061663622212251
leaf_weight=4.2971596233546743 6.7416578773409119 4.3827908243983984 7.5608907118439701 2.622295921668413 1.9042905066162337 1.6565452739596365 4.9882788974791792 3.5770336538553185 4.6579298721626401 2.2975492849946022 5.9868993405252686 2.2887931019067764 3.5395766273140916 1.7880559936165807
leaf_count=46 75 70 66 34 25 21 57 41 98 20 66 27 52 21
internal_value=-0.00148022 -0.0063621 -0.00104771 -0.00792127 0.0211937 0.00623206 0.00323652 0.0104516 -0.00255893 0.0172196 0.00953488 -0.00518146 -0.0213975 0.0287004
internal_weight=58.2897 40.3893 33.6476 25.704 7.94363 6.03934 18.1431 15.5208 10.5325 5.87458 17.9005 10.1255 7.83674 7.77496
internal_count=719 507 432 316 116 91 250 216 159 61 212 125 98 87
is_linear=0
shrinkage=0.05


Tree=73
num_leaves=15
num_cat=0
split_feature=6 8 5 7 5 16 16 7 16 0 5 16 6 0
split_gain=1.27097 1.74203 1.5048 1.2395 3.18969 2.30222 3.99437 3.47942 2.3071 1.73501 1.62201 3.06699 1.85841 1.71126
threshold=-2.6041044999999996 32.500000000000007 23.426875000000003 -5.2157574999999996 32.211936000000001 155.50000000000003 108.50000000000001 -9.567556999999999 74.500000000000014 -6.1639369999999998 30.313900000000004 196.50000000000003 -8.5227879999999985 3.5317860000000003
decision_type=2 2 2 2 2 2 2 2 2 2 2 2 2 2
left_child=1 -1 -2 5 -5 6 7 -3 -9 -8 11 13 -12 -7
right_child=2 3 -4 4 -6 10 9 8 -10 -11 12 -13 -14 -15
leaf_value=-0.037653320327999999 0.034084797236904087 0.067305303006827286 -0.022138635329432915 0.044792830530327239 -0.031397708967446702 0.030850889963608824 -0.00026972204533551682 -0.056548480969833614 0.021993760785121386 -0.051861976650091561 0.045443921893274009 -0.043923466689701235 0.0052427095085629712 -0.031085787513406168
leaf_weight=3.4807250276207915 4.8031613593921056 1.9504069089889524 1.5821060035377739 4.1839439980685702 2.0451561268419027 3.9095052368938941 2.1120925098657599 1.7684634327888482 1.9837875850498674 7.1328759230673304 3.7486014533787957 4.1237121969461441 12.332225797697904 1.5603121779859064
leaf_count=49 89 26 26 46 29 52 15 15 26 108 61 51 104 12
internal_value=-0.000860118 -0.00352605 0.0201541 -0.00099062 0.0197777 -0.0041753 -0.0197754 0.0131342 -0.0150238 -0.0400753 0.00490707 -0.0113639 0.014614 0.0131829
internal_weight=56.7171 50.3318 6.38527 46.8511 6.2291 40.622 14.9476 5.70266 3.75225 9.24497 25.6744 9.59353 16.0808 5.46982
internal_count=709 594 115 545 75 470 190 67 41 123 280 115 165 64
is_linear=0
shrinkage=0.05


Tree=74
num_leaves=15
num_cat=0
split_feature=12 4 6 1 3 6 7 7 4 9 16 7 16 16
split_gain=1.04615 2.03332 2.41233 1.70009 2.04407 2.03261 1.88666 1.3767 2.50128 1.47748 1.69734 2.25134 2.08648 0.971954
threshold=1.9781195000000003 -0.29070949999999995 -13.923449499999998 10.153522500000001 7.0620510000000012 -5.0309389999999992 -10.883451499999998 -5.2157574999999996 0.19202700000000003 3.5000000000000004 108.50000000000001 -8.2102879999999967 211.50000000000003 137.50000000000003
decision_type=2 2 2 2 2 2 2 2 2 2 2 2 2 2
left_child=1 2 -1 7 -5 -6 -7 9 -9 10 -2 12 -12 -10
right_child=3 -3 -4 4 5 6 -8 8 13 -11 11 -13 -14 -15
leaf_value=0.025072248422296845 0.017221909641967219 0.020090843689779175 -0.047929331192906821 0.023655743167999746 -0.058198663278252509 0.03740550549725509 -0.031816494632270251 -0.033731216087163507 0.049851470923910471 -0.056030546326471344 -0.021390593477451241 -0.058987993228544915 0.039786264222531814 -0.0023413400960125889
leaf_weight=1.8976192399859426 3.3546812832355561 12.549171050079165 2.8035601619631079 8.7499158410355431 1.8311829585582007 2.1357156429439774 1.8258800990879547 2.3408651649951961 2.5486493967473511 2.4602429345250121 7.911966903135184 3.2088982220739064 1.6917444076389072 1.3722821623086927
leaf_count=30 29 134 48 112 26 38 52 17 55 22 86 34 26 8
internal_value=-0.000685891 0.00958405 -0.0184624 -0.00517869 0.00840338 -0.0146351 0.00550142 -0.0131146 0.00716739 -0.0199326 -0.0144394 -0.0227292 -0.010614 0.0315846
internal_weight=56.6824 17.2504 4.70118 39.432 14.5427 5.79278 3.9616 24.8893 6.2618 18.6275 16.1673 12.8126 9.60371 3.92093
internal_count=717 212 78 505 228 116 90 277 80 197 175 146 112 63
is_linear=0
shrinkage=0.05


Tree=75
num_leaves=15
num_cat=0
split_feature=0 7 0 3 7 5 6 16 16 5 5 0 7 7
split_gain=1.05382 1.5334 1.09577 1.27671 1.65551 1.50247 1.06008 0.956229 3.03694 2.87008 2.41496 3.09229 2.16914 3.18942
threshold=8.8190965000000023 -4.5236774999999989 7.5259000000000009 5.5122850000000012 -8.8118754999999975 47.884190000000011 -5.0309389999999992 135.50000000000003 148.50000000000003 43.299794000000006 34.197439500000009 1.3733295000000003 -9.2623459999999991 -16.562925499999995
decision_type=2 2 2 2 2 2 2 2 2 2 2 2 2 2
left_child=1 2 3 7 5 -5 -2 9 -9 10 11 -1 13 -10
right_child=6 -3 -4 4 -6 -7 -8 8 12 -11 -12 -13 -14 -15
leaf_value=0.038157247667539418 -0.064468325759343581 0.044082840438793576 0.039763224602374636 0.029149338544964976 -0.055733267332305929 -0.041117850822308621 0.0043465514870535266 -0.061069120159591261 0.0073463528330550421 0.056332114558024143 -0.036162472474518516 -0.01678950247825042 0.017017324821199727 -0.038911865890833619
leaf_weight=5.5435975976288336 1.2624934539198878 1.9741049883887161 1.6120521426200856 1.7944311369210484 2.4251826759427777 1.3206330016255377 1.0052752383053292 2.2167032733559635 8.7961283437907678 2.8056352734565726 3.3372620530426493 4.7585079353302717 10.819104902446272 6.4650259148329488
leaf_count=65 19 93 17 29 42 16 26 29 88 21 36 41 121 77
internal_value=-0.000574724 0.000830888 -0.000814455 -0.00211538 -0.0247567 -0.000640472 -0.0339635 0.000688224 -0.00488415 0.0102766 0.000802955 0.0127775 -0.000108685 -0.0122498
internal_weight=56.1361 53.8684 51.8943 50.2822 5.54025 3.11506 2.26777 44.742 28.297 16.445 13.6394 10.3021 26.0803 15.2612
internal_count=720 675 582 565 87 45 45 478 315 163 142 106 286 165
is_linear=0
shrinkage=0.05


Tree=76
num_leaves=15
num_cat=0
split_feature=16 6 7 7 16 0 10 16 16 6 6 4 7 7
split_gain=1.97932 1.41745 1.64413 3.62485 2.42094 2.26276 2.48991 2.00573 1.99596 3.15546 2.60683 1.80969 1.66824 1.5196
threshold=232.50000000000003 -2.3888789999999998 -16.562925499999995 -17.812926999999998 135.50000000000003 1.3733295000000003 2.5000000000000004 179.50000000000003 155.50000000000003 -5.259641499999999 -8.377950499999999 0.12230900000000001 -10.883451499999998 -5.2157574999999996
decision_type=2 2 2 2 2 2 2 2 2 2 2 2 2 2
left_child=1 2 3 7 5 6 13 -1 -6 10 -10 -12 -7 -4
right_child=-2 -3 4 -5 8 12 -8 -9 9 -11 11 -13 -14 -15
leaf_value=0.025918199302796638 0.038933288584690112 0.02737522725435218 0.019359878996037905 0.054543152035969558 -0.048177330206203739 0.032790069355510862 -0.019292651435068434 -0.029404656503417611 -0.030869086280009807 -0.054569120265860839 0.056749898702716108 0.00022831700164992259 -0.025853006752284347 0.068518223770010475
leaf_weight=2.6813732460141182 3.1257534623146048 3.7908954052254549 5.2319896686822176 3.5090060289949161 5.3294627778232124 1.4591178651899062 3.0788383111357689 4.211721558123827 3.5537091456353664 3.1998871006071541 2.4015987105667591 3.4513655826449394 7.1819490939378756 2.2473504133522528
leaf_count=22 34 62 57 63 71 26 38 31 52 37 26 35 120 32
internal_value=0.00030424 -0.00204817 -0.00439455 0.0131747 -0.00931594 0.00302334 0.0185521 -0.00788439 -0.0225243 -0.0116793 0.00291057 0.0234204 -0.0159506 0.0341307
internal_weight=54.454 51.3283 47.5374 10.4021 37.1353 19.1992 10.5582 6.89309 17.936 12.6066 9.40667 5.85296 8.64107 7.47934
internal_count=706 672 610 116 494 273 127 53 221 150 113 61 146 89
is_linear=0
shrinkage=0.05


Tree=77
num_leaves=15
num_cat=0
split_feature=2 1 4 3 6 3 6 13 6 4 5 7 5 8
split_gain=1.44122 2.06502 2.05494 2.03961 2.31903 1.5266 2.41169 1.93894 1.81672 1.63247 1.85646 1.42756 2.15227 1.46538
threshold=42.926842000000008 13.330613500000002 0.50157750000000012 2.8571610000000005 -2.3888789999999998 -0.14683299999999996 -10.059080499999999 0.78008200000000005 -4.8282094999999989 -0.25494499999999992 34.023421000000006 -9.2623459999999991 43.784528500000008 37.500000000000007
decision_type=2 2 2 2 2 2 2 2 2 2 2 2 2 2
left_child=1 3 -2 5 -5 6 9 11 -8 10 -1 12 -7 -13
right_child=2 -3 -4 4 -6 7 8 -9 -10 -11 -12 13 -14 -15
leaf_value=-0.053619683548389668 0.014573913170763689 0.033905876071966226 -0.053091267725813573 -0.026500414269249841 0.025224511281052776 -0.046395912543691194 -0.031300195746106277 0.064632419302008914 0.024499965387292287 0.039966339538717421 0.024975220847620463 -0.0089934762455424425 0.026663787926496724 0.035376710708110055
leaf_weight=1.3258865214884283 1.8367087766528118 4.6413938235491505 2.8836716040968895 11.555674361996351 2.6670780051499596 2.2567500285804263 7.7238869834691277 1.9139519464224566 1.798272537067535 3.8072531670331946 1.7338790185749529 2.6639267904683965 1.8218257687985895 6.1725880010053515
leaf_count=24 26 89 61 159 37 31 84 23 24 25 30 25 13 81
internal_value=-0.00035142 0.0021379 -0.0267626 -0.00110692 -0.0168009 0.0060431 -0.00447424 0.017667 -0.0207623 0.0181116 -0.00908227 0.0107069 -0.0137615 0.0220005
internal_weight=54.8027 50.0824 4.72038 45.441 14.2228 31.2182 16.3892 14.829 9.52216 6.86702 3.05977 12.9151 4.07858 8.83651
internal_count=732 645 87 556 196 360 187 173 108 79 54 150 44 106
is_linear=0
shrinkage=0.05


Tree=78
num_leaves=15
num_cat=0
split_feature=3 3 2 16 2 1 3 3 7 6 16 5 6 1
split_gain=1.05389 2.0211 1.6964 1.72715 2.41527 1.78462 1.787 1.59121 1.58125 1.78472 2.93355 2.05625 1.63439 1.38993
threshold=-1.7870354999999998 -1.0951229999999998 -5.1665344999999991 231.50000000000003 42.926842000000008 12.627242500000003 2.8571610000000005 -3.3577284999999994 -5.2157574999999996 -6.0115914999999989 159.50000000000003 23.930129000000004 -8.377950499999999 6.3910755000000004
decision_type=2 2 2 2 2 2 2 2 2 2 2 2 2 2
left_child=7 -2 -3 4 5 6 8 -1 9 10 -4 -11 -12 -8
right_child=1 2 3 -5 -6 -7 13 -9 -10 11 12 -13 -14 -15
leaf_value=0.0036049592482071931 0.047296892092579458 -0.055612193635551845 -0.033197350479009673 0.054416178885694014 -0.039542951543155194 0.031917247392402613 0.0040674896552291189 -0.037253959870299946 0.034635458698330422 0.014975571505233138 0.0057719859570553459 -0.046997830666562337 0.066880632501431211 -0.030532189849939263
leaf_weight=5.5115439184010029 2.5566657576709977 1.2618058174848545 1.9059668667614413 1.5848394893109787 3.3247163835912934 5.2477641189470878 5.3230195967480523 4.1976027991622669 4.8764989385381421 2.3580596260726461 1.90490391477942 3.0954808257520199 2.5709279216826006 6.3834762843325734
leaf_count=71 26 17 25 29 66 99 53 41 48 37 28 26 25 110
internal_value=0.000799517 0.00420261 0.00143693 0.003303 0.0011131 0.00512811 0.000181197 -0.0140598 0.010675 0.000802657 0.0187513 -0.0202011 0.0408729 -0.0147995
internal_weight=52.1033 42.3941 39.8375 38.5757 36.9908 33.6661 28.4183 9.70915 16.7118 11.8353 6.3818 5.45354 4.47583 11.7065
internal_count=701 589 563 546 517 451 352 112 189 141 78 63 53 163
is_linear=0
shrinkage=0.05


Tree=79
num_leaves=15
num_cat=0
split_feature=16 2 7 7 7 5 5 16 16 6 3 6 5 7
split_gain=1.51178 2.28927 1.90225 1.22548 3.02071 2.53286 1.64464 1.32853 1.58423 2.10256 1.84375 1.86965 1.68652 1.96905
threshold=233.50000000000003 45.062503500000012 -4.5236774999999989 -16.562925499999995 -17.812926999999998 48.173429500000005 49.558890000000012 218.50000000000003 202.50000000000003 -2.3070119999999994 2.6475665000000004 -4.6540244999999993 21.819491500000002 -6.3479019999999986
decision_type=2 2 2 2 2 2 2 2 2 2 2 2 2 2
left_child=1 2 3 4 5 -1 7 8 9 10 11 -5 -12 -14
right_child=-2 -3 -4 6 -6 -7 -8 -9 -10 -11 12 -13 13 -15
leaf_value=-0.028694829050020066 0.034982197347133898 -0.042304103295650736 0.053722857938911274 -0.0060683797420057707 0.054354961048921513 0.035805173540209005 -0.055893373054765584 0.033927603748498222 -0.038049581009826527 0.038353672565254814 -0.060377808807935252 0.034998198565292675 0.020066776672223223 -0.036850175855546931
leaf_weight=4.2022541239857674 2.7877163104712954 3.4248490799218407 1.5943987332284439 12.883057970553638 3.125134099274872 2.386423371732235 1.5892373211681832 2.1775418855249873 3.5233815107494584 2.8339192271232667 2.5006005968898517 3.5312441177666214 2.7234266810119152 3.4375385064631701
leaf_count=38 31 69 82 142 60 14 21 29 43 28 23 44 38 49
internal_value=-0.000851593 -0.00285216 5.30683e-05 -0.00185216 0.0138699 -0.00533289 -0.00619085 -0.00384073 -0.00645714 -0.00246885 -0.00708236 0.00276636 -0.0257464 -0.0116903
internal_weight=52.7207 49.933 46.5082 44.9138 9.71381 6.58868 35.1999 33.6107 31.4332 27.9098 25.0759 16.4143 8.66157 6.16097
internal_count=711 680 611 529 112 52 417 396 367 324 296 186 110 87
is_linear=0
shrinkage=0.05


Tree=80
num_leaves=15
num_cat=0
split_feature=18 7 5 0 7 6 18 18 5 2 18 3 5 18
split_gain=0.991373 3.00203 2.8783 3.51621 2.23961 2.79282 1.4773 1.86552 2.38678 4.45409 1.20528 1.96522 2.35939 2.56961
threshold=108.50000000000001 -9.567556999999999 32.822264000000004 1.3733295000000003 -6.7563399999999989 -4.4456239999999996 155.50000000000003 135.50000000000003 43.299794000000006 30.151595500000003 183.50000000000003 7.0931765000000011 25.200717000000001 170.50000000000003
decision_type=2 2 2 2 2 2 2 2 2 2 2 2 2 2
left_child=1 -1 3 -3 -5 -6 7 8 9 -2 11 12 13 -8
right_child=6 2 -4 4 5 -7 10 -9 -10 -11 -12 -13 -14 -15
leaf_value=0.059305253727045183 -0.059175153246035742 0.051245060265954268 -0.050301077893779904 -0.067064499965386326 -0.049227314521942588 0.038689867186362352 -0.043515180862954694 -0.042647164252942432 0.036793785493116279 0.04187986945539663 -0.0050363844341507619 -0.028431971025441385 0.059672341682416002 0.042943270288937241
leaf_weight=2.6201627105474463 3.0909299198538047 3.5481081996113044 2.2782085705548516 1.409560389816759 1.4252470657229404 2.4666464123874943 1.6782774478197118 4.9319097511470318 2.4976857770234346 1.6847144002094863 19.128364147618413 1.8360258825123308 3.3589036539196968 1.7613073773682115
leaf_count=44 41 71 32 9 17 65 22 69 28 25 226 11 42 23
internal_value=-0.000426795 0.011155 -0.000182575 0.0127198 -0.013064 0.00649379 -0.0044106 -0.0189085 -0.00281182 -0.0235258 0.00196304 0.0174691 0.0298654 0.000757578
internal_weight=53.7161 13.7479 11.1278 8.84956 5.30145 3.89189 39.9681 12.2052 7.27333 4.77564 27.7629 8.63451 6.79849 3.43958
internal_count=725 238 194 162 91 82 487 163 94 66 324 98 87 45
is_linear=0
shrinkage=0.05


Tree=81
num_leaves=15
num_cat=0
split_feature=1 3 1 16 4 2 7 6 2 1 2 7 2 7
split_gain=1.15969 1.82263 1.65321 2.26114 1.53697 2.7005 2.29088 1.96139 1.20018 1.49077 0.976693 2.82453 2.34405 2.70871
threshold=10.153522500000001 8.0916625000000018 4.4122705000000009 113.50000000000001 0.22480100000000003 10.700604000000002 -5.2157574999999996 -6.3431514999999985 45.062503500000012 23.269492500000002 11.808675500000001 -16.276567999999997 18.099410000000002 -8.9826134999999976
decision_type=2 2 2 2 2 2 2 2 2 2 2 2 2 2
left_child=2 -2 3 -1 7 -6 -7 -4 9 -3 11 -5 -12 -14
right_child=1 8 4 10 5 6 -8 -9 -10 -11 12 -13 13 -15
leaf_value=0.045921742620587722 0.027138509968071378 -0.026726411466708053 0.0049531944938318237 0.01223152766580588 0.04169397013290764 -0.03660611942678689 0.023683152981167049 -0.05616295105272201 -0.059588214910220788 0.052366178759744045 0.040691977405773357 -0.037063576445366099 -0.049213159991882804 0.023087038014364951
leaf_weight=3.0208241473883417 8.6978924637660366 1.5523288408294318 1.9782251529395578 6.4703008271753779 2.492785129696129 5.2181517016142598 2.2572524864226589 3.9025915563106528 1.069555729627609 0.96683502383530129 3.9896215684711915 5.2749247141182449 2.4024617467075586 2.8114464804530144
leaf_count=58 129 28 29 73 34 54 33 34 30 28 33 88 35 29
internal_value=0.00134011 0.0147686 -0.00280345 0.00548096 -0.0153326 -0.00337306 -0.0184013 -0.0356043 -0.015212 0.00362869 -0.000350621 -0.00990751 0.0118455 -0.0102274
internal_weight=52.1052 12.2866 39.8186 23.9696 15.849 9.96819 7.4754 5.88082 3.58872 2.51916 20.9488 11.7452 9.20353 5.21391
internal_count=715 215 500 316 184 121 87 63 86 56 258 161 97 64
is_linear=0
shrinkage=0.05


Tree=82
num_leaves=15
num_cat=0
split_feature=16 10 1 1 7 3 3 7 7 6 0 2 2 16
split_gain=2.52063 1.35823 1.62512 2.14173 2.42155 2.00219 1.96322 2.01689 2.60869 1.89239 2.11951 1.76259 1.70515 1.67356
threshold=233.50000000000003 3.5000000000000004 1.7827810000000002 10.463167000000002 -6.7563399999999989 6.0561830000000016 4.5453405000000009 -8.2102879999999967 -9.2623459999999991 -3.5544829999999998 1.3733295000000003 45.062503500000012 18.859571000000003 203.50000000000003
decision_type=2 2 2 2 2 2 2 2 2 2 2 2 2 2
left_child=1 2 -1 4 6 12 7 8 -4 10 -6 -7 -5 -10
right_child=-2 -3 3 5 9 11 -8 -9 13 -11 -12 -13 -14 -15
leaf_value=0.016725446912682289 0.049170259729187447 -0.029383181168709256 -0.030071021623269873 -0.012001203742347429 0.019119864679502382 0.0077032497978720667 -0.064964415720247165 -0.057132753256983686 0.062671053452318021 0.053636358867868029 -0.04383454497368057 -0.05754212160054592 0.051322389619000812 -0.008807815834806899
leaf_weight=11.60614917334169 2.5492531135678282 4.0972767714411011 4.435710405930875 1.4544244734570364 3.3449515160173178 4.1779054598882794 2.7884207852184764 2.449869018048048 1.7240229658782484 1.7440953403711379 2.227167833596468 1.3760560275986788 3.9510635118931532 1.5597536750137804
leaf_count=166 32 56 53 17 30 100 29 25 23 49 25 39 46 19
internal_value=0.000749322 -0.00188053 0.000749881 -0.00518654 -0.014813 0.0126216 -0.0277975 -0.0176064 -0.00506226 0.00818388 -0.00604292 -0.00846202 0.0342843 0.0287195
internal_weight=49.4861 46.9369 42.8396 31.2334 20.274 10.9594 12.9578 10.1694 7.71949 7.31621 5.57212 5.55396 5.40549 3.28378
internal_count=709 677 621 455 253 202 149 120 95 104 55 139 63 42
is_linear=0
shrinkage=0.05


Tree=83
num_leaves=15
num_cat=0
split_feature=6 2 3 12 6 6 8 16 0 6 2 4 4 0
split_gain=0.897279 1.82589 0.993945 0.88409 2.18273 1.88226 2.06052 1.80373 2.46114 1.69809 1.92845 2.39304 1.60169 1.51458
threshold=-2.3070119999999994 10.700604000000002 4.3620590000000012 1.9781195000000003 -10.582139 -7.4939069999999992 47.500000000000007 185.50000000000003 -1.6048484999999999 -4.2098869999999993 27.163476000000006 0.50539950000000011 0.54954100000000017 -0.52336599999999989
decision_type=2 2 2 2 2 2 2 2 2 2 2 2 2 2
left_child=3 -2 -3 7 -5 13 9 -1 -9 10 -7 -12 -11 -6
right_child=1 2 -4 4 5 6 -8 8 -10 12 11 -13 -14 -15
leaf_value=0.022186341587208537 0.067299920919828324 0.036122960159004222 -0.036294659447159858 -0.05009217227117712 -0.0069654061742136343 -0.025370668082777988 -0.034696575745167178 0.017211502090661194 -0.045530744478207097 0.053500485773610752 0.046390498213221019 -0.027235352403499138 -0.0022670450205658117 0.045182874685443304
leaf_weight=8.9604772655293328 1.4371213577687734 0.79821085464209307 1.1659063212573526 2.6733427131548515 2.4299880638718605 7.966597925871616 5.9043815908953539 3.2690296340733767 2.9949327763169995 2.392447090707722 2.6291574947535992 1.9020830225199459 2.7878192840144038 3.2607599478215006
leaf_count=146 12 15 27 46 23 82 82 34 34 55 22 36 73 41
internal_value=-0.000330385 0.0244722 -0.00686437 -0.00211876 -0.00684416 -0.00289459 -0.00912282 0.00779691 -0.0127869 -0.000581336 -0.0105581 0.0154845 0.0234886 0.0229152
internal_weight=50.5723 3.40124 1.96412 47.171 31.9466 29.2732 23.5825 15.2244 6.26396 17.6781 12.4978 4.53124 5.18027 5.69075
internal_count=728 54 42 674 460 414 350 214 68 268 140 58 128 64
is_linear=0
shrinkage=0.05


Tree=84
num_leaves=15
num_cat=0
split_feature=5 8 8 9 16 6 4 16 5 5 5 3 5 12
split_gain=2.04852 0.772971 1.186 1.70757 1.25068 2.03596 1.5311 1.64101 3.9484 1.20853 1.87274 1.85933 1.51471 1.62745
threshold=53.679578500000005 32.500000000000007 42.500000000000007 3.5000000000000004 108.50000000000001 -2.7565659999999998 0.54954100000000017 218.50000000000003 30.196269000000004 40.419282500000001 49.098343500000006 0.39481750000000004 21.492747000000005 10.117928000000001
decision_type=2 2 2 2 2 2 2 2 2 2 2 2 2 2
left_child=1 -1 9 4 5 -4 7 -6 -9 11 -11 -3 -13 -14
right_child=-2 2 3 -5 6 -7 -8 8 -10 10 -12 12 13 -15
leaf_value=-0.021861973626072031 -0.053008231572962285 -0.037217089140625381 0.049070056985104145 -0.041560727043410579 -0.016492738922239007 -0.021485298263634049 0.03903032658654125 -0.028505492015234748 0.060901229028950225 0.054735837290369065 -0.0076862790546629953 0.056458134017204287 -0.019249245459561085 0.037954182683550379
leaf_weight=3.7405898971483102 1.8968469025567163 2.2210179362446052 2.8869463074952364 2.7321670651435843 15.945607282221323 1.5831753481179536 1.8278297232463945 2.4537434559315434 2.4859360214322805 3.4005190022289744 1.8580822087824342 1.6936795804649589 3.3231838513165712 1.986716231331229
leaf_count=87 48 16 60 31 199 15 22 20 38 44 20 31 42 38
internal_value=-0.00204207 -3.38261e-05 0.0018052 -0.00388087 -9.36948e-05 0.0240816 -0.00485158 -0.00869202 0.0164892 0.0135499 0.0326795 0.00264484 0.0152861 0.0021536
internal_weight=50.036 48.1392 44.3986 29.9154 27.1832 4.47012 22.7131 20.8853 4.93968 14.4832 5.2586 9.2246 7.00358 5.3099
internal_count=711 663 576 385 354 75 279 257 58 191 64 127 111 80
is_linear=0
shrinkage=0.05


Tree=85
num_leaves=15
num_cat=0
split_feature=6 8 4 16 4 3 4 1 12 4 4 5 4 6
split_gain=0.89054 1.66035 1.18037 1.75427 1.08432 1.50088 0.968804 1.3489 1.24142 1.55751 1.56103 3.12014 1.1868 1.7697
threshold=-2.6041044999999996 32.500000000000007 0.35723850000000007 87.500000000000014 0.70978750000000013 8.0916625000000018 0.60274850000000002 10.153522500000001 1.9781195000000003 -0.1156155 -0.17001699999999997 25.200717000000001 -0.25494499999999992 -13.923449499999998
decision_type=2 2 2 2 2 2 2 2 2 2 2 2 2 2
left_child=1 -1 -2 -4 6 -6 7 8 9 10 11 -3 13 -13
right_child=2 4 3 -5 5 -7 -8 -9 -10 -11 -12 12 -14 -15
leaf_value=-0.039479199273609322 0.056196426328592619 -0.0450241024632674 0.034758658388318452 -0.036470080004356219 0.060069323134158616 -0.013378693691702997 -0.033462316400093353 0.026334057525347121 -0.012841855098121958 0.0250965714732337 -0.04293879849991513 0.052934331795762193 0.064452290021048492 -0.029792741404920081
leaf_weight=2.7188793215900651 1.5883500669151533 2.0350730475038237 2.0213559875264768 1.5102829281240699 1.7220478840172284 1.1668389355763791 2.2150214416906229 4.4599834978580466 15.887002770788966 6.7315949061885538 2.2385026291012764 1.2339135650545303 1.591034982353454 1.3578643072396519
leaf_count=44 25 43 66 27 23 42 34 49 191 89 23 26 11 24
internal_value=0.000677512 -0.00165126 0.0203983 0.00429814 0.00087956 0.0304032 -0.00137979 0.000620026 -0.00307054 0.0071505 -0.00713522 0.00575443 0.0304598 0.0095926
internal_weight=48.4777 43.3578 5.11999 3.53164 40.6389 2.88889 37.75 35.535 31.075 15.188 8.45639 6.21789 4.18281 2.59178
internal_count=717 599 118 93 555 65 490 456 407 216 127 104 61 50
is_linear=0
shrinkage=0.05


Tree=86
num_leaves=15
num_cat=0
split_feature=7 5 12 3 16 0 16 0 6 7 6 16 6 9
split_gain=0.764459 1.13615 0.913498 1.87081 1.53631 1.72146 1.44393 1.63476 1.41707 1.26313 1.1144 2.25527 1.64298 1.4904
threshold=-4.5236774999999989 34.023421000000006 1.9781195000000003 -1.2611339999999998 227.50000000000003 -4.7471904999999994 185.50000000000003 -1.2192099999999997 -8.137280999999998 -16.467661499999995 -7.3184504999999991 202.50000000000003 -2.3070119999999994 3.5000000000000004
decision_type=2 2 2 2 2 2 2 2 2 2 2 2 2 2
left_child=2 -2 6 -4 5 -5 9 -8 -7 -1 -10 12 13 -12
right_child=1 -3 3 4 -6 8 7 -9 10 -11 11 -13 -14 -15
leaf_value=0.055194009556472717 0.053399184628482914 -0.044033900132377859 -0.049310638847809084 0.03949179856963126 0.045969871756238151 -0.05035445746634061 0.013066170653476015 -0.037009835252826216 0.025167158843664019 0.010544710741252791 -0.0014514621944730025 -0.05567662307814189 0.035578512552058641 -0.03618741565092834
leaf_weight=2.1441162209957829 1.345952734351157 0.38472560048103321 2.3943764045834497 1.9414722006768013 1.4978797771036614 1.9460030496120477 3.6646769009530544 2.9351718686521044 2.5641714762896362 6.0636506518349043 13.598648868501199 2.3765404522418967 2.3021618891507378 3.9953198265284291
leaf_count=42 81 14 23 18 29 42 40 35 23 94 172 31 25 48
internal_value=-0.000900368 0.03174 -0.00209153 -0.00676724 -0.00339671 -0.00597101 0.00820759 -0.00920429 -0.00926658 0.0222085 -0.00604729 -0.00964089 -0.00414205 -0.00933946
internal_weight=49.1549 1.73068 47.4242 32.6166 30.2222 28.7243 14.8076 6.59985 26.7828 8.20777 24.8368 22.2727 19.8961 17.594
internal_count=717 95 622 411 388 359 211 75 341 136 299 276 245 220
is_linear=0
shrinkage=0.05


Tree=87
num_leaves=15
num_cat=0
split_feature=0 7 5 0 16 16 7 3 2 5 3 4 1 8
split_gain=0.818525 1.17614 1.05521 1.77697 2.11449 2.36141 1.6166 1.57639 2.09712 1.35728 2.12399 2.17548 1.42143 2.00852
threshold=8.8190965000000023 -4.5236774999999989 40.419282500000001 -4.7471904999999994 158.50000000000003 179.50000000000003 -20.230554999999995 0.15210350000000003 42.596646000000007 29.383237500000003 4.4975165000000006 -0.30094449999999989 0.38481500000000007 47.500000000000007
decision_type=2 2 2 2 2 2 2 2 2 2 2 2 2 2
left_child=1 2 9 -4 -5 -6 -7 -8 -9 10 11 -1 -13 -14
right_child=-2 -3 3 4 5 6 7 8 -10 -11 -12 12 13 -15
leaf_value=-0.043259739360164813 -0.034674965900291316 0.044021863767175193 0.041174841471671025 -0.036854851633266565 0.06073605015995559 -0.032500836089995641 -0.035870785808247103 0.051611354065536234 -0.01705555297742958 -0.021775946551219106 -0.0409831018474099 0.043057408620428075 0.021249627297772928 -0.022739742871106278
leaf_weight=1.8598942365497393 1.7077761515974987 1.5070523871108878 3.4284866806119707 2.914694787003099 1.9631756581366051 2.6554762646555892 1.2479951344430436 3.1204349547624588 1.7274503298103807 9.8315871991217119 2.5937317740172139 3.295421103946869 7.3718164246529323 4.0045050904154778
leaf_count=35 42 92 35 54 25 15 11 41 23 126 33 51 84 55
internal_value=-0.000665184 0.000557017 -0.000866524 0.00899873 0.000904701 0.0111765 5.89037e-05 0.0142425 0.0271432 -0.00667786 0.00108346 0.00768349 0.0141414 0.00576521
internal_weight=49.2295 47.5217 46.0147 17.0577 13.6292 10.7145 8.75136 6.09588 4.84789 28.957 19.1254 16.5316 14.6717 11.3763
internal_count=722 680 588 204 169 115 90 75 64 384 258 225 190 139
is_linear=0
shrinkage=0.05


Tree=88
num_leaves=15
num_cat=0
split_feature=16 4 2 4 16 16 16 8 4 0 4 10 6 1
split_gain=1.20578 0.985904 0.937766 1.15931 0.825243 1.01153 1.11416 1.28055 1.53127 1.18502 1.01865 1.16545 0.996082 0.777545
threshold=233.50000000000003 1.3705340000000004 45.062503500000012 0.48238400000000003 68.500000000000014 72.500000000000014 86.500000000000014 32.500000000000007 0.69123500000000015 2.1709015000000007 0.60274850000000002 3.5000000000000004 -4.4456239999999996 10.153522500000001
decision_type=2 2 2 2 2 2 2 2 2 2 2 2 2 2
left_child=1 2 4 -4 12 -6 9 -8 10 -7 11 13 -1 -9
right_child=-2 -3 3 -5 5 6 7 8 -10 -11 -12 -13 -14 -15
leaf_value=-0.0061638919106369646 0.032588618614097002 0.041852015054581082 0.0096199800398660343 -0.055839561850801744 -0.041774584738101805 0.056412879446745327 -0.046923955833079484 -0.0028362069596789261 0.041599711437844064 -0.0067549117052920805 -0.043948936885569279 -0.036112953294414413 0.052527361252152162 0.021506934365240399
leaf_weight=1.377089159563184 2.7061487659811965 1.2607475519180287 1.0984101500362151 1.7604245003312824 1.6128144939430047 1.6448848629370325 1.6452238149940956 23.127153267152618 1.9205395961180318 1.3533152220770714 1.5476542804390181 2.3479177448898545 1.5218010921962548 3.8224566886201492
leaf_count=22 32 29 17 47 18 35 32 299 25 19 23 32 55 36
internal_value=0.000152743 -0.00175376 -0.00298146 -0.030689 -0.00109192 -0.003004 -0.00133249 -0.00387954 -0.0017182 0.0279005 -0.00441534 -0.00232696 0.0246467 0.000616556
internal_weight=48.7466 46.0404 44.7797 2.85883 41.9209 39.022 37.4091 34.4109 32.7657 2.9982 30.8452 29.2975 2.89889 26.9496
internal_count=721 689 660 64 596 519 501 447 415 54 390 367 77 335
is_linear=0
shrinkage=0.05


Tree=89
num_leaves=15
num_cat=0
split_feature=4 7 8 7 7 2 7 7 16 3 7 7 0 4
split_gain=0.981728 1.05138 1.883 1.10635 1.63603 2.31474 2.26004 2.0543 2.05817 1.68439 1.09507 2.48791 1.51167 1.19695
threshold=1.3180215000000002 -4.5236774999999989 32.500000000000007 -5.2157574999999996 -8.5187904999999997 8.5980560000000015 -9.2623459999999991 -10.711000499999999 108.50000000000001 4.1340795000000012 -16.562925499999995 -17.812926999999998 -0.82457899999999984 -0.20446699999999998
decision_type=2 2 2 2 2 2 2 2 2 2 2 2 2 2
left_child=1 2 -1 4 6 -6 7 8 -4 -8 11 12 -10 -12
right_child=-2 -3 3 -5 5 -7 9 -9 10 -11 13 -13 -14 -15
leaf_value=-0.046311811681483898 0.038934057958932664 0.036427118662211357 0.054352608773916358 0.018076594688241097 0.018819865165989817 -0.039433812723688011 0.053226060130746704 -0.052875006630232119 0.019642629425745704 -0.018879926289868062 -0.055068172437939225 0.054331788347649235 -0.025423385366992013 -0.0092728482232250532
leaf_weight=2.638298953883349 1.376462073996662 1.5587151767685998 1.5438476409763122 5.5270583359524599 2.2939985822886282 6.6448039915412664 3.0545018613338462 2.1189480582252136 3.1271951645612717 1.1021583415567873 1.7686457820236698 2.0889660455286521 4.5950005110353231 7.3829422621056402
leaf_count=40 34 94 27 57 35 71 70 40 24 9 33 45 36 98
internal_value=-0.00266696 -0.00392699 -0.00536025 -0.00274092 -0.00596198 -0.024484 0.000219897 -0.00600565 -0.00116264 0.0341068 -0.0056824 0.00592215 -0.00717337 -0.0181233
internal_weight=46.8215 45.4451 43.8864 41.2481 35.721 8.9388 26.7822 22.6255 20.5066 4.15666 18.9627 9.81116 7.7222 9.15159
internal_count=713 679 585 545 488 106 382 303 263 79 236 105 60 131
is_linear=0
shrinkage=0.05


Tree=90
num_leaves=15
num_cat=0
split_feature=7 2 7 6 1 8 16 16 5 13 5 3 4 7
split_gain=0.629964 1.1831 0.966956 2.26652 3.03931 2.06257 1.99587 2.68123 1.59551 2.47697 2.17717 1.44754 1.75686 1.28505
threshold=-4.5236774999999989 60.600434500000006 -8.5187904999999997 -7.8578979999999996 4.4122705000000009 42.500000000000007 109.50000000000001 156.50000000000003 30.196269000000004 0.78008200000000005 48.047880500000012 5.220526500000001 0.22480100000000003 -5.2157574999999996
decision_type=2 2 2 2 2 2 2 2 2 2 2 2 2 2
left_child=2 -2 5 -4 -5 -1 -7 -8 -9 10 -10 12 -6 -14
right_child=1 -3 3 4 11 6 7 8 9 -11 -12 -13 13 -15
leaf_value=0.025535219332064131 0.052873580659248222 -0.051416184678095146 -0.059680493470404855 0.029398731996908775 -0.042641275540391516 0.05426150532291462 -0.053303053067397327 -0.018900670386102863 -0.03243731901081863 0.060242658247533915 0.028138796753824011 -0.054211874204060109 -0.015006972521866417 0.032352181931235201
leaf_weight=8.4465958420187253 1.283553005196153 0.34504644945263852 2.0322951357811716 4.8266030251979819 2.650628309696911 1.351620022207501 2.8332087909802821 6.3375910362228742 2.966010360978542 2.1740709245204926 2.9671843443065882 2.2334978943690649 3.1504744030535212 2.6265088524669418
leaf_count=119 85 13 20 64 23 24 66 93 38 39 20 51 31 20
internal_value=0.000233581 0.030778 -0.000881863 -0.0100346 -0.00352008 0.00504052 -0.00425166 -0.008829 -0.000105874 0.0145863 -0.00214327 -0.0184234 -0.00893871 0.0065249
internal_weight=46.2249 1.6286 44.5963 17.52 15.4877 27.0763 18.6297 17.2781 14.4449 8.10727 5.93319 10.6611 8.42761 5.77698
internal_count=706 98 608 209 189 399 280 256 190 97 58 125 74 51
is_linear=0
shrinkage=0.05


Tree=91
num_leaves=15
num_cat=0
split_feature=16 10 1 6 1 3 4 7 16 4 4 2 0 2
split_gain=1.97097 0.939669 1.33232 1.87751 1.86481 2.22463 1.38976 2.85979 1.58484 1.43188 1.12222 1.33944 1.12986 1.09412
threshold=233.50000000000003 2.5000000000000004 1.7827810000000002 -2.6041044999999996 12.790273000000001 3.8116075000000005 0.19710700000000003 -5.2157574999999996 130.50000000000003 0.3888835000000001 -0.1412455 16.646645000000003 -1.3117379999999998 27.905123500000006
decision_type=2 2 2 2 2 2 2 2 2 2 2 2 2 2
left_child=1 2 10 4 5 6 8 9 -4 -8 11 -1 -12 -3
right_child=-2 13 3 -5 -6 -7 7 -9 -10 -11 12 -13 -14 -15
leaf_value=-0.023749314678687492 0.045432896235618053 -0.0085664470846762708 -0.048898124425349361 0.02975437065333349 0.018437138060852416 -0.043993037292309217 0.011515435076894967 0.054594352115999084 0.00093006976442652095 -0.046656059168865741 0.06608618157188792 0.041592133825262001 0.014836417490202945 -0.055560661838673586
leaf_weight=2.3275035899132495 2.2935820035636416 6.3716008933261028 2.9601452313363605 3.5811698921024826 4.8468260299414387 5.2333529442548743 2.4350262861698866 2.3742751078680158 3.4622526038438082 1.8704279959201811 1.8392389286309478 1.1829228438436983 2.5895729148760429 1.537412724457681
leaf_count=53 33 100 30 98 103 88 28 21 45 21 19 21 39 22
internal_value=0.000281715 -0.00214855 0.00139609 -0.00393984 -0.00914488 -0.0164359 -0.00542888 0.0105387 -0.0220362 -0.0137561 0.0193837 -0.00173094 0.0361199 -0.0177015
internal_weight=44.9053 42.6117 34.7027 26.7635 23.1823 18.3355 13.1021 6.67973 6.4224 4.30545 7.93924 3.51043 4.42881 7.90901
internal_count=721 688 566 434 336 233 145 70 75 49 132 74 58 122
is_linear=0
shrinkage=0.05


Tree=92
num_leaves=15
num_cat=0
split_feature=4 1 5 7 7 18 18 18 18 7 5 0 7 5
split_gain=0.75366 1.67512 1.33943 1.02623 2.47675 1.66046 1.79858 1.9558 1.94795 2.23935 2.6513 2.75305 1.74539 1.67707
threshold=-0.30717099999999992 -6.8971384999999996 35.083939500000007 -20.230554999999995 -16.562925499999995 218.50000000000003 135.50000000000003 128.50000000000003 108.50000000000001 -9.567556999999999 34.086257500000009 1.3733295000000003 -8.0002234999999988 28.324343000000002
decision_type=2 2 2 2 2 2 2 2 2 2 2 2 2 2
left_child=2 -2 -1 -3 -5 6 7 8 9 -6 11 -11 -7 -8
right_child=1 3 -4 4 5 12 13 -9 -10 10 -12 -13 -14 -15
leaf_value=-0.046178857321860493 0.054408912224783161 -0.020520031677146233 0.016421921077772302 0.05141377072760283 0.059361743922525002 0.057086813836835629 -0.0020946281347555594 0.043874308883876056 -0.03716581585557667 0.047368585388290536 -0.060026153539949362 -0.013043430369839888 -0.018026844330466536 -0.039350709327367228
leaf_weight=2.1544915139675136 1.5030052848160256 5.0144055224955073 1.4161097100004552 2.5207644179463378 1.8093042643740744 2.3619035631418233 6.8509194105863553 2.9143544659018508 2.9626734890043727 3.093103992752738 1.6000285055488346 4.8317233100533485 1.1499098520725954 5.4027231698855758
leaf_count=48 15 33 33 50 34 49 87 20 69 66 30 95 17 73
internal_value=0.000702161 0.00257635 -0.0213512 0.000653344 0.00364432 -7.21996e-06 -0.00388064 0.00654276 -0.00106713 0.00836883 -0.00131759 0.0105357 0.0324916 -0.0185211
internal_weight=45.5854 42.0148 3.5706 40.5118 35.4974 32.9766 29.4648 17.2112 14.2968 11.3342 9.52486 7.92483 3.51181 12.2536
internal_count=719 638 81 623 590 540 474 314 294 225 191 161 66 160
is_linear=0
shrinkage=0.05


Tree=93
num_leaves=15
num_cat=0
split_feature=16 16 16 16 3 4 6 7 5 6 7 0 7 6
split_gain=0.794543 1.04934 2.31748 1.65618 2.12061 1.76872 2.37814 1.5179 1.92554 1.51275 2.18029 1.48387 1.80295 1.35938
threshold=232.50000000000003 135.50000000000003 155.50000000000003 185.50000000000003 4.5453405000000009 1.0000000180025095e-35 -6.4833694999999993 -10.883451499999998 34.086257500000009 -8.8118754999999975 -16.467661499999995 1.3733295000000003 -6.7563399999999989 -4.5236774999999989
decision_type=2 2 2 2 2 2 2 2 2 2 2 2 2 2
left_child=1 7 -3 4 9 -5 -7 -1 11 10 -4 -9 -13 -14
right_child=-2 2 3 5 -6 6 -8 8 -10 -11 -12 12 13 -15
leaf_value=0.036974059473060143 0.024735632720677418 -0.040668064574590317 0.052608713753843711 -0.053128379900192479 -0.01756047735552109 0.027474570443767443 -0.022705778854419448 0.031122280382036557 -0.032242341711274679 0.059561009688486266 -0.054040388187722492 -0.074507764614937383 -0.032040744445589846 0.028225788848106077
leaf_weight=3.4334507966414121 2.8932285150513044 4.6570532806217697 1.0186561401933429 2.2332416037097564 2.8425374180078506 3.7700692769140023 6.3176024537533486 4.7270627031102759 3.4796453351154915 2.9152426552027491 0.90496554598212231 0.84719173610210408 1.490960733965039 2.5123932571150362
leaf_count=62 37 72 25 39 19 44 94 89 62 45 15 7 23 85
internal_value=-0.000591304 -0.00237202 -0.0089014 -0.0015053 0.0167162 -0.0128654 -0.00395186 0.00739169 -0.000387104 0.0368517 0.00243577 0.0111862 -0.00824228 0.00578085
internal_weight=44.0433 41.1501 24.6594 20.0023 7.6814 12.3209 10.0877 16.4907 13.0573 4.83886 1.92362 9.57761 4.85055 4.00335
internal_count=718 681 353 281 104 177 138 328 266 85 40 204 115 108
is_linear=0
shrinkage=0.05


Tree=94
num_leaves=15
num_cat=0
split_feature=4 7 8 7 6 16 7 2 7 16 16 1 2 16
split_gain=0.747266 0.913651 1.20285 0.83082 0.96741 0.819569 0.808248 1.57856 0.9586 1.77769 1.49962 1.34006 1.70985 2.7115
threshold=1.3180215000000002 -4.5236774999999989 32.500000000000007 -5.2157574999999996 -4.1406759999999982 87.500000000000014 -8.2102879999999967 8.5980560000000015 -9.2623459999999991 218.50000000000003 201.50000000000003 10.463167000000002 26.308830000000004 185.50000000000003
decision_type=2 2 2 2 2 2 2 2 2 2 2 2 2 2
left_child=1 2 5 6 -5 -1 8 -8 11 10 -10 12 13 -4
right_child=-2 -3 3 4 -6 -7 7 -9 9 -11 -12 -13 -14 -15
leaf_value=-0.00095288325774586183 0.037805184046280353 0.040285681353227465 0.014077517611106392 0.0008407820793443799 0.045280438731698076 -0.060542979095259734 0.018090584236436835 -0.033279592293475983 0.024354089029390524 0.057066438485788455 -0.035825844801475867 0.019325368707780885 -0.055646012683367732 -0.029570368263841053
leaf_weight=0.97357719670981113 1.3094557318836439 1.3289625262841571 8.2320641782134825 2.9648794289678335 2.0864477735012761 1.4165184739977119 2.1517825387418332 4.9031053204089403 2.5871408991515592 2.0248377388343215 1.7256661690771578 4.8557512285187832 1.865289207547902 6.266879982315003
leaf_count=16 35 90 129 27 29 24 36 60 39 43 14 64 27 75
internal_value=0.000591305 -0.000531947 -0.00182184 0.000253944 0.0191966 -0.0362697 -0.00251053 -0.0176114 0.00135536 0.0184192 0.000274534 -0.00374099 -0.0105855 -0.00478841
internal_weight=44.6924 43.3829 42.0539 39.6638 5.05133 2.3901 34.6125 7.05489 27.5576 6.33764 4.31281 21.22 16.3642 14.4989
internal_count=708 673 583 543 56 40 487 96 391 96 53 295 231 204
is_linear=0
shrinkage=0.05


Tree=95
num_leaves=15
num_cat=0
split_feature=9 6 2 16 16 16 4 6 7 16 8 6 4 3
split_gain=1.16024 1.14837 0.995466 1.45236 0.795769 1.5649 1.38894 3.13314 1.23133 1.75308 1.59167 0.964641 2.71109 1.76064
threshold=4.5000000000000009 -5.2114149999999988 42.421640000000004 226.50000000000003 183.50000000000003 170.50000000000003 -0.12918799999999997 -7.0515774999999996 -20.230554999999995 202.50000000000003 47.500000000000007 -4.6540244999999993 0.36061350000000009 2.6475665000000004
decision_type=2 2 2 2 2 2 2 2 2 2 2 2 2 2
left_child=2 -2 4 -4 5 11 -6 -8 -9 10 -10 12 -1 -13
right_child=1 -3 3 -5 6 -7 7 8 9 -11 -12 13 -14 -15
leaf_value=0.0093860598122169295 -0.068679273434484697 0.002695751562306658 -0.036706428974742453 0.037009742757943401 -0.031827870932802815 0.041827243106699004 0.0543576992245152 -0.043411007920072381 0.061089302041908371 -0.030135626339317559 -0.010264633563741393 0.059541138695803977 -0.048838619049195474 0.0056093226248543999
leaf_weight=9.3449096996337158 1.1440074266865852 1.1106599555350829 3.0640962356701489 0.854511173442006 3.3306562704965481 3.5876227710396043 2.4691405259072772 2.0656498894095412 1.6134940050542339 2.4213017541915178 1.5157568939030168 2.0352099305018827 2.5434034783393153 5.9009006638079882
leaf_count=144 10 33 75 13 38 44 42 16 30 38 19 43 29 135
internal_value=0.00139509 -0.0335196 0.00332705 -0.0206315 0.00587631 0.01144 -0.00383287 0.0054124 -0.0104555 0.00180903 0.0265266 0.00594087 -0.00307061 0.0194401
internal_weight=43.0013 2.25467 40.7467 3.91861 36.828 23.412 13.416 10.0853 7.6162 5.55055 3.12925 19.8244 11.8883 7.93611
internal_count=709 43 666 88 578 395 183 145 103 87 49 351 173 178
is_linear=0
shrinkage=0.05


Tree=96
num_leaves=15
num_cat=0
split_feature=6 2 8 1 16 1 7 7 5 2 16 5 16 3
split_gain=0.827902 1.32496 0.574947 0.860432 1.52859 1.33007 1.60444 1.43869 1.39737 1.32338 1.88253 1.21109 1.17055 1.2793
threshold=-2.3070119999999994 10.910887000000001 32.500000000000007 10.463167000000002 186.50000000000003 4.3466270000000007 -6.7563399999999989 -5.2157574999999996 29.738940500000002 14.641432000000002 139.50000000000003 48.047880500000012 104.50000000000001 5.4735080000000016
decision_type=2 2 2 2 2 2 2 2 2 2 2 2 2 2
left_child=2 -2 -1 5 9 6 -4 11 -9 -5 12 -7 -11 -14
right_child=1 -3 3 4 -6 7 -8 8 -10 10 -12 -13 13 -15
leaf_value=-0.024617576417948331 0.065568781856246969 -0.0047791989109668351 0.00047846648795204984 0.056738293764256743 0.055261673913454462 -0.038790435883824644 0.050014546433777375 0.039919128402804871 -0.022827667479205258 -0.0167494950990403 -0.044431171941139977 0.011611390285534052 0.089289618676637442 0.0060397192237629117
leaf_weight=2.3154360791668287 1.2610503528267138 1.4264362403191624 17.68830609600991 0.99162613833322932 1.8612483218312261 6.0907590594142675 1.8010720321908653 1.8384647592902168 1.7150100767612455 1.4518450219184162 2.0047465311363339 1.4818192608654497 0.83172480855137099 1.036635556258261
leaf_count=66 12 38 274 19 29 81 35 28 17 39 23 26 9 31
internal_value=0.00134366 0.0282302 -0.000414049 0.00103058 0.0154385 -0.00281799 0.00505624 -0.0166112 0.0096357 0.00370416 -0.00617199 -0.0289277 0.016929 0.0430995
internal_weight=43.7962 2.68749 41.1087 38.7933 8.17783 30.6154 19.4894 11.1261 3.55347 6.31658 5.32495 7.57258 3.32021 1.86836
internal_count=727 50 677 611 150 461 309 152 45 121 102 107 79 40
is_linear=0
shrinkage=0.05


Tree=97
num_leaves=15
num_cat=0
split_feature=4 7 8 16 5 12 10 6 1 7 2 5 2 6
split_gain=0.674192 0.844552 1.21626 0.555746 1.98738 0.78123 1.43561 1.16047 1.14459 1.07621 1.73468 1.72827 0.876854 0.824592
threshold=1.3180215000000002 -4.5236774999999989 32.500000000000007 227.50000000000003 30.196269000000004 1.9781195000000003 2.5000000000000004 -8.137280999999998 12.790273000000001 -16.562925499999995 12.296723500000002 23.118522500000005 23.600692000000002 -7.4939069999999992
decision_type=2 2 2 2 2 2 2 2 2 2 2 2 2 2
left_child=1 2 -1 5 -5 6 9 12 13 -4 11 -11 -7 -9
right_child=-2 -3 3 4 -6 7 -8 8 -10 10 -12 -13 -14 -15
leaf_value=-0.040994876339717434 0.036559723846651251 0.038256051924633216 0.053769215557011751 -0.024181686624412141 0.056832916855984308 -0.0049196631091255189 -0.021865373795415598 0.021999365120940067 0.024410066289817223 0.024027733378274289 0.032855418526704538 -0.052070927679843317 -0.056276118389937062 -0.012421606519499497
leaf_weight=1.943479899317025 1.2235828302800644 1.3181746397167433 1.7537185102701176 1.3875690270215266 1.6657746192067859 1.4429668672382789 2.9009728506207457 1.9806770235300071 3.2140891887247554 1.3417831612750881 3.672979237511754 1.6806074287742374 1.9602388534694908 14.315000945702206
leaf_count=38 33 93 35 11 39 18 56 18 41 21 44 32 44 185
internal_value=-7.67967e-06 -0.00111033 -0.00243208 -0.000423683 0.0200164 -0.0022452 0.00848204 -0.007559 -0.00285936 0.0189018 0.00976891 -0.0182871 -0.0345009 -0.00823787
internal_weight=41.8016 40.578 39.2599 37.3164 3.05334 34.263 11.3501 22.913 19.5098 8.44909 6.69537 3.02239 3.40321 16.2957
internal_count=708 675 582 544 50 494 188 306 244 132 97 53 62 203
is_linear=0
shrinkage=0.05


Tree=98
num_leaves=15
num_cat=0
split_feature=18 7 5 0 18 7 7 6 18 8 8 18 1 4
split_gain=1.00238 2.45149 2.19466 2.16095 1.63616 2.682 1.24634 2.45698 1.10956 1.642 1.49147 1.44142 1.31312 1.14045
threshold=107.50000000000001 -9.567556999999999 34.086257500000009 1.3733295000000003 155.50000000000003 -5.2157574999999996 -6.7563399999999989 -4.4456239999999996 183.50000000000003 52.500000000000007 52.500000000000007 172.50000000000003 -6.8971384999999996 1.0000000180025095e-35
decision_type=2 2 2 2 2 2 2 2 2 2 2 2 2 2
left_child=1 -1 3 -3 5 -2 -5 -8 9 11 13 -6 -12 -10
right_child=4 2 -4 6 8 -7 7 -9 10 -11 12 -13 -14 -15
leaf_value=0.063225583440598351 -0.039418509775836719 0.044555783860072903 -0.058430875010490296 -0.055221217478466603 -0.027576740944774931 0.016859086998270087 -0.050165310576414761 0.039822924898044371 -0.046242946227437992 0.048222088396689573 0.009258786195121025 0.02855006774430276 -0.048901461022738457 0.010057195149350828
leaf_weight=1.8629061030223955 7.2749383533373475 2.8748835963197035 1.3555688634514806 1.1776542738080009 2.4193608239293125 2.9859629161655921 1.2384271007031187 1.9574371185153752 1.0041589215397824 2.6791981384158134 1.4140935204923151 2.1698396485298872 3.093675658106803 8.6297672959044558
leaf_count=41 134 70 27 9 32 39 20 66 15 38 25 30 38 131
internal_value=-0.00219217 0.0112223 -3.73193e-05 0.0108832 -0.00662548 -0.0230415 -0.0112511 0.00495165 0.00124199 0.017119 -0.0069183 -0.00103918 -0.0306565 0.00418894
internal_weight=42.1379 10.4669 8.60397 7.2484 31.671 10.2609 4.37352 3.19586 21.4101 7.2684 14.1417 4.5892 4.50777 9.63393
internal_count=715 233 192 165 482 173 95 86 309 100 209 62 63 146
is_linear=0
shrinkage=0.05


Tree=99
num_leaves=15
num_cat=0
split_feature=18 10 1 4 2 7 1 7 0 1 2 1 18 6
split_gain=0.771472 0.846033 0.969498 1.27711 2.07411 1.67167 1.02717 2.5822 1.12028 1.23029 1.40539 1.31772 0.889963 1.59643
threshold=233.50000000000003 2.5000000000000004 1.2600995000000002 -0.12918799999999997 15.399402000000002 -16.467661499999995 10.463167000000002 -11.905574999999997 0.30965650000000006 10.654075500000003 45.062503500000012 12.790273000000001 202.50000000000003 -2.6041044999999996
decision_type=2 2 2 2 2 2 2 2 2 2 2 2 2 2
left_child=1 2 3 4 5 -1 7 -4 -8 -10 11 -11 13 -9
right_child=-2 -3 6 -5 -6 -7 8 12 9 10 -12 -13 -14 -15
leaf_value=0.032147481977694535 0.028753941040817771 -0.015788988257555824 -0.052677445364147313 0.038977675436886842 0.047693974202607535 -0.052878629967569528 0.045567651182263108 -0.0021043769113422059 0.064836227705006758 -0.032018682379112075 -0.055859846056106589 0.028041269234567342 -0.029086097470071039 0.05087417637484714
leaf_weight=0.83519388362765301 2.4243970774114123 7.2062360486015669 2.8023273302242186 3.8525144574232391 1.4309655297547577 1.8777674706652763 1.9770190268754948 9.5570784853771311 0.68830892117694009 1.3915623570792375 1.12121045589447 2.6569756050594151 2.1869649514555922 1.6705146459862614
leaf_count=26 34 128 44 54 22 36 28 111 7 38 38 75 38 41
internal_value=0.00138142 -0.000309126 0.00317159 0.0182539 -0.00101256 -0.0267031 -0.00184274 -0.00902487 0.0130227 0.00203919 -0.00632171 0.00739748 9.42324e-05 0.00577812
internal_weight=41.679 39.2546 32.0484 7.99644 4.14393 2.71296 24.052 16.2169 7.83508 5.85806 5.16975 4.04854 13.4146 11.2276
internal_count=720 686 558 138 84 62 420 234 186 158 151 113 190 152
is_linear=0
shrinkage=0.05


Tree=100
num_leaves=15
num_cat=0
split_feature=3 1 2 7 9 16 5 16 16 5 4 4 1 5
split_gain=0.777789 1.22689 0.983808 0.886684 1.12282 1.28283 1.10308 1.99764 1.80659 1.86114 1.71301 1.34727 1.00938 0.898082
threshold=5.9848465000000006 9.167131000000003 33.609642000000008 -5.2157574999999996 3.5000000000000004 108.50000000000001 40.525884000000012 155.50000000000003 135.50000000000003 42.279471500000007 -0.29070949999999995 -0.17001699999999997 4.9057030000000008 23.930129000000004
decision_type=2 2 2 2 2 2 2 2 2 2 2 2 2 2
left_child=1 2 3 4 5 12 7 -7 -8 -10 -9 -12 -1 -13
right_child=-2 -3 -4 -5 -6 6 8 10 9 -11 11 13 -14 -15
leaf_value=0.056113677329111003 -0.015571076628333021 0.023665025433336914 -0.031272031139253052 0.025504724882234528 -0.038419899909272692 -0.055181527371157404 0.068813186495916515 -0.048602023736221966 0.055213660451296977 -0.016243510048251308 0.051364214114288931 0.016439284347728757 -0.0021912040739465993 -0.022515224950424264
leaf_weight=1.8089591693133216 5.5569579117000094 6.780733418185263 2.3116712933406225 3.6802238677628365 1.8380066901445378 2.1829761313274529 1.2102975137531746 1.6096101840958086 1.19585994631052 3.8284465931355953 1.4589724447578269 3.0803336333483271 1.2588968835771082 2.8471857933327556
leaf_count=43 162 107 40 53 25 45 7 31 14 64 16 47 10 47
internal_value=0.0018094 0.00456166 -1.36963e-05 0.00276552 -0.0009839 0.00237559 -0.00287665 -0.0122745 0.0139744 0.000764363 -0.00186279 0.00832228 0.0321882 -0.00227187
internal_weight=40.6491 35.0922 28.3114 25.9998 22.3195 20.4815 17.4137 11.1791 6.2346 5.02431 8.9961 7.38649 3.06786 5.92752
internal_count=711 549 442 402 349 324 271 186 85 78 141 110 53 94
is_linear=0
shrinkage=0.05


Tree=101
num_leaves=15
num_cat=0
split_feature=4 13 5 5 0 2 16 16 2 10 5 2 4 5
split_gain=0.731082 1.45218 1.32856 0.601259 2.21504 0.969252 0.996847 0.655457 2.51825 1.07207 0.733125 1.27033 1.26195 1.17339
threshold=-0.30094449999999989 6.8971385000000014 35.083939500000007 21.492747000000005 1.3733295000000003 -3.2370339999999995 222.50000000000003 202.50000000000003 14.853532000000003 3.5000000000000004 29.383237500000003 27.163476000000006 0.33354250000000002 40.419282500000001
decision_type=2 2 2 2 2 2 2 2 2 2 2 2 2 2
left_child=2 3 -1 4 -2 -5 7 9 -9 10 11 12 -7 -12
right_child=1 -3 -4 5 -6 6 -8 8 -10 -11 13 -13 -14 -15
leaf_value=-0.0459978727673786 0.056281834101691644 0.05555858091113778 0.02386334301875162 -0.041280532437089651 -0.0060983306786779158 0.030858595687845616 0.035096248982088213 -0.056289977175705365 0.01728161114532685 -0.036455072830212501 -0.017812765369192386 0.060267209164934499 -0.026200491218018859 0.010866113582832253
leaf_weight=1.9360030833631747 2.2400562730617812 1.3310447260737408 1.0494175450876353 1.3904434479773033 3.9019157770089805 2.2575675547123129 2.0464339107275 2.2439957130700341 2.4146810062229633 1.6381919486448158 5.7770248348824671 1.5106467772275207 1.697737068403512 9.3216720316559059
leaf_count=47 63 13 30 20 76 37 54 27 30 23 94 23 37 135
internal_value=0.00237877 0.00426144 -0.0214407 0.00238773 0.0166525 -0.000503972 0.00145734 -0.00110543 -0.0181564 0.00247227 0.00557325 0.0212637 0.0063671 -0.000106926
internal_weight=40.7568 37.7714 2.98542 36.4404 6.14197 30.2984 28.908 26.8615 4.65868 22.2028 20.5646 5.46595 3.9553 15.0987
internal_count=709 632 77 619 139 480 460 406 57 349 326 97 74 229
is_linear=0
shrinkage=0.05


Tree=102
num_leaves=15
num_cat=0
split_feature=16 3 3 16 4 7 6 6 1 16 8 16 16 16
split_gain=0.737409 1.21148 1.32945 0.882503 0.881278 0.995203 0.932296 1.11082 0.918749 0.881615 0.880718 2.19491 0.766179 1.55581
threshold=233.50000000000003 -2.3016569999999992 2.6475665000000004 129.50000000000003 1.3180215000000002 -4.5236774999999989 -2.3070119999999994 -7.3184504999999991 13.330613500000002 172.50000000000003 42.500000000000007 148.50000000000003 188.50000000000003 170.50000000000003
decision_type=2 2 2 2 2 2 2 2 2 2 2 2 2 2
left_child=1 3 12 -1 5 6 7 9 10 -4 11 -9 13 -3
right_child=-2 2 4 -5 -6 -7 -8 8 -10 -11 -12 -13 -14 -15
leaf_value=0.014265758288482235 0.02637770264864301 0.0095265097780148685 -0.020811603163990198 -0.037142670515180352 0.031876421817212917 0.032884627232404574 0.013937615290688496 -0.053422547738360096 -0.0030958939489732357 0.032694779804768585 -0.055779224294119113 0.031481495091225171 -0.0062048441093707357 0.059690580903853298
leaf_weight=1.0636574383825053 2.2663815496489397 10.112705554813148 1.6283567585051035 3.8801063448190689 1.1948433145880688 1.1135175721719885 2.1861352175474176 1.9338619709014877 2.3460994968190789 1.4602083005011079 3.7346373787149787 1.2553208637982605 4.9490493927150956 1.8245191071182478
leaf_count=15 30 155 36 81 33 87 23 42 39 18 41 17 71 35
internal_value=-0.00134235 -0.00296643 0.000420677 -0.0260821 -0.00951428 -0.0126727 -0.0161605 -0.0214847 -0.0301374 0.00448508 -0.0393002 -0.0200028 0.010336 0.0171937
internal_weight=40.9494 38.683 33.7393 4.94376 16.853 15.6581 14.5446 12.3585 9.26992 3.08857 6.92382 3.18918 16.8863 11.9372
internal_count=723 693 597 96 336 303 216 193 139 54 100 59 261 190
is_linear=0
shrinkage=0.05


Tree=103
num_leaves=15
num_cat=0
split_feature=18 7 5 0 18 18 7 5 7 18 5 7 7 18
split_gain=1.11486 1.63459 2.21215 1.38169 1.3414 1.70605 2.0519 3.1005 1.4947 1.48909 2.24096 1.55247 1.52157 1.69374
threshold=108.50000000000001 -9.567556999999999 32.822264000000004 1.3733295000000003 155.50000000000003 134.50000000000003 -5.2157574999999996 43.299794000000006 -20.230554999999995 202.50000000000003 25.730875500000003 -16.562925499999995 -8.0002234999999988 218.50000000000003
decision_type=2 2 2 2 2 2 2 2 2 2 2 2 2 2
left_child=1 -1 3 -3 5 6 7 -2 -6 11 -11 -10 13 -12
right_child=4 2 -4 -5 8 -7 -8 -9 9 10 12 -13 -14 -15
leaf_value=0.055721345194555273 -0.056168672674047231 0.04656699708293971 -0.044554552717596244 -0.0022458302696495222 -0.021470703592723614 -0.045578391182298041 0.057202099091958052 0.028681212477281417 0.063293185211675582 -0.054463063199405838 -0.0050686805437074704 0.011303633609563091 -0.038791693858251541 0.057039924476665463
leaf_weight=1.8449367731809614 2.4345029182732105 2.4930506222881359 1.838831936009228 3.4640666479244828 5.3208410963416126 4.1705127484165132 1.1206551506184057 1.9302936308085916 1.993555021472275 1.8137898547574876 2.4111206810921439 5.1334583070129138 1.2745799999684084 2.0150967491790652
leaf_count=40 45 66 36 82 41 77 23 29 56 40 25 78 23 47
internal_value=-0.00136828 0.0134 0.00338456 0.0181823 -0.00617542 -0.0214749 -0.00314939 -0.0186445 0.00122505 0.00947282 -0.00605594 0.0258461 0.00934547 0.0232071
internal_weight=39.2593 9.64089 7.79595 5.95712 29.6184 9.65596 5.48545 4.3648 19.9624 14.6416 7.51459 7.12701 5.7008 4.42622
internal_count=708 224 184 148 484 174 97 74 310 269 135 134 95 72
is_linear=0
shrinkage=0.05


Tree=104
num_leaves=15
num_cat=0
split_feature=8 6 8 9 7 7 5 16 5 5 8 4 1 16
split_gain=0.745946 0.96822 0.680366 1.41396 1.14003 2.03299 1.43728 1.1662 0.783075 1.23118 1.6625 1.14971 1.27361 1.41396
threshold=32.500000000000007 -2.6041044999999996 42.500000000000007 3.5000000000000004 -8.3690944999999974 -5.2157574999999996 29.383237500000003 175.50000000000003 42.631782000000008 48.173429500000005 47.500000000000007 -0.25494499999999992 1.2600995000000002 152.50000000000003
decision_type=2 2 2 2 2 2 2 2 2 2 2 2 2 2
left_child=1 -1 4 8 7 -6 -7 -2 11 -10 -11 -4 -13 -14
right_child=2 -3 3 -5 5 6 -8 -9 9 10 -12 12 13 -15
leaf_value=-0.044715013230579644 0.0094175661568078918 0.023012020766523641 -0.024322500635013705 -0.040250995003734337 -0.042515445113877004 0.053367676421313293 -0.010382786258318986 0.054647947865519186 -0.033223720675859485 -0.020234422436252442 0.050380971426860412 0.031057454332117835 0.017890681231280944 -0.027764560088813645
leaf_weight=1.9519264679402115 3.9812253806740046 0.72322805598378082 2.489829693920913 2.4036013977602115 2.2433125153183937 1.6031438787467762 1.9712930424138901 2.219688187353313 3.75411975942552 2.0778242647647862 1.3918050015345214 5.4320670859888214 4.0468716495670378 2.9192105326801538
leaf_count=45 55 43 63 34 32 41 24 57 60 33 20 90 75 44
internal_value=-0.000918862 -0.026405 0.000947329 -0.00383019 0.0106924 -0.00520594 0.0182095 0.0256083 0.000128849 -0.0133793 0.00809219 0.00668311 0.0129097 -0.00124163
internal_weight=39.2091 2.67515 36.534 24.5153 12.0187 5.81775 3.57444 6.20091 22.1117 7.22375 3.46963 14.888 12.3981 6.96608
internal_count=716 88 628 419 209 97 65 112 385 113 53 272 209 119
is_linear=0
shrinkage=0.05


Tree=105
num_leaves=15
num_cat=0
split_feature=4 3 6 2 4 4 1 0 5 7 16 7 1 6
split_gain=0.73358 1.00628 0.762554 1.10155 0.733507 0.867964 1.04061 0.925692 1.22594 1.15248 1.59975 2.92427 1.33478 1.3084
threshold=1.3180215000000002 8.0916625000000018 -2.3888789999999998 10.700604000000002 0.70978750000000013 0.60274850000000002 13.476315000000001 -4.7471904999999994 40.419282500000001 -9.2623459999999991 183.50000000000003 -16.467661499999995 2.0857730000000005 -6.9847614999999985
decision_type=2 2 2 2 2 2 2 2 2 2 2 2 2 2
left_child=1 2 4 -4 5 6 7 8 -1 10 11 -9 -11 -13
right_child=-2 -3 3 -5 -6 -7 -8 9 -10 12 -12 13 -14 -15
leaf_value=-0.0093917552145247329 0.040978236474983935 -0.034107238350499169 0.063581451878206616 -0.0061489431148995365 0.031836703069081505 -0.040400806051973201 0.045274149782680899 0.057998263708568309 0.048372509394947472 0.034297231447743874 -0.038636725102518622 -0.039451057517513335 -0.0042031595502474359 0.01981862583358095
leaf_weight=1.759519500657919 1.0675324145704497 2.1701020919717839 1.1430913950316601 1.1225780094973741 1.6235993811860669 1.4506699219346035 1.1773582436144341 1.5708485068753359 1.9217316787689922 2.7957908855751183 5.1300207125023007 3.0676735322922464 11.557700926903633 1.3369461316615399
leaf_count=28 34 62 19 32 30 32 15 35 21 54 65 71 198 19
internal_value=0.000103037 -0.0010505 0.000961319 0.0290319 -0.000943299 -0.00261861 -0.000810761 -0.00267274 0.0207631 -0.00606145 -0.0181556 -0.000572347 0.00329599 -0.0214608
internal_weight=38.8952 37.8276 35.6575 2.26567 33.3919 31.7683 30.3176 29.1402 3.68125 25.459 11.1055 5.97547 14.3535 4.40462
internal_count=715 681 619 51 568 538 506 491 49 442 190 125 252 90
is_linear=0
shrinkage=0.05


Tree=106
num_leaves=15
num_cat=0
split_feature=3 1 2 16 1 5 1 7 0 6 5 0 0 3
split_gain=0.795562 2.08137 0.987012 1.28371 1.31915 1.89621 1.22998 1.05219 0.844765 1.13221 1.12801 1.53228 1.17422 1.15301
threshold=-0.060647499999999993 -0.78008199999999983 27.905123500000006 135.50000000000003 -6.8971384999999996 25.730875500000003 -4.6613214999999988 -10.636037999999997 8.5642805000000024 -7.3184504999999991 31.717743500000001 1.3733295000000003 1.8949620000000003 4.5453405000000009
decision_type=2 2 2 2 2 2 2 2 2 2 2 2 2 2
left_child=2 -2 3 7 5 -5 -6 -1 9 -3 11 -11 -13 -14
right_child=1 8 -4 4 6 -7 -8 -9 -10 10 -12 12 13 -15
leaf_value=0.047388911878458007 0.06598025762581719 0.027130677930527865 -0.055029124591914336 -0.035509899400515993 -0.076335978253620818 0.051977612868206902 -0.018519417232064388 -0.0094771972369673257 -0.037151063584783171 0.033173954024142548 -0.016793698161008962 -0.053374548612732858 0.022288887539564629 -0.022712356431578654
leaf_weight=1.6991745401173832 1.3092409335076833 4.1472975406795802 1.1464279461652029 1.1117225894704446 1.1555893607437591 1.3984100334346292 4.5098739406093973 1.5605065952986468 1.3523525926284481 3.9793193312361854 7.4476055898703626 1.09099875530228 3.3464645361527801 2.4769440703094006
leaf_count=20 22 84 16 29 20 27 73 27 42 89 124 14 48 74
internal_value=-0.000534819 0.00460031 -0.0107997 -0.00636553 -0.0169436 0.0132299 -0.0303123 0.0201654 0.00122959 0.00353761 -0.00179719 0.00845532 -0.00577054 0.00314794
internal_weight=37.7319 25.1502 12.5817 11.4353 8.1756 2.51013 5.66546 3.25968 23.841 22.4886 18.3413 10.8937 6.91441 5.82341
internal_count=709 497 212 196 149 56 93 47 475 433 349 225 136 122
is_linear=0
shrinkage=0.05


Tree=107
num_leaves=15
num_cat=0
split_feature=7 1 16 7 7 5 6 5 7 6 5 3 7 16
split_gain=0.696934 1.6105 1.29631 1.34952 1.24668 1.44157 1.31048 1.1628 1.56178 1.44597 1.14458 1.13986 1.11329 2.44954
threshold=-8.2102879999999967 1.2600995000000002 107.50000000000001 -9.2623459999999991 -6.7563399999999989 34.197439500000009 -4.1688014999999998 40.419282500000001 -16.276567999999997 -6.9847614999999985 28.324343000000002 3.0163695000000006 -16.562925499999995 135.50000000000003
decision_type=2 2 2 2 2 2 2 2 2 2 2 2 2 2
left_child=2 -2 -1 7 -3 6 10 8 9 -4 -6 12 -9 -14
right_child=1 4 3 -5 5 -7 -8 11 -10 -11 -12 -13 13 -15
leaf_value=0.042470599294649261 0.059239490825596999 -0.042061290669030506 -0.025948944233341872 0.022095109676627724 -0.047820427625465949 -0.056964588309769908 0.023653124502858402 0.046849124185220192 -0.053445007477842844 0.036246194701867594 0.0057796783961957558 -0.015341807230708613 0.041476055223896732 -0.034702817508899128
leaf_weight=1.9607459651306296 0.77049449970945616 3.2051880098879328 2.6181806605309248 5.359084832482039 1.7604528013616771 1.1897876206785438 3.7014841500204065 2.1145141441375062 2.584621371701366 1.4532162379473446 2.2936440669000149 4.6601150785572827 2.057526124641293 2.1662723403424025
leaf_count=38 20 47 31 100 26 28 135 36 67 27 26 76 22 28
internal_value=-0.00143316 -0.0108601 0.0034441 0.000119054 -0.0153053 -0.0057184 0.00214331 -0.00655187 -0.0230469 -0.00374944 -0.0174957 0.00343057 0.0172326 0.00240597
internal_weight=37.8953 12.9211 24.9743 23.0135 12.1506 8.94537 7.75558 17.6544 6.65602 4.0714 4.0541 10.9984 6.33831 4.2238
internal_count=707 282 425 387 262 215 187 287 125 58 52 162 86 50
is_linear=0
shrinkage=0.05


Tree=108
num_leaves=15
num_cat=0
split_feature=3 3 7 16 7 16 0 16 3 1 5 5 4 1
split_gain=0.695211 0.876957 0.66935 2.07135 1.48603 1.30876 1.29203 1.00745 1.45936 0.646067 0.602241 1.79516 1.31335 1.36971
threshold=2.6475665000000004 1.8362535000000002 -8.0002234999999988 107.50000000000001 -4.1960039999999994 172.50000000000003 3.7483710000000006 78.500000000000014 5.220526500000001 5.1644655000000013 36.554665000000007 29.383237500000003 -0.35618449999999996 4.7295310000000006
decision_type=2 2 2 2 2 2 2 2 2 2 2 2 2 2
left_child=1 10 3 -2 7 9 -7 -4 -9 -5 11 12 -1 -14
right_child=2 -3 4 5 -6 6 -8 8 -10 -11 -12 -13 13 -15
leaf_value=-0.051668517260057334 0.064851327937641201 0.034726484611702531 -0.060451729499542466 -0.010516202451659473 0.05055475715587996 -0.016512429697250666 0.029700784474458865 0.0077218260450776692 -0.053083934508902413 -0.059358318383819768 0.014847358079374399 -0.032386095059040686 0.028855911355730846 -0.020940254143220288
leaf_weight=0.78423250466585415 1.1634656330570603 2.6130910930223754 1.5976126529276378 1.3482146030291899 0.69899104977957716 3.0013408679515123 3.0488120224326849 2.7680756812915206 1.5333894547075031 1.3600882524624465 7.5977328373119226 3.6419801674783221 5.519012545701119 1.8417902207002042
leaf_count=31 27 45 26 16 79 43 45 37 53 35 115 45 111 21
internal_value=0.00171448 0.00753568 -0.00603696 0.00217038 -0.0183788 -0.0061561 0.00677548 -0.0265469 -0.0139543 -0.0350443 0.00387032 -0.00320531 0.00984262 0.0163961
internal_weight=38.5178 21.9978 16.52 9.92192 6.59807 8.75846 6.05015 5.89908 4.30147 2.7083 19.3847 11.787 8.14504 7.3608
internal_count=729 368 361 166 195 139 88 116 90 51 323 208 163 132
is_linear=0
shrinkage=0.05


Tree=109
num_leaves=15
num_cat=0
split_feature=18 18 7 0 5 6 7 4 6 13 5 4 5 6
split_gain=0.535772 2.24358 1.44576 1.11243 1.20201 0.925212 1.38526 1.48644 0.71947 0.589518 2.021 1.19933 1.81057 1.1069
threshold=135.50000000000003 148.50000000000003 -10.883451499999998 1.3733295000000003 23.930129000000004 -4.5236774999999989 -6.7563399999999989 0.87619600000000009 -7.1287254999999989 6.8971385000000014 25.730875500000003 -0.056546999999999993 29.383237500000003 -7.3184504999999991
decision_type=2 2 2 2 2 2 2 2 2 2 2 2 2 2
left_child=2 -2 8 4 -4 -5 -7 -8 -1 11 -11 12 -3 -13
right_child=1 9 3 5 -6 6 7 -9 -10 10 -12 13 -14 -15
leaf_value=0.020376555383051373 -0.057520350756220577 0.0065248684755809423 0.053677545464704261 -0.042049821337466209 0.0024938845833187497 -0.045704843766265553 0.039250061346291915 -0.053367770587478408 0.071755870734648411 -0.033111741287508177 0.059586513734290719 0.024616096116062365 -0.063607640472925317 -0.0050844194298421078
leaf_weight=1.8553333114832642 1.8290747948922241 1.8445391524583166 1.507434245897455 2.1063321148976675 4.798044572584331 1.1765750283375376 2.0504928207956277 0.54924819245934475 1.0768105247989286 0.96850797533988897 1.4965222207829354 4.367274946533148 1.8365756003186104 11.13621751032769
leaf_count=33 49 41 61 45 51 13 93 15 27 27 26 70 19 158
internal_value=0.000382689 -0.00434463 0.00772325 0.000139881 0.0147302 -0.0154992 -0.000689921 0.0196827 0.0392453 0.000147936 0.0231655 -0.00280959 -0.0284655 0.0032821
internal_weight=38.599 23.4787 15.1203 12.1881 6.30548 5.88265 3.77632 2.59974 2.93214 21.6496 2.46503 19.1846 3.68111 15.5035
internal_count=728 390 338 278 112 166 121 108 60 341 53 288 60 228
is_linear=0
shrinkage=0.05


Tree=110
num_leaves=15
num_cat=0
split_feature=5 2 5 16 4 1 5 0 0 1 2 16 6 4
split_gain=0.587386 2.02189 1.60059 1.77355 0.963557 1.53816 1.28307 1.08973 0.900451 0.838135 1.52031 1.48533 2.002 1.68007
threshold=29.383237500000003 27.163476000000006 30.196269000000004 231.50000000000003 -0.35618449999999996 1.2600995000000002 23.930129000000004 1.3733295000000003 2.2938485000000006 12.627242500000003 29.918889000000004 218.50000000000003 -9.4927014999999972 0.24015750000000002
decision_type=2 2 2 2 2 2 2 2 2 2 2 2 2 2
left_child=1 4 -2 9 -1 -6 7 -7 -9 10 11 12 -4 -14
right_child=2 -3 3 -5 5 6 -8 8 -10 -11 -12 -13 13 -15
leaf_value=-0.05248646051306282 -0.056304820687889091 0.057855027203796039 0.017550022996144513 0.05752201267607953 0.031139220888475861 0.035854696065247743 -0.041643539422192934 -0.039243988816873521 0.0061071636130922676 0.011226974654767723 -0.047302987846060608 0.042037116177304865 -0.056935150168470908 -0.0071778813343059654
leaf_weight=0.81932287476956744 1.4851118205115224 1.7068287371657778 3.8940690541639942 1.159176786430179 3.580126443412154 1.8334281463175992 2.1180496974848211 1.6617205161601303 3.2065956303849816 5.1970543223433188 2.5430009244009844 1.485762147232889 2.8292442094534671 4.2373691946268082
leaf_count=31 12 57 83 28 68 57 39 17 61 116 55 23 34 41
internal_value=-0.00107142 0.00664155 -0.00611393 -0.00262193 2.90165e-05 0.00349897 -0.00772075 0.00300036 -0.00937271 -0.00607559 -0.0120746 -0.00487694 -0.0112363 -0.0270991
internal_weight=37.7569 14.9261 22.8308 21.3457 13.2192 12.3999 8.81979 6.70174 4.86832 20.1865 14.9894 12.4464 10.9607 7.06661
internal_count=722 330 392 380 273 242 174 135 78 352 236 181 158 75
is_linear=0
shrinkage=0.05


Tree=111
num_leaves=15
num_cat=0
split_feature=2 16 16 16 7 7 16 5 6 6 5 6 16 1
split_gain=0.665782 1.12558 0.79822 0.662497 0.626994 2.20556 0.823961 2.00558 1.67526 2.1434 1.4037 1.22667 1.19984 1.19292
threshold=42.596646000000007 228.50000000000003 236.50000000000003 222.50000000000003 -16.562925499999995 -20.230554999999995 135.50000000000003 43.299794000000006 -8.377950499999999 -6.9063459999999992 27.963590000000003 -6.4833694999999993 173.50000000000003 5.4095815000000007
decision_type=2 2 2 2 2 2 2 2 2 2 2 2 2 2
left_child=2 -2 3 4 5 -1 7 11 -8 12 13 -6 -10 -11
right_child=1 -3 -4 -5 6 -7 8 -9 9 10 -12 -13 -14 -15
leaf_value=-0.0051198744410327251 -0.036378429977227476 0.03530906645134041 -0.038381787863794307 0.033066164423743785 -0.033247253553111845 0.058020234536653607 -0.045844786175993142 0.065315722858296899 -0.0039303635928963701 -0.025641303126387141 -0.057499391367830714 0.0084954307551224524 0.05793807441208032 0.026217388429973988
leaf_weight=4.0825719777494669 2.5973279080353673 0.6938254004344343 1.1652863705530752 1.8177751740440715 2.1733559072017661 2.0917010093107811 2.6698409337550393 1.3352613579481829 1.3453868031501763 2.6315499842166892 1.6605081241577861 9.2532884902320856 1.8769024256616829 1.9166109934449194
leaf_count=38 77 13 15 41 37 64 61 15 22 37 26 230 24 22
internal_value=0.000208234 -0.0212656 0.00228565 0.00372803 0.00200976 0.0162705 -0.00153169 0.00733167 -0.0108793 -0.00098079 -0.018153 0.000555942 0.0321064 -0.00378787
internal_weight=37.3112 3.29115 34.02 32.8548 31.037 6.17427 24.8627 12.7619 12.1008 9.43096 6.20867 11.4266 3.22229 4.54816
internal_count=722 90 632 617 576 102 474 282 192 131 85 267 46 59
is_linear=0
shrinkage=0.05


Tree=112
num_leaves=15
num_cat=0
split_feature=3 4 6 7 0 4 4 7 16 16 16 3 7 6
split_gain=0.546749 1.27303 0.797095 0.839961 0.667963 1.25752 1.57385 0.794264 1.24099 1.23364 1.69582 1.71724 1.67153 0.801932
threshold=8.0916625000000018 0.77593550000000011 -5.0309389999999992 -5.9897204999999989 7.5259000000000009 0.50539950000000011 0.46298650000000002 -9.2623459999999991 222.50000000000003 202.50000000000003 171.50000000000003 2.6475665000000004 -6.7563399999999989 -4.6540244999999993
decision_type=2 2 2 2 2 2 2 2 2 2 2 2 2 2
left_child=1 4 -2 -4 5 6 7 -1 9 10 11 13 -13 -9
right_child=2 -3 3 -5 -6 -7 -8 8 -10 -11 -12 12 -14 -15
leaf_value=-0.010656596557324767 -0.06188505567006275 0.048215567485025555 0.026967977217530921 -0.04162962269606052 0.036390923323592443 -0.02877360705185239 0.058887036814605179 0.0031051725041832188 0.049622278271886221 -0.030382801702983631 0.058401738390477687 -0.068524790451941847 0.008301216195020656 0.042746983779368905
leaf_weight=12.013562862295659 0.87330807186663184 1.358556403312831 0.99822087306529295 0.80703918449580547 1.1402356787584711 3.9917350935284039 1.1361816581338633 3.7331942934542881 1.5141677008941758 2.4167868271470061 1.5018912404775608 1.450075797736645 1.3835234649013726 1.9380741121713136
leaf_count=218 25 23 36 36 18 106 20 50 47 34 29 11 38 39
internal_value=-0.000930012 0.000804171 -0.0226694 -0.00369849 -0.00119497 -0.00257392 0.00128699 -0.00123482 0.00688625 0.00167763 0.00942072 0.000771067 -0.031014 0.0166522
internal_weight=36.2566 33.578 2.67857 1.80526 32.2194 31.0792 27.0875 25.9513 13.9377 12.4235 10.0068 8.50487 2.8336 5.67127
internal_count=730 633 97 72 610 592 486 466 248 201 167 138 49 89
is_linear=0
shrinkage=0.05


Tree=113
num_leaves=15
num_cat=0
split_feature=3 1 2 2 16 6 7 4 1 8 6 3 7 2
split_gain=0.494143 0.946267 0.915281 0.829416 1.01353 0.750736 0.844517 0.586559 0.66351 1.27768 1.79617 1.03307 0.840577 0.790272
threshold=8.0916625000000018 9.5170170000000009 33.050474000000008 18.859571000000003 89.500000000000014 -5.0309389999999992 -5.9897204999999989 0.4786565000000001 4.6539195000000015 47.500000000000007 -4.2098869999999993 -1.0000000180025095e-35 -6.7563399999999989 11.808675500000001
decision_type=2 2 2 2 2 2 2 2 2 2 2 2 2 2
left_child=1 2 7 -3 -5 -2 -7 8 12 10 11 -10 13 -1
right_child=5 3 -4 4 -6 6 -8 -9 9 -11 -12 -13 -14 -15
leaf_value=-0.0084970617629795755 -0.062304954640410894 -0.0062270457551491529 -0.030845748775770673 -0.021166972714424307 0.040133344518145958 0.027428887206016363 -0.041536624885532787 0.034286415830619824 0.011325219149087531 -0.050312862541315534 0.042057269099099077 -0.040351839203471018 0.038382350371728526 0.016941638686039085
leaf_weight=7.6472344584763086 0.72960945870727334 2.2144082779996088 2.3520965850912026 0.80076691159047175 4.2694895653985441 1.0321203479543328 0.77888742042705295 1.3175924839451898 1.6359906122088426 1.6982698580250142 1.7053768865298478 2.3653890127316113 1.7755752531811637 5.0818059174343944
leaf_count=170 23 38 47 35 78 36 35 20 13 25 37 40 41 81
internal_value=0.00176127 0.00340366 -0.00112403 0.0193022 0.0304519 -0.0194837 -0.00223215 0.00188573 -6.27724e-05 -0.0122405 -0.000910561 -0.0192233 0.00615431 0.00165881
internal_weight=35.4046 32.864 25.5793 7.28466 5.07026 2.54062 1.81101 23.2272 21.9096 7.40503 5.70676 4.00138 14.5046 12.729
internal_count=719 625 474 151 113 94 71 427 407 115 90 53 292 251
is_linear=0
shrinkage=0.05


Tree=114
num_leaves=15
num_cat=0
split_feature=7 7 16 16 7 16 8 7 7 16 5 1 16 16
split_gain=0.479062 0.919265 0.903231 1.44971 1.48018 1.15929 0.852025 1.91439 1.2264 1.0105 1.08095 1.51126 1.42487 1.39525
threshold=-4.5236774999999989 -4.7763529999999994 107.50000000000001 90.500000000000014 -9.567556999999999 126.50000000000001 42.500000000000007 -8.3690944999999974 -11.952297999999997 150.50000000000003 48.047880500000012 1.2600995000000002 187.50000000000003 218.50000000000003
decision_type=2 2 2 2 2 2 2 2 2 2 2 2 2 2
left_child=1 2 3 4 -1 -4 7 8 -7 -8 11 12 -11 -14
right_child=-2 -3 5 -5 -6 6 9 -9 -10 10 -12 -13 13 -15
leaf_value=0.052111659526522115 0.032398841675520956 -0.033382977134327183 -0.044788270061522049 0.064246591079193477 -0.014182777586300391 0.011149632402483973 -0.044458282656393927 -0.01647025993322419 0.061853112615639964 0.030715152369811156 0.025066051511399585 -0.031371291979292365 -0.051329404297718789 0.0064724887133784329
leaf_weight=1.1737644299864762 1.0837443843483914 2.1043928945437065 1.5676355324685598 1.3472700631245969 2.9786562346853311 2.8067517122253776 1.6176856830716158 3.3317345669493097 2.0737575469538569 3.0940082473680359 2.8186403801664701 4.764666180126369 1.5759202032350001 3.0931986793875694
leaf_count=42 101 38 51 20 53 53 46 47 33 70 29 68 30 38
internal_value=-0.000331968 -0.00136468 0.000724998 0.019179 0.00455667 -0.00306993 -0.000472285 0.0127478 0.0326938 -0.00687206 -0.00291005 -0.00920443 0.00440062 -0.0130368
internal_weight=35.4318 34.3481 32.2437 5.49969 4.15242 26.744 25.1764 8.21224 4.88051 16.9641 15.3464 12.5278 7.76313 4.66912
internal_count=719 618 580 115 95 465 414 133 86 281 235 206 138 68
is_linear=0
shrinkage=0.05


Tree=115
num_leaves=15
num_cat=0
split_feature=12 7 7 16 16 2 7 3 16 3 7 6 16 16
split_gain=0.780825 0.989713 1.56788 0.950493 0.789714 1.3579 0.66438 0.656042 0.580083 1.06827 1.27002 1.12338 0.920777 1.10105
threshold=1.2134650000000002 -9.2623459999999991 -11.521614499999997 229.50000000000003 200.50000000000003 18.859571000000003 -16.467661499999995 -1.2611339999999998 86.500000000000014 2.3539390000000004 -7.6468439999999989 -2.6041044999999996 96.500000000000014 108.50000000000001
decision_type=2 2 2 2 2 2 2 2 2 2 2 2 2 2
left_child=1 2 4 7 5 6 -1 -2 9 -9 -11 -12 -10 -14
right_child=3 -3 -4 -5 -6 -7 -8 8 12 10 11 -13 13 -15
leaf_value=0.070588373324931994 -0.030889390010926721 0.041874087806104722 -0.05254530331870734 0.046259342232088579 -0.011396784615885572 -0.023620510411099138 0.023450069471845986 0.058642151306604745 -0.04785413072281839 0.052953100197084484 -0.046308674403763198 0.020750921605641459 0.035650566474245318 -0.0083594856837778935
leaf_weight=1.2711342424154279 2.3426237422972944 2.267240575514732 1.0478297155350444 0.91138907428830762 2.0955996867269278 1.0223234761506317 1.8145454060286286 0.99804183538072422 1.2884272565133894 0.84476464567706022 1.4673354318365457 1.087282196851447 1.5828778990544368 13.910281827673314
leaf_count=38 28 57 34 29 28 21 26 29 28 28 26 48 36 254
internal_value=0.000892116 0.0130404 0.00402529 -0.00384066 0.0135804 0.026322 0.0428685 -0.00578187 -0.00300472 0.0131604 -0.000192783 -0.0177671 -0.00724061 -0.00386314
internal_weight=33.9517 9.51867 7.25143 24.433 6.2036 4.108 3.08568 23.5216 21.179 4.39742 3.39938 2.55462 16.7816 15.4932
internal_count=710 204 147 506 113 85 64 477 449 131 102 74 318 290
is_linear=0
shrinkage=0.05


Tree=116
num_leaves=15
num_cat=0
split_feature=7 8 3 1 1 5 6 2 2 3 16 1 7 7
split_gain=0.512651 0.643808 0.467306 1.03432 0.997298 1.92695 0.98123 1.17491 1.81945 1.37082 1.48946 0.919453 0.888558 1.66376
threshold=-4.5236774999999989 32.500000000000007 2.8571610000000005 13.330613500000002 7.3251230000000005 22.585318500000003 -8.137280999999998 26.308830000000004 14.338379000000002 -3.1003784999999993 223.50000000000003 10.153522500000001 -9.2623459999999991 -12.726825499999999
decision_type=2 2 2 2 2 2 2 2 2 2 2 2 2 2
left_child=1 -1 6 4 5 -4 7 8 9 10 -3 12 13 -8
right_child=-2 2 3 -5 -6 -7 11 -9 -10 -11 -12 -13 -14 -15
leaf_value=-0.026409232278657747 0.038179022602415423 -0.019948937433150883 -0.033218664741470866 0.019156590487427284 -0.034826994746383226 0.030784868482006886 0.016066358977932262 -0.048842935361607075 0.035219052060189229 -0.04016923992614288 0.059444871816856537 0.048905574065351537 0.021893622670566514 -0.053367089405102021
leaf_weight=2.063088819384574 0.93580655078403552 1.495636710431423 2.2536236364394409 3.0412387223914257 3.5799376158975065 2.4593070759437978 2.4002939127385621 1.333510282449424 2.6946689421311021 2.6898801452480279 0.97639250196516503 1.8307239655405272 6.2597618997097042 1.3468931186944235
leaf_count=45 94 43 27 70 63 48 34 26 52 57 9 14 107 30
internal_value=0.00166466 0.000672051 0.0023985 -0.00578534 -0.0149323 0.000179735 0.00680964 -0.00544871 0.00191666 -0.0154682 0.0114097 0.0163263 0.0103661 -0.00889088
internal_weight=35.3608 34.425 32.3619 11.3341 8.29287 4.71293 21.0278 9.19009 7.85658 5.16191 2.47203 11.8377 10.0069 3.74719
internal_count=719 625 580 208 138 75 372 187 161 109 52 185 171 64
is_linear=0
shrinkage=0.05


Tree=117
num_leaves=15
num_cat=0
split_feature=3 5 7 4 4 2 1 4 2 2 2 7 16 7
split_gain=0.492992 0.665829 0.962183 0.609271 0.653572 1.09105 0.769485 1.01295 1.83194 0.995121 1.12087 0.928674 0.789527 1.67606
threshold=8.0916625000000018 45.073884500000005 -5.2157574999999996 0.70978750000000013 0.50539950000000011 27.905123500000006 4.7295310000000006 0.22480100000000003 10.700604000000002 11.091378500000003 20.675629000000004 -8.3690944999999974 200.50000000000003 -16.467661499999995
decision_type=2 2 2 2 2 2 2 2 2 2 2 2 2 2
left_child=3 2 -2 4 5 6 9 -8 -9 12 -11 -10 13 -1
right_child=1 -3 -4 -5 -6 -7 7 8 11 10 -12 -13 -14 -15
leaf_value=0.064488332333342863 0.052055603033286463 -0.047530443405327527 -0.04295257121259257 0.029239995668012549 -0.018963928929864707 0.028025267978484161 -0.038916061732508 0.042466067697549896 -0.0006724458940908642 0.035036662751785179 -0.014649463542678482 -0.05659432980510757 -0.023775305176703218 -0.0067849621988693128
leaf_weight=1.0214087245985926 0.55680797668173909 1.2152430317364631 0.51109610265120797 1.9063768254127342 3.9106496456079176 3.7179106283001593 2.6830666018649927 1.6291944403201339 1.8556499201804397 4.1934609501622608 1.5563347516581414 1.2374965688213708 3.4568779841065407 4.2863437454216244
leaf_count=34 23 39 28 38 97 60 44 37 20 63 27 26 66 104
internal_value=0.000215158 -0.0222189 0.00658494 0.00184353 7.59935e-05 0.00298025 -0.00126774 -0.014383 -0.000444193 0.0054238 0.0215878 -0.0230455 -0.00518015 0.00693067
internal_weight=33.7379 2.28315 1.0679 31.4548 29.5484 25.6377 21.9198 7.40541 4.72234 14.5144 5.7498 3.09315 8.76463 5.30775
internal_count=706 90 51 616 578 481 421 127 83 294 90 46 204 138
is_linear=0
shrinkage=0.05


Tree=118
num_leaves=15
num_cat=0
split_feature=5 2 5 18 4 4 5 0 0 2 7 1 2 7
split_gain=0.541001 1.5001 1.48387 1.35895 1.02083 1.63635 1.32932 0.850551 1.12351 0.819363 1.07158 1.13858 0.921982 0.923486
threshold=29.383237500000003 27.163476000000006 30.196269000000004 232.50000000000003 -0.33446149999999991 0.020131000000000003 23.930129000000004 1.3733295000000003 1.9730025000000002 23.223875500000002 -9.567556999999999 10.533496500000002 15.249376000000002 -16.562925499999995
decision_type=2 2 2 2 2 2 2 2 2 2 2 2 2 2
left_child=1 4 -2 9 -1 -6 7 -7 -9 12 11 -11 13 -4
right_child=2 -3 3 -5 5 6 -8 8 -10 10 -12 -13 -14 -15
leaf_value=-0.05231982660995204 -0.052005396698324963 0.05694283701836348 0.01583610782548478 0.056874907538086363 0.040945788798404943 0.036400716101089033 -0.040008813920080245 -0.0516256747597343 0.0093010733035583763 -0.033013717831584459 -0.046361677126602163 0.018635595668470853 0.023440015277020571 -0.019925765911552682
leaf_weight=0.74633234553038974 1.4156045401468897 1.5275462856516231 3.0719479778781578 1.0311091784387816 2.8196856621652833 1.8411509201396237 1.8888944233767686 0.96882081497460593 3.4551901770755649 1.8112114397808907 2.0471847401931873 2.5969650894403458 4.5225212043151259 4.3778377966955313
leaf_count=32 12 54 49 29 59 64 36 12 72 42 66 64 57 70
internal_value=0.00243527 0.0103382 -0.00258023 0.0010154 0.00426397 0.00811227 -0.00324161 0.0078434 -0.00404137 -0.00211019 -0.0164684 -0.00258584 0.00563165 -0.00517922
internal_weight=34.122 13.2476 20.8744 19.4588 11.7201 10.9737 8.15406 6.26516 4.42401 18.4277 6.45536 4.40818 11.9723 7.44979
internal_count=718 329 389 377 275 243 184 148 84 348 172 106 176 119
is_linear=0
shrinkage=0.05


Tree=119
num_leaves=15
num_cat=0
split_feature=16 16 7 5 0 1 16 10 4 2 4 1 2 7
split_gain=1.02259 0.559829 1.24958 1.55166 1.47291 1.43685 0.95226 0.781972 0.695462 0.884981 0.77035 0.932423 1.07225 0.779354
threshold=233.50000000000003 108.50000000000001 -9.567556999999999 34.086257500000009 1.3733295000000003 3.3889530000000003 126.50000000000001 3.5000000000000004 0.33761150000000006 19.729475000000004 -0.029800999999999998 1.0000000180025095e-35 10.324203500000001 -16.467661499999995
decision_type=2 2 2 2 2 2 2 2 2 2 2 2 2 2
left_child=1 2 -1 4 -4 -6 -3 8 10 -10 13 -12 -13 -8
right_child=-2 6 3 -5 5 -7 7 -9 9 -11 11 12 -14 -15
leaf_value=0.051850381074531285 0.039033953489246549 -0.040156213155140709 0.047691427466422048 -0.056415766090918473 0.059875223507359389 -0.023075010555311654 0.027174609100796495 -0.034486474500921856 -0.027886190457489891 0.0054823855329782191 0.052835879397523905 -0.021901598196415024 0.022393514441667126 -0.022141755508086891
leaf_weight=1.5660329633392391 1.8028771164827038 1.6502673486247683 1.9063454002607638 0.96452398458495725 0.64501808863133225 2.738542984938249 1.1031334074214099 1.5952399135567237 3.6256165821105224 4.3964742822572589 1.5602725073695163 1.8995210314169524 4.866391031537205 2.9260425078682664
leaf_count=44 33 66 69 29 10 86 45 32 39 76 19 43 66 70
internal_value=0.00241291 0.000313161 0.0119085 0.00190755 0.0125418 -0.00726197 -0.00352552 -0.000774359 0.00186478 -0.00959868 0.00930778 0.0179928 0.00995772 -0.00863961
internal_weight=33.2463 31.4434 7.82046 6.25443 5.28991 3.38356 23.623 21.9727 20.3775 8.02209 12.3554 8.32618 6.76591 4.02918
internal_count=727 694 238 194 165 96 456 390 358 115 243 128 109 115
is_linear=0
shrinkage=0.05


end of trees

feature_importances:
maxDrawdown60d=356
navSampleSize=328
volatility20d=159
return60d=138
maxDrawdown20d=133
return20d=124
trendSlope20d=103
ma20Deviation=100
lossDayRatio20d=77
return5d=66
holdingDays=48
consecutiveUpDays=17
consecutiveDownDays=11
profitBuffer=11
lossPressure=8
holdingProfitRate=1

parameters:
[boosting: gbdt]
[objective: binary]
[metric: auc]
[tree_learner: serial]
[device_type: cpu]
[data_sample_strategy: bagging]
[data: ]
[valid: ]
[num_iterations: 120]
[learning_rate: 0.05]
[num_leaves: 15]
[num_threads: 8]
[seed: 0]
[deterministic: 0]
[force_col_wise: 0]
[force_row_wise: 0]
[histogram_pool_size: -1]
[max_depth: -1]
[min_data_in_leaf: 20]
[min_sum_hessian_in_leaf: 0.001]
[bagging_fraction: 0.9]
[pos_bagging_fraction: 1]
[neg_bagging_fraction: 1]
[bagging_freq: 1]
[bagging_seed: 3]
[bagging_by_query: 0]
[feature_fraction: 0.9]
[feature_fraction_bynode: 1]
[feature_fraction_seed: 2]
[extra_trees: 0]
[extra_seed: 6]
[early_stopping_round: 0]
[early_stopping_min_delta: 0]
[first_metric_only: 0]
[max_delta_step: 0]
[lambda_l1: 0]
[lambda_l2: 0]
[linear_lambda: 0]
[min_gain_to_split: 0]
[drop_rate: 0.1]
[max_drop: 50]
[skip_drop: 0.5]
[xgboost_dart_mode: 0]
[uniform_drop: 0]
[drop_seed: 4]
[top_rate: 0.2]
[other_rate: 0.1]
[min_data_per_group: 100]
[max_cat_threshold: 32]
[cat_l2: 10]
[cat_smooth: 10]
[max_cat_to_onehot: 4]
[top_k: 20]
[monotone_constraints: ]
[monotone_constraints_method: basic]
[monotone_penalty: 0]
[feature_contri: ]
[forcedsplits_filename: ]
[refit_decay_rate: 0.9]
[cegb_tradeoff: 1]
[cegb_penalty_split: 0]
[cegb_penalty_feature_lazy: ]
[cegb_penalty_feature_coupled: ]
[path_smooth: 0]
[interaction_constraints: ]
[verbosity: -1]
[saved_feature_importance_type: 0]
[use_quantized_grad: 0]
[num_grad_quant_bins: 4]
[quant_train_renew_leaf: 0]
[stochastic_rounding: 1]
[linear_tree: 0]
[max_bin: 255]
[max_bin_by_feature: ]
[min_data_in_bin: 3]
[bin_construct_sample_cnt: 200000]
[data_random_seed: 1]
[is_enable_sparse: 1]
[enable_bundle: 1]
[use_missing: 1]
[zero_as_missing: 0]
[feature_pre_filter: 1]
[pre_partition: 0]
[two_round: 0]
[header: 0]
[label_column: ]
[weight_column: ]
[group_column: ]
[ignore_column: ]
[categorical_feature: ]
[forcedbins_filename: ]
[precise_float_parser: 0]
[parser_config_file: ]
[objective_seed: 5]
[num_class: 1]
[is_unbalance: 0]
[scale_pos_weight: 1]
[sigmoid: 1]
[boost_from_average: 1]
[reg_sqrt: 0]
[alpha: 0.9]
[fair_c: 1]
[poisson_max_delta_step: 0.7]
[tweedie_variance_power: 1.5]
[lambdarank_truncation_level: 30]
[lambdarank_norm: 1]
[label_gain: ]
[lambdarank_position_bias_regularization: 0]
[eval_at: ]
[multi_error_top_k: 1]
[auc_mu_weights: ]
[num_machines: 1]
[local_listen_port: 12400]
[time_out: 120]
[machine_list_filename: ]
[machines: ]
[gpu_platform_id: -1]
[gpu_device_id: -1]
[gpu_use_dp: 0]
[num_gpu: 1]

end of parameters

pandas_categorical:[]
