fundCode,fundName,fundType,date,return5d,return20d,return60d,ma20Deviation,trendSlope20d,volatility20d,maxDrawdown20d,maxDrawdown60d,lossDayRatio20d,consecutiveUpDays,consecutiveDownDays,positionToSingleLimit,profitBuffer,lossPressure,themeRate,estimateGrowthRate,navSampleSize,holdingProfitRate,holdingDays,forwardReturn,forwardMaxDrawdown,label
012922,易方达全球成长精选混合(QDII)人民币C,QDII,2025-07-01,2.352098,10.517799,0.0,4.364868,0.482498,13.812942,-1.089037,-11.427067,25.0,0,2,0.0,10.517799,0.0,0.0,0.0,60,10.517799,60,14.354828,-1.387518,1
012922,易方达全球成长精选混合(QDII)人民币C,QDII,2025-07-02,1.371539,9.167187,18.430753,4.133456,0.479781,13.374412,-1.089037,-9.423802,25.0,2,0,0.0,9.167187,0.0,0.0,0.0,61,9.167187,61,14.336531,-1.387518,1
012922,易方达全球成长精选混合(QDII)人民币C,QDII,2025-07-03,2.60953,10.83247,23.417186,5.570362,0.497433,14.340009,-1.089037,-1.954852,25.0,3,0,0.0,10.83247,0.0,0.0,0.0,62,10.83247,62,12.597395,-1.387518,1
012922,易方达全球成长精选混合(QDII)人民币C,QDII,2025-07-04,2.68187,11.096561,36.903346,5.511553,0.51002,14.302164,-1.089037,-1.954852,25.0,4,0,0.0,11.096561,0.0,0.0,0.0,63,11.096561,63,9.169303,-2.585252,1
012922,易方达全球成长精选混合(QDII)人民币C,QDII,2025-07-07,0.674186,9.228876,34.642285,4.128515,0.506258,15.091851,-1.089037,-1.954852,30.0,0,2,0.0,9.228876,0.0,0.0,0.0,64,9.228876,64,12.229315,-2.585252,1
012922,易方达全球成长精选混合(QDII)人民币C,QDII,2025-07-08,3.628493,11.051231,31.771086,5.533046,0.519977,15.892633,-1.089037,-1.954852,30.0,2,0,0.0,11.051231,0.0,0.0,0.0,65,11.051231,65,10.117329,-2.585252,1
012922,易方达全球成长精选混合(QDII)人民币C,QDII,2025-07-09,4.28762,11.150227,32.371201,5.868963,0.542005,15.913345,-1.089037,-1.954852,30.0,3,0,0.0,11.150227,0.0,0.0,0.0,66,11.150227,66,9.818492,-2.585252,1
012922,易方达全球成长精选混合(QDII)人民币C,QDII,2025-07-10,1.676744,9.535321,28.795894,4.70606,0.550858,16.407831,-1.089037,-1.954852,35.0,0,2,0.0,9.535321,0.0,0.0,0.0,67,9.535321,67,10.844777,-2.585252,1
012922,易方达全球成长精选混合(QDII)人民币C,QDII,2025-07-11,0.744463,9.997968,26.847368,3.746011,0.526212,16.02121,-1.090267,-1.954852,35.0,0,3,0.0,9.997968,0.0,0.0,0.0,68,9.997968,68,12.180553,-2.585252,1
012922,易方达全球成长精选混合(QDII)人民币C,QDII,2025-07-14,2.321943,9.080598,26.824917,3.996641,0.520457,15.566514,-1.090267,-1.090267,35.0,2,0,0.0,9.080598,0.0,0.0,0.0,69,9.080598,69,11.817237,-2.585252,1
012922,易方达全球成长精选混合(QDII)人民币C,QDII,2025-07-15,3.335586,12.899329,33.095973,6.355268,0.534836,17.323419,-1.090267,-1.090267,30.0,3,0,0.0,12.899329,0.0,0.0,0.0,70,12.899329,70,11.140174,-2.585252,1
012922,易方达全球成长精选混合(QDII)人民币C,QDII,2025-07-16,2.545986,11.121378,32.150706,5.8798,0.557456,16.939292,-1.090267,-1.090267,30.0,4,0,0.0,11.121378,0.0,0.0,0.0,71,11.121378,71,13.684961,-2.585252,1
012922,易方达全球成长精选混合(QDII)人民币C,QDII,2025-07-17,5.523541,14.349299,35.45011,7.520434,0.587126,17.363425,-1.090267,-1.090267,25.0,5,0,0.0,14.349299,0.0,0.0,0.0,72,14.349299,72,8.725963,-2.585252,1
012922,易方达全球成长精选混合(QDII)人民币C,QDII,2025-07-18,5.616109,14.446817,34.845507,6.413605,0.584176,17.293041,-1.090267,-1.090267,25.0,0,2,0.0,14.446817,0.0,0.0,0.0,73,14.446817,73,9.678736,-2.585252,1
012922,易方达全球成长精选混合(QDII)人民币C,QDII,2025-07-21,5.358126,14.429017,33.786408,6.15744,0.574224,17.295951,-1.090267,-1.090267,25.0,2,0,0.0,14.429017,0.0,0.0,0.0,74,14.429017,74,10.525399,-2.585252,1
012922,易方达全球成长精选混合(QDII)人民币C,QDII,2025-07-22,0.974914,10.6724,30.051298,4.158746,0.552925,18.079053,-1.387518,-1.387518,30.0,0,2,0.0,10.6724,0.0,0.0,0.0,75,10.6724,75,11.0856,-2.585252,1
012922,易方达全球成长精选混合(QDII)人民币C,QDII,2025-07-23,1.348301,9.871217,29.825763,4.141427,0.541229,17.90439,-1.387518,-1.387518,30.0,2,0,0.0,9.871217,0.0,0.0,0.0,76,9.871217,76,9.658325,-2.585252,1
012922,易方达全球成长精选混合(QDII)人民币C,QDII,2025-07-24,-0.313716,9.747362,30.55619,4.242542,0.534056,17.892246,-1.387518,-1.387518,30.0,3,0,0.0,9.747362,0.0,0.0,0.0,77,9.747362,77,8.281368,-2.92581,1
012922,易方达全球成长精选混合(QDII)人民币C,QDII,2025-07-25,0.600548,9.912091,31.009871,4.326584,0.527261,17.892514,-1.387518,-1.387518,30.0,4,0,0.0,9.912091,0.0,0.0,0.0,78,9.912091,78,10.925003,-2.92581,1
012922,易方达全球成长精选混合(QDII)人民币C,QDII,2025-07-28,1.939042,10.635751,32.201476,5.631706,0.548891,18.349791,-1.387518,-1.387518,30.0,5,0,0.0,10.635751,0.0,0.0,0.0,79,10.635751,79,11.657839,-2.92581,1
012922,易方达全球成长精选混合(QDII)人民币C,QDII,2025-07-29,5.757683,14.354828,34.824377,7.340042,0.573457,18.461915,-1.387518,-1.387518,25.0,6,0,0.0,14.354828,0.0,0.0,0.0,80,14.354828,80,8.717435,-2.92581,1
012922,易方达全球成长精选混合(QDII)人民币C,QDII,2025-07-30,5.491414,14.336531,31.974485,6.834753,0.583802,18.467334,-1.387518,-1.387518,25.0,7,0,0.0,14.336531,0.0,0.0,0.0,81,14.336531,81,8.883333,-2.92581,1
012922,易方达全球成长精选混合(QDII)人民币C,QDII,2025-07-31,5.2742,12.597395,32.843065,6.575415,0.607741,17.91259,-1.387518,-1.387518,25.0,8,0,0.0,12.597395,0.0,0.0,0.0,82,12.597395,82,12.987157,-2.92581,1
012922,易方达全球成长精选混合(QDII)人民币C,QDII,2025-08-01,1.987945,9.169303,29.048108,3.36948,0.582409,21.191769,-2.585252,-2.585252,30.0,0,2,0.0,9.169303,0.0,0.0,0.0,83,9.169303,83,14.940047,-2.92581,1
012922,易方达全球成长精选混合(QDII)人民币C,QDII,2025-08-04,2.124267,12.229315,32.329717,4.736261,0.55849,21.186517,-2.585252,-2.585252,25.0,2,0,0.0,12.229315,0.0,0.0,0.0,84,12.229315,84,15.151684,-2.92581,1
012922,易方达全球成长精选混合(QDII)人民币C,QDII,2025-08-05,-0.211534,10.117329,29.224337,4.20003,0.545366,20.717855,-2.585252,-2.585252,30.0,0,2,0.0,10.117329,0.0,0.0,0.0,85,10.117329,85,12.211313,-2.92581,1
012922,易方达全球成长精选混合(QDII)人民币C,QDII,2025-08-06,0.166667,9.818492,29.843007,4.315829,0.539386,20.677035,-2.585252,-2.585252,30.0,2,0,0.0,9.818492,0.0,0.0,0.0,86,9.818492,86,13.605103,-2.92581,1
012922,易方达全球成长精选混合(QDII)人民币C,QDII,2025-08-07,0.09411,10.844777,29.140776,4.078285,0.513827,20.266766,-2.585252,-2.585252,25.0,3,0,0.0,10.844777,0.0,0.0,0.0,87,10.844777,87,10.170898,-3.530437,1
012922,易方达全球成长精选混合(QDII)人民币C,QDII,2025-08-08,3.523328,12.180553,31.426304,4.267546,0.477532,19.949036,-2.585252,-2.585252,20.0,4,0,0.0,12.180553,0.0,0.0,0.0,88,12.180553,88,13.953999,-3.530437,1
012922,易方达全球成长精选混合(QDII)人民币C,QDII,2025-08-11,1.946241,11.817237,31.603196,4.058515,0.439863,19.962328,-2.585252,-2.585252,20.0,5,0,0.0,11.817237,0.0,0.0,0.0,89,11.817237,89,12.679832,-3.530437,1
012922,易方达全球成长精选混合(QDII)人民币C,QDII,2025-08-12,4.295437,11.140174,34.775087,5.856175,0.462076,19.103689,-2.585252,-2.585252,20.0,6,0,0.0,11.140174,0.0,0.0,0.0,90,11.140174,90,10.109114,-3.530437,1
012922,易方达全球成长精选混合(QDII)人民币C,QDII,2025-08-13,6.156406,13.684961,36.909871,7.667816,0.504541,20.089133,-2.585252,-2.585252,20.0,7,0,0.0,13.684961,0.0,0.0,0.0,91,13.684961,91,11.185998,-3.530437,1
012922,易方达全球成长精选混合(QDII)人民币C,QDII,2025-08-14,3.506443,8.725963,34.080814,4.834192,0.527613,21.593573,-2.585252,-2.585252,25.0,0,2,0.0,8.725963,0.0,0.0,0.0,92,8.725963,92,16.179535,-3.530437,1
012922,易方达全球成长精选混合(QDII)人民币C,QDII,2025-08-15,3.260691,9.678736,34.923253,4.884304,0.539844,21.392368,-2.585252,-2.585252,20.0,2,0,0.0,9.678736,0.0,0.0,0.0,93,9.678736,93,15.544097,-3.530437,1
012922,易方达全球成长精选混合(QDII)人民币C,QDII,2025-08-18,4.140911,10.525399,36.796723,5.616164,0.562352,21.549492,-2.585252,-2.585252,20.0,3,0,0.0,10.525399,0.0,0.0,0.0,94,10.525399,94,14.665406,-3.530437,1
012922,易方达全球成长精选混合(QDII)人民币C,QDII,2025-08-19,0.925332,11.0856,35.943804,4.134703,0.535326,21.032476,-2.585252,-2.585252,20.0,0,2,0.0,11.0856,0.0,0.0,0.0,95,11.0856,95,16.026287,-3.530437,1
012922,易方达全球成长精选混合(QDII)人民币C,QDII,2025-08-20,-2.241379,9.658325,33.36422,2.795267,0.48763,21.590839,-2.585252,-2.585252,25.0,0,3,0.0,9.658325,0.0,0.0,0.0,96,9.658325,96,17.118273,-3.530437,1
012922,易方达全球成长精选混合(QDII)人民币C,QDII,2025-08-21,-0.721347,8.281368,32.610092,1.678683,0.425129,21.98139,-2.92581,-2.92581,30.0,0,4,0.0,8.281368,0.0,0.0,0.0,97,8.281368,97,19.294941,-3.530437,1
012922,易方达全球成长精选混合(QDII)人民币C,QDII,2025-08-22,1.743661,10.925003,35.497345,4.200354,0.402664,23.845815,-2.92581,-2.92581,30.0,2,0,0.0,10.925003,0.0,0.0,0.0,98,10.925003,98,15.753174,-3.530437,1
012922,易方达全球成长精选混合(QDII)人民币C,QDII,2025-08-25,2.983507,11.657839,40.062866,6.151376,0.427109,24.420981,-2.92581,-2.92581,30.0,3,0,0.0,11.657839,0.0,0.0,0.0,99,11.657839,99,14.867898,-3.530437,1
012922,易方达全球成长精选混合(QDII)人民币C,QDII,2025-08-26,3.5031,8.717435,37.399747,5.29352,0.463897,23.734291,-2.92581,-2.92581,35.0,0,2,0.0,8.717435,0.0,0.0,0.0,100,8.717435,100,15.00768,-3.530437,1
012922,易方达全球成长精选混合(QDII)人民币C,QDII,2025-08-27,4.745871,8.883333,35.90597,5.212018,0.496033,23.720929,-2.92581,-2.92581,35.0,2,0,0.0,8.883333,0.0,0.0,0.0,101,8.883333,101,13.929282,-3.530437,1
012922,易方达全球成长精选混合(QDII)人民币C,QDII,2025-08-28,9.8493,12.987157,41.001727,8.880045,0.581211,27.106684,-2.92581,-2.92581,35.0,3,0,0.0,12.987157,0.0,0.0,0.0,102,12.987157,102,9.167075,-3.530437,1
012922,易方达全球成长精选混合(QDII)人民币C,QDII,2025-08-29,5.679503,14.940047,39.403129,7.147114,0.593156,25.041197,-2.92581,-2.92581,35.0,0,2,0.0,14.940047,0.0,0.0,0.0,103,14.940047,103,9.388905,-3.530437,1
012922,易方达全球成长精选混合(QDII)人民币C,QDII,2025-09-01,5.3198,15.151684,41.160788,8.606353,0.643606,25.168333,-2.92581,-2.92581,35.0,2,0,0.0,15.151684,0.0,0.0,0.0,104,15.151684,104,8.8721,-3.530437,1
012922,易方达全球成长精选混合(QDII)人民币C,QDII,2025-09-02,2.995392,12.211313,37.219456,5.192146,0.632542,27.68652,-2.92581,-2.92581,35.0,0,2,0.0,12.211313,0.0,0.0,0.0,105,12.211313,105,12.950534,-2.748621,1
012922,易方达全球成长精选混合(QDII)人民币C,QDII,2025-09-03,4.510434,13.605103,38.670368,6.433946,0.639923,28.032384,-2.92581,-2.92581,35.0,2,0,0.0,13.605103,0.0,0.0,0.0,106,13.605103,106,14.065322,-2.748621,1
012922,易方达全球成长精选混合(QDII)人民币C,QDII,2025-09-04,-2.400784,10.170898,33.763094,3.016277,0.591732,30.520413,-3.530437,-3.530437,40.0,0,2,0.0,10.170898,0.0,0.0,0.0,107,10.170898,107,12.003012,-4.506934,1
012922,易方达全球成长精选混合(QDII)人民币C,QDII,2025-09-05,2.635222,13.953999,40.615051,6.654131,0.60142,33.244238,-3.530437,-3.530437,40.0,2,0,0.0,13.953999,0.0,0.0,0.0,108,13.953999,108,10.154632,-4.506934,1
012922,易方达全球成长精选混合(QDII)人民币C,QDII,2025-09-08,-0.242142,12.679832,37.436616,5.205633,0.585295,33.625969,-3.530437,-3.530437,45.0,0,2,0.0,12.679832,0.0,0.0,0.0,109,12.679832,109,7.534346,-5.191748,1
012922,易方达全球成长精选混合(QDII)人民币C,QDII,2025-09-09,2.341536,10.109114,38.161074,4.63423,0.584624,33.123427,-3.530437,-3.530437,50.0,0,3,0.0,10.109114,0.0,0.0,0.0,110,10.109114,110,10.118527,-5.191748,1
012922,易方达全球成长精选混合(QDII)人民币C,QDII,2025-09-10,3.895914,11.185998,40.459376,7.581403,0.654853,34.051466,-3.530437,-3.530437,50.0,2,0,0.0,11.185998,0.0,0.0,0.0,111,11.185998,111,7.081434,-5.191748,1
012922,易方达全球成长精选混合(QDII)人民币C,QDII,2025-09-11,9.151606,16.179535,44.442968,9.082061,0.706007,32.853939,-3.530437,-3.530437,45.0,3,0,0.0,16.179535,0.0,0.0,0.0,112,16.179535,112,2.911282,-5.191748,1
012922,易方达全球成长精选混合(QDII)人民币C,QDII,2025-09-12,4.701575,15.544097,45.035366,8.247962,0.740889,32.969363,-3.530437,-3.530437,50.0,0,2,0.0,15.544097,0.0,0.0,0.0,113,15.544097,113,4.297216,-5.191748,1
012922,易方达全球成长精选混合(QDII)人民币C,QDII,2025-09-15,5.976018,14.665406,45.020926,7.970423,0.778212,32.939682,-3.530437,-3.530437,50.0,2,0,0.0,14.665406,0.0,0.0,0.0,114,14.665406,114,4.24645,-5.191748,1
012922,易方达全球成长精选混合(QDII)人民币C,QDII,2025-09-16,6.348975,16.026287,42.643993,7.478264,0.785266,32.445378,-3.530437,-3.530437,45.0,3,0,0.0,16.026287,0.0,0.0,0.0,115,16.026287,115,2.914173,-5.191748,1
012922,易方达全球成长精选混合(QDII)人民币C,QDII,2025-09-17,2.974484,17.118273,41.107534,6.742134,0.75903,31.99988,-3.530437,-3.530437,40.0,4,0,0.0,17.118273,0.0,0.0,0.0,116,17.118273,116,4.430957,-5.191748,1
012922,易方达全球成长精选混合(QDII)人民币C,QDII,2025-09-18,1.940855,19.294941,41.76527,7.030243,0.716593,31.509764,-3.530437,-3.530437,35.0,5,0,0.0,19.294941,0.0,0.0,0.0,117,19.294941,117,6.983984,-5.191748,1
012922,易方达全球成长精选混合(QDII)人民币C,QDII,2025-09-19,1.927766,15.753174,41.126258,6.204024,0.691522,30.659842,-3.530437,-3.530437,40.0,0,2,0.0,15.753174,0.0,0.0,0.0,118,15.753174,118,8.716259,-5.191748,1
012922,易方达全球成长精选混合(QDII)人民币C,QDII,2025-09-22,3.165369,14.867898,41.900321,7.214267,0.705447,30.210464,-3.530437,-3.530437,40.0,2,0,0.0,14.867898,0.0,0.0,0.0,119,14.867898,119,7.490786,-5.191748,1
012922,易方达全球成长精选混合(QDII)人民币C,QDII,2025-09-23,2.594437,15.00768,42.98173,6.187787,0.688705,30.154929,-3.530437,-3.530437,40.0,0,2,0.0,15.00768,0.0,0.0,0.0,120,15.00768,120,11.121499,-5.191748,1
012922,易方达全球成长精选混合(QDII)人民币C,QDII,2025-09-24,1.893767,13.929282,41.834466,4.886876,0.648067,30.489248,-3.530437,-3.530437,45.0,0,3,0.0,13.929282,0.0,0.0,0.0,121,13.929282,121,10.703569,-5.191748,1
012922,易方达全球成长精选混合(QDII)人民币C,QDII,2025-09-25,0.523348,9.167075,38.883002,4.203496,0.646648,27.714252,-3.530437,-3.530437,50.0,0,4,0.0,9.167075,0.0,0.0,0.0,122,9.167075,122,9.267986,-5.191748,1
012922,易方达全球成长精选混合(QDII)人民币C,QDII,2025-09-26,-0.130902,9.388905,37.260376,3.016462,0.608197,27.592583,-3.530437,-3.530437,50.0,0,5,0.0,9.388905,0.0,0.0,0.0,123,9.388905,123,11.150282,-5.191748,1
012922,易方达全球成长精选混合(QDII)人民币C,QDII,2025-09-29,-0.177612,8.8721,40.699712,4.229499,0.611477,27.266466,-2.748621,-3.530437,50.0,2,0,0.0,8.8721,0.0,0.0,0.0,124,8.8721,124,6.556648,-5.191748,1
012922,易方达全球成长精选混合(QDII)人民币C,QDII,2025-09-30,1.15311,12.950534,39.566312,4.705286,0.577817,24.866474,-2.748621,-3.530437,45.0,3,0,0.0,12.950534,0.0,0.0,0.0,125,12.950534,125,7.5,-5.191748,1
012922,易方达全球成长精选混合(QDII)人民币C,QDII,2025-10-09,4.635228,14.065322,42.307224,6.963084,0.595,25.753671,-1.758359,-3.530437,45.0,4,0,0.0,14.065322,0.0,0.0,0.0,126,14.065322,126,4.451293,-5.191748,1
012922,易方达全球成长精选混合(QDII)人民币C,QDII,2025-10-10,0.134644,12.003012,36.776606,1.586333,0.483946,29.35601,-4.506934,-4.506934,45.0,0,2,0.0,12.003012,0.0,0.0,0.0,127,12.003012,127,8.829725,-4.022597,1
012922,易方达全球成长精选混合(QDII)人民币C,QDII,2025-10-13,3.353672,10.154632,40.815321,3.620627,0.454065,27.084479,-4.506934,-4.506934,45.0,2,0,0.0,10.154632,0.0,0.0,0.0,128,10.154632,128,8.558184,-4.022597,1
012922,易方达全球成长精选混合(QDII)人民币C,QDII,2025-10-14,-1.467906,7.534346,35.488409,0.024384,0.35309,29.719521,-5.191748,-5.191748,45.0,0,2,0.0,7.534346,0.0,0.0,0.0,129,7.534346,129,10.41488,-4.022597,1
012922,易方达全球成长精选混合(QDII)人民币C,QDII,2025-10-15,-0.224472,10.118527,34.758055,1.884291,0.274367,30.457423,-5.191748,-5.191748,40.0,2,0,0.0,10.118527,0.0,0.0,0.0,130,10.118527,130,8.182981,-4.022597,1
012922,易方达全球成长精选混合(QDII)人民币C,QDII,2025-10-16,-2.465331,7.081434,35.352815,2.073451,0.239368,28.506396,-5.191748,-5.191748,40.0,3,0,0.0,7.081434,0.0,0.0,0.0,131,7.081434,131,5.454625,-4.022597,1
012922,易方达全球成长精选混合(QDII)人民币C,QDII,2025-10-17,0.291336,2.911282,29.994771,0.086104,0.201171,28.648927,-5.191748,-5.191748,45.0,0,2,0.0,2.911282,0.0,0.0,0.0,132,2.911282,132,6.3729,-4.635602,1
012922,易方达全球成长精选混合(QDII)人民币C,QDII,2025-10-20,-0.865877,4.297216,32.173051,1.185309,0.176842,28.923994,-5.191748,-5.191748,40.0,2,0,0.0,4.297216,0.0,0.0,0.0,133,4.297216,133,4.803917,-4.811892,1
012922,易方达全球成长精选混合(QDII)人民币C,QDII,2025-10-21,2.735768,4.24645,32.11611,1.368386,0.158643,28.919794,-5.191748,-5.191748,40.0,3,0,0.0,4.24645,0.0,0.0,0.0,134,4.24645,134,2.825504,-6.246244,1
012922,易方达全球成长精选混合(QDII)人民币C,QDII,2025-10-22,-0.608761,2.914173,32.644531,0.219289,0.124472,29.237976,-5.191748,-5.191748,45.0,0,2,0.0,2.914173,0.0,0.0,0.0,135,2.914173,135,5.050819,-6.246244,1
012922,易方达全球成长精选混合(QDII)人民币C,QDII,2025-10-23,0.425663,4.430957,34.120612,1.57455,0.109991,29.660991,-5.191748,-5.191748,45.0,2,0,0.0,4.430957,0.0,0.0,0.0,136,4.430957,136,1.088049,-7.311992,0
012922,易方达全球成长精选混合(QDII)人民币C,QDII,2025-10-24,5.975152,6.983984,38.195699,4.889274,0.158842,31.884325,-5.191748,-5.191748,45.0,3,0,0.0,6.983984,0.0,0.0,0.0,137,6.983984,137,-3.985156,-8.778397,0
012922,易方达全球成长精选混合(QDII)人民币C,QDII,2025-10-27,6.246416,8.716259,39.59082,6.081694,0.219574,32.12692,-5.191748,-5.191748,40.0,4,0,0.0,8.716259,0.0,0.0,0.0,138,8.716259,138,-2.864854,-8.778397,0
012922,易方达全球成长精选混合(QDII)人民币C,QDII,2025-10-28,6.37606,7.490786,37.866621,6.228786,0.300339,31.806482,-5.191748,-5.191748,40.0,5,0,0.0,7.490786,0.0,0.0,0.0,139,7.490786,139,-2.470258,-8.778397,0
012922,易方达全球成长精选混合(QDII)人民币C,QDII,2025-10-29,10.776264,11.121499,38.938989,8.927289,0.41145,33.117751,-5.191748,-5.191748,35.0,6,0,0.0,11.121499,0.0,0.0,0.0,140,11.121499,140,-3.726111,-8.778397,0
012922,易方达全球成长精选混合(QDII)人民币C,QDII,2025-10-30,8.013983,10.703569,37.327778,7.320165,0.481236,33.314033,-5.191748,-5.191748,35.0,0,2,0.0,10.703569,0.0,0.0,0.0,141,10.703569,141,-3.098831,-8.282307,0
012922,易方达全球成长精选混合(QDII)人民币C,QDII,2025-10-31,2.669422,9.267986,34.776351,5.229035,0.508847,34.007632,-5.191748,-5.191748,35.0,0,3,0.0,9.267986,0.0,0.0,0.0,142,9.267986,142,-0.607903,-8.282307,0
012922,易方达全球成长精选混合(QDII)人民币C,QDII,2025-11-03,2.105045,11.150282,39.751094,5.728615,0.526918,33.770862,-5.191748,-5.191748,30.0,2,0,0.0,11.150282,0.0,0.0,0.0,143,11.150282,143,-1.793266,-8.282307,0
012922,易方达全球成长精选混合(QDII)人民币C,QDII,2025-11-04,-1.045109,6.556648,33.587999,2.664652,0.515148,35.282703,-5.191748,-5.191748,35.0,0,2,0.0,6.556648,0.0,0.0,0.0,144,6.556648,144,0.964308,-8.282307,0
012922,易方达全球成长精选混合(QDII)人民币C,QDII,2025-11-05,-2.143515,7.5,36.249024,4.293837,0.538464,35.666226,-5.191748,-5.191748,35.0,2,0,0.0,7.5,0.0,0.0,0.0,145,7.5,145,-1.310187,-8.282307,0
012922,易方达全球成长精选混合(QDII)人民币C,QDII,2025-11-06,-1.274323,4.451293,35.352191,3.977555,0.593596,34.494267,-4.022597,-5.191748,40.0,0,2,0.0,4.451293,0.0,0.0,0.0,146,4.451293,146,-0.864612,-8.282307,0
012922,易方达全球成长精选混合(QDII)人民币C,QDII,2025-11-07,-0.266984,8.829725,34.290139,3.021136,0.56257,29.793468,-4.022597,-5.191748,40.0,0,3,0.0,8.829725,0.0,0.0,0.0,147,8.829725,147,0.308883,-8.282307,0
012922,易方达全球成长精选混合(QDII)人民币C,QDII,2025-11-10,0.943396,8.558184,36.268321,4.88955,0.58917,29.572947,-4.022597,-5.191748,40.0,2,0,0.0,8.558184,0.0,0.0,0.0,148,8.558184,148,-0.028199,-8.282307,0
012922,易方达全球成长精选混合(QDII)人民币C,QDII,2025-11-11,2.09977,10.41488,33.78918,2.841837,0.533201,27.435967,-4.022597,-5.191748,40.0,0,2,0.0,10.41488,0.0,0.0,0.0,149,10.41488,149,2.947911,-7.160333,1
012922,易方达全球成长精选混合(QDII)人民币C,QDII,2025-11-12,0.409433,8.182981,31.172443,2.718755,0.501902,26.577343,-4.022597,-5.191748,40.0,2,0,0.0,8.182981,0.0,0.0,0.0,150,8.182981,150,3.731039,-7.160333,1
012922,易方达全球成长精选混合(QDII)人民币C,QDII,2025-11-13,-1.528438,5.454625,25.553814,0.392488,0.43822,27.918229,-4.022597,-5.191748,45.0,0,2,0.0,5.454625,0.0,0.0,0.0,151,5.454625,151,4.723066,-5.255711,1
012922,易方达全球成长精选混合(QDII)人民币C,QDII,2025-11-14,-1.972736,6.3729,27.181405,-0.859493,0.326218,27.226276,-4.635602,-5.191748,45.0,0,3,0.0,6.3729,0.0,0.0,0.0,152,6.3729,152,2.558609,-4.344173,1
012922,易方达全球成长精选混合(QDII)人民币C,QDII,2025-11-17,-4.294231,4.803917,26.298442,-1.266686,0.222732,27.02435,-4.811892,-5.191748,50.0,0,4,0.0,4.803917,0.0,0.0,0.0,153,4.803917,153,1.439515,-5.263572,0
012922,易方达全球成长精选混合(QDII)人民币C,QDII,2025-11-18,-4.325783,2.825504,22.912071,-2.884214,0.097568,27.722666,-6.246244,-6.246244,55.0,0,5,0.0,2.825504,0.0,0.0,0.0,154,2.825504,154,1.188034,-6.922442,0
012922,易方达全球成长精选混合(QDII)人民币C,QDII,2025-11-19,-3.486381,5.050819,25.43855,-1.999226,-0.030101,27.58996,-6.246244,-6.246244,50.0,2,0,0.0,5.050819,0.0,0.0,0.0,155,5.050819,155,0.523892,-6.922442,0
012922,易方达全球成长精选混合(QDII)人民币C,QDII,2025-11-20,-3.732679,1.088049,23.638501,-4.263728,-0.173038,28.513408,-7.311992,-7.311992,55.0,0,2,0.0,1.088049,0.0,0.0,0.0,156,1.088049,156,3.237659,-6.922442,1
012922,易方达全球成长精选混合(QDII)人民币C,QDII,2025-11-21,-4.344173,-3.985156,22.540366,-5.59376,-0.285634,25.772586,-8.778397,-8.778397,60.0,0,3,0.0,0.0,3.985156,0.0,0.0,157,-3.985156,157,6.78584,-6.922442,1
012922,易方达全球成长精选混合(QDII)人民币C,QDII,2025-11-24,-1.527906,-2.864854,22.237316,-2.854972,-0.330976,27.152012,-8.778397,-8.778397,60.0,2,0,0.0,0.0,2.864854,0.0,0.0,158,-2.864854,158,6.364608,-6.922442,1
012922,易方达全球成长精选混合(QDII)人民币C,QDII,2025-11-25,0.897436,-2.470258,20.42232,-1.840338,-0.351219,27.318246,-8.778397,-8.778397,60.0,3,0,0.0,0.0,2.470258,0.0,0.0,159,-2.470258,159,5.768742,-6.922442,1
012922,易方达全球成长精选混合(QDII)人民币C,QDII,2025-11-26,1.520977,-3.726111,23.036354,0.095184,-0.293694,25.599516,-8.282307,-8.778397,60.0,4,0,0.0,0.0,3.726111,0.0,0.0,160,-3.726111,160,4.727621,-6.922442,1
012922,易方达全球成长精选混合(QDII)人民币C,QDII,2025-11-27,3.540244,-3.098831,22.215419,-0.061958,-0.25037,25.4393,-8.282307,-8.778397,60.0,0,2,0.0,0.0,3.098831,0.0,0.0,161,-3.098831,161,5.005636,-6.922442,1
012922,易方达全球成长精选混合(QDII)人民币C,QDII,2025-11-28,6.280745,-0.607903,18.55953,0.991425,-0.211806,25.225519,-8.282307,-8.778397,55.0,2,0,0.0,0.0,0.607903,0.0,0.0,162,-0.607903,162,3.492024,-6.922442,1
012922,易方达全球成长精选混合(QDII)人民币C,QDII,2025-12-01,3.23146,-1.793266,19.405715,0.888113,-0.158973,24.934565,-8.282307,-8.778397,60.0,0,2,0.0,0.0,1.793266,0.0,0.0,163,-1.793266,163,3.122024,-6.922442,1
012922,易方达全球成长精选混合(QDII)人民币C,QDII,2025-12-02,2.439644,0.964308,17.129159,0.985597,-0.143033,23.103511,-8.282307,-8.778397,55.0,2,0,0.0,0.964308,0.0,0.0,0.0,164,0.964308,164,3.080294,-6.922442,1
012922,易方达全球成长精选混合(QDII)人民币C,QDII,2025-12-03,0.312123,-1.310187,19.830972,0.710497,-0.10266,22.011243,-8.282307,-8.778397,60.0,0,2,0.0,0.0,1.310187,0.0,0.0,165,-1.310187,165,2.211251,-6.922442,1
012922,易方达全球成长精选混合(QDII)人民币C,QDII,2025-12-04,1.001962,-0.864612,18.112581,1.12693,-0.056213,22.062614,-8.282307,-8.778397,55.0,2,0,0.0,0.0,0.864612,0.0,0.0,166,-0.864612,166,3.873021,-6.922442,1
012922,易方达全球成长精选混合(QDII)人民币C,QDII,2025-12-05,0.652947,0.308883,22.269076,1.792315,-0.006778,22.126015,-8.282307,-8.778397,50.0,3,0,0.0,0.308883,0.0,0.0,0.0,167,0.308883,167,5.550994,-6.922442,1
012922,易方达全球成长精选混合(QDII)人民币C,QDII,2025-12-08,2.75765,-0.028199,19.548148,3.720514,0.105535,21.700044,-7.160333,-8.778397,50.0,4,0,0.0,0.0,0.028199,0.0,0.0,168,-0.028199,168,4.150381,-6.922442,1
012922,易方达全球成长精选混合(QDII)人民币C,QDII,2025-12-09,4.105681,2.947911,22.234089,5.075148,0.215029,21.540561,-7.160333,-8.778397,45.0,5,0,0.0,2.947911,0.0,0.0,0.0,169,2.947911,169,0.30581,-6.922442,0
012922,易方达全球成长精选混合(QDII)人民币C,QDII,2025-12-10,5.5385,3.731039,23.574274,5.957865,0.339358,21.763919,-5.255711,-8.778397,45.0,6,0,0.0,3.731039,0.0,0.0,0.0,170,3.731039,170,0.475648,-6.922442,0
012922,易方达全球成长精选混合(QDII)人民币C,QDII,2025-12-11,4.021824,4.723066,18.255721,4.573588,0.408734,20.736015,-4.344173,-8.778397,45.0,0,2,0.0,4.723066,0.0,0.0,0.0,171,4.723066,171,1.970913,-5.912739,0
012922,易方达全球成长精选混合(QDII)人民币C,QDII,2025-12-12,0.225817,2.558609,12.270616,1.308112,0.411453,23.399101,-4.167017,-8.778397,45.0,0,3,0.0,2.558609,0.0,0.0,0.0,172,2.558609,172,4.854369,-3.002745,1
012922,易方达全球成长精选混合(QDII)人民币C,QDII,2025-12-15,-2.889149,1.439515,10.881067,-0.053498,0.38929,23.91143,-5.263572,-8.778397,45.0,0,4,0.0,1.439515,0.0,0.0,0.0,173,1.439515,173,5.439834,-2.286532,1
012922,易方达全球成长精选混合(QDII)人民币C,QDII,2025-12-16,-5.961317,1.188034,8.465415,-1.860172,0.31666,24.141268,-6.922442,-8.778397,45.0,0,5,0.0,1.188034,0.0,0.0,0.0,174,1.188034,174,9.405355,-2.286532,1
012922,易方达全球成长精选混合(QDII)人民币C,QDII,2025-12-17,-6.47038,0.523892,8.678573,-1.408859,0.266867,23.860927,-6.922442,-8.778397,45.0,2,0,0.0,0.523892,0.0,0.0,0.0,175,0.523892,175,9.599462,-2.286532,1
012922,易方达全球成长精选混合(QDII)人民币C,QDII,2025-12-18,-5.098148,3.237659,8.985124,-1.189262,0.186417,22.277329,-6.922442,-8.778397,40.0,3,0,0.0,3.237659,0.0,0.0,0.0,176,3.237659,176,8.9436,-2.286532,1
012922,易方达全球成长精选混合(QDII)人民币C,QDII,2025-12-19,-0.401458,6.78584,9.690954,0.269304,0.102898,21.985012,-6.922442,-8.778397,35.0,4,0,0.0,6.78584,0.0,0.0,0.0,177,6.78584,177,5.828158,-2.286532,1
012922,易方达全球成长精选混合(QDII)人民币C,QDII,2025-12-22,3.253112,6.364608,12.322831,2.310034,0.084601,21.43444,-6.922442,-8.778397,35.0,5,0,0.0,6.364608,0.0,0.0,0.0,178,6.364608,178,5.947597,-2.286532,1
012922,易方达全球成长精选混合(QDII)人民币C,QDII,2025-12-23,5.464989,5.768742,10.883176,2.385174,0.076325,21.317706,-6.922442,-8.778397,35.0,6,0,0.0,5.768742,0.0,0.0,0.0,179,5.768742,179,6.387154,-2.286532,1
012922,易方达全球成长精选混合(QDII)人民币C,QDII,2025-12-24,5.766402,4.727621,12.038645,2.936755,0.098088,20.678986,-6.922442,-8.778397,35.0,7,0,0.0,4.727621,0.0,0.0,0.0,180,4.727621,180,3.783032,-2.286532,1
012922,易方达全球成长精选混合(QDII)人民币C,QDII,2025-12-25,5.313403,5.005636,12.642752,2.631901,0.107111,20.60589,-6.922442,-8.778397,35.0,0,2,0.0,5.005636,0.0,0.0,0.0,181,5.005636,181,3.606075,-2.286532,1
012922,易方达全球成长精选混合(QDII)人民币C,QDII,2025-12-26,3.002509,3.492024,12.396212,2.011263,0.118243,20.532095,-6.922442,-8.778397,40.0,0,3,0.0,3.492024,0.0,0.0,0.0,182,3.492024,182,7.291459,-2.286532,1
012922,易方达全球成长精选混合(QDII)人民币C,QDII,2025-12-29,0.084392,3.122024,12.564972,1.293572,0.113157,20.656981,-6.922442,-8.778397,40.0,0,4,0.0,3.122024,0.0,0.0,0.0,183,3.122024,183,9.692833,-2.286532,1
012922,易方达全球成长精选混合(QDII)人民币C,QDII,2025-12-30,-0.164184,3.080294,10.898092,1.245929,0.107236,20.657924,-6.922442,-8.778397,40.0,2,0,0.0,3.080294,0.0,0.0,0.0,184,3.080294,184,8.563636,-2.286532,1
012922,易方达全球成长精选混合(QDII)人民币C,QDII,2025-12-31,-2.098152,2.211251,8.4375,-0.056185,0.074542,21.136806,-6.922442,-8.778397,40.0,0,2,0.0,2.211251,0.0,0.0,0.0,185,2.211251,185,9.964687,-2.286532,1
012922,易方达全球成长精选混合(QDII)人民币C,QDII,2026-01-05,-0.087468,3.873021,7.558637,1.750365,0.072845,22.162972,-6.922442,-8.778397,40.0,2,0,0.0,3.873021,0.0,0.0,0.0,186,3.873021,186,8.770394,-2.286532,1
012922,易方达全球成长精选混合(QDII)人民币C,QDII,2026-01-06,2.655433,5.550994,15.225673,3.806536,0.109139,23.344871,-6.922442,-8.778397,40.0,3,0,0.0,5.550994,0.0,0.0,0.0,187,5.550994,187,6.647736,-2.286532,1
012922,易方达全球成长精选混合(QDII)人民币C,QDII,2026-01-07,3.782373,4.150381,13.03188,4.15122,0.174469,22.587657,-6.922442,-8.778397,40.0,4,0,0.0,4.150381,0.0,0.0,0.0,188,4.150381,188,2.336828,-3.523361,1
012922,易方达全球成长精选混合(QDII)人民币C,QDII,2026-01-08,1.303598,0.30581,14.017426,1.753983,0.222762,23.731831,-6.922442,-8.778397,45.0,0,2,0.0,0.30581,0.0,0.0,0.0,189,0.30581,189,3.943617,-4.249188,1
012922,易方达全球成长精选混合(QDII)人民币C,QDII,2026-01-09,3.746398,0.475648,12.753099,2.953675,0.304577,23.835619,-5.912739,-8.778397,45.0,2,0,0.0,0.475648,0.0,0.0,0.0,190,0.475648,190,4.393584,-4.249188,1
012922,易方达全球成长精选混合(QDII)人民币C,QDII,2026-01-12,2.116992,1.970913,12.611901,3.261373,0.373848,23.49875,-3.002745,-8.778397,40.0,3,0,0.0,1.970913,0.0,0.0,0.0,191,1.970913,191,6.14917,-4.249188,1
012922,易方达全球成长精选混合(QDII)人民币C,QDII,2026-01-13,-0.435662,4.854369,14.390418,2.75082,0.387733,20.514427,-2.286532,-8.778397,40.0,0,2,0.0,4.854369,0.0,0.0,0.0,192,4.854369,192,5.578997,-4.249188,1
012922,易方达全球成长精选混合(QDII)人民币C,QDII,2026-01-14,-1.68685,5.439834,12.095814,1.74045,0.364074,20.061295,-2.286532,-8.778397,40.0,0,3,0.0,5.439834,0.0,0.0,0.0,193,5.439834,193,7.394435,-4.249188,1
012922,易方达全球成长精选混合(QDII)人民币C,QDII,2026-01-15,2.569686,9.405355,13.833106,3.257978,0.33363,19.393899,-2.286532,-8.778397,35.0,2,0,0.0,9.405355,0.0,0.0,0.0,194,9.405355,194,6.12237,-4.249188,1
012922,易方达全球成长精选混合(QDII)人民币C,QDII,2026-01-16,2.022692,9.599462,15.738316,3.472563,0.307087,19.407652,-2.286532,-8.778397,35.0,3,0,0.0,9.599462,0.0,0.0,0.0,195,9.599462,195,4.237451,-4.249188,1
012922,易方达全球成长精选混合(QDII)人民币C,QDII,2026-01-19,1.391162,8.9436,13.69456,2.806748,0.269636,19.560376,-2.286532,-8.778397,40.0,0,2,0.0,8.9436,0.0,0.0,0.0,196,8.9436,196,9.370076,-4.249188,1
012922,易方达全球成长精选混合(QDII)人民币C,QDII,2026-01-20,0.523519,5.828158,8.505883,1.381036,0.230658,19.597393,-2.286532,-8.778397,45.0,0,3,0.0,5.828158,0.0,0.0,0.0,197,5.828158,197,11.655655,-4.249188,1
012922,易方达全球成长精选混合(QDII)人民币C,QDII,2026-01-21,3.750344,5.947597,9.462321,3.577111,0.254505,19.761855,-2.286532,-8.778397,45.0,2,0,0.0,5.947597,0.0,0.0,0.0,198,5.947597,198,7.965407,-4.249188,1
012922,易方达全球成长精选混合(QDII)人民币C,QDII,2026-01-22,2.555491,6.387154,9.744712,4.048642,0.286234,19.832921,-2.286532,-8.778397,45.0,3,0,0.0,6.387154,0.0,0.0,0.0,199,6.387154,199,6.534422,-4.249188,1
012922,易方达全球成长精选混合(QDII)人民币C,QDII,2026-01-23,0.153392,3.783032,4.639609,2.095904,0.295572,20.981211,-2.286532,-8.282307,50.0,0,2,0.0,3.783032,0.0,0.0,0.0,200,3.783032,200,10.426159,-4.249188,1
012922,易方达全球成长精选混合(QDII)人民币C,QDII,2026-01-26,0.153734,3.606075,5.420931,1.688897,0.295281,21.016378,-2.286532,-8.282307,50.0,0,3,0.0,3.606075,0.0,0.0,0.0,201,3.606075,201,5.736981,-4.459085,1
012922,易方达全球成长精选混合(QDII)人民币C,QDII,2026-01-27,4.426739,7.291459,10.363099,4.477496,0.327462,23.272049,-2.286532,-8.282307,45.0,2,0,0.0,7.291459,0.0,0.0,0.0,202,7.291459,202,2.635007,-4.459085,1
012922,易方达全球成长精选混合(QDII)人民币C,QDII,2026-01-28,3.622364,9.692833,11.088972,5.731049,0.364827,23.453445,-2.286532,-8.282307,40.0,3,0,0.0,9.692833,0.0,0.0,0.0,203,9.692833,203,0.0,-5.273925,0
012922,易方达全球成长精选混合(QDII)人民币C,QDII,2026-01-29,1.87827,8.563636,12.98685,4.320879,0.37572,23.948828,-2.286532,-8.282307,45.0,0,2,0.0,8.563636,0.0,0.0,0.0,204,8.563636,204,-2.87076,-8.845354,0
012922,易方达全球成长精选混合(QDII)人民币C,QDII,2026-01-30,3.733201,9.964687,10.923682,3.929384,0.357588,23.234779,-2.286532,-8.282307,40.0,2,0,0.0,9.964687,0.0,0.0,0.0,205,9.964687,205,-1.074118,-8.845354,0
012922,易方达全球成长精选混合(QDII)人民币C,QDII,2026-02-02,4.892743,8.770394,12.006228,4.416321,0.368629,22.600946,-2.286532,-8.282307,40.0,3,0,0.0,8.770394,0.0,0.0,0.0,206,8.770394,206,2.092632,-8.845354,0
012922,易方达全球成长精选混合(QDII)人民币C,QDII,2026-02-03,2.039525,6.647736,12.915448,4.392623,0.406579,21.494946,-2.286532,-8.282307,40.0,4,0,0.0,6.647736,0.0,0.0,0.0,207,6.647736,207,2.224897,-8.845354,0
012922,易方达全球成长精选混合(QDII)人民币C,QDII,2026-02-04,-3.177276,2.336828,6.554141,0.598816,0.391305,25.446706,-3.523361,-7.160333,45.0,0,2,0.0,2.336828,0.0,0.0,0.0,208,2.336828,208,3.050924,-8.845354,0
012922,易方达全球成长精选混合(QDII)人民币C,QDII,2026-02-05,-3.007463,3.943617,7.335023,-0.346767,0.326124,24.061118,-4.249188,-7.160333,45.0,0,3,0.0,3.943617,0.0,0.0,0.0,209,3.943617,209,4.647265,-8.845354,0
012922,易方达全球成长精选混合(QDII)人民币C,QDII,2026-02-06,-1.509671,4.393584,8.803621,1.073884,0.296958,24.350924,-4.249188,-6.922442,45.0,2,0,0.0,4.393584,0.0,0.0,0.0,210,4.393584,210,4.542218,-8.845354,0
012922,易方达全球成长精选混合(QDII)人民币C,QDII,2026-02-09,-0.343894,6.14917,13.353585,2.876307,0.297442,25.231316,-4.249188,-6.922442,45.0,3,0,0.0,6.14917,0.0,0.0,0.0,211,6.14917,211,1.020558,-8.845354,0
012922,易方达全球成长精选混合(QDII)人民币C,QDII,2026-02-10,-1.433417,5.578997,13.536678,1.786077,0.273522,25.461905,-4.249188,-6.922442,45.0,0,2,0.0,5.578997,0.0,0.0,0.0,212,5.578997,212,4.544109,-8.845354,0
012922,易方达全球成长精选混合(QDII)人民币C,QDII,2026-02-11,3.171903,7.394435,14.866571,2.425522,0.244758,25.287064,-4.249188,-6.922442,40.0,2,0,0.0,7.394435,0.0,0.0,0.0,213,7.394435,213,4.825944,-8.845354,0
012922,易方达全球成长精选混合(QDII)人民币C,QDII,2026-02-12,4.71964,6.12237,17.482906,2.873736,0.245675,24.644884,-4.249188,-6.922442,40.0,3,0,0.0,6.12237,0.0,0.0,0.0,214,6.12237,214,2.535375,-8.845354,0
012922,易方达全球成长精选混合(QDII)人民币C,QDII,2026-02-13,1.870105,4.237451,14.842199,1.507564,0.231559,25.116051,-4.249188,-6.922442,45.0,0,2,0.0,4.237451,0.0,0.0,0.0,215,4.237451,215,3.149143,-8.845354,0
012922,易方达全球成长精选混合(QDII)人民币C,QDII,2026-02-24,4.467695,9.370076,23.009423,5.787318,0.275091,29.619987,-4.249188,-6.922442,40.0,2,0,0.0,9.370076,0.0,0.0,0.0,216,9.370076,216,0.924201,-8.845354,0
012922,易方达全球成长精选混合(QDII)人民币C,QDII,2026-02-25,6.309207,11.655655,26.181483,6.206435,0.301843,29.064765,-4.249188,-6.922442,35.0,3,0,0.0,11.655655,0.0,0.0,0.0,217,11.655655,217,0.584775,-8.845354,0
012922,易方达全球成长精选混合(QDII)人民币C,QDII,2026-02-26,4.301942,7.965407,21.667023,4.819896,0.335158,28.618002,-4.249188,-6.922442,40.0,0,2,0.0,7.965407,0.0,0.0,0.0,218,7.965407,218,-3.109191,-8.845354,0
012922,易方达全球成长精选混合(QDII)人民币C,QDII,2026-02-27,2.953694,6.534422,19.877171,3.894912,0.360195,28.780772,-4.249188,-6.922442,45.0,0,3,0.0,6.534422,0.0,0.0,0.0,219,6.534422,219,-2.713493,-8.845354,0
012922,易方达全球成长精选混合(QDII)人民币C,QDII,2026-03-02,6.099625,10.426159,20.021641,5.339669,0.376911,28.245341,-4.249188,-6.922442,40.0,2,0,0.0,10.426159,0.0,0.0,0.0,220,10.426159,220,-6.896671,-8.845354,0
012922,易方达全球成长精选混合(QDII)人民币C,QDII,2026-03-03,-3.173209,5.736981,15.033607,0.36845,0.30917,33.264215,-4.459085,-6.922442,40.0,0,2,0.0,5.736981,0.0,0.0,0.0,221,5.736981,221,-0.860129,-7.08032,0
012922,易方达全球成长精选混合(QDII)人民币C,QDII,2026-03-04,-4.009885,2.635007,13.963964,0.322865,0.281687,31.567002,-4.459085,-6.922442,40.0,2,0,0.0,2.635007,0.0,0.0,0.0,222,2.635007,222,1.707945,-7.08032,0
012922,易方达全球成长精选混合(QDII)人民币C,QDII,2026-03-05,-4.022625,0.0,13.117469,-0.615718,0.263169,31.251849,-5.273925,-6.922442,45.0,0,2,0.0,0.0,0.0,0.0,0.0,223,0.0,223,3.389582,-7.08032,1
012922,易方达全球成长精选混合(QDII)人民币C,QDII,2026-03-06,-7.115853,-2.87076,8.695113,-4.227415,0.176839,33.909655,-8.845354,-8.845354,45.0,0,3,0.0,0.0,2.87076,0.0,0.0,224,-2.87076,224,8.710868,-7.08032,1
012922,易方达全球成长精选混合(QDII)人民币C,QDII,2026-03-09,-7.070042,-1.074118,11.189014,-2.310383,0.122601,34.696625,-8.845354,-8.845354,45.0,2,0,0.0,0.0,1.074118,0.0,0.0,225,-1.074118,225,6.331853,-7.08032,1
012922,易方达全球成长精选混合(QDII)人民币C,QDII,2026-03-10,1.277491,2.092632,15.347415,1.611414,0.141183,37.609676,-8.845354,-8.845354,45.0,3,0,0.0,2.092632,0.0,0.0,0.0,226,2.092632,226,9.349244,-7.08032,1
012922,易方达全球成长精选混合(QDII)人民币C,QDII,2026-03-11,1.631795,2.224897,15.072261,1.93879,0.16764,37.620447,-8.845354,-8.845354,45.0,4,0,0.0,2.224897,0.0,0.0,0.0,227,2.224897,227,10.629036,-7.08032,1
012922,易方达全球成长精选混合(QDII)人民币C,QDII,2026-03-12,-0.223288,3.050924,9.836,-1.003476,0.095345,36.705122,-8.845354,-8.845354,45.0,0,2,0.0,3.050924,0.0,0.0,0.0,228,3.050924,228,16.266784,-7.08032,1
012922,易方达全球成长精选混合(QDII)人民币C,QDII,2026-03-13,4.499981,4.647265,9.106795,-0.446815,0.018539,36.595054,-8.845354,-8.845354,40.0,2,0,0.0,4.647265,0.0,0.0,0.0,229,4.647265,229,16.493157,-7.08032,1
012922,易方达全球成长精选混合(QDII)人民币C,QDII,2026-03-16,4.081937,4.542218,9.654468,0.864553,-0.018107,36.545444,-8.845354,-8.845354,40.0,3,0,0.0,4.542218,0.0,0.0,0.0,230,4.542218,230,16.214375,-7.08032,1
012922,易方达全球成长精选混合(QDII)人民币C,QDII,2026-03-17,-1.390382,1.020558,9.345943,-0.548613,-0.04895,36.286903,-8.845354,-8.845354,45.0,0,2,0.0,1.020558,0.0,0.0,0.0,231,1.020558,231,16.080384,-7.08032,1
012922,易方达全球成长精选混合(QDII)人民币C,QDII,2026-03-18,0.802797,4.544109,15.73471,1.878029,-0.05562,37.254321,-8.845354,-8.845354,40.0,2,0,0.0,4.544109,0.0,0.0,0.0,232,4.544109,232,16.466091,-7.08032,1
012922,易方达全球成长精选混合(QDII)人民币C,QDII,2026-03-19,4.949006,4.825944,18.701245,2.913798,-0.03554,37.338065,-8.845354,-8.845354,40.0,3,0,0.0,4.825944,0.0,0.0,0.0,233,4.825944,233,17.782361,-7.08032,1
012922,易方达全球成长精选混合(QDII)人民币C,QDII,2026-03-20,2.60629,2.535375,19.047217,1.279467,-0.032791,37.782101,-8.845354,-8.845354,45.0,0,2,0.0,2.535375,0.0,0.0,0.0,234,2.535375,234,18.713637,-7.08032,1
012922,易方达全球成长精选混合(QDII)人民币C,QDII,2026-03-23,0.512637,3.149143,17.841382,0.585836,-0.058991,37.574795,-8.845354,-8.845354,45.0,0,3,0.0,3.149143,0.0,0.0,0.0,235,3.149143,235,19.84093,-7.08032,1
012922,易方达全球成长精选混合(QDII)人民币C,QDII,2026-03-24,4.36805,0.924201,20.2529,2.983916,0.017306,34.727959,-8.845354,-8.845354,45.0,2,0,0.0,0.924201,0.0,0.0,0.0,236,0.924201,236,21.131616,-7.08032,1
012922,易方达全球成长精选混合(QDII)人民币C,QDII,2026-03-25,2.283024,0.584775,18.854111,3.5874,0.116589,34.633727,-8.845354,-8.845354,45.0,3,0,0.0,0.584775,0.0,0.0,0.0,237,0.584775,237,19.040039,-7.08032,1
012922,易方达全球成长精选混合(QDII)人民币C,QDII,2026-03-26,-3.593526,-3.109191,10.830252,-0.980181,0.132688,38.214519,-8.845354,-8.845354,45.0,0,2,0.0,0.0,3.109191,0.0,0.0,238,-3.109191,238,26.436782,-2.63969,1
012922,易方达全球成长精选混合(QDII)人民币C,QDII,2026-03-27,-2.316589,-2.713493,10.263495,-1.001668,0.142193,38.180302,-8.845354,-8.845354,45.0,0,3,0.0,0.0,2.713493,0.0,0.0,239,-2.713493,239,26.802252,-2.484111,1
012922,易方达全球成长精选混合(QDII)人民币C,QDII,2026-03-30,-4.23354,-6.896671,6.699781,-3.114474,0.151561,38.292915,-7.08032,-8.845354,50.0,0,4,0.0,0.0,6.896671,0.0,0.0,240,-6.896671,240,26.580016,-2.655019,1
012922,易方达全球成长精选混合(QDII)人民币C,QDII,2026-03-31,-4.885097,-0.860129,8.607665,-1.390859,0.122017,35.653394,-7.08032,-8.845354,45.0,2,0,0.0,0.0,0.860129,0.0,0.0,241,-0.860129,241,27.664092,-2.655019,1
012922,易方达全球成长精选混合(QDII)人民币C,QDII,2026-04-01,-2.938021,1.707945,11.999361,1.161912,0.13259,36.917542,-7.08032,-8.845354,45.0,3,0,0.0,1.707945,0.0,0.0,0.0,242,1.707945,242,27.000143,-2.655019,1
012922,易方达全球成长精选混合(QDII)人民币C,QDII,2026-04-02,2.414881,3.389582,13.410962,1.702605,0.135942,36.759458,-7.08032,-8.845354,40.0,4,0,0.0,3.389582,0.0,0.0,0.0,243,3.389582,243,33.450168,-2.655019,1
012922,易方达全球成长精选混合(QDII)人民币C,QDII,2026-04-03,3.791538,8.710868,14.632385,2.482729,0.092741,33.759765,-7.08032,-8.845354,35.0,5,0,0.0,8.710868,0.0,0.0,0.0,244,8.710868,244,32.313937,-2.655019,1
012922,易方达全球成长精选混合(QDII)人民币C,QDII,2026-04-07,6.13385,6.331853,15.671551,1.882273,0.0624,33.364968,-7.08032,-8.845354,40.0,0,2,0.0,6.331853,0.0,0.0,0.0,245,6.331853,245,35.763913,-2.655019,1
012922,易方达全球成长精选混合(QDII)人民币C,QDII,2026-04-08,11.706996,9.349244,21.428571,8.586771,0.187729,38.995183,-7.08032,-8.845354,40.0,2,0,0.0,9.349244,0.0,0.0,0.0,246,9.349244,246,30.037686,-2.655019,1
012922,易方达全球成长精选混合(QDII)人民币C,QDII,2026-04-09,10.546207,10.629036,20.608371,9.752256,0.329401,39.200812,-7.08032,-8.845354,40.0,3,0,0.0,10.629036,0.0,0.0,0.0,247,10.629036,247,26.798039,-2.655019,1
012922,易方达全球成长精选混合(QDII)人民币C,QDII,2026-04-10,12.20393,16.266784,22.613843,11.307011,0.444427,37.618457,-7.08032,-8.845354,35.0,4,0,0.0,16.266784,0.0,0.0,0.0,248,16.266784,248,27.451723,-2.655019,1
012922,易方达全球成长精选混合(QDII)人民币C,QDII,2026-04-13,11.980825,16.493157,26.714444,11.512013,0.561603,37.625061,-7.08032,-8.845354,35.0,5,0,0.0,16.493157,0.0,0.0,0.0,249,16.493157,249,25.038278,-2.655019,1
012922,易方达全球成长精选混合(QDII)人民币C,QDII,2026-04-14,13.755351,16.214375,26.830986,12.074896,0.696983,37.570913,-7.08032,-8.845354,35.0,6,0,0.0,16.214375,0.0,0.0,0.0,250,16.214375,250,19.479919,-4.107249,1
012922,易方达全球成长精选混合(QDII)人民币C,QDII,2026-04-15,4.679666,16.080384,24.475879,9.594446,0.763363,37.658583,-7.08032,-8.845354,35.0,0,2,0.0,16.080384,0.0,0.0,0.0,251,16.080384,251,20.195348,-4.946524,1
012922,易方达全球成长精选混合(QDII)人民币C,QDII,2026-04-16,6.121396,16.466091,28.551336,11.997794,0.89195,37.904632,-7.08032,-8.845354,35.0,2,0,0.0,16.466091,0.0,0.0,0.0,252,16.466091,252,17.219791,-4.946524,1
012922,易方达全球成长精选混合(QDII)人民币C,QDII,2026-04-17,6.317052,17.782361,32.59612,13.702398,1.051163,38.306241,-7.08032,-8.845354,35.0,3,0,0.0,17.782361,0.0,0.0,0.0,253,17.782361,253,17.222651,-4.946524,1
012922,易方达全球成长精选混合(QDII)人民币C,QDII,2026-04-20,4.562072,18.713637,29.175835,11.926682,1.148533,37.778286,-7.08032,-8.845354,35.0,0,2,0.0,18.713637,0.0,0.0,0.0,254,18.713637,254,18.695275,-4.946524,1
012922,易方达全球成长精选混合(QDII)人民币C,QDII,2026-04-21,3.649207,19.84093,28.853012,11.352294,1.216003,37.454737,-7.08032,-8.845354,30.0,2,0,0.0,19.84093,0.0,0.0,0.0,255,19.84093,255,21.853516,-4.946524,1
012922,易方达全球成长精选混合(QDII)人民币C,QDII,2026-04-22,8.90962,21.131616,33.706138,14.141446,1.344744,38.236164,-7.08032,-8.845354,30.0,3,0,0.0,21.131616,0.0,0.0,0.0,256,21.131616,256,20.423122,-4.946524,1
012922,易方达全球成长精选混合(QDII)人民币C,QDII,2026-04-23,4.543521,19.040039,33.692188,11.852299,1.433598,38.952242,-2.63969,-8.845354,35.0,0,2,0.0,19.040039,0.0,0.0,0.0,257,19.040039,257,24.326289,-4.946524,1
012922,易方达全球成长精选混合(QDII)人民币C,QDII,2026-04-24,3.490236,26.436782,32.263693,12.05553,1.444664,33.177876,-2.484111,-8.845354,30.0,2,0,0.0,26.436782,0.0,0.0,0.0,258,26.436782,258,22.368798,-4.946524,1
012922,易方达全球成长精选混合(QDII)人民币C,QDII,2026-04-27,4.339121,26.802252,31.422441,10.885272,1.420284,33.036535,-1.465235,-8.845354,25.0,3,0,0.0,26.802252,0.0,0.0,0.0,259,26.802252,259,24.797365,-4.946524,1
012922,易方达全球成长精选混合(QDII)人民币C,QDII,2026-04-28,1.151751,26.580016,30.137458,6.731649,1.286651,33.294873,-2.655019,-8.845354,25.0,0,2,0.0,26.580016,0.0,0.0,0.0,260,26.580016,260,27.418501,-4.946524,1
012922,易方达全球成长精选混合(QDII)人民币C,QDII,2026-04-29,0.24433,27.664092,33.827085,8.22973,1.184034,33.620726,-2.655019,-8.845354,25.0,2,0,0.0,27.664092,0.0,0.0,0.0,261,27.664092,261,23.151918,-4.946524,1
012922,易方达全球成长精选混合(QDII)人民币C,QDII,2026-04-30,3.552429,27.000143,32.572853,9.264022,1.11705,33.372748,-2.655019,-8.845354,25.0,3,0,0.0,27.000143,0.0,0.0,0.0,262,27.000143,262,26.470341,-4.946524,1
012922,易方达全球成长精选混合(QDII)人民币C,QDII,2026-05-06,8.095784,33.450168,37.973572,13.968237,1.113093,37.050171,-2.655019,-8.845354,25.0,4,0,0.0,33.450168,0.0,0.0,0.0,263,33.450168,263,22.242857,-4.946524,1
012922,易方达全球成长精选混合(QDII)人民币C,QDII,2026-05-07,8.303022,32.313937,39.710338,12.759803,1.088115,37.26703,-2.655019,-8.845354,25.0,5,0,0.0,32.313937,0.0,0.0,0.0,264,32.313937,264,20.659015,-4.946524,1
012922,易方达全球成长精选混合(QDII)人民币C,QDII,2026-05-08,13.834294,35.763913,42.809686,13.645042,1.05453,36.816559,-2.655019,-8.845354,20.0,6,0,0.0,35.763913,0.0,0.0,0.0,265,35.763913,265,9.751874,-7.843393,1
012922,易方达全球成长精选混合(QDII)人民币C,QDII,2026-05-11,13.783908,30.037686,45.170849,15.007724,1.11237,30.855984,-2.655019,-8.845354,20.0,7,0,0.0,30.037686,0.0,0.0,0.0,266,30.037686,266,7.582974,-7.843393,1
012922,易方达全球成长精选混合(QDII)人民币C,QDII,2026-05-12,10.370287,26.798039,43.396433,12.591231,1.137883,31.855029,-2.655019,-8.845354,25.0,0,2,0.0,26.798039,0.0,0.0,0.0,267,26.798039,267,11.064479,-7.843393,1
012922,易方达全球成长精选混合(QDII)人民币C,QDII,2026-05-13,7.160481,27.451723,52.705002,14.252256,1.200969,32.128035,-2.655019,-8.845354,25.0,2,0,0.0,27.451723,0.0,0.0,0.0,268,27.451723,268,4.820261,-8.112507,0
012922,易方达全球成长精选混合(QDII)人民币C,QDII,2026-05-14,5.82324,25.038278,52.430291,11.920345,1.225854,33.03596,-2.655019,-8.845354,30.0,0,2,0.0,25.038278,0.0,0.0,0.0,269,25.038278,269,10.305878,-8.112507,0
012922,易方达全球成长精选混合(QDII)人民币C,QDII,2026-05-15,0.11114,19.479919,45.15984,7.383611,1.187076,36.449881,-4.107249,-8.845354,35.0,0,3,0.0,19.479919,0.0,0.0,0.0,270,19.479919,270,15.413214,-8.112507,0
012922,易方达全球成长精选混合(QDII)人民币C,QDII,2026-05-18,-3.243366,20.195348,40.947137,5.500339,1.088746,35.995415,-4.946524,-8.845354,35.0,0,4,0.0,20.195348,0.0,0.0,0.0,271,20.195348,271,25.095067,-8.112507,0
012922,易方达全球成长精选混合(QDII)人民币C,QDII,2026-05-19,-1.894951,17.219791,42.724985,5.165287,1.014983,35.188608,-4.946524,-8.845354,35.0,2,0,0.0,17.219791,0.0,0.0,0.0,272,17.219791,272,22.71973,-8.112507,0
012922,易方达全球成长精选混合(QDII)人民币C,QDII,2026-05-20,-2.215785,17.222651,44.730671,6.847555,0.988696,35.190097,-4.946524,-8.845354,35.0,3,0,0.0,17.222651,0.0,0.0,0.0,273,17.222651,273,22.581462,-8.112507,0
012922,易方达全球成长精选混合(QDII)人民币C,QDII,2026-05-21,-0.742203,18.695275,44.480012,6.546526,0.937549,34.757765,-4.946524,-8.845354,30.0,4,0,0.0,18.695275,0.0,0.0,0.0,274,18.695275,274,28.412095,-8.112507,0
012922,易方达全球成长精选混合(QDII)人民币C,QDII,2026-05-22,5.708311,21.853516,50.629093,8.761426,0.913256,35.562348,-4.946524,-8.845354,30.0,5,0,0.0,21.853516,0.0,0.0,0.0,275,21.853516,275,28.802755,-8.112507,0
012922,易方达全球成长精选混合(QDII)人民币C,QDII,2026-05-25,9.116008,20.423122,47.218611,10.244612,0.945728,34.67112,-4.946524,-8.845354,30.0,6,0,0.0,20.423122,0.0,0.0,0.0,276,20.423122,276,16.052418,-8.112507,0
012922,易方达全球成长精选混合(QDII)人民币C,QDII,2026-05-26,10.881514,24.326289,48.863518,11.316303,0.964616,33.984229,-4.946524,-8.845354,25.0,7,0,0.0,24.326289,0.0,0.0,0.0,277,24.326289,277,14.635116,-8.112507,0
012922,易方达全球成长精选混合(QDII)人民币C,QDII,2026-05-27,8.033522,22.368798,49.908657,9.947732,0.966985,34.297425,-4.946524,-8.845354,30.0,0,2,0.0,22.368798,0.0,0.0,0.0,278,22.368798,278,21.146004,-8.112507,0
012922,易方达全球成长精选混合(QDII)人民币C,QDII,2026-05-28,9.703165,24.797365,53.951878,11.035937,0.97304,34.325487,-4.946524,-8.845354,30.0,2,0,0.0,24.797365,0.0,0.0,0.0,279,24.797365,279,12.893305,-8.112507,0
012922,易方达全球成长精选混合(QDII)人民币C,QDII,2026-05-29,5.771297,27.418501,50.162968,9.063115,0.89893,32.020571,-4.946524,-7.08032,30.0,0,2,0.0,27.418501,0.0,0.0,0.0,280,27.418501,280,14.688157,-8.112507,0
012922,易方达全球成长精选混合(QDII)人民币C,QDII,2026-06-01,2.515873,23.151918,55.868476,7.07047,0.814976,32.392983,-4.946524,-7.08032,35.0,0,3,0.0,23.151918,0.0,0.0,0.0,281,23.151918,281,20.603986,-8.112507,0
013403,华夏恒生科技ETF发起式联接(QDII)C,INDEX,2025-07-01,-0.021853,1.542559,0.0,-0.043151,-0.061907,21.799233,-6.44956,-17.452283,55.0,0,5,0.0,1.542559,0.0,0.0,0.0,60,1.542559,60,5.89071,-1.95993,1
013403,华夏恒生科技ETF发起式联接(QDII)C,INDEX,2025-07-02,-1.728795,0.375235,-4.091532,-0.662432,-0.087123,21.855239,-6.44956,-15.846055,60.0,0,6,0.0,0.375235,0.0,0.0,0.0,61,0.375235,61,3.771303,-4.153549,1
013403,华夏恒生科技ETF发起式联接(QDII)C,INDEX,2025-07-03,-2.102753,-2.092141,-2.902602,-1.246447,-0.094556,20.934497,-6.44956,-7.43151,65.0,0,7,0.0,0.0,2.092141,0.0,0.0,62,-2.092141,62,3.864039,-4.732406,1
013403,华夏恒生科技ETF发起式联接(QDII)C,INDEX,2025-07-04,-2.352304,-1.530389,15.074093,-1.433417,-0.115855,20.765466,-6.44956,-7.43151,65.0,0,8,0.0,0.0,1.530389,0.0,0.0,63,-1.530389,63,3.097247,-5.687011,1
013403,华夏恒生科技ETF发起式联接(QDII)C,INDEX,2025-07-07,-1.452441,-3.86705,11.393655,-1.061853,-0.091165,18.240269,-6.44956,-7.43151,65.0,2,0,0.0,0.0,3.86705,0.0,0.0,64,-3.86705,64,4.310727,-5.687011,1
013403,华夏恒生科技ETF发起式联接(QDII)C,INDEX,2025-07-08,0.371585,-1.501502,10.424432,0.769708,-0.046141,19.41215,-6.44956,-7.43151,60.0,3,0,0.0,0.0,1.501502,0.0,0.0,65,-1.501502,65,3.135889,-5.687011,1
013403,华夏恒生科技ETF发起式联接(QDII)C,INDEX,2025-07-09,-0.703683,-4.2007,5.960343,-0.69331,-0.004886,19.680743,-4.432163,-7.43151,65.0,0,2,0.0,0.0,4.2007,0.0,0.0,66,-4.2007,66,5.126786,-5.687011,1
013403,华夏恒生科技ETF发起式联接(QDII)C,INDEX,2025-07-10,-0.310009,-2.427395,3.888312,-0.86812,0.00423,18.362684,-3.880109,-7.43151,65.0,0,3,0.0,0.0,2.427395,0.0,0.0,67,-2.427395,67,5.619725,-5.687011,1
013403,华夏恒生科技ETF发起式联接(QDII)C,INDEX,2025-07-11,0.466252,-0.264492,2.167532,-0.348505,-0.002475,17.529776,-3.880109,-7.43151,60.0,2,0,0.0,0.0,0.264492,0.0,0.0,68,-0.264492,68,3.58011,-5.687011,1
013403,华夏恒生科技ETF发起式联接(QDII)C,INDEX,2025-07-14,0.930851,-0.730245,3.476483,0.327154,0.017906,17.206612,-3.680647,-7.43151,60.0,3,0,0.0,0.0,0.730245,0.0,0.0,69,-0.730245,69,2.931489,-5.687011,1
013403,华夏恒生科技ETF发起式联接(QDII)C,INDEX,2025-07-15,1.796603,2.107907,10.001177,2.872485,0.073939,19.629365,-2.712048,-7.43151,55.0,4,0,0.0,2.107907,0.0,0.0,0.0,70,2.107907,70,-0.074874,-5.687011,0
013403,华夏恒生科技ETF发起式联接(QDII)C,INDEX,2025-07-16,3.344037,3.378378,8.083382,2.524387,0.101873,18.845399,-2.712048,-7.43151,55.0,0,2,0.0,3.378378,0.0,0.0,0.0,71,3.378378,71,3.364406,-5.687011,1
013403,华夏恒生科技ETF发起式联接(QDII)C,INDEX,2025-07-17,4.098179,6.281891,8.609502,2.651436,0.09463,16.398947,-2.712048,-7.43151,50.0,2,0,0.0,6.281891,0.0,0.0,0.0,72,6.281891,72,1.963085,-5.687011,0
013403,华夏恒生科技ETF发起式联接(QDII)C,INDEX,2025-07-18,5.248619,7.191087,10.358012,3.952373,0.113543,16.98725,-2.712048,-7.43151,50.0,3,0,0.0,7.191087,0.0,0.0,0.0,73,7.191087,73,-0.073491,-5.687011,0
013403,华夏恒生科技ETF发起式联接(QDII)C,INDEX,2025-07-21,5.401845,6.951872,10.957004,4.415356,0.148993,16.889722,-2.712048,-7.43151,50.0,4,0,0.0,6.951872,0.0,0.0,0.0,74,6.951872,74,-0.21875,-5.687011,0
013403,华夏恒生科技ETF发起式联接(QDII)C,INDEX,2025-07-22,2.952187,5.168269,8.024691,4.418673,0.208197,15.769459,-2.712048,-7.43151,50.0,5,0,0.0,5.168269,0.0,0.0,0.0,75,5.168269,75,-0.987013,-5.687011,0
013403,华夏恒生科技ETF发起式联接(QDII)C,INDEX,2025-07-23,5.50734,6.396542,12.139847,6.485136,0.311117,17.130701,-2.406243,-7.43151,50.0,6,0,0.0,6.396542,0.0,0.0,0.0,76,6.396542,76,-3.005992,-5.687011,0
013403,华夏恒生科技ETF发起式联接(QDII)C,INDEX,2025-07-24,4.961058,6.633427,12.011841,6.036926,0.397419,17.040436,-2.395664,-7.43151,50.0,0,2,0.0,6.633427,0.0,0.0,0.0,77,6.633427,77,-3.842244,-5.600732,0
013403,华夏恒生科技ETF发起式联接(QDII)C,INDEX,2025-07-25,2.204724,5.528455,10.713067,4.639164,0.457542,17.697198,-1.95993,-7.43151,50.0,0,3,0.0,5.528455,0.0,0.0,0.0,78,5.528455,78,-0.318439,-4.601952,0
013403,华夏恒生科技ETF发起式联接(QDII)C,INDEX,2025-07-28,1.21875,6.11554,9.895951,4.132285,0.494716,17.383986,-1.95993,-7.43151,50.0,0,4,0.0,6.11554,0.0,0.0,0.0,79,6.11554,79,2.644849,-4.425234,1
013403,华夏恒生科技ETF发起式联接(QDII)C,INDEX,2025-07-29,0.664935,5.89071,8.244889,3.533208,0.517274,17.461329,-1.95993,-7.43151,50.0,0,5,0.0,5.89071,0.0,0.0,0.0,80,5.89071,80,2.322221,-4.149035,1
013403,华夏恒生科技ETF发起式联接(QDII)C,INDEX,2025-07-30,-4.153549,3.771303,2.508961,0.666631,0.484113,20.047855,-4.153549,-7.43151,50.0,0,6,0.0,3.771303,0.0,0.0,0.0,81,3.771303,81,3.708413,-1.938426,1
013403,华夏恒生科技ETF发起式联接(QDII)C,INDEX,2025-07-31,-4.645253,3.864039,2.625533,-0.127223,0.426308,19.998277,-4.732406,-7.43151,50.0,0,7,0.0,3.864039,0.0,0.0,0.0,82,3.864039,82,3.379171,-2.767195,1
013403,华夏恒生科技ETF发起式联接(QDII)C,INDEX,2025-08-01,-4.601952,3.097247,1.077492,-1.274596,0.344972,20.391295,-5.687011,-7.43151,50.0,0,8,0.0,3.097247,0.0,0.0,0.0,83,3.097247,83,4.834715,-2.767195,1
013403,华夏恒生科技ETF发起式联接(QDII)C,INDEX,2025-08-04,-3.128538,4.310727,3.485048,-0.141624,0.281047,20.829302,-5.687011,-7.43151,50.0,2,0,0.0,4.310727,0.0,0.0,0.0,84,4.310727,84,5.588017,-2.767195,1
013403,华夏恒生科技ETF发起式联接(QDII)C,INDEX,2025-08-05,-2.239653,3.135889,-0.577307,0.331012,0.246994,20.079219,-5.687011,-6.44956,50.0,3,0,0.0,3.135889,0.0,0.0,0.0,85,3.135889,85,3.716216,-2.767195,1
013403,华夏恒生科技ETF发起式联接(QDII)C,INDEX,2025-08-06,0.593346,5.126786,3.094799,0.318051,0.186065,18.88198,-5.687011,-6.44956,45.0,4,0,0.0,5.126786,0.0,0.0,0.0,86,5.126786,86,2.59111,-2.767195,1
013403,华夏恒生科技ETF发起式联接(QDII)C,INDEX,2025-08-07,1.37512,5.619725,1.353512,0.219197,0.115985,18.772009,-5.687011,-6.44956,40.0,5,0,0.0,5.619725,0.0,0.0,0.0,87,5.619725,87,0.630915,-4.050531,0
013403,华夏恒生科技ETF发起式联接(QDII)C,INDEX,2025-08-08,0.936793,3.58011,1.494153,-1.382372,0.025518,19.697428,-5.687011,-6.44956,45.0,0,2,0.0,3.58011,0.0,0.0,0.0,88,3.58011,88,3.947088,-4.050531,1
013403,华夏恒生科技ETF发起式联接(QDII)C,INDEX,2025-08-11,-0.403697,2.931489,1.81364,-1.510177,-0.060008,19.630181,-5.687011,-6.44956,45.0,2,0,0.0,2.931489,0.0,0.0,0.0,89,2.931489,89,5.066667,-4.050531,1
013403,华夏恒生科技ETF发起式联接(QDII)C,INDEX,2025-08-12,-1.372466,-0.074874,2.098361,-1.853253,-0.114697,17.327414,-5.687011,-6.44956,50.0,0,2,0.0,0.0,0.074874,0.0,0.0,90,-0.074874,90,6.775851,-4.050531,1
013403,华夏恒生科技ETF发起式联接(QDII)C,INDEX,2025-08-13,1.611544,3.364406,4.337011,1.184171,-0.125943,20.813933,-5.687011,-6.44956,45.0,2,0,0.0,3.364406,0.0,0.0,0.0,91,3.364406,91,4.757956,-4.050531,1
013403,华夏恒生科技ETF发起式联接(QDII)C,INDEX,2025-08-14,0.494217,1.963085,2.929456,0.143556,-0.149048,21.15117,-5.687011,-6.44956,50.0,0,2,0.0,1.963085,0.0,0.0,0.0,92,1.963085,92,5.472429,-4.050531,1
013403,华夏恒生科技ETF发起式联接(QDII)C,INDEX,2025-08-15,1.536164,-0.073491,4.238309,-0.26145,-0.155868,20.436646,-5.687011,-6.44956,55.0,0,3,0.0,0.0,0.073491,0.0,0.0,93,-0.073491,93,7.543602,-4.050531,1
013403,华夏恒生科技ETF发起式联接(QDII)C,INDEX,2025-08-18,2.176,-0.21875,5.009866,0.388811,-0.141048,20.368676,-5.687011,-6.44956,55.0,2,0,0.0,0.0,0.21875,0.0,0.0,94,-0.21875,94,7.923583,-4.050531,1
013403,华夏恒生科技ETF发起式联接(QDII)C,INDEX,2025-08-19,2.012417,-0.987013,6.397231,-0.07497,-0.129143,20.42043,-5.687011,-6.44956,60.0,0,2,0.0,0.0,0.987013,0.0,0.0,95,-0.987013,95,9.034627,-4.050531,1
013403,华夏恒生科技ETF发起式联接(QDII)C,INDEX,2025-08-20,-0.995128,-3.005992,6.098645,0.300871,-0.075888,18.490044,-5.600732,-6.44956,60.0,2,0,0.0,0.0,3.005992,0.0,0.0,96,-3.005992,96,13.087635,-4.050531,1
013403,华夏恒生科技ETF发起式联接(QDII)C,INDEX,2025-08-21,-1.014963,-3.842244,5.239737,-0.457202,-0.032968,18.707787,-4.601952,-6.44956,60.0,0,2,0.0,0.0,3.842244,0.0,0.0,97,-3.842244,97,13.255814,-4.050531,1
013403,华夏恒生科技ETF发起式联接(QDII)C,INDEX,2025-08-22,1.954192,-0.318439,5.455336,2.126943,0.035656,20.812318,-4.425234,-6.44956,55.0,2,0,0.0,0.0,0.318439,0.0,0.0,98,-0.318439,98,10.84089,-4.050531,1
013403,华夏恒生科技ETF发起式联接(QDII)C,INDEX,2025-08-25,4.123604,2.644849,11.093785,4.826716,0.142185,23.025067,-4.149035,-6.44956,50.0,3,0,0.0,2.644849,0.0,0.0,0.0,99,2.644849,99,7.298977,-4.050531,1
013403,华夏恒生科技ETF发起式联接(QDII)C,INDEX,2025-08-26,4.029381,2.322221,10.021085,4.073063,0.230773,23.1291,-1.938426,-6.44956,50.0,0,2,0.0,2.322221,0.0,0.0,0.0,100,2.322221,100,6.394997,-3.712647,1
013403,华夏恒生科技ETF发起式联接(QDII)C,INDEX,2025-08-27,2.481416,3.708413,8.023397,2.561953,0.25501,21.490548,-1.938426,-6.44956,50.0,0,3,0.0,3.708413,0.0,0.0,0.0,101,3.708413,101,10.288108,-3.712647,1
013403,华夏恒生科技ETF发起式联接(QDII)C,INDEX,2025-08-28,2.515856,3.379171,5.127371,1.450412,0.250835,21.673738,-2.767195,-6.44956,50.0,0,4,0.0,3.379171,0.0,0.0,0.0,102,3.379171,102,12.270571,-3.712647,1
013403,华夏恒生科技ETF发起式联接(QDII)C,INDEX,2025-08-29,0.329761,4.834715,6.427634,1.609301,0.231705,21.229911,-2.767195,-6.44956,45.0,2,0,0.0,4.834715,0.0,0.0,0.0,103,4.834715,103,8.740756,-3.712647,1
013403,华夏恒生科技ETF发起式联接(QDII)C,INDEX,2025-09-01,-0.350912,5.588017,5.880473,3.443969,0.256441,21.88322,-2.767195,-6.44956,45.0,3,0,0.0,5.588017,0.0,0.0,0.0,104,5.588017,104,8.542107,-3.712647,1
013403,华夏恒生科技ETF发起式联接(QDII)C,INDEX,2025-09-02,-0.907807,3.716216,5.362505,2.06011,0.265689,22.419092,-2.767195,-6.44956,50.0,0,2,0.0,3.716216,0.0,0.0,0.0,105,3.716216,105,12.052117,-2.764511,1
013403,华夏恒生科技ETF发起式联接(QDII)C,INDEX,2025-09-03,-0.490396,2.59111,3.32025,1.058311,0.260716,22.723339,-2.767195,-5.687011,55.0,0,3,0.0,2.59111,0.0,0.0,0.0,106,2.59111,106,13.162218,-2.764511,1
013403,华夏恒生科技ETF发起式联接(QDII)C,INDEX,2025-09-04,-1.31986,0.630915,3.706112,-0.736438,0.229596,23.684068,-4.050531,-5.687011,60.0,0,4,0.0,0.630915,0.0,0.0,0.0,107,0.630915,107,11.473354,-3.211758,1
013403,华夏恒生科技ETF发起式联接(QDII)C,INDEX,2025-09-05,0.082169,3.947088,7.383734,0.874786,0.200745,23.812739,-4.050531,-5.687011,55.0,2,0,0.0,3.947088,0.0,0.0,0.0,108,3.947088,108,7.553366,-4.917438,1
013403,华夏恒生科技ETF发起式联接(QDII)C,INDEX,2025-09-08,-0.895462,5.066667,7.356948,1.722046,0.181967,24.002768,-4.050531,-5.687011,55.0,3,0,0.0,5.066667,0.0,0.0,0.0,109,5.066667,109,2.791878,-8.138269,0
013403,华夏恒生科技ETF发起式联接(QDII)C,INDEX,2025-09-09,1.537052,6.775851,8.944954,2.677331,0.168813,24.145483,-4.050531,-5.687011,50.0,4,0,0.0,6.775851,0.0,0.0,0.0,110,6.775851,110,3.969925,-8.138269,0
013403,华夏恒生科技ETF发起式联接(QDII)C,INDEX,2025-09-10,3.7577,4.757956,11.940629,3.780609,0.214781,21.898455,-4.050531,-5.687011,50.0,5,0,0.0,4.757956,0.0,0.0,0.0,111,4.757956,111,1.434791,-8.138269,0
013403,华夏恒生科技ETF发起式联接(QDII)C,INDEX,2025-09-11,5.329154,5.472429,14.298673,3.236379,0.23502,21.546285,-4.050531,-5.687011,50.0,0,2,0.0,5.472429,0.0,0.0,0.0,112,5.472429,112,-2.232143,-10.587915,0
013403,华夏恒生科技ETF发起式联接(QDII)C,INDEX,2025-09-12,5.049261,7.543602,15.192438,4.450045,0.263329,21.83975,-4.050531,-5.687011,45.0,2,0,0.0,7.543602,0.0,0.0,0.0,113,7.543602,113,-0.957405,-10.587915,0
013403,华夏恒生科技ETF发起式联接(QDII)C,INDEX,2025-09-15,4.954315,7.923583,15.173797,5.083936,0.304998,21.933822,-4.050531,-5.687011,45.0,3,0,0.0,7.923583,0.0,0.0,0.0,114,7.923583,114,-0.841555,-10.587915,0
013403,华夏恒生科技ETF发起式联接(QDII)C,INDEX,2025-09-16,4.170426,9.034627,13.538024,5.162485,0.334449,21.674619,-4.050531,-5.687011,40.0,4,0,0.0,9.034627,0.0,0.0,0.0,115,9.034627,115,-2.665768,-10.587915,0
013403,华夏恒生科技ETF发起式联接(QDII)C,INDEX,2025-09-17,6.877103,13.087635,16.704484,8.624816,0.412152,24.954587,-4.050531,-5.687011,40.0,5,0,0.0,13.087635,0.0,0.0,0.0,116,13.087635,116,-5.980928,-10.587915,0
013403,华夏恒生科技ETF发起式联接(QDII)C,INDEX,2025-09-18,6.289683,13.255814,16.128333,7.074684,0.443309,24.835987,-4.050531,-5.687011,40.0,0,2,0.0,13.255814,0.0,0.0,0.0,117,13.255814,117,-3.584096,-10.587915,0
013403,华夏恒生科技ETF发起式联接(QDII)C,INDEX,2025-09-19,5.080109,10.84089,16.596206,6.932307,0.500072,23.756024,-4.050531,-5.687011,40.0,2,0,0.0,10.84089,0.0,0.0,0.0,118,10.84089,118,-2.324284,-10.587915,0
013403,华夏恒生科技ETF发起式联接(QDII)C,INDEX,2025-09-22,3.520991,7.298977,16.872338,6.011828,0.576056,22.443947,-3.712647,-5.687011,45.0,0,2,0.0,7.298977,0.0,0.0,0.0,119,7.298977,119,-3.036816,-10.587915,0
013403,华夏恒生科技ETF发起式联接(QDII)C,INDEX,2025-09-23,1.510923,6.394997,15.278689,4.159261,0.609905,23.107945,-3.712647,-5.687011,45.0,0,3,0.0,6.394997,0.0,0.0,0.0,120,6.394997,120,-1.659082,-10.587915,0
013403,华夏恒生科技ETF发起式联接(QDII)C,INDEX,2025-09-24,-0.05555,10.288108,18.691589,6.070953,0.64812,23.36499,-3.712647,-5.687011,40.0,2,0,0.0,10.288108,0.0,0.0,0.0,121,10.288108,121,-4.529875,-10.587915,0
013403,华夏恒生科技ETF发起式联接(QDII)C,INDEX,2025-09-25,1.624043,12.270571,20.549159,6.362921,0.669649,22.776722,-3.712647,-5.687011,35.0,3,0,0.0,12.270571,0.0,0.0,0.0,122,12.270571,122,-7.466936,-10.587915,0
013403,华夏恒生科技ETF发起式联接(QDII)C,INDEX,2025-09-26,-1.571216,8.740756,17.528863,2.994396,0.638665,25.70808,-3.712647,-5.687011,40.0,0,2,0.0,8.740756,0.0,0.0,0.0,123,8.740756,123,-4.684991,-10.587915,0
013403,华夏恒生科技ETF发起式联接(QDII)C,INDEX,2025-09-29,0.803588,8.542107,19.547872,4.518173,0.654417,25.557141,-2.764511,-5.687011,40.0,2,0,0.0,8.542107,0.0,0.0,0.0,124,8.542107,124,-8.045977,-10.587915,0
013403,华夏恒生科技ETF发起式联接(QDII)C,INDEX,2025-09-30,4.361016,12.052117,19.860627,6.041413,0.669444,25.454542,-2.764511,-5.687011,35.0,3,0,0.0,12.052117,0.0,0.0,0.0,125,12.052117,125,-10.337936,-10.587915,0
013403,华夏恒生科技ETF发起式联接(QDII)C,INDEX,2025-10-09,2.102825,13.162218,22.046285,5.524679,0.65615,24.952513,-2.764511,-5.687011,30.0,4,0,0.0,13.162218,0.0,0.0,0.0,126,13.162218,126,-8.165487,-10.587915,0
013403,华夏恒生科技ETF发起式联接(QDII)C,INDEX,2025-10-10,-2.020573,11.473354,18.480675,1.601451,0.551494,27.243176,-3.211758,-5.687011,30.0,0,2,0.0,11.473354,0.0,0.0,0.0,127,11.473354,127,-6.786652,-7.620922,0
013403,华夏恒生科技ETF发起式联接(QDII)C,INDEX,2025-10-13,-1.010673,7.553366,15.801105,-0.537647,0.43361,28.001494,-4.917438,-5.687011,35.0,0,3,0.0,7.553366,0.0,0.0,0.0,128,7.553366,128,-3.912214,-6.053684,0
013403,华夏恒生科技ETF发起式联接(QDII)C,INDEX,2025-10-14,-6.145717,2.791878,11.166008,-4.032075,0.274543,30.860152,-8.138269,-8.138269,40.0,0,4,0.0,2.791878,0.0,0.0,0.0,129,2.791878,129,-0.365432,-6.053684,0
013403,华夏恒生科技ETF发起式联接(QDII)C,INDEX,2025-10-15,-5.786701,3.969925,10.93165,-1.884543,0.163831,31.679558,-8.138269,-8.138269,40.0,2,0,0.0,3.969925,0.0,0.0,0.0,130,3.969925,130,-2.603413,-6.053684,0
013403,华夏恒生科技ETF发起式联接(QDII)C,INDEX,2025-10-16,-6.995101,1.434791,9.836066,-3.086283,0.051315,31.755929,-8.138269,-8.138269,45.0,0,2,0.0,1.434791,0.0,0.0,0.0,131,1.434791,131,-0.653595,-6.053684,0
013403,华夏恒生科技ETF发起式联接(QDII)C,INDEX,2025-10-17,-7.620922,-2.232143,5.14243,-6.730897,-0.120643,34.720323,-10.587915,-10.587915,45.0,0,3,0.0,0.0,2.232143,0.0,0.0,132,-2.232143,132,0.49721,-6.053684,0
013403,华夏恒生科技ETF发起式联接(QDII)C,INDEX,2025-10-20,-3.263359,-0.957405,6.435696,-4.008029,-0.227985,35.848358,-10.587915,-10.587915,45.0,2,0,0.0,0.0,0.957405,0.0,0.0,133,-0.957405,133,-3.225488,-6.615267,0
013403,华夏恒生科技ETF发起式联接(QDII)C,INDEX,2025-10-21,1.244444,-0.841555,6.78125,-2.898091,-0.303467,35.895374,-10.587915,-10.587915,45.0,3,0,0.0,0.0,0.841555,0.0,0.0,134,-0.841555,134,-6.018925,-8.300019,0
013403,华夏恒生科技ETF发起式联接(QDII)C,INDEX,2025-10-22,-2.478064,-2.665768,5.080519,-4.06996,-0.388737,36.132198,-10.587915,-10.587915,50.0,0,2,0.0,0.0,2.665768,0.0,0.0,135,-2.665768,135,-5.477556,-9.004378,0
013403,华夏恒生科技ETF发起式联接(QDII)C,INDEX,2025-10-23,-0.936494,-5.980928,3.127856,-3.38509,-0.403938,32.902108,-10.587915,-10.587915,50.0,2,0,0.0,0.0,5.980928,0.0,0.0,136,-5.980928,136,-6.351551,-9.480297,0
013403,华夏恒生科技ETF发起式联接(QDII)C,INDEX,2025-10-24,4.819888,-3.584096,5.001016,-1.54028,-0.398715,33.591186,-10.587915,-10.587915,45.0,3,0,0.0,0.0,3.584096,0.0,0.0,137,-3.584096,137,-10.784124,-12.278698,0
013403,华夏恒生科技ETF发起式联接(QDII)C,INDEX,2025-10-27,3.629907,-2.324284,7.919877,0.256701,-0.357389,34.194875,-10.587915,-10.587915,45.0,4,0,0.0,0.0,2.324284,0.0,0.0,138,-2.324284,138,-9.984771,-12.278698,0
013403,华夏恒生科技ETF发起式联接(QDII)C,INDEX,2025-10-28,1.229148,-3.036816,6.79222,-0.820522,-0.338247,34.40578,-10.587915,-10.587915,45.0,0,2,0.0,0.0,3.036816,0.0,0.0,139,-3.036816,139,-7.834634,-11.188205,0
013403,华夏恒生科技ETF发起式联接(QDII)C,INDEX,2025-10-29,2.560807,-1.659082,7.059552,-0.775772,-0.337947,34.057355,-10.587915,-10.587915,45.0,0,3,0.0,0.0,1.659082,0.0,0.0,140,-1.659082,140,-7.683409,-11.153957,0
013403,华夏恒生科技ETF发起式联接(QDII)C,INDEX,2025-10-30,1.486952,-4.529875,9.196864,-1.185562,-0.307416,32.892347,-10.587915,-10.587915,50.0,0,4,0.0,0.0,4.529875,0.0,0.0,141,-4.529875,141,-7.481079,-10.576363,0
013403,华夏恒生科技ETF发起式联接(QDII)C,INDEX,2025-10-31,-2.468538,-7.466936,7.397932,-3.022428,-0.287725,33.390773,-10.587915,-10.587915,55.0,0,5,0.0,0.0,7.466936,0.0,0.0,142,-7.466936,142,-5.33995,-9.505106,0
013403,华夏恒生科技ETF发起式联接(QDII)C,INDEX,2025-11-03,-3.950124,-4.684991,8.657263,-2.635997,-0.299324,32.196889,-10.587915,-10.587915,50.0,2,0,0.0,0.0,4.684991,0.0,0.0,143,-4.684991,143,-4.885542,-9.505106,0
013403,华夏恒生科技ETF发起式联接(QDII)C,INDEX,2025-11-04,-4.40397,-8.045977,5.386168,-3.88342,-0.297232,31.581489,-10.587915,-10.587915,55.0,0,2,0.0,0.0,8.045977,0.0,0.0,144,-8.045977,144,-3.568548,-9.505106,0
013403,华夏恒生科技ETF发起式联接(QDII)C,INDEX,2025-11-05,-4.849128,-10.337936,4.201858,-3.837723,-0.255908,30.23823,-10.587915,-10.587915,60.0,0,3,0.0,0.0,10.337936,0.0,0.0,145,-10.337936,145,-4.528875,-9.505106,0
013403,华夏恒生科技ETF发起式联接(QDII)C,INDEX,2025-11-06,-1.785368,-8.165487,6.614704,-0.948243,-0.159736,32.102866,-7.620922,-10.587915,60.0,2,0,0.0,0.0,8.165487,0.0,0.0,146,-8.165487,146,-5.581901,-9.505106,0
013403,华夏恒生科技ETF发起式联接(QDII)C,INDEX,2025-11-07,-1.300248,-6.786652,4.563617,-2.344172,-0.129233,30.806272,-6.053684,-10.587915,60.0,0,2,0.0,0.0,6.786652,0.0,0.0,147,-6.786652,147,-3.097345,-9.505106,0
013403,华夏恒生科技ETF发起式联接(QDII)C,INDEX,2025-11-10,-0.208106,-3.912214,7.424792,-0.907284,-0.099144,30.818679,-6.053684,-10.587915,55.0,2,0,0.0,0.0,3.912214,0.0,0.0,148,-3.912214,148,-4.319762,-9.505106,0
013403,华夏恒生科技ETF发起式联接(QDII)C,INDEX,2025-11-11,1.693548,-0.365432,7.605333,-0.712082,-0.115376,28.403345,-6.053684,-10.587915,50.0,3,0,0.0,0.0,0.365432,0.0,0.0,149,-0.365432,149,-6.165741,-9.505106,0
013403,华夏恒生科技ETF发起式联接(QDII)C,INDEX,2025-11-12,2.340426,-2.603413,8.124599,-0.451864,-0.091106,26.925436,-6.053684,-10.587915,50.0,4,0,0.0,0.0,2.603413,0.0,0.0,150,-2.603413,150,-5.890506,-9.505106,0
013403,华夏恒生科技ETF发起式联接(QDII)C,INDEX,2025-11-13,0.612527,-0.653595,5.566497,0.39927,-0.069692,26.828713,-6.053684,-10.587915,45.0,5,0,0.0,0.0,0.653595,0.0,0.0,151,-0.653595,151,-7.462687,-9.505106,0
013403,华夏恒生科技ETF发起式联接(QDII)C,INDEX,2025-11-14,-0.402253,0.49721,3.630846,-2.384695,-0.148294,24.937046,-6.053684,-10.587915,45.0,0,2,0.0,0.49721,0.0,0.0,0.0,152,0.49721,152,-3.251212,-6.946688,0
013403,华夏恒生科技ETF发起式联接(QDII)C,INDEX,2025-11-17,-2.571996,-3.225488,3.078378,-3.145238,-0.197011,22.764895,-6.615267,-10.987117,50.0,0,3,0.0,0.0,3.225488,0.0,0.0,153,-3.225488,153,-4.637652,-6.064621,0
013403,华夏恒生科技ETF发起式联接(QDII)C,INDEX,2025-11-18,-4.500397,-6.018925,0.574173,-4.602055,-0.248739,22.964266,-8.300019,-12.592996,55.0,0,4,0.0,0.0,6.018925,0.0,0.0,154,-6.018925,154,-4.556778,-4.576588,0
013403,华夏恒生科技ETF发起式联接(QDII)C,INDEX,2025-11-19,-5.355905,-5.477556,0.314795,-5.074446,-0.323454,22.711255,-9.004378,-13.26438,55.0,0,5,0.0,0.0,5.477556,0.0,0.0,155,-5.477556,155,-2.887029,-4.576588,0
013403,华夏恒生科技ETF发起式联接(QDII)C,INDEX,2025-11-20,-6.618225,-6.351551,-0.429274,-5.267562,-0.391129,22.58298,-9.480297,-13.718019,60.0,0,6,0.0,0.0,6.351551,0.0,0.0,156,-6.351551,156,-3.028391,-4.576588,0
013403,华夏恒生科技ETF发起式联接(QDII)C,INDEX,2025-11-21,-6.946688,-10.784124,-2.579281,-7.683986,-0.464996,23.267592,-12.278698,-16.385411,65.0,0,7,0.0,0.0,10.784124,0.0,0.0,157,-10.784124,157,1.063368,-4.576588,0
013403,华夏恒生科技ETF发起式联接(QDII)C,INDEX,2025-11-24,-3.608195,-9.984771,-2.545342,-4.769577,-0.459995,24.62786,-11.188205,-16.385411,65.0,2,0,0.0,0.0,9.984771,0.0,0.0,158,-9.984771,158,-0.687322,-4.576588,0
013403,华夏恒生科技ETF发起式联接(QDII)C,INDEX,2025-11-25,-0.726593,-7.834634,-4.110688,-3.296259,-0.443586,25.13834,-11.153957,-16.385411,60.0,3,0,0.0,0.0,7.834634,0.0,0.0,159,-7.834634,159,-2.467587,-4.576588,0
013403,华夏恒生科技ETF发起式联接(QDII)C,INDEX,2025-11-26,0.167364,-7.683409,-3.40932,-2.783206,-0.413497,25.175915,-10.576363,-16.385411,55.0,4,0,0.0,0.0,7.683409,0.0,0.0,160,-7.683409,160,-2.464495,-4.576588,0
013403,华夏恒生科技ETF发起式联接(QDII)C,INDEX,2025-11-27,0.262881,-7.481079,-2.584798,-2.819112,-0.387649,25.158069,-9.505106,-16.385411,55.0,0,2,0.0,0.0,7.481079,0.0,0.0,161,-7.481079,161,-2.128998,-4.576588,0
013403,华夏恒生科技ETF发起式联接(QDII)C,INDEX,2025-11-28,3.483073,-5.33995,-1.660136,-2.531503,-0.386302,24.196614,-9.505106,-16.385411,50.0,2,0,0.0,0.0,5.33995,0.0,0.0,162,-5.33995,162,-2.20195,-4.576588,0
013403,华夏恒生科技ETF发起式联接(QDII)C,INDEX,2025-12-01,1.490959,-4.885542,-1.41742,-1.66034,-0.365053,24.367357,-9.505106,-16.385411,50.0,3,0,0.0,0.0,4.885542,0.0,0.0,163,-4.885542,163,-3.115232,-4.576588,0
013403,华夏恒生科技ETF发起式联接(QDII)C,INDEX,2025-12-02,0.020912,-3.568548,-3.752893,-1.810138,-0.368247,23.76034,-9.505106,-16.385411,50.0,0,2,0.0,0.0,3.568548,0.0,0.0,164,-3.568548,164,-1.223082,-4.576588,0
013403,华夏恒生科技ETF发起式联接(QDII)C,INDEX,2025-12-03,-1.597744,-4.528875,-4.08184,-3.055556,-0.395294,24.20085,-9.505106,-16.385411,50.0,0,3,0.0,0.0,4.528875,0.0,0.0,165,-4.528875,165,-0.923273,-4.576588,0
013403,华夏恒生科技ETF发起式联接(QDII)C,INDEX,2025-12-04,0.230729,-5.581901,-1.87885,-1.390358,-0.35498,22.772375,-9.505106,-16.385411,50.0,2,0,0.0,0.0,5.581901,0.0,0.0,166,-5.581901,166,1.287015,-4.576588,0
013403,华夏恒生科技ETF发起式联接(QDII)C,INDEX,2025-12-05,1.038062,-3.097345,0.689655,-0.416996,-0.322614,22.387229,-9.505106,-16.385411,45.0,3,0,0.0,0.0,3.097345,0.0,0.0,167,-3.097345,167,1.857617,-4.576588,0
013403,华夏恒生科技ETF发起式联接(QDII)C,INDEX,2025-12-08,0.385497,-4.319762,-1.118637,-0.203012,-0.265081,21.767126,-9.505106,-16.385411,50.0,0,2,0.0,0.0,4.319762,0.0,0.0,168,-4.319762,168,0.394395,-4.566684,0
013403,华夏恒生科技ETF发起式联接(QDII)C,INDEX,2025-12-09,-1.045369,-6.165741,-3.898477,-1.636619,-0.222825,22.380011,-9.505106,-16.385411,55.0,0,3,0.0,0.0,6.165741,0.0,0.0,169,-6.165741,169,1.193746,-4.038823,0
013403,华夏恒生科技ETF发起式联接(QDII)C,INDEX,2025-12-10,0.880824,-5.890506,-4.701754,-0.914658,-0.162426,22.480145,-9.505106,-16.385411,55.0,2,0,0.0,0.0,5.890506,0.0,0.0,170,-5.890506,170,0.725857,-4.038823,0
013403,华夏恒生科技ETF发起式联接(QDII)C,INDEX,2025-12-11,-1.39165,-7.462687,-6.748466,-1.378751,-0.090919,22.164729,-6.946688,-16.385411,60.0,0,2,0.0,0.0,7.462687,0.0,0.0,171,-7.462687,171,4.562818,-4.038823,1
013403,华夏恒生科技ETF发起式联接(QDII)C,INDEX,2025-12-12,-0.560399,-3.251212,-4.940476,0.443937,-0.029501,21.43956,-6.064621,-16.385411,55.0,2,0,0.0,0.0,3.251212,0.0,0.0,172,-3.251212,172,2.911709,-4.038823,1
013403,华夏恒生科技ETF发起式联接(QDII)C,INDEX,2025-12-15,-2.895693,-4.637652,-8.597108,-1.690677,-0.012119,22.682918,-4.3388,-16.385411,55.0,0,2,0.0,0.0,4.637652,0.0,0.0,173,-4.637652,173,6.038906,-2.445237,1
013403,华夏恒生科技ETF发起式联接(QDII)C,INDEX,2025-12-16,-2.862878,-4.556778,-11.056297,-3.159048,-0.041106,22.607946,-4.576588,-16.575939,55.0,0,3,0.0,0.0,4.556778,0.0,0.0,174,-4.556778,174,6.503535,-2.445237,1
013403,华夏恒生科技ETF发起式联接(QDII)C,INDEX,2025-12-17,-2.335367,-2.887029,-10.65345,-2.079389,-0.062118,22.891095,-4.576588,-16.575939,50.0,2,0,0.0,0.0,2.887029,0.0,0.0,175,-2.887029,175,5.364067,-2.445237,1
013403,华夏恒生科技ETF发起式联接(QDII)C,INDEX,2025-12-18,-2.143463,-3.028391,-14.619017,-2.585365,-0.096507,22.929266,-4.576588,-16.575939,50.0,0,2,0.0,0.0,3.028391,0.0,0.0,176,-3.028391,176,4.760356,-2.620704,1
013403,华夏恒生科技ETF发起式联接(QDII)C,INDEX,2025-12-19,-2.796911,1.063368,-13.067015,-1.664441,-0.161297,20.412979,-4.576588,-16.575939,45.0,2,0,0.0,1.063368,0.0,0.0,0.0,177,1.063368,177,2.50161,-3.769781,1
013403,华夏恒生科技ETF发起式联接(QDII)C,INDEX,2025-12-22,0.38478,-0.687322,-12.681294,-0.806895,-0.175812,18.332029,-4.576588,-16.575939,45.0,3,0,0.0,0.0,0.687322,0.0,0.0,178,-0.687322,178,2.747019,-3.769781,1
013403,华夏恒生科技ETF发起式联接(QDII)C,INDEX,2025-12-23,1.446438,-2.467587,-12.838722,-1.359897,-0.181279,17.936318,-4.576588,-16.575939,50.0,0,2,0.0,0.0,2.467587,0.0,0.0,179,-2.467587,179,3.762864,-3.769781,1
013403,华夏恒生科技ETF发起式联接(QDII)C,INDEX,2025-12-24,0.603188,-2.464495,-11.452408,-1.109605,-0.179181,17.936894,-4.576588,-16.575939,50.0,2,0,0.0,0.0,2.464495,0.0,0.0,180,-2.464495,180,4.068522,-3.769781,1
013403,华夏恒生科技ETF发起式联接(QDII)C,INDEX,2025-12-25,1.1928,-2.128998,-13.552571,-1.088011,-0.181358,17.899662,-4.576588,-16.575939,50.0,0,2,0.0,0.0,2.128998,0.0,0.0,181,-2.128998,181,2.839691,-3.769781,1
013403,华夏恒生科技ETF发起式联接(QDII)C,INDEX,2025-12-26,0.139575,-2.20195,-14.336885,-1.030862,-0.180731,17.894853,-4.576588,-16.575939,55.0,0,3,0.0,0.0,2.20195,0.0,0.0,182,-2.20195,182,3.398735,-3.769781,1
013403,华夏恒生科技ETF发起式联接(QDII)C,INDEX,2025-12-29,-0.990204,-3.115232,-12.165864,-1.171194,-0.170845,17.685771,-4.576588,-16.575939,60.0,0,4,0.0,0.0,3.115232,0.0,0.0,183,-3.115232,183,6.022153,-3.769781,1
013403,华夏恒生科技ETF发起式联接(QDII)C,INDEX,2025-12-30,1.29717,-1.223082,-12.411939,0.485465,-0.138576,18.739504,-4.576588,-16.575939,55.0,2,0,0.0,0.0,1.223082,0.0,0.0,184,-1.223082,184,3.376019,-3.769781,1
013403,华夏恒生科技ETF发起式联接(QDII)C,INDEX,2025-12-31,-0.042827,-0.923273,-15.188953,-0.670284,-0.145576,18.462793,-4.576588,-16.575939,55.0,0,2,0.0,0.0,0.923273,0.0,0.0,185,-0.923273,185,2.345758,-3.769781,1
013403,华夏恒生科技ETF发起式联接(QDII)C,INDEX,2026-01-05,3.729104,1.287015,-12.175649,2.922335,-0.076274,22.20642,-4.576588,-13.807649,55.0,2,0,0.0,1.287015,0.0,0.0,0.0,186,1.287015,186,-4.452479,-6.773511,0
013403,华夏恒生科技ETF发起式联接(QDII)C,INDEX,2026-01-06,5.232122,1.857617,-7.995876,4.258506,0.024711,22.550878,-4.566684,-12.478584,55.0,3,0,0.0,1.857617,0.0,0.0,0.0,187,1.857617,187,-6.897606,-7.89235,0
013403,华夏恒生科技ETF发起式联接(QDII)C,INDEX,2026-01-07,4.021938,0.394395,-7.700382,2.729397,0.101028,23.212182,-4.038823,-12.478584,55.0,0,2,0.0,0.394395,0.0,0.0,0.0,188,0.394395,188,-7.298666,-9.615966,0
013403,华夏恒生科技ETF发起式联接(QDII)C,INDEX,2026-01-08,1.375807,1.193746,-5.392593,1.67009,0.134062,22.572134,-4.038823,-12.478584,55.0,0,3,0.0,1.193746,0.0,0.0,0.0,189,1.193746,189,-5.647771,-9.615966,0
013403,华夏恒生科技ETF发起式联接(QDII)C,INDEX,2026-01-09,2.559983,0.725857,-7.675248,1.590434,0.171387,22.535788,-4.038823,-12.478584,60.0,0,4,0.0,0.725857,0.0,0.0,0.0,190,0.725857,190,-6.569191,-9.827638,0
013403,华夏恒生科技ETF发起式联接(QDII)C,INDEX,2026-01-12,1.797521,4.562818,-3.872793,4.312663,0.235674,24.424758,-4.038823,-12.478584,55.0,2,0,0.0,4.562818,0.0,0.0,0.0,191,4.562818,191,-8.169271,-9.827638,0
013403,华夏恒生科技ETF发起式联接(QDII)C,INDEX,2026-01-13,0.46867,2.911709,0.060883,4.232841,0.3205,23.825036,-2.445237,-12.478584,55.0,3,0,0.0,2.911709,0.0,0.0,0.0,192,2.911709,192,-7.81868,-9.827638,0
013403,华夏恒生科技ETF发起式联接(QDII)C,INDEX,2026-01-14,2.563837,6.038906,-2.140462,4.554844,0.371471,21.926785,-2.445237,-12.478584,50.0,4,0,0.0,6.038906,0.0,0.0,0.0,193,6.038906,193,-7.670598,-9.827638,0
013403,华夏恒生科技ETF发起式联接(QDII)C,INDEX,2026-01-15,2.234054,6.503535,-4.467857,2.881696,0.367223,21.447777,-2.445237,-12.478584,50.0,0,2,0.0,6.503535,0.0,0.0,0.0,194,6.503535,194,-7.852548,-9.260574,0
013403,华夏恒生科技ETF发起式联接(QDII)C,INDEX,2026-01-16,2.16188,5.364067,-3.282579,2.498009,0.366848,21.360296,-2.445237,-12.478584,55.0,0,3,0.0,5.364067,0.0,0.0,0.0,195,5.364067,195,-8.607647,-9.321432,0
013403,华夏恒生科技ETF发起式联接(QDII)C,INDEX,2026-01-19,-1.958595,4.760356,-4.864599,0.997852,0.330454,21.783112,-2.620704,-12.478584,55.0,0,4,0.0,4.760356,0.0,0.0,0.0,196,4.760356,196,-8.984577,-10.812456,0
013403,华夏恒生科技ETF发起式联接(QDII)C,INDEX,2026-01-20,-3.184261,2.50161,-7.579864,-0.315332,0.285814,22.14916,-3.769781,-12.478584,60.0,0,5,0.0,2.50161,0.0,0.0,0.0,197,2.50161,197,-8.201529,-11.106603,0
013403,华夏恒生科技ETF发起式联接(QDII)C,INDEX,2026-01-21,-2.731579,2.747019,-8.147725,0.624602,0.265782,22.267298,-3.769781,-11.390575,60.0,2,0,0.0,2.747019,0.0,0.0,0.0,198,2.747019,198,-11.73057,-13.601785,0
013403,华夏恒生科技ETF发起式联接(QDII)C,INDEX,2026-01-22,-1.164097,3.762864,-6.726414,0.742637,0.235441,22.055831,-3.769781,-11.356406,55.0,3,0,0.0,3.762864,0.0,0.0,0.0,199,3.762864,199,-11.623102,-13.601785,0
013403,华夏恒生科技ETF发起式联接(QDII)C,INDEX,2026-01-23,-0.633817,4.068522,-6.295189,0.969704,0.207749,22.069097,-3.769781,-10.780128,55.0,4,0,0.0,4.068522,0.0,0.0,0.0,200,4.068522,200,-14.434156,-15.640531,0
013403,华夏恒生科技ETF发起式联接(QDII)C,INDEX,2026-01-26,-0.662457,2.839691,-6.879488,-0.445025,0.154808,22.667022,-3.769781,-9.711312,55.0,0,2,0.0,2.839691,0.0,0.0,0.0,201,2.839691,201,-15.411066,-17.658992,0
013403,华夏恒生科技ETF发起式联接(QDII)C,INDEX,2026-01-27,1.016026,3.398735,-4.277916,-0.121689,0.103994,22.684438,-3.769781,-9.711312,50.0,2,0,0.0,3.398735,0.0,0.0,0.0,202,3.398735,202,-16.403982,-18.227001,0
013403,华夏恒生科技ETF发起式联接(QDII)C,INDEX,2026-01-28,2.165803,6.022153,-2.299078,1.809733,0.075508,23.731769,-3.769781,-9.711312,45.0,3,0,0.0,6.022153,0.0,0.0,0.0,203,6.022153,203,-19.028299,-19.028299,0
013403,华夏恒生科技ETF发起式联接(QDII)C,INDEX,2026-01-29,0.919516,3.376019,-1.532258,0.704145,0.049579,23.582335,-3.769781,-9.711312,50.0,0,2,0.0,3.376019,0.0,0.0,0.0,204,3.376019,204,-15.960278,-18.273956,0
013403,华夏恒生科技ETF发起式联接(QDII)C,INDEX,2026-01-30,-1.697531,2.345758,-3.191489,-1.602879,-0.030902,24.580317,-3.769781,-9.711312,50.0,0,3,0.0,2.345758,0.0,0.0,0.0,205,2.345758,205,-13.919414,-16.452119,0
013403,华夏恒生科技ETF发起式联接(QDII)C,INDEX,2026-02-02,-3.626133,-4.452479,-8.624778,-4.542218,-0.104031,23.493608,-6.773511,-9.711312,55.0,0,4,0.0,0.0,4.452479,0.0,0.0,206,-4.452479,206,-9.287491,-13.687966,0
013403,华夏恒生科技ETF发起式联接(QDII)C,INDEX,2026-02-03,-5.246786,-6.897606,-8.10539,-5.357189,-0.165347,22.931436,-7.89235,-10.271013,60.0,0,5,0.0,0.0,6.897606,0.0,0.0,207,-6.897606,207,-8.382578,-12.849345,0
013403,华夏恒生科技ETF发起式联接(QDII)C,INDEX,2026-02-04,-9.047571,-7.298666,-10.953327,-6.787457,-0.265246,23.248849,-9.615966,-11.950118,60.0,0,6,0.0,0.0,7.298666,0.0,0.0,208,-7.298666,208,-7.081521,-12.849345,0
013403,华夏恒生科技ETF发起式联接(QDII)C,INDEX,2026-02-05,-7.473382,-5.647771,-10.408406,-5.784486,-0.359398,23.483042,-9.615966,-11.950118,55.0,2,0,0.0,0.0,5.647771,0.0,0.0,209,-5.647771,209,-8.608099,-12.849345,0
013403,华夏恒生科技ETF发起式联接(QDII)C,INDEX,2026-02-06,-6.373626,-6.569191,-11.434511,-6.436785,-0.460189,23.607088,-9.827638,-12.156324,55.0,0,2,0.0,0.0,6.569191,0.0,0.0,210,-6.569191,210,-5.242567,-12.849345,0
013403,华夏恒生科技ETF发起式联接(QDII)C,INDEX,2026-02-09,-2.162396,-8.169271,-11.144933,-4.959459,-0.490508,21.091246,-9.827638,-9.827638,55.0,2,0,0.0,0.0,8.169271,0.0,0.0,211,-8.169271,211,-6.542159,-12.849345,0
013403,华夏恒生科技ETF发起式联接(QDII)C,INDEX,2026-02-10,-0.525279,-7.81868,-8.218901,-4.14072,-0.500883,21.251437,-9.827638,-9.827638,55.0,3,0,0.0,0.0,7.81868,0.0,0.0,212,-7.81868,212,-7.106711,-12.849345,0
013403,华夏恒生科技ETF发起式联接(QDII)C,INDEX,2026-02-11,2.152336,-7.670598,-6.635409,-3.013362,-0.478421,21.360388,-9.260574,-9.827638,55.0,4,0,0.0,0.0,7.670598,0.0,0.0,213,-7.670598,213,-9.716157,-12.849345,0
013403,华夏恒生科技ETF发起式联接(QDII)C,INDEX,2026-02-12,-0.154902,-7.852548,-6.331742,-4.062767,-0.485772,21.479991,-9.260574,-9.827638,55.0,0,2,0.0,0.0,7.852548,0.0,0.0,214,-7.852548,214,-10.660461,-11.535904,0
013403,华夏恒生科技ETF发起式联接(QDII)C,INDEX,2026-02-13,-0.067069,-8.607647,-6.485356,-4.528489,-0.495697,21.53138,-9.321432,-9.888116,55.0,0,3,0.0,0.0,8.607647,0.0,0.0,215,-8.607647,215,-12.416107,-12.416107,0
013403,华夏恒生科技ETF发起式联接(QDII)C,INDEX,2026-02-24,-2.829042,-8.984577,-7.539432,-5.661086,-0.535225,21.778415,-10.812456,-11.369822,55.0,0,4,0.0,0.0,8.984577,0.0,0.0,216,-8.984577,216,-8.870693,-10.951894,0
013403,华夏恒生科技ETF发起式联接(QDII)C,INDEX,2026-02-25,-3.586359,-8.201529,-4.904514,-5.575607,-0.584654,21.614419,-11.106603,-11.662131,55.0,0,5,0.0,0.0,8.201529,0.0,0.0,217,-8.201529,217,-6.823368,-10.657234,0
013403,华夏恒生科技ETF发起式联接(QDII)C,INDEX,2026-02-26,-7.008734,-11.73057,-9.929153,-7.662956,-0.643404,22.430645,-13.601785,-14.14172,60.0,0,6,0.0,0.0,11.73057,0.0,0.0,218,-11.73057,218,-6.949988,-8.463877,0
013403,华夏恒生科技ETF发起式联接(QDII)C,INDEX,2026-02-27,-5.208333,-11.623102,-10.560435,-6.703822,-0.673683,22.500643,-13.601785,-14.14172,60.0,2,0,0.0,0.0,11.623102,0.0,0.0,219,-11.623102,219,-7.037643,-8.463877,0
013403,华夏恒生科技ETF发起式联接(QDII)C,INDEX,2026-03-02,-6.96868,-14.434156,-13.147452,-8.589328,-0.716916,23.400305,-15.640531,-16.167725,65.0,0,2,0.0,0.0,14.434156,0.0,0.0,220,-14.434156,220,-6.047854,-7.821163,0
013403,华夏恒生科技ETF发起式联接(QDII)C,INDEX,2026-03-03,-7.676561,-15.411066,-14.861038,-10.045376,-0.790784,24.052423,-17.658992,-18.173571,65.0,0,3,0.0,0.0,15.411066,0.0,0.0,221,-15.411066,221,-4.631683,-8.67052,0
013403,华夏恒生科技ETF发起式联接(QDII)C,INDEX,2026-03-04,-8.010041,-16.403982,-15.466079,-9.87597,-0.842155,23.558338,-18.227001,-18.73803,70.0,0,4,0.0,0.0,16.403982,0.0,0.0,222,-16.403982,222,-2.096254,-8.67052,0
013403,华夏恒生科技ETF发起式联接(QDII)C,INDEX,2026-03-05,-6.280817,-19.028299,-16.826422,-9.813425,-0.843452,20.492747,-18.273956,-19.534321,75.0,0,5,0.0,0.0,19.028299,0.0,0.0,223,-19.028299,223,-2.931229,-8.67052,0
013403,华夏恒生科技ETF发起式联接(QDII)C,INDEX,2026-03-06,-4.033201,-15.960278,-14.185658,-6.436281,-0.790675,24.685035,-16.452119,-19.534321,70.0,2,0,0.0,0.0,15.960278,0.0,0.0,224,-15.960278,224,-5.530515,-8.67052,0
013403,华夏恒生科技ETF发起式联接(QDII)C,INDEX,2026-03-09,-1.106168,-13.919414,-12.713573,-5.537946,-0.745058,24.430857,-13.687966,-19.534321,65.0,3,0,0.0,0.0,13.919414,0.0,0.0,225,-13.919414,225,-5.81155,-8.67052,0
013403,华夏恒生科技ETF发起式联接(QDII)C,INDEX,2026-03-10,3.350579,-9.287491,-12.210945,-3.165306,-0.702316,24.450366,-12.849345,-19.534321,60.0,4,0,0.0,0.0,9.287491,0.0,0.0,226,-9.287491,226,-3.027414,-8.67052,0
013403,华夏恒生科技ETF发起式联接(QDII)C,INDEX,2026-03-11,3.8452,-8.382578,-13.117476,-2.944024,-0.667116,24.312538,-12.849345,-19.534321,60.0,0,2,0.0,0.0,8.382578,0.0,0.0,227,-8.382578,227,-4.777831,-8.67052,0
013403,华夏恒生科技ETF发起式联接(QDII)C,INDEX,2026-03-12,4.37179,-7.081521,-13.523612,-3.050895,-0.655784,23.709235,-12.849345,-19.534321,60.0,0,3,0.0,0.0,7.081521,0.0,0.0,228,-7.081521,228,-3.552568,-8.67052,0
013403,华夏恒生科技ETF发起式联接(QDII)C,INDEX,2026-03-13,0.621269,-8.608099,-12.740334,-3.451662,-0.632664,23.372271,-12.849345,-19.534321,65.0,0,4,0.0,0.0,8.608099,0.0,0.0,229,-8.608099,229,-3.486683,-8.67052,0
013403,华夏恒生科技ETF发起式联接(QDII)C,INDEX,2026-03-16,3.06383,-5.242567,-10.824742,-0.642885,-0.575209,25.645083,-12.849345,-19.534321,60.0,2,0,0.0,0.0,5.242567,0.0,0.0,230,-5.242567,230,-5.497228,-8.67052,0
013403,华夏恒生科技ETF发起式联接(QDII)C,INDEX,2026-03-17,0.79857,-6.542159,-10.261036,-0.532212,-0.493748,25.102025,-12.849345,-19.534321,65.0,0,2,0.0,0.0,6.542159,0.0,0.0,231,-6.542159,231,-4.23318,-8.454535,0
013403,华夏恒生科技ETF发起式联接(QDII)C,INDEX,2026-03-18,0.86001,-7.106711,-11.876435,-0.306377,-0.395889,24.944197,-12.849345,-19.534321,70.0,0,3,0.0,0.0,7.106711,0.0,0.0,232,-7.106711,232,-0.663193,-8.313595,0
013403,华夏恒生科技ETF发起式联接(QDII)C,INDEX,2026-03-19,-0.744119,-9.716157,-11.607525,-1.845005,-0.302565,25.270651,-11.535904,-19.534321,75.0,0,4,0.0,0.0,9.716157,0.0,0.0,233,-9.716157,233,0.580411,-6.384522,0
013403,华夏恒生科技ETF发起式联接(QDII)C,INDEX,2026-03-20,-2.397094,-10.660461,-12.321914,-3.764317,-0.253467,26.056868,-10.704698,-19.534321,75.0,0,5,0.0,0.0,10.660461,0.0,0.0,234,-10.660461,234,3.62193,-5.192261,1
013403,华夏恒生科技ETF发起式联接(QDII)C,INDEX,2026-03-23,-7.632417,-12.416107,-15.661353,-5.910344,-0.242364,27.320758,-10.951894,-21.076504,75.0,0,6,0.0,0.0,12.416107,0.0,0.0,235,-12.416107,235,6.487867,-5.192261,1
013403,华夏恒生科技ETF发起式联接(QDII)C,INDEX,2026-03-24,-5.250089,-8.870693,-13.109954,-3.257937,-0.206959,28.996357,-10.657234,-21.076504,70.0,2,0,0.0,0.0,8.870693,0.0,0.0,236,-8.870693,236,2.183951,-5.192261,1
013403,华夏恒生科技ETF发起式联接(QDII)C,INDEX,2026-03-25,-3.292279,-6.823368,-12.325531,-1.053563,-0.135882,30.182074,-8.463877,-21.076504,65.0,3,0,0.0,0.0,6.823368,0.0,0.0,237,-6.823368,237,-1.604213,-5.192261,0
013403,华夏恒生科技ETF发起式联接(QDII)C,INDEX,2026-03-26,-4.159613,-6.949988,-15.609029,-3.615923,-0.142278,30.328798,-8.463877,-21.076504,65.0,0,2,0.0,0.0,6.949988,0.0,0.0,238,-6.949988,238,2.14484,-4.208393,1
013403,华夏恒生科技ETF发起式联接(QDII)C,INDEX,2026-03-27,-1.364426,-7.037643,-14.751286,-2.944497,-0.126392,30.299002,-7.632417,-21.076504,65.0,2,0,0.0,0.0,7.037643,0.0,0.0,239,-7.037643,239,2.364185,-4.208393,1
013403,华夏恒生科技ETF发起式联接(QDII)C,INDEX,2026-03-30,-0.204342,-6.047854,-16.33833,-4.335158,-0.169189,29.410465,-7.821163,-21.237778,65.0,0,2,0.0,0.0,6.047854,0.0,0.0,240,-6.047854,240,1.842846,-5.126371,0
013403,华夏恒生科技ETF发起式联接(QDII)C,INDEX,2026-03-31,-3.382004,-4.631683,-17.038148,-4.997975,-0.253982,28.467312,-8.67052,-21.963512,65.0,0,3,0.0,0.0,4.631683,0.0,0.0,241,-4.631683,241,4.572462,-5.126371,1
013403,华夏恒生科技ETF发起式联接(QDII)C,INDEX,2026-04-01,-3.34313,-2.096254,-15.374719,-3.044522,-0.316154,29.418114,-8.67052,-21.963512,60.0,2,0,0.0,0.0,2.096254,0.0,0.0,242,-2.096254,242,1.735715,-5.126371,0
013403,华夏恒生科技ETF发起式联接(QDII)C,INDEX,2026-04-02,-2.233157,-2.931229,-16.668459,-4.676381,-0.41613,29.905792,-8.67052,-21.963512,60.0,0,2,0.0,0.0,2.931229,0.0,0.0,243,-2.931229,243,5.471674,-5.126371,1
013403,华夏恒生科技ETF发起式联接(QDII)C,INDEX,2026-04-03,-2.477364,-5.530515,-17.927823,-4.335437,-0.467677,27.811548,-8.67052,-21.963512,60.0,2,0,0.0,0.0,5.530515,0.0,0.0,244,-5.530515,244,8.381689,-5.126371,1
013403,华夏恒生科技ETF发起式联接(QDII)C,INDEX,2026-04-07,-0.857435,-5.81155,-17.020137,-4.151536,-0.509433,27.765627,-8.67052,-21.963512,65.0,0,2,0.0,0.0,5.81155,0.0,0.0,245,-5.81155,245,8.080547,-5.126371,1
013403,华夏恒生科技ETF发起式联接(QDII)C,INDEX,2026-04-08,5.089124,-3.027414,-15.950413,0.819718,-0.440617,32.690665,-8.67052,-21.963512,65.0,2,0,0.0,0.0,3.027414,0.0,0.0,246,-3.027414,246,2.999017,-5.126371,1
013403,华夏恒生科技ETF发起式联接(QDII)C,INDEX,2026-04-09,1.000887,-4.777831,-18.777382,-0.967099,-0.399811,33.368017,-8.67052,-21.963512,65.0,0,2,0.0,0.0,4.777831,0.0,0.0,247,-4.777831,247,4.290015,-5.126371,1
013403,华夏恒生科技ETF发起式联接(QDII)C,INDEX,2026-04-10,3.703704,-3.552568,-16.923395,0.011823,-0.347566,33.547807,-8.67052,-21.963512,60.0,2,0,0.0,0.0,3.552568,0.0,0.0,248,-3.552568,248,3.832753,-5.126371,1
013403,华夏恒生科技ETF发起式联接(QDII)C,INDEX,2026-04-13,2.798195,-3.486683,-16.776281,-0.606559,-0.315136,33.529801,-8.67052,-21.963512,60.0,0,2,0.0,0.0,3.486683,0.0,0.0,249,-3.486683,249,4.290015,-5.126371,1
013403,华夏恒生科技ETF发起式联接(QDII)C,INDEX,2026-04-14,3.407771,-5.497228,-16.334204,0.170682,-0.227679,31.999854,-8.454535,-21.963512,60.0,2,0,0.0,0.0,5.497228,0.0,0.0,250,-5.497228,250,1.185869,-5.126371,0
013403,华夏恒生科技ETF发起式联接(QDII)C,INDEX,2026-04-15,-0.454769,-4.23318,-17.810026,1.498224,-0.119037,32.363413,-8.313595,-21.963512,55.0,3,0,0.0,0.0,4.23318,0.0,0.0,251,-4.23318,251,-1.691567,-5.270672,0
013403,华夏恒生科技ETF发起式联接(QDII)C,INDEX,2026-04-16,5.218264,-0.663193,-14.937633,5.156927,0.046046,35.016625,-6.384522,-21.963512,50.0,4,0,0.0,0.0,0.663193,0.0,0.0,252,-0.663193,252,-4.923701,-5.270672,0
013403,华夏恒生科技ETF发起式联接(QDII)C,INDEX,2026-04-17,3.509209,0.580411,-16.157645,4.247999,0.165198,34.328143,-5.192261,-21.472766,50.0,0,2,0.0,0.580411,0.0,0.0,0.0,253,0.580411,253,-3.847079,-5.270672,0
013403,华夏恒生科技ETF发起式联接(QDII)C,INDEX,2026-04-20,4.791771,3.62193,-14.694169,4.507953,0.248289,32.973564,-5.192261,-21.472766,45.0,2,0,0.0,3.62193,0.0,0.0,0.0,254,3.62193,254,-6.212593,-6.781678,0
013403,华夏恒生科技ETF发起式联接(QDII)C,INDEX,2026-04-21,4.081887,6.487867,-14.761807,3.977404,0.276625,30.967529,-5.192261,-21.472766,45.0,0,2,0.0,6.487867,0.0,0.0,0.0,255,6.487867,255,-4.161669,-6.781678,0
013403,华夏恒生科技ETF发起式联接(QDII)C,INDEX,2026-04-22,1.098901,2.183951,-15.246869,1.995565,0.305199,30.89694,-5.192261,-21.472766,50.0,0,3,0.0,2.183951,0.0,0.0,0.0,256,2.183951,256,-2.479238,-6.781678,0
013403,华夏恒生科技ETF发起式联接(QDII)C,INDEX,2026-04-23,-4.208393,-1.604213,-15.837436,0.17142,0.333934,30.914817,-4.208393,-21.472766,55.0,0,4,0.0,0.0,1.604213,0.0,0.0,257,-1.604213,257,0.833852,-6.781678,0
013403,华夏恒生科技ETF发起式联接(QDII)C,INDEX,2026-04-24,-2.668911,2.14484,-16.103627,0.825057,0.32815,29.084667,-4.208393,-21.472766,50.0,2,0,0.0,2.14484,0.0,0.0,0.0,258,2.14484,258,-0.778162,-6.781678,0
013403,华夏恒生科技ETF发起式联接(QDII)C,INDEX,2026-04-27,-2.561647,2.364185,-15.900403,1.254486,0.332087,29.114958,-4.208393,-21.472766,50.0,3,0,0.0,2.364185,0.0,0.0,0.0,259,2.364185,259,-1.719902,-6.781678,0
013403,华夏恒生科技ETF发起式联接(QDII)C,INDEX,2026-04-28,-4.557448,1.842846,-18.127572,-1.098013,0.273201,29.591147,-5.126371,-21.472766,50.0,0,2,0.0,1.842846,0.0,0.0,0.0,260,1.842846,260,0.301583,-6.781678,0
013403,华夏恒生科技ETF发起式联接(QDII)C,INDEX,2026-04-29,-1.123596,4.572462,-15.640304,0.396203,0.221805,29.866375,-5.126371,-21.472766,45.0,2,0,0.0,4.572462,0.0,0.0,0.0,261,4.572462,261,0.13587,-6.781678,0
013403,华夏恒生科技ETF发起式联接(QDII)C,INDEX,2026-04-30,-0.062228,1.735715,-16.735794,-0.506759,0.182127,29.375602,-5.126371,-21.472766,50.0,0,2,0.0,1.735715,0.0,0.0,0.0,262,1.735715,262,5.641345,-6.781678,1
013403,华夏恒生科技ETF发起式联接(QDII)C,INDEX,2026-05-06,0.951087,5.471674,-17.101126,0.99974,0.136864,29.025078,-5.126371,-20.741196,45.0,2,0,0.0,5.471674,0.0,0.0,0.0,263,5.471674,263,1.04001,-6.781678,0
013403,华夏恒生科技ETF发起式联接(QDII)C,INDEX,2026-05-07,3.255528,8.381689,-13.953726,3.451247,0.125822,30.389254,-5.126371,-18.974359,45.0,3,0,0.0,8.381689,0.0,0.0,0.0,264,8.381689,264,-3.224271,-6.781678,0
013403,华夏恒生科技ETF发起式联接(QDII)C,INDEX,2026-05-08,5.214878,8.080547,-12.370487,2.661877,0.095747,30.468554,-5.126371,-16.293653,45.0,0,2,0.0,8.080547,0.0,0.0,0.0,265,8.080547,265,-4.478681,-6.50358,0
013403,华夏恒生科技ETF发起式联接(QDII)C,INDEX,2026-05-11,3.507905,2.999017,-9.39561,2.594239,0.130951,25.121711,-5.126371,-15.480349,45.0,2,0,0.0,2.999017,0.0,0.0,0.0,266,2.999017,266,-6.968974,-8.09855,0
013403,华夏恒生科技ETF发起式联接(QDII)C,INDEX,2026-05-12,3.536737,4.290015,-9.01729,1.573572,0.118314,24.067284,-5.126371,-15.480349,45.0,0,2,0.0,4.290015,0.0,0.0,0.0,267,4.290015,267,-5.977869,-8.09855,0
013403,华夏恒生科技ETF发起式联接(QDII)C,INDEX,2026-05-13,2.092255,3.832753,-6.947697,1.748653,0.117028,23.976562,-5.126371,-15.480349,45.0,2,0,0.0,3.832753,0.0,0.0,0.0,268,3.832753,268,-7.22675,-8.746906,0
013403,华夏恒生科技ETF发起式联接(QDII)C,INDEX,2026-05-14,-1.082689,4.290015,-8.010622,1.171861,0.092575,23.785389,-5.126371,-15.480349,45.0,0,2,0.0,4.290015,0.0,0.0,0.0,269,4.290015,269,-8.142892,-9.972887,0
013403,华夏恒生科技ETF发起式联接(QDII)C,INDEX,2026-05-15,-3.188821,1.185869,-9.389671,-1.416245,0.033422,25.635409,-5.126371,-15.480349,50.0,0,3,0.0,1.185869,0.0,0.0,0.0,270,1.185869,270,-4.897607,-9.972887,0
013403,华夏恒生科技ETF发起式联接(QDII)C,INDEX,2026-05-18,-4.988067,-1.691567,-12.012377,-3.08681,-0.035564,26.133919,-5.270672,-15.480349,55.0,0,4,0.0,0.0,1.691567,0.0,0.0,271,-1.691567,271,-2.009545,-9.972887,0
013403,华夏恒生科技ETF发起式联接(QDII)C,INDEX,2026-05-19,-4.07746,-4.923701,-12.266227,-2.68397,-0.044379,22.36563,-5.270672,-15.480349,55.0,2,0,0.0,0.0,4.923701,0.0,0.0,272,-4.923701,272,-4.250784,-9.984675,0
013403,华夏恒生科技ETF发起式联接(QDII)C,INDEX,2026-05-20,-4.146692,-3.847079,-12.68559,-2.212387,-0.055111,22.326688,-5.270672,-14.20656,50.0,3,0,0.0,0.0,3.847079,0.0,0.0,273,-3.847079,273,-4.351088,-9.984675,0
013403,华夏恒生科技ETF发起式联接(QDII)C,INDEX,2026-05-21,-5.761366,-6.212593,-13.175975,-3.900405,-0.081653,23.125938,-6.781678,-13.400447,55.0,0,2,0.0,0.0,6.212593,0.0,0.0,274,-6.212593,274,-3.599234,-10.963103,0
013403,华夏恒生科技ETF发起式联接(QDII)C,INDEX,2026-05-22,-1.418702,-4.161669,-10.615213,-1.777977,-0.074369,24.529507,-6.781678,-11.95269,50.0,2,0,0.0,0.0,4.161669,0.0,0.0,275,-4.161669,275,-6.557377,-11.976895,0
013403,华夏恒生科技ETF发起式联接(QDII)C,INDEX,2026-05-25,0.288872,-2.479238,-9.189128,-1.729124,-0.090775,23.792149,-6.781678,-11.661342,50.0,0,2,0.0,0.0,2.479238,0.0,0.0,276,-2.479238,276,-9.430182,-14.747141,0
013403,华夏恒生科技ETF发起式联接(QDII)C,INDEX,2026-05-26,1.592476,0.833852,-7.553628,-0.330305,-0.112446,23.473628,-6.781678,-9.492635,45.0,2,0,0.0,0.833852,0.0,0.0,0.0,277,0.833852,277,-9.121205,-14.747141,0
013403,华夏恒生科技ETF发起式联接(QDII)C,INDEX,2026-05-27,0.437609,-0.778162,-5.693825,-1.140825,-0.135725,23.526246,-6.781678,-9.492635,50.0,0,2,0.0,0.0,0.778162,0.0,0.0,278,-0.778162,278,-9.660152,-14.747141,0
013403,华夏恒生科技ETF发起式联接(QDII)C,INDEX,2026-05-28,2.105935,-1.719902,-6.476502,-1.462057,-0.155179,23.462236,-6.781678,-8.67052,55.0,0,3,0.0,0.0,1.719902,0.0,0.0,279,-1.719902,279,-12.3625,-17.352352,0
013403,华夏恒生科技ETF发起式联接(QDII)C,INDEX,2026-05-29,-0.112627,0.301583,-4.027895,-1.698297,-0.210455,22.05072,-6.781678,-8.67052,55.0,0,4,0.0,0.301583,0.0,0.0,0.0,280,0.301583,280,-9.496367,-17.352352,0
013403,华夏恒生科技ETF发起式联接(QDII)C,INDEX,2026-06-01,1.527865,0.13587,-0.135501,-0.165631,-0.217357,21.885304,-6.781678,-8.67052,55.0,2,0,0.0,0.13587,0.0,0.0,0.0,281,0.13587,281,-9.399285,-17.352352,0
013403,华夏恒生科技ETF发起式联接(QDII)C,INDEX,2026-06-02,4.702543,5.641345,5.222029,4.174086,-0.170687,27.082215,-6.781678,-8.67052,50.0,3,0,0.0,5.641345,0.0,0.0,0.0,282,5.641345,282,-13.485795,-17.352352,0
016874,广发远见智选混合C,MIXED,2025-07-01,3.079566,4.909874,0.0,2.625848,0.162566,20.490381,-4.110662,-14.116297,45.0,0,2,0.0,4.909874,0.0,0.0,0.0,60,4.909874,60,6.475189,-1.78228,1
016874,广发远见智选混合C,MIXED,2025-07-02,-1.731213,2.07806,-2.282581,0.732854,0.155145,21.456693,-4.110662,-12.860655,50.0,0,3,0.0,2.07806,0.0,0.0,0.0,61,2.07806,61,5.767976,-2.396435,1
016874,广发远见智选混合C,MIXED,2025-07-03,-1.908055,0.23554,-0.892742,0.681506,0.172243,20.511331,-4.110662,-4.880259,55.0,0,4,0.0,0.23554,0.0,0.0,0.0,62,0.23554,62,4.660574,-3.456166,1
016874,广发远见智选混合C,MIXED,2025-07-04,-1.694483,2.429311,14.565702,1.295735,0.176685,19.915046,-4.110662,-4.880259,50.0,2,0,0.0,2.429311,0.0,0.0,0.0,63,2.429311,63,2.592017,-4.672447,1
016874,广发远见智选混合C,MIXED,2025-07-07,-2.251336,0.287094,13.683432,0.874199,0.198826,19.06424,-3.099037,-4.880259,55.0,0,2,0.0,0.287094,0.0,0.0,0.0,64,0.287094,64,3.513338,-4.672447,1
016874,广发远见智选混合C,MIXED,2025-07-08,0.423131,3.666446,10.840645,2.617184,0.22533,19.402194,-3.099037,-4.880259,50.0,2,0,0.0,3.666446,0.0,0.0,0.0,65,3.666446,65,2.157814,-4.672447,1
016874,广发远见智选混合C,MIXED,2025-07-09,1.278873,2.347356,7.821617,1.568481,0.238961,19.768297,-2.9967,-4.880259,55.0,0,2,0.0,2.347356,0.0,0.0,0.0,66,2.347356,66,4.367994,-4.672447,1
016874,广发远见智选混合C,MIXED,2025-07-10,1.240209,2.376238,5.252443,1.370561,0.246287,19.764221,-2.906977,-4.880259,55.0,0,3,0.0,2.376238,0.0,0.0,0.0,67,2.376238,67,4.88717,-4.672447,1
016874,广发远见智选混合C,MIXED,2025-07-11,1.153447,4.372827,5.061246,1.806561,0.239162,19.119548,-2.906977,-4.880259,50.0,2,0,0.0,4.372827,0.0,0.0,0.0,68,4.372827,68,3.408072,-4.672447,1
016874,广发远见智选混合C,MIXED,2025-07-14,1.223162,2.788055,5.578176,1.327984,0.239509,18.848423,-2.569321,-4.880259,55.0,0,2,0.0,2.788055,0.0,0.0,0.0,69,2.788055,69,4.884947,-4.672447,1
016874,广发远见智选混合C,MIXED,2025-07-15,0.089377,4.32526,8.588447,1.893856,0.235612,18.688428,-2.569321,-4.880259,50.0,2,0,0.0,4.32526,0.0,0.0,0.0,70,4.32526,70,5.791555,-4.672447,1
016874,广发远见智选混合C,MIXED,2025-07-16,1.249839,4.731441,8.791361,1.905707,0.226616,18.638638,-2.569321,-4.880259,45.0,3,0,0.0,4.731441,0.0,0.0,0.0,71,4.731441,71,7.520998,-4.672447,1
016874,广发远见智选混合C,MIXED,2025-07-17,2.088975,7.407407,9.486931,2.308632,0.194452,17.140717,-2.569321,-4.880259,40.0,4,0,0.0,7.407407,0.0,0.0,0.0,72,7.407407,72,7.351269,-4.672447,1
016874,广发远见智选混合C,MIXED,2025-07-18,2.024343,8.369624,8.561691,2.495785,0.155658,16.966199,-2.569321,-4.880259,35.0,5,0,0.0,8.369624,0.0,0.0,0.0,73,8.369624,73,8.928796,-4.672447,1
016874,广发远见智选混合C,MIXED,2025-07-21,2.866692,7.179212,9.827066,2.643697,0.136413,16.373317,-2.569321,-4.880259,35.0,6,0,0.0,7.179212,0.0,0.0,0.0,74,7.179212,74,11.459635,-4.672447,1
016874,广发远见智选混合C,MIXED,2025-07-22,1.709402,5.379329,7.438351,2.005437,0.121984,16.124999,-2.569321,-4.880259,40.0,0,2,0.0,5.379329,0.0,0.0,0.0,75,5.379329,75,10.698608,-4.672447,1
016874,广发远见智选混合C,MIXED,2025-07-23,1.896157,2.680174,9.415141,2.303653,0.152956,12.321101,-2.569321,-4.880259,40.0,2,0,0.0,2.680174,0.0,0.0,0.0,76,2.680174,76,11.464968,-4.672447,1
016874,广发远见智选混合C,MIXED,2025-07-24,2.298851,3.713664,10.325569,3.287762,0.198719,12.836165,-2.569321,-4.880259,40.0,3,0,0.0,3.713664,0.0,0.0,0.0,77,3.713664,77,9.186319,-4.672447,1
016874,广发远见智选混合C,MIXED,2025-07-25,1.921386,3.401707,10.602344,3.328644,0.249929,12.77886,-2.569321,-4.880259,40.0,4,0,0.0,3.401707,0.0,0.0,0.0,78,3.401707,78,14.662395,-4.672447,1
016874,广发远见智选混合C,MIXED,2025-07-28,2.661835,4.489952,11.404936,4.354564,0.316274,13.310379,-1.78228,-4.880259,40.0,5,0,0.0,4.489952,0.0,0.0,0.0,79,4.489952,79,16.433354,-4.672447,1
016874,广发远见智选混合C,MIXED,2025-07-29,4.151511,6.475189,10.322838,5.147864,0.378737,13.065352,-0.983146,-4.880259,35.0,6,0,0.0,6.475189,0.0,0.0,0.0,80,6.475189,80,13.824663,-4.672447,1
016874,广发远见智选混合C,MIXED,2025-07-30,1.223929,5.767976,5.396619,2.341673,0.368376,14.551746,-2.396435,-4.880259,35.0,0,2,0.0,5.767976,0.0,0.0,0.0,81,5.767976,81,15.805059,-2.331894,1
016874,广发远见智选混合C,MIXED,2025-07-31,-1.012471,4.660574,4.537749,1.002847,0.333455,15.314969,-3.456166,-4.880259,35.0,0,3,0.0,4.660574,0.0,0.0,0.0,82,4.660574,82,20.369215,-1.871406,1
016874,广发远见智选混合C,MIXED,2025-08-01,-2.464268,2.592017,3.599005,-0.395098,0.285202,16.067297,-4.672447,-4.880259,40.0,0,4,0.0,2.592017,0.0,0.0,0.0,83,2.592017,83,20.250126,-1.871406,1
016874,广发远见智选混合C,MIXED,2025-08-04,-3.164942,3.513338,6.279225,-0.074112,0.234039,15.986009,-4.672447,-4.880259,35.0,2,0,0.0,3.513338,0.0,0.0,0.0,84,3.513338,84,21.986172,-1.871406,1
016874,广发远见智选混合C,MIXED,2025-08-05,-3.648844,2.157814,3.572816,0.397147,0.21544,14.7162,-4.672447,-4.672447,35.0,3,0,0.0,2.157814,0.0,0.0,0.0,85,2.157814,85,16.272966,-4.132317,1
016874,广发远见智选混合C,MIXED,2025-08-06,-0.06169,4.367994,6.944811,1.423688,0.197161,14.71794,-4.672447,-4.672447,30.0,4,0,0.0,4.367994,0.0,0.0,0.0,86,4.367994,86,12.777778,-5.863561,1
016874,广发远见智选混合C,MIXED,2025-08-07,1.459399,4.88717,7.096774,1.60832,0.177431,14.691351,-4.672447,-4.672447,25.0,5,0,0.0,4.88717,0.0,0.0,0.0,87,4.88717,87,6.491271,-10.73784,0
016874,广发远见智选混合C,MIXED,2025-08-08,1.95806,3.408072,8.510352,0.654108,0.149419,15.03628,-4.672447,-4.672447,30.0,0,2,0.0,3.408072,0.0,0.0,0.0,88,3.408072,88,10.370462,-10.73784,0
016874,广发远见智选混合C,MIXED,2025-08-11,2.564425,4.884947,9.722969,1.511033,0.12697,15.249506,-4.672447,-4.672447,25.0,2,0,0.0,4.884947,0.0,0.0,0.0,89,4.884947,89,9.498713,-10.73784,0
016874,广发远见智选混合C,MIXED,2025-08-12,3.649544,5.791555,11.765499,2.887628,0.132993,15.94712,-4.672447,-4.672447,25.0,3,0,0.0,5.791555,0.0,0.0,0.0,90,5.791555,90,6.99385,-10.73784,0
016874,广发远见智选混合C,MIXED,2025-08-13,4.308642,7.520998,13.136047,4.440159,0.161681,16.918028,-4.672447,-4.672447,25.0,4,0,0.0,7.520998,0.0,0.0,0.0,91,7.520998,91,6.308439,-10.73784,0
016874,广发远见智选混合C,MIXED,2025-08-14,4.487337,7.351269,13.199254,4.681669,0.199497,16.879753,-4.672447,-4.672447,25.0,5,0,0.0,7.351269,0.0,0.0,0.0,92,7.351269,92,9.001059,-10.73784,0
016874,广发远见智选混合C,MIXED,2025-08-15,7.471193,8.928796,16.633051,6.371368,0.265688,17.918995,-4.672447,-4.672447,25.0,6,0,0.0,8.928796,0.0,0.0,0.0,93,8.928796,93,7.943279,-10.73784,0
016874,广发远见智选混合C,MIXED,2025-08-18,9.314867,11.459635,20.543317,8.764314,0.368041,19.829051,-4.672447,-4.672447,25.0,7,0,0.0,11.459635,0.0,0.0,0.0,94,11.459635,94,3.486938,-10.73784,0
016874,广发远见智选混合C,MIXED,2025-08-19,6.427107,10.698608,19.109312,7.073317,0.431036,20.38412,-4.672447,-4.672447,25.0,0,2,0.0,10.698608,0.0,0.0,0.0,95,10.698608,95,5.109903,-10.73784,0
016874,广发远见智选混合C,MIXED,2025-08-20,5.633803,11.464968,20.185834,7.674768,0.501253,20.492113,-4.672447,-4.672447,25.0,2,0,0.0,11.464968,0.0,0.0,0.0,96,11.464968,96,5.781513,-10.73784,0
016874,广发远见智选混合C,MIXED,2025-08-21,4.047535,9.186319,19.274346,6.208827,0.558091,21.001411,-4.672447,-4.672447,30.0,0,2,0.0,9.186319,0.0,0.0,0.0,97,9.186319,97,6.62671,-10.73784,0
016874,广发远见智选混合C,MIXED,2025-08-22,7.286142,14.662395,23.19301,10.97662,0.681525,26.972068,-4.672447,-4.672447,30.0,2,0,0.0,14.662395,0.0,0.0,0.0,98,14.662395,98,-0.214915,-10.73784,0
016874,广发远见智选混合C,MIXED,2025-08-25,7.242964,16.433354,29.361645,13.154424,0.843554,27.925686,-4.672447,-4.672447,30.0,3,0,0.0,16.433354,0.0,0.0,0.0,99,16.433354,99,0.627287,-10.73784,0
016874,广发远见智选混合C,MIXED,2025-08-26,7.092681,13.824663,27.145547,11.063457,0.977896,28.742567,-2.331894,-4.672447,35.0,0,2,0.0,13.824663,0.0,0.0,0.0,100,13.824663,100,-0.169276,-10.73784,0
016874,广发远见智选混合C,MIXED,2025-08-27,5.165266,15.805059,25.029972,9.464109,1.041802,26.917808,-1.871406,-4.672447,35.0,0,3,0.0,15.805059,0.0,0.0,0.0,101,15.805059,101,2.620925,-10.73784,0
016874,广发远见智选混合C,MIXED,2025-08-28,9.125862,20.369215,26.275844,11.481432,1.107779,26.94888,-1.871406,-4.672447,30.0,2,0,0.0,20.369215,0.0,0.0,0.0,102,20.369215,102,0.891192,-10.73784,0
016874,广发远见智选混合C,MIXED,2025-08-29,2.288846,20.250126,26.363998,8.95917,1.104939,27.056888,-1.871406,-4.672447,30.0,0,2,0.0,20.250126,0.0,0.0,0.0,103,20.250126,103,-0.829919,-10.73784,0
016874,广发远见智选混合C,MIXED,2025-09-01,1.453215,21.986172,26.634477,9.975917,1.110852,27.228408,-1.871406,-4.672447,30.0,2,0,0.0,21.986172,0.0,0.0,0.0,104,21.986172,104,-0.319456,-10.73784,0
016874,广发远见智选混合C,MIXED,2025-09-02,-1.576386,16.272966,23.136995,4.659208,1.033592,32.790589,-4.132317,-4.672447,35.0,0,2,0.0,16.272966,0.0,0.0,0.0,105,16.272966,105,5.901322,-6.89025,1
016874,广发远见智选混合C,MIXED,2025-09-03,-2.674196,12.777778,20.466834,2.174351,0.927626,33.981495,-5.863561,-5.863561,40.0,0,3,0.0,12.777778,0.0,0.0,0.0,106,12.777778,106,10.6185,-5.177887,1
016874,广发远见智选混合C,MIXED,2025-09-04,-10.238342,6.491271,14.349835,-3.401361,0.738481,39.748952,-10.73784,-10.73784,45.0,0,4,0.0,6.491271,0.0,0.0,0.0,107,6.491271,107,10.147772,-5.581395,1
016874,广发远见智选混合C,MIXED,2025-09-05,-6.418741,10.370462,19.12276,-1.119455,0.568656,40.4632,-10.73784,-10.73784,40.0,2,0,0.0,10.370462,0.0,0.0,0.0,108,10.370462,108,8.722497,-5.581395,1
016874,广发远见智选混合C,MIXED,2025-09-08,-7.934872,9.498713,18.049683,-1.255582,0.406089,40.414623,-10.73784,-10.73784,40.0,3,0,0.0,9.498713,0.0,0.0,0.0,109,9.498713,109,1.57824,-10.192974,0
016874,广发远见智选混合C,MIXED,2025-09-09,-4.622165,6.99385,18.086239,-2.243131,0.246043,40.374714,-10.73784,-10.73784,45.0,0,2,0.0,6.99385,0.0,0.0,0.0,110,6.99385,110,4.237575,-10.192974,0
016874,广发远见智选混合C,MIXED,2025-09-10,-1.674877,6.308439,19.712115,-1.331942,0.121621,40.11624,-10.73784,-10.73784,45.0,2,0,0.0,6.308439,0.0,0.0,0.0,111,6.308439,111,5.11022,-10.192974,0
016874,广发远见智选混合C,MIXED,2025-09-11,6.949896,9.001059,25.681726,1.340043,0.041865,41.332084,-10.73784,-10.73784,45.0,3,0,0.0,9.001059,0.0,0.0,0.0,112,9.001059,112,-3.961572,-11.954478,0
016874,广发远见智选混合C,MIXED,2025-09-12,5.107768,7.943279,27.422428,2.038481,-0.004253,40.973148,-10.73784,-10.73784,45.0,4,0,0.0,7.943279,0.0,0.0,0.0,113,7.943279,113,-4.079889,-11.954478,0
016874,广发远见智选混合C,MIXED,2025-09-15,3.313186,3.486938,23.62711,0.418865,-0.039985,40.428771,-10.73784,-10.73784,50.0,0,2,0.0,3.486938,0.0,0.0,0.0,114,3.486938,114,0.725894,-11.954478,0
016874,广发远见智选混合C,MIXED,2025-09-16,4.553139,5.109903,22.614327,0.683196,-0.089264,40.169341,-10.73784,-10.73784,45.0,2,0,0.0,5.109903,0.0,0.0,0.0,115,5.109903,115,0.528188,-11.954478,0
016874,广发远见智选混合C,MIXED,2025-09-17,5.11022,5.781513,21.069505,2.176983,-0.10332,40.413646,-10.73784,-10.73784,45.0,3,0,0.0,5.781513,0.0,0.0,0.0,116,5.781513,116,-3.050524,-11.954478,0
016874,广发远见智选混合C,MIXED,2025-09-18,1.781088,6.62671,20.745294,1.724538,-0.141443,40.190893,-10.73784,-10.73784,45.0,0,2,0.0,6.62671,0.0,0.0,0.0,117,6.62671,117,5.005833,-11.954478,0
016874,广发远见智选混合C,MIXED,2025-09-19,-0.822386,-0.214915,18.308065,0.192595,-0.132583,36.263098,-10.73784,-10.73784,50.0,0,3,0.0,0.0,0.214915,0.0,0.0,118,-0.214915,118,10.682748,-11.954478,0
016874,广发远见智选混合C,MIXED,2025-09-22,4.279523,0.627287,22.42432,3.816679,-0.026998,37.258719,-10.73784,-10.73784,50.0,2,0,0.0,0.627287,0.0,0.0,0.0,119,0.627287,119,3.272727,-11.954478,0
016874,广发远见智选混合C,MIXED,2025-09-23,1.713916,-0.169276,20.98987,1.78688,0.029206,37.70453,-10.73784,-10.73784,50.0,0,2,0.0,0.0,0.169276,0.0,0.0,120,-0.169276,120,6.15727,-11.954478,0
016874,广发远见智选混合C,MIXED,2025-09-24,2.023091,2.620925,25.694898,3.763473,0.104496,38.287326,-10.73784,-10.73784,45.0,2,0,0.0,2.620925,0.0,0.0,0.0,121,2.620925,121,2.803156,-11.954478,0
016874,广发远见智选混合C,MIXED,2025-09-25,3.255913,0.891192,27.101828,4.83528,0.236641,37.171108,-10.73784,-10.73784,45.0,3,0,0.0,0.891192,0.0,0.0,0.0,122,0.891192,122,-2.013147,-11.954478,0
016874,广发远见智选混合C,MIXED,2025-09-26,1.658411,-0.829919,22.343183,1.691264,0.299764,38.485295,-10.73784,-10.73784,45.0,0,2,0.0,0.0,0.829919,0.0,0.0,123,-0.829919,123,3.824153,-11.954478,0
016874,广发远见智选混合C,MIXED,2025-09-29,0.498701,-0.319456,25.868575,4.21863,0.431461,38.882226,-6.89025,-10.73784,45.0,2,0,0.0,0.0,0.319456,0.0,0.0,124,-0.319456,124,-1.106172,-11.954478,0
016874,广发远见智选混合C,MIXED,2025-09-30,4.408648,5.901322,25.791624,5.834202,0.521403,36.124888,-5.177887,-10.73784,40.0,3,0,0.0,5.901322,0.0,0.0,0.0,125,5.901322,125,-3.278522,-11.954478,0
016874,广发远见智选混合C,MIXED,2025-10-09,4.910714,10.6185,30.202294,7.989399,0.610895,36.060371,-3.040263,-10.73784,35.0,4,0,0.0,10.6185,0.0,0.0,0.0,126,10.6185,126,-2.018803,-11.954478,0
016874,广发远见智选混合C,MIXED,2025-10-10,-2.002876,10.147772,23.030303,1.485425,0.519146,36.925637,-5.581395,-10.73784,35.0,0,2,0.0,10.147772,0.0,0.0,0.0,127,10.147772,127,5.334871,-8.136293,0
016874,广发远见智选混合C,MIXED,2025-10-13,2.595339,8.722497,24.087124,2.593165,0.477418,36.105151,-5.581395,-10.73784,35.0,2,0,0.0,8.722497,0.0,0.0,0.0,128,8.722497,128,6.442953,-8.136293,0
016874,广发远见智选混合C,MIXED,2025-10-14,-6.182157,1.57824,16.660239,-3.9403,0.337235,43.328839,-10.192974,-10.73784,40.0,0,2,0.0,1.57824,0.0,0.0,0.0,129,1.57824,129,11.493113,-7.28741,1
016874,广发远见智选混合C,MIXED,2025-10-15,-6.120585,4.237575,17.986988,-2.292931,0.21086,43.67602,-10.192974,-10.73784,35.0,2,0,0.0,4.237575,0.0,0.0,0.0,130,4.237575,130,10.876852,-7.28741,1
016874,广发远见智选混合C,MIXED,2025-10-16,-6.571004,5.11022,20.145075,-0.505849,0.126034,44.031425,-10.192974,-10.73784,35.0,3,0,0.0,5.11022,0.0,0.0,0.0,131,5.11022,131,10.253151,-7.28741,1
016874,广发远见智选混合C,MIXED,2025-10-17,-6.749817,-3.961572,12.378426,-6.057134,-0.000532,47.576697,-11.954478,-11.954478,40.0,0,2,0.0,0.0,3.961572,0.0,0.0,132,-3.961572,132,11.38586,-7.28741,1
016874,广发远见智选混合C,MIXED,2025-10-20,-7.268973,-4.079889,12.784127,-4.978548,-0.092526,47.53614,-11.954478,-11.954478,40.0,2,0,0.0,0.0,4.079889,0.0,0.0,133,-4.079889,133,10.811714,-7.28741,1
016874,广发远见智选混合C,MIXED,2025-10-21,2.446281,0.725894,16.183454,-1.670034,-0.152843,49.015405,-11.954478,-11.954478,35.0,3,0,0.0,0.725894,0.0,0.0,0.0,134,0.725894,134,5.819081,-7.28741,1
016874,广发远见智选混合C,MIXED,2025-10-22,0.832522,0.528188,16.969773,-1.388867,-0.201975,48.997618,-11.954478,-11.954478,35.0,4,0,0.0,0.528188,0.0,0.0,0.0,135,0.528188,135,3.420545,-7.339802,1
016874,广发远见智选混合C,MIXED,2025-10-23,-3.050524,-3.050524,14.312477,-3.070545,-0.251061,49.022641,-11.954478,-11.954478,40.0,0,2,0.0,0.0,3.050524,0.0,0.0,136,-3.050524,136,2.021195,-10.289173,0
016874,广发远见智选混合C,MIXED,2025-10-24,11.284703,5.005833,22.24966,4.589317,-0.183638,57.157878,-11.954478,-11.954478,35.0,2,0,0.0,5.005833,0.0,0.0,0.0,137,5.005833,137,-12.594687,-16.860409,0
016874,广发远见智选混合C,MIXED,2025-10-27,14.441599,10.682748,26.638738,8.005864,-0.090823,58.023727,-11.954478,-11.954478,30.0,3,0,0.0,10.682748,0.0,0.0,0.0,138,10.682748,138,-15.333723,-16.860409,0
016874,广发远见智选混合C,MIXED,2025-10-28,6.91621,3.272727,20.998174,4.281413,-0.009119,58.368495,-11.954478,-11.954478,35.0,0,2,0.0,3.272727,0.0,0.0,0.0,139,3.272727,139,-11.539235,-16.860409,0
016874,广发远见智选混合C,MIXED,2025-10-29,7.409393,6.15727,20.628613,4.769923,0.047554,57.812997,-11.954478,-11.954478,30.0,2,0,0.0,6.15727,0.0,0.0,0.0,140,6.15727,140,-12.019567,-16.860409,0
016874,广发远见智选混合C,MIXED,2025-10-30,8.183109,2.803156,22.171499,3.421084,0.110091,57.677654,-11.954478,-11.954478,35.0,0,2,0.0,2.803156,0.0,0.0,0.0,141,2.803156,141,-11.462331,-16.860409,0
016874,广发远见智选混合C,MIXED,2025-10-31,-3.646096,-2.013147,18.997131,-0.25772,0.131727,59.151642,-11.954478,-11.954478,40.0,0,3,0.0,0.0,2.013147,0.0,0.0,142,-2.013147,142,-4.360587,-16.860409,0
016874,广发远见智选混合C,MIXED,2025-11-03,-4.640981,3.824153,23.812532,2.278064,0.146175,58.812578,-11.954478,-11.954478,35.0,2,0,0.0,3.824153,0.0,0.0,0.0,143,3.824153,143,-8.152229,-16.860409,0
016874,广发远见智选混合C,MIXED,2025-11-04,-3.762575,-1.106172,20.251414,-0.118509,0.158653,58.918204,-11.954478,-11.954478,40.0,0,2,0.0,0.0,1.106172,0.0,0.0,144,-1.106172,144,-7.077148,-16.860409,0
016874,广发远见智选混合C,MIXED,2025-11-05,-4.871718,-3.278522,19.097613,-0.336778,0.197053,58.525136,-11.954478,-11.954478,45.0,0,3,0.0,0.0,3.278522,0.0,0.0,145,-3.278522,145,-6.590408,-16.860409,0
016874,广发远见智选混合C,MIXED,2025-11-06,-0.010099,-2.018803,22.234568,3.664538,0.337988,59.517116,-8.136293,-11.954478,45.0,2,0,0.0,0.0,2.018803,0.0,0.0,146,-2.018803,146,-9.72629,-16.860409,0
016874,广发远见智选混合C,MIXED,2025-11-07,5.345912,5.334871,23.555446,4.944943,0.409879,55.968317,-8.136293,-11.954478,40.0,3,0,0.0,5.334871,0.0,0.0,0.0,147,5.334871,147,-10.965174,-16.860409,0
016874,广发远见智选混合C,MIXED,2025-11-10,5.183145,6.442953,27.728906,7.299912,0.535311,56.39619,-7.28741,-11.954478,40.0,4,0,0.0,6.442953,0.0,0.0,0.0,148,6.442953,148,-8.992143,-16.860409,0
016874,广发远见智选混合C,MIXED,2025-11-11,5.770437,11.493113,24.010295,4.743369,0.520831,51.408824,-7.28741,-11.954478,40.0,0,2,0.0,11.493113,0.0,0.0,0.0,149,11.493113,149,-8.420636,-16.860409,0
016874,广发远见智选混合C,MIXED,2025-11-12,7.618848,10.876852,23.658507,5.611683,0.538901,51.255278,-7.28741,-11.954478,40.0,2,0,0.0,10.876852,0.0,0.0,0.0,150,10.876852,150,-10.648464,-16.860409,0
016874,广发远见智选混合C,MIXED,2025-11-13,5.130795,10.253151,23.198012,6.665984,0.595001,51.071232,-7.28741,-11.954478,40.0,3,0,0.0,10.253151,0.0,0.0,0.0,151,10.253151,151,-11.393986,-16.860409,0
016874,广发远见智选混合C,MIXED,2025-11-14,-1.393035,11.38586,16.601953,1.028122,0.47532,49.581066,-7.28741,-11.954478,40.0,0,2,0.0,11.38586,0.0,0.0,0.0,152,11.38586,152,-3.46115,-13.042605,0
016874,广发远见智选混合C,MIXED,2025-11-17,-3.462994,10.811714,14.733687,0.956613,0.361032,49.565671,-7.28741,-11.954478,40.0,2,0,0.0,10.811714,0.0,0.0,0.0,153,10.811714,153,-7.04381,-13.042605,0
016874,广发远见智选混合C,MIXED,2025-11-18,-2.767345,5.819081,10.303846,-0.472951,0.267633,48.629868,-7.28741,-11.954478,45.0,0,2,0.0,5.819081,0.0,0.0,0.0,154,5.819081,154,-6.810327,-12.034966,0
016874,广发远见智选混合C,MIXED,2025-11-19,-5.948318,3.420545,9.279402,-2.582646,0.1435,49.304389,-7.339802,-11.954478,50.0,0,3,0.0,3.420545,0.0,0.0,0.0,155,3.420545,155,-2.011405,-10.274754,0
016874,广发远见智选混合C,MIXED,2025-11-20,-10.289173,2.021195,4.627451,-5.771472,-0.056881,50.259415,-10.289173,-11.954478,50.0,0,4,0.0,2.021195,0.0,0.0,0.0,156,2.021195,156,1.584922,-7.324909,0
016874,广发远见智选混合C,MIXED,2025-11-21,-12.674067,-12.594687,-2.137284,-12.12072,-0.240874,47.466446,-16.860409,-16.860409,55.0,0,5,0.0,0.0,12.594687,0.0,0.0,157,-12.594687,157,6.967876,-4.170586,1
016874,广发远见智选混合C,MIXED,2025-11-24,-12.560289,-15.333723,-6.490436,-10.920482,-0.340781,44.762255,-16.860409,-16.860409,55.0,2,0,0.0,0.0,15.333723,0.0,0.0,158,-15.333723,158,10.882556,-4.170586,1
016874,广发远见智选混合C,MIXED,2025-11-25,-10.622078,-11.539235,-8.071093,-9.457393,-0.458501,44.194389,-16.860409,-16.860409,50.0,3,0,0.0,0.0,11.539235,0.0,0.0,159,-11.539235,159,12.41897,-4.170586,1
016874,广发远见智选混合C,MIXED,2025-11-26,-8.626231,-12.019567,-6.760474,-8.685403,-0.544361,44.015286,-16.860409,-16.860409,50.0,4,0,0.0,0.0,12.019567,0.0,0.0,160,-12.019567,160,15.238852,-4.170586,1
016874,广发远见智选混合C,MIXED,2025-11-27,-6.1148,-11.462331,-6.594929,-8.624733,-0.637975,43.968172,-16.860409,-16.860409,50.0,0,2,0.0,0.0,11.462331,0.0,0.0,161,-11.462331,161,16.516482,-4.170586,1
016874,广发远见智选混合C,MIXED,2025-11-28,5.431015,-4.360587,-5.450777,-4.697243,-0.718557,45.310664,-16.860409,-16.860409,45.0,2,0,0.0,0.0,4.360587,0.0,0.0,162,-4.360587,162,12.439719,-4.170586,1
016874,广发远见智选混合C,MIXED,2025-12-01,3.447483,-8.152229,-5.431243,-5.577553,-0.769589,44.121261,-16.860409,-16.860409,50.0,0,2,0.0,0.0,8.152229,0.0,0.0,163,-8.152229,163,11.586314,-4.170586,1
016874,广发远见智选混合C,MIXED,2025-12-02,1.091778,-7.077148,-8.398599,-6.430594,-0.863927,43.614181,-16.860409,-16.860409,50.0,0,3,0.0,0.0,7.077148,0.0,0.0,164,-7.077148,164,11.17111,-4.170586,1
016874,广发远见智选混合C,MIXED,2025-12-03,0.998525,-6.590408,-4.321187,-5.993558,-0.952299,43.644469,-16.860409,-16.860409,45.0,2,0,0.0,0.0,6.590408,0.0,0.0,165,-6.590408,165,9.67307,-4.844527,1
016874,广发远见智选混合C,MIXED,2025-12-04,1.950496,-9.72629,-2.156541,-5.120298,-0.965124,40.851186,-16.860409,-16.860409,45.0,3,0,0.0,0.0,9.72629,0.0,0.0,166,-9.72629,166,18.12486,-4.844527,1
016874,广发远见智选混合C,MIXED,2025-12-05,-1.928979,-10.965174,3.301778,-4.4553,-0.936697,40.249111,-16.860409,-16.860409,45.0,4,0,0.0,0.0,10.965174,0.0,0.0,167,-10.965174,167,24.105945,-4.844527,1
016874,广发远见智选混合C,MIXED,2025-12-08,4.221284,-8.992143,5.32106,0.677119,-0.778884,43.28424,-16.860409,-16.860409,45.0,5,0,0.0,0.0,8.992143,0.0,0.0,168,-8.992143,168,24.078022,-4.844527,1
016874,广发远见智选混合C,MIXED,2025-12-09,4.241197,-8.420636,3.716141,-0.111036,-0.654591,43.071099,-16.860409,-16.860409,45.0,0,2,0.0,0.0,8.420636,0.0,0.0,169,-8.420636,169,25.307576,-4.844527,1
016874,广发远见智选混合C,MIXED,2025-12-10,2.943489,-10.648464,3.268342,-0.636542,-0.508444,42.623674,-16.860409,-16.860409,50.0,0,3,0.0,0.0,10.648464,0.0,0.0,170,-10.648464,170,29.258976,-4.844527,1
016874,广发远见智选混合C,MIXED,2025-12-11,3.188633,-11.393986,2.683144,0.661399,-0.306926,42.192977,-13.042605,-16.860409,50.0,2,0,0.0,0.0,11.393986,0.0,0.0,171,-11.393986,171,30.727529,-4.844527,1
016874,广发远见智选混合C,MIXED,2025-12-12,6.917747,-3.46115,3.270725,4.611684,-0.115225,41.718335,-13.042605,-16.860409,45.0,3,0,0.0,0.0,3.46115,0.0,0.0,172,-3.46115,172,24.459078,-4.844527,1
016874,广发远见智选混合C,MIXED,2025-12-15,-1.396291,-7.04381,-1.196198,1.54552,0.040738,43.12085,-12.034966,-16.860409,50.0,0,2,0.0,0.0,7.04381,0.0,0.0,173,-7.04381,173,32.547833,-4.844527,1
016874,广发远见智选混合C,MIXED,2025-12-16,-1.05763,-6.810327,-0.671723,1.005872,0.17659,43.067479,-10.274754,-16.860409,50.0,0,3,0.0,0.0,6.810327,0.0,0.0,174,-6.810327,174,34.315009,-4.844527,1
016874,广发远见智选混合C,MIXED,2025-12-17,3.143075,-2.011405,1.875606,4.235138,0.334718,44.222813,-7.324909,-16.860409,45.0,2,0,0.0,0.0,2.011405,0.0,0.0,175,-2.011405,175,36.017353,-4.844527,1
016874,广发远见智选混合C,MIXED,2025-12-18,2.851567,1.584922,0.476644,4.535837,0.447562,42.670716,-4.170586,-16.860409,40.0,3,0,0.0,1.584922,0.0,0.0,0.0,176,1.584922,176,34.7354,-4.844527,1
016874,广发远见智选混合C,MIXED,2025-12-19,-3.240305,6.967876,-1.82416,1.674438,0.401823,33.995604,-4.170586,-16.860409,40.0,0,2,0.0,6.967876,0.0,0.0,0.0,177,6.967876,177,39.818516,-4.844527,1
016874,广发远见智选混合C,MIXED,2025-12-22,4.302238,10.882556,3.90911,5.431659,0.41528,36.68028,-4.170586,-16.860409,40.0,2,0,0.0,10.882556,0.0,0.0,0.0,178,10.882556,178,36.200643,-4.844527,1
016874,广发远见智选混合C,MIXED,2025-12-23,7.820681,12.41897,2.701299,7.369793,0.46502,37.266855,-4.170586,-16.860409,40.0,3,0,0.0,12.41897,0.0,0.0,0.0,179,12.41897,179,31.674254,-4.844527,1
016874,广发远见智选混合C,MIXED,2025-12-24,7.459528,15.238852,7.630352,9.514592,0.540921,37.983586,-4.170586,-16.860409,40.0,4,0,0.0,15.238852,0.0,0.0,0.0,180,15.238852,180,29.824734,-4.844527,1
016874,广发远见智选混合C,MIXED,2025-12-25,7.685009,16.516482,6.052741,9.297511,0.595024,37.698815,-4.170586,-16.860409,35.0,5,0,0.0,16.516482,0.0,0.0,0.0,181,16.516482,181,25.854136,-4.844527,1
016874,广发远见智选混合C,MIXED,2025-12-26,10.824241,12.439719,5.371816,9.105798,0.692851,35.659627,-4.170586,-16.860409,35.0,6,0,0.0,12.439719,0.0,0.0,0.0,182,12.439719,182,32.430061,-4.844527,1
016874,广发远见智选混合C,MIXED,2025-12-29,4.104052,11.586314,6.408898,6.240646,0.719128,36.295809,-4.170586,-16.860409,35.0,0,2,0.0,11.586314,0.0,0.0,0.0,183,11.586314,183,38.188153,-2.817322,1
016874,广发远见智选混合C,MIXED,2025-12-30,-0.030349,11.17111,2.160653,3.970709,0.685541,36.563886,-4.170586,-16.860409,35.0,0,3,0.0,11.17111,0.0,0.0,0.0,184,11.17111,184,36.703097,-2.679922,1
016874,广发远见智选混合C,MIXED,2025-12-31,-3.87948,9.67307,-0.91352,2.245055,0.621142,37.079945,-4.844527,-16.860409,40.0,0,4,0.0,9.67307,0.0,0.0,0.0,185,9.67307,185,42.409342,-2.679922,1
016874,广发远见智选混合C,MIXED,2026-01-05,3.357807,18.12486,4.482929,9.651924,0.665847,45.983873,-4.844527,-16.860409,40.0,2,0,0.0,18.12486,0.0,0.0,0.0,186,18.12486,186,21.7276,-7.55287,1
016874,广发远见智选混合C,MIXED,2026-01-06,8.246418,24.105945,16.392412,14.055359,0.764706,48.328254,-4.844527,-16.860409,40.0,3,0,0.0,24.105945,0.0,0.0,0.0,187,24.105945,187,20.369203,-7.55287,1
016874,广发远见智选混合C,MIXED,2026-01-07,15.888502,24.078022,20.19618,18.189341,0.975338,48.304227,-4.844527,-16.860409,40.0,4,0,0.0,24.078022,0.0,0.0,0.0,188,24.078022,188,13.12602,-7.55287,1
016874,广发远见智选混合C,MIXED,2026-01-08,17.496458,25.307576,27.944904,16.497938,1.123923,47.791158,-4.844527,-16.860409,40.0,0,2,0.0,25.307576,0.0,0.0,0.0,189,25.307576,189,11.868056,-7.55287,1
016874,广发远见智选混合C,MIXED,2026-01-09,21.327597,29.258976,28.057087,17.258619,1.248884,47.087671,-4.844527,-16.860409,35.0,2,0,0.0,29.258976,0.0,0.0,0.0,190,29.258976,190,8.147585,-7.862178,1
016874,广发远见智选混合C,MIXED,2026-01-12,14.197765,30.727529,27.708929,17.715976,1.369143,47.044348,-4.844527,-16.860409,35.0,3,0,0.0,30.727529,0.0,0.0,0.0,191,30.727529,191,10.541594,-7.862178,1
016874,广发远见智选混合C,MIXED,2026-01-13,7.221972,24.459078,33.831629,14.938534,1.480273,47.075767,-4.844527,-16.860409,40.0,0,2,0.0,24.459078,0.0,0.0,0.0,192,24.459078,192,13.521458,-7.862178,1
016874,广发远见智选混合C,MIXED,2026-01-14,5.334593,32.547833,36.53268,16.669838,1.551147,44.417749,-4.844527,-16.860409,35.0,2,0,0.0,32.547833,0.0,0.0,0.0,193,32.547833,193,10.495841,-7.862178,1
016874,广发远见智选混合C,MIXED,2026-01-15,6.054603,34.315009,32.451328,15.436896,1.571227,43.731988,-4.844527,-16.860409,30.0,3,0,0.0,34.315009,0.0,0.0,0.0,194,34.315009,194,13.886633,-7.862178,1
016874,广发远见智选混合C,MIXED,2026-01-16,8.535968,36.017353,37.840446,18.615917,1.657722,44.589874,-4.844527,-16.860409,30.0,4,0,0.0,36.017353,0.0,0.0,0.0,195,36.017353,195,7.195644,-7.862178,1
016874,广发远见智选混合C,MIXED,2026-01-19,6.00481,34.7354,39.637277,16.167148,1.691295,45.056089,-4.844527,-16.860409,35.0,0,2,0.0,34.7354,0.0,0.0,0.0,196,34.7354,196,11.548392,-7.862178,1
016874,广发远见智选混合C,MIXED,2026-01-20,8.700764,39.818516,30.724169,15.701445,1.664936,42.599945,-4.844527,-16.860409,30.0,2,0,0.0,39.818516,0.0,0.0,0.0,197,39.818516,197,8.012053,-7.862178,1
016874,广发远见智选混合C,MIXED,2026-01-21,7.176643,36.200643,27.865343,15.674401,1.671538,41.554089,-4.844527,-16.860409,30.0,3,0,0.0,36.200643,0.0,0.0,0.0,198,36.200643,198,9.960432,-7.862178,1
016874,广发远见智选混合C,MIXED,2026-01-22,5.700828,31.674254,30.945674,13.008183,1.651697,42.371702,-4.844527,-16.860409,35.0,0,2,0.0,31.674254,0.0,0.0,0.0,199,31.674254,199,13.053165,-7.862178,1
016874,广发远见智选混合C,MIXED,2026-01-23,2.567095,29.824734,31.626235,12.989751,1.650112,42.0826,-4.844527,-16.860409,35.0,2,0,0.0,29.824734,0.0,0.0,0.0,200,29.824734,200,12.233599,-7.862178,1
016874,广发远见智选混合C,MIXED,2026-01-26,0.586809,25.854136,29.832357,8.937613,1.580749,44.188395,-4.844527,-16.860409,40.0,0,2,0.0,25.854136,0.0,0.0,0.0,201,25.854136,201,7.692906,-7.862178,1
016874,广发远见智选混合C,MIXED,2026-01-27,4.967936,32.430061,42.410901,13.523179,1.568345,46.835605,-2.817322,-16.860409,40.0,2,0,0.0,32.430061,0.0,0.0,0.0,202,32.430061,202,3.26807,-7.862178,1
016874,广发远见智选混合C,MIXED,2026-01-28,5.623193,38.188153,41.628405,14.158593,1.518748,44.967776,-2.49526,-16.860409,35.0,3,0,0.0,38.188153,0.0,0.0,0.0,203,38.188153,203,2.319718,-7.862178,1
016874,广发远见智选混合C,MIXED,2026-01-29,3.787646,36.703097,41.2189,9.466605,1.361276,46.135188,-2.679922,-16.860409,35.0,0,2,0.0,36.703097,0.0,0.0,0.0,204,36.703097,204,4.063957,-7.862178,1
016874,广发远见智选混合C,MIXED,2026-01-30,5.437998,42.409342,45.891489,10.792772,1.192072,45.09168,-2.679922,-16.860409,30.0,2,0,0.0,42.409342,0.0,0.0,0.0,205,42.409342,205,1.985326,-7.862178,0
016874,广发远见智选混合C,MIXED,2026-02-02,-0.031114,21.7276,29.80507,1.496946,0.967487,50.030494,-7.55287,-16.860409,35.0,0,2,0.0,21.7276,0.0,0.0,0.0,206,21.7276,206,14.705882,-6.440059,1
016874,广发远见智选混合C,MIXED,2026-02-03,-1.611953,20.369203,33.004975,4.629546,0.845218,48.901333,-7.55287,-16.860409,35.0,2,0,0.0,20.369203,0.0,0.0,0.0,207,20.369203,207,10.406224,-6.440059,1
016874,广发远见智选混合C,MIXED,2026-02-04,-5.129313,13.12602,27.742749,2.466941,0.74454,47.418455,-7.55287,-16.860409,40.0,0,2,0.0,13.12602,0.0,0.0,0.0,208,13.12602,208,13.144506,-6.440059,1
016874,广发远见智选混合C,MIXED,2026-02-05,-3.849286,11.868056,28.375173,0.527442,0.604077,47.864929,-7.55287,-16.860409,40.0,0,3,0.0,11.868056,0.0,0.0,0.0,209,11.868056,209,13.665409,-6.440059,1
016874,广发远见智选混合C,MIXED,2026-02-06,-7.862178,8.147585,24.904924,-1.234473,0.458406,48.06255,-7.862178,-16.860409,45.0,0,4,0.0,8.147585,0.0,0.0,0.0,210,8.147585,210,18.190335,-6.440059,1
016874,广发远见智选混合C,MIXED,2026-02-09,3.703704,10.541594,28.04304,2.266231,0.385008,49.552109,-7.862178,-13.042605,45.0,2,0,0.0,10.541594,0.0,0.0,0.0,211,10.541594,211,9.42377,-6.440059,1
016874,广发远见智选混合C,MIXED,2026-02-10,1.122167,13.521458,36.397578,3.079733,0.299871,49.174046,-7.862178,-13.042605,40.0,3,0,0.0,13.521458,0.0,0.0,0.0,212,13.521458,212,13.190797,-6.440059,1
016874,广发远见智选混合C,MIXED,2026-02-11,2.885565,10.495841,36.143489,2.819199,0.243671,48.431387,-7.862178,-12.034966,40.0,4,0,0.0,10.495841,0.0,0.0,0.0,213,10.495841,213,10.524762,-6.440059,1
016874,广发远见智选混合C,MIXED,2026-02-12,7.968281,13.886633,42.549299,5.737767,0.230479,49.55187,-7.862178,-10.274754,40.0,5,0,0.0,13.886633,0.0,0.0,0.0,214,13.886633,214,3.772105,-6.440059,1
016874,广发远见智选混合C,MIXED,2026-02-13,7.580607,7.195644,42.871954,3.537014,0.236768,48.252487,-7.862178,-7.862178,45.0,0,2,0.0,7.195644,0.0,0.0,0.0,215,7.195644,215,1.502177,-8.581699,0
016874,广发远见智选混合C,MIXED,2026-02-24,6.970288,11.548392,52.677233,6.530275,0.274306,49.295144,-7.862178,-7.862178,40.0,2,0,0.0,11.548392,0.0,0.0,0.0,216,11.548392,216,2.10423,-8.581699,0
016874,广发远见智选混合C,MIXED,2026-02-25,3.425316,8.012053,61.543795,4.057343,0.285006,50.025313,-7.862178,-7.862178,45.0,0,2,0.0,8.012053,0.0,0.0,0.0,217,8.012053,217,9.778255,-8.581699,0
016874,广发远见智选混合C,MIXED,2026-02-26,6.657318,9.960432,66.065272,7.041669,0.356889,50.97484,-7.862178,-7.862178,45.0,2,0,0.0,9.960432,0.0,0.0,0.0,218,9.960432,218,3.833645,-8.581699,0
016874,广发远见智选混合C,MIXED,2026-02-27,4.927268,13.053165,67.349028,8.315606,0.426091,50.85817,-7.862178,-7.862178,40.0,3,0,0.0,13.053165,0.0,0.0,0.0,219,13.053165,219,2.915392,-8.581699,0
016874,广发远见智选混合C,MIXED,2026-03-02,7.387518,12.233599,67.911041,8.283727,0.504096,50.80354,-7.862178,-7.862178,40.0,4,0,0.0,12.233599,0.0,0.0,0.0,220,12.233599,220,6.041357,-8.581699,0
016874,广发远见智选混合C,MIXED,2026-03-03,-2.889809,7.692906,57.921752,0.944923,0.427685,55.712386,-7.862178,-7.862178,40.0,0,2,0.0,7.692906,0.0,0.0,0.0,221,7.692906,221,11.30372,-8.581699,0
016874,广发远见智选混合C,MIXED,2026-03-04,0.357654,3.26807,53.770276,2.128465,0.444836,52.316276,-7.862178,-7.862178,40.0,2,0,0.0,3.26807,0.0,0.0,0.0,222,3.26807,222,12.002851,-8.581699,0
016874,广发远见智选混合C,MIXED,2026-03-05,-1.716144,2.319718,57.77605,3.266757,0.509118,51.955309,-7.862178,-7.862178,40.0,3,0,0.0,2.319718,0.0,0.0,0.0,223,2.319718,223,9.012181,-8.581699,0
016874,广发远见智选混合C,MIXED,2026-03-06,-4.464832,4.063957,58.150523,2.008903,0.511612,51.076113,-7.862178,-7.862178,40.0,0,2,0.0,4.063957,0.0,0.0,0.0,224,4.063957,224,11.182245,-8.581699,0
016874,广发远见智选混合C,MIXED,2026-03-09,-4.189755,1.985326,59.285474,2.776741,0.566029,50.169547,-6.440059,-7.862178,40.0,2,0,0.0,1.985326,0.0,0.0,0.0,225,1.985326,225,11.073494,-8.581699,0
016874,广发远见智选混合C,MIXED,2026-03-10,6.478873,14.705882,64.936227,6.138112,0.552391,42.862795,-6.440059,-7.862178,35.0,3,0,0.0,14.705882,0.0,0.0,0.0,226,14.705882,226,12.115045,-8.581699,0
016874,广发远见智选混合C,MIXED,2026-03-11,5.188881,10.406224,64.930711,5.723906,0.579431,41.098878,-6.440059,-7.862178,35.0,4,0,0.0,10.406224,0.0,0.0,0.0,227,10.406224,227,15.266296,-8.581699,0
016874,广发远见智选混合C,MIXED,2026-03-12,4.907414,13.144506,58.814752,6.083421,0.58276,40.423942,-6.440059,-7.862178,30.0,5,0,0.0,13.144506,0.0,0.0,0.0,228,13.144506,228,12.66443,-8.581699,0
016874,广发远见智选混合C,MIXED,2026-03-13,5.022052,13.665409,59.335204,4.45512,0.533688,40.154624,-6.440059,-7.862178,30.0,0,2,0.0,13.665409,0.0,0.0,0.0,229,13.665409,229,13.681929,-8.581699,0
016874,广发远见智选混合C,MIXED,2026-03-16,6.778107,18.190335,65.218815,6.232633,0.483202,39.901984,-6.440059,-7.862178,25.0,2,0,0.0,18.190335,0.0,0.0,0.0,230,18.190335,230,14.228152,-8.581699,0
016874,广发远见智选混合C,MIXED,2026-03-17,-1.071768,9.42377,58.126423,1.889112,0.412542,41.123891,-6.440059,-7.862178,30.0,0,2,0.0,9.42377,0.0,0.0,0.0,231,9.42377,231,19.192265,-8.581699,0
016874,广发远见智选混合C,MIXED,2026-03-18,3.672584,13.190797,59.924741,6.229713,0.420497,43.946761,-6.440059,-7.862178,30.0,2,0,0.0,13.190797,0.0,0.0,0.0,232,13.190797,232,18.555556,-8.581699,0
016874,广发远见智选混合C,MIXED,2026-03-19,0.503356,10.524762,61.874392,3.461022,0.381772,45.032654,-6.440059,-7.862178,35.0,0,2,0.0,10.524762,0.0,0.0,0.0,233,10.524762,233,20.948247,-6.597663,1
016874,广发远见智选混合C,MIXED,2026-03-20,-1.429152,3.772105,58.736911,0.362056,0.339848,45.103574,-6.440059,-7.862178,40.0,0,3,0.0,3.772105,0.0,0.0,0.0,234,3.772105,234,26.564969,-3.889232,1
016874,广发远见智选混合C,MIXED,2026-03-23,-7.609485,1.502177,47.994921,-3.610057,0.210654,46.952151,-8.581699,-8.581699,40.0,0,4,0.0,1.502177,0.0,0.0,0.0,235,1.502177,235,29.92779,-2.228449,1
016874,广发远见智选混合C,MIXED,2026-03-24,-0.185134,2.10423,53.457727,0.214445,0.187382,47.578389,-8.581699,-8.581699,40.0,2,0,0.0,2.10423,0.0,0.0,0.0,236,2.10423,236,31.428179,-2.228449,1
016874,广发远见智选混合C,MIXED,2026-03-25,0.30719,9.778255,65.788052,5.158214,0.207828,50.393258,-8.581699,-8.581699,35.0,3,0,0.0,9.778255,0.0,0.0,0.0,237,9.778255,237,23.079429,-2.228449,1
016874,广发远见智选混合C,MIXED,2026-03-26,0.200334,3.833645,55.508343,2.620043,0.232106,50.105655,-8.581699,-8.581699,40.0,0,2,0.0,3.833645,0.0,0.0,0.0,238,3.833645,238,25.604798,-1.797094,1
016874,广发远见智选混合C,MIXED,2026-03-27,4.061018,2.915392,53.201821,3.418958,0.29274,49.827567,-8.581699,-8.581699,40.0,2,0,0.0,2.915392,0.0,0.0,0.0,239,2.915392,239,24.280243,-1.797094,1
016874,广发远见智选混合C,MIXED,2026-03-30,12.189891,6.041357,54.509649,6.835148,0.410466,51.289361,-8.581699,-8.581699,40.0,3,0,0.0,6.041357,0.0,0.0,0.0,240,6.041357,240,18.812134,-2.5507,1
016874,广发远见智选混合C,MIXED,2026-03-31,5.859724,11.30372,50.856583,4.35925,0.38799,45.461621,-8.581699,-8.581699,40.0,0,2,0.0,11.30372,0.0,0.0,0.0,241,11.30372,241,20.395847,-3.026343,1
016874,广发远见智选混合C,MIXED,2026-04-01,2.391347,12.002851,53.172824,5.814619,0.39867,45.658594,-8.581699,-8.581699,40.0,2,0,0.0,12.002851,0.0,0.0,0.0,242,12.002851,242,17.576683,-3.42881,1
016874,广发远见智选混合C,MIXED,2026-04-02,3.185605,9.012181,54.136386,3.811727,0.388994,46.172606,-8.581699,-8.581699,45.0,0,2,0.0,9.012181,0.0,0.0,0.0,243,9.012181,243,26.506491,-3.42881,1
016874,广发远见智选混合C,MIXED,2026-04-03,3.209192,11.182245,58.166363,4.247954,0.36493,45.85613,-8.581699,-8.581699,40.0,2,0,0.0,11.182245,0.0,0.0,0.0,244,11.182245,244,31.714651,-3.42881,1
016874,广发远见智选混合C,MIXED,2026-04-07,0.35687,11.073494,61.319402,4.487911,0.34919,45.849396,-8.581699,-8.581699,40.0,3,0,0.0,11.073494,0.0,0.0,0.0,245,11.073494,245,31.381763,-3.42881,1
016874,广发远见智选混合C,MIXED,2026-04-08,7.255029,12.115045,56.5448,9.017275,0.45004,46.929694,-8.581699,-8.581699,40.0,4,0,0.0,12.115045,0.0,0.0,0.0,246,12.115045,246,25.71999,-3.42881,1
016874,广发远见智选混合C,MIXED,2026-04-09,8.253786,15.266296,53.183251,11.375548,0.578114,47.585542,-8.581699,-8.581699,40.0,5,0,0.0,15.266296,0.0,0.0,0.0,247,15.266296,247,20.862971,-3.42881,1
016874,广发远见智选混合C,MIXED,2026-04-10,8.42214,12.66443,44.205824,9.234183,0.676872,48.138513,-8.581699,-8.581699,45.0,0,2,0.0,12.66443,0.0,0.0,0.0,248,12.66443,248,25.466135,-3.42881,1
016874,广发远见智选混合C,MIXED,2026-04-13,7.383237,13.681929,44.552579,8.501574,0.74159,47.859338,-8.581699,-8.581699,45.0,0,3,0.0,13.681929,0.0,0.0,0.0,249,13.681929,249,21.687321,-3.42881,1
016874,广发远见智选混合C,MIXED,2026-04-14,9.81077,14.228152,46.006417,11.019093,0.870315,48.143574,-8.581699,-8.581699,45.0,2,0,0.0,14.228152,0.0,0.0,0.0,250,14.228152,250,15.02342,-5.559776,1
016874,广发远见智选混合C,MIXED,2026-04-15,5.17304,19.192265,44.173509,10.603154,0.927039,45.305577,-8.581699,-8.581699,40.0,3,0,0.0,19.192265,0.0,0.0,0.0,251,19.192265,251,16.631191,-5.559776,1
016874,广发远见智选混合C,MIXED,2026-04-16,6.631003,18.555556,52.33896,14.380301,1.095487,44.690562,-6.597663,-8.581699,40.0,4,0,0.0,18.555556,0.0,0.0,0.0,252,18.555556,252,12.856277,-5.559776,1
016874,广发远见智选混合C,MIXED,2026-04-17,7.893012,20.948247,47.708367,13.091503,1.198667,43.455353,-3.889232,-8.581699,40.0,0,2,0.0,20.948247,0.0,0.0,0.0,253,20.948247,253,13.869258,-5.559776,1
016874,广发远见智选混合C,MIXED,2026-04-20,9.74142,26.564969,49.577716,13.636854,1.253768,41.09782,-2.228449,-8.581699,35.0,2,0,0.0,26.564969,0.0,0.0,0.0,254,26.564969,254,5.874369,-7.411452,1
016874,广发远见智选混合C,MIXED,2026-04-21,5.088764,29.92779,41.369117,10.689824,1.195047,37.753743,-2.228449,-8.581699,35.0,0,2,0.0,29.92779,0.0,0.0,0.0,255,29.92779,255,10.240467,-7.411452,1
016874,广发远见智选混合C,MIXED,2026-04-22,10.061554,31.428179,49.690948,14.929686,1.235025,39.123066,-2.228449,-8.581699,35.0,2,0,0.0,31.428179,0.0,0.0,0.0,256,31.428179,256,4.48986,-7.411452,1
016874,广发远见智选混合C,MIXED,2026-04-23,4.134737,23.079429,45.93989,12.275467,1.290447,37.16313,-1.797094,-8.581699,40.0,0,2,0.0,23.079429,0.0,0.0,0.0,257,23.079429,257,0.269998,-10.075017,0
016874,广发远见智选混合C,MIXED,2026-04-24,4.058083,25.604798,43.41044,10.761112,1.276966,35.44455,-1.797094,-8.581699,40.0,0,3,0.0,25.604798,0.0,0.0,0.0,258,25.604798,258,-2.318671,-12.591397,0
016874,广发远见智选混合C,MIXED,2026-04-27,2.182529,24.280243,44.598955,9.426009,1.241402,35.741538,-1.797094,-8.581699,45.0,0,4,0.0,24.280243,0.0,0.0,0.0,259,24.280243,259,-0.170023,-12.591397,0
016874,广发远见智选混合C,MIXED,2026-04-28,2.591757,18.812134,41.40311,7.474629,1.21254,35.167434,-2.5507,-8.581699,50.0,0,5,0.0,18.812134,0.0,0.0,0.0,260,18.812134,260,1.142459,-12.591397,0
016874,广发远见智选混合C,MIXED,2026-04-29,-3.026343,20.395847,44.313939,5.989888,1.125296,34.133373,-3.026343,-8.581699,50.0,0,6,0.0,20.395847,0.0,0.0,0.0,261,20.395847,261,-0.226378,-12.591397,0
016874,广发远见智选混合C,MIXED,2026-04-30,-2.186458,17.576683,35.992934,4.723794,1.03491,34.240254,-3.42881,-8.581699,55.0,0,7,0.0,17.576683,0.0,0.0,0.0,262,17.576683,262,4.800823,-12.591397,0
016874,广发远见智选混合C,MIXED,2026-05-06,3.926354,26.506491,41.106549,9.744618,0.98759,37.689743,-3.42881,-8.581699,50.0,2,0,0.0,26.506491,0.0,0.0,0.0,263,26.506491,263,0.612651,-12.591397,0
016874,广发远见智选混合C,MIXED,2026-05-07,9.383136,31.714651,52.3947,13.767673,0.996796,40.11938,-3.42881,-8.581699,50.0,3,0,0.0,31.714651,0.0,0.0,0.0,264,31.714651,264,-2.564725,-12.591397,0
016874,广发远见智选混合C,MIXED,2026-05-08,10.97404,31.381763,48.827507,12.796609,0.983335,40.185199,-3.42881,-8.581699,50.0,4,0,0.0,31.381763,0.0,0.0,0.0,265,31.381763,265,-5.964234,-12.591397,0
016874,广发远见智选混合C,MIXED,2026-05-11,11.99806,25.71999,61.679116,11.984177,1.005213,38.036558,-3.42881,-8.581699,50.0,5,0,0.0,25.71999,0.0,0.0,0.0,266,25.71999,266,-6.920449,-12.591397,0
016874,广发远见智选混合C,MIXED,2026-05-12,11.279498,20.862971,53.811626,9.754307,1.018405,38.235748,-3.42881,-8.581699,55.0,0,2,0.0,20.862971,0.0,0.0,0.0,267,20.862971,267,-0.719844,-12.591397,0
016874,广发远见智选混合C,MIXED,2026-05-13,7.530505,25.466135,59.936214,11.165651,1.020388,37.564494,-3.42881,-8.581699,50.0,2,0,0.0,25.466135,0.0,0.0,0.0,268,25.466135,268,-5.0565,-12.591397,0
016874,广发远见智选混合C,MIXED,2026-05-14,-0.791762,21.687321,57.240742,6.772617,0.942522,40.248851,-3.42881,-8.581699,50.0,0,2,0.0,21.687321,0.0,0.0,0.0,269,21.687321,269,-4.083431,-10.735066,0
016874,广发远见智选混合C,MIXED,2026-05-15,-3.861769,15.02342,55.28925,3.2848,0.842238,41.464385,-5.559776,-8.581699,55.0,0,3,0.0,15.02342,0.0,0.0,0.0,270,15.02342,270,-2.26233,-10.735066,0
016874,广发远见智选混合C,MIXED,2026-05-18,-2.430338,16.631191,52.115846,4.489266,0.758124,41.667831,-5.559776,-8.581699,55.0,2,0,0.0,16.631191,0.0,0.0,0.0,271,16.631191,271,2.722699,-10.735066,0
016874,广发远见智选混合C,MIXED,2026-05-19,-0.432879,12.856277,51.446327,4.874344,0.729521,39.526683,-5.559776,-8.581699,55.0,3,0,0.0,12.856277,0.0,0.0,0.0,272,12.856277,272,5.637243,-10.735066,0
016874,广发远见智选混合C,MIXED,2026-05-20,-2.079575,13.869258,52.217876,4.982655,0.692042,39.4187,-5.559776,-8.581699,50.0,4,0,0.0,13.869258,0.0,0.0,0.0,273,13.869258,273,8.228278,-10.735066,0
016874,广发远见智选混合C,MIXED,2026-05-21,-4.519193,5.874369,39.054478,-1.006383,0.581408,44.76609,-7.411452,-8.581699,55.0,0,2,0.0,5.874369,0.0,0.0,0.0,274,5.874369,274,18.675965,-8.106219,0
016874,广发远见智选混合C,MIXED,2026-05-22,0.718918,10.240467,45.384615,1.221182,0.481079,45.094993,-7.411452,-8.581699,50.0,2,0,0.0,10.240467,0.0,0.0,0.0,275,10.240467,275,22.162324,-8.106219,0
016874,广发远见智选混合C,MIXED,2026-05-25,-1.395876,4.48986,40.21884,0.785218,0.441786,41.491567,-7.411452,-8.581699,55.0,0,2,0.0,4.48986,0.0,0.0,0.0,276,4.48986,276,18.583363,-7.908559,1
016874,广发远见智选混合C,MIXED,2026-05-26,-7.478873,0.269998,35.479256,-4.525703,0.301945,45.638438,-10.075017,-10.075017,55.0,0,3,0.0,0.269998,0.0,0.0,0.0,277,0.269998,277,30.823654,-4.757006,1
016874,广发远见智选混合C,MIXED,2026-05-27,-10.735066,-2.318671,27.396028,-7.095042,0.120397,46.746895,-12.591397,-12.591397,55.0,0,4,0.0,0.0,2.318671,0.0,0.0,278,-2.318671,278,40.439978,-4.757006,1
016874,广发远见智选混合C,MIXED,2026-05-28,-3.651095,-0.170023,27.686035,-5.174785,-0.032918,47.354644,-12.591397,-12.591397,50.0,2,0,0.0,0.0,0.170023,0.0,0.0,279,-0.170023,279,31.614242,-4.757006,1
016874,广发远见智选混合C,MIXED,2026-05-29,-5.875012,1.142459,27.429382,-4.882724,-0.195098,47.224759,-12.591397,-12.591397,45.0,3,0,0.0,1.142459,0.0,0.0,0.0,280,1.142459,280,27.141115,-7.271321,1
016874,广发远见智选混合C,MIXED,2026-06-01,-7.403331,-0.226378,33.701697,-6.618103,-0.391133,47.686491,-12.591397,-12.591397,45.0,0,2,0.0,0.0,0.226378,0.0,0.0,281,-0.226378,281,33.709686,-7.271321,1
016874,广发远见智选混合C,MIXED,2026-06-02,2.233369,4.800823,38.011404,-2.538097,-0.530374,50.316947,-12.591397,-12.591397,40.0,2,0,0.0,4.800823,0.0,0.0,0.0,282,4.800823,282,23.524247,-7.491781,1
021528,财通成长优选混合C,MIXED,2025-07-01,8.14433,19.885714,0.0,7.05174,0.484628,29.75836,-4.33925,-11.616162,40.0,6,0,0.0,19.885714,0.0,0.0,0.0,60,19.885714,60,30.505243,-2.57388,1
021528,财通成长优选混合C,MIXED,2025-07-02,4.605937,13.053097,8.262712,3.672144,0.421169,30.815648,-4.33925,-11.616162,45.0,0,2,0.0,13.053097,0.0,0.0,0.0,61,13.053097,61,33.561644,-2.17597,1
021528,财通成长优选混合C,MIXED,2025-07-03,7.092199,11.970339,11.851852,6.611529,0.454791,29.353263,-4.33925,-11.616162,45.0,2,0,0.0,11.970339,0.0,0.0,0.0,62,11.970339,62,29.517502,-2.17597,1
021528,财通成长优选混合C,MIXED,2025-07-04,2.952756,9.414226,22.339181,5.025353,0.47478,29.778453,-4.33925,-11.616162,50.0,0,2,0.0,9.414226,0.0,0.0,0.0,63,9.414226,63,28.011472,-2.191381,1
021528,财通成长优选混合C,MIXED,2025-07-07,-0.957854,6.707946,23.389021,3.482786,0.48505,30.109875,-4.33925,-11.616162,55.0,0,3,0.0,6.707946,0.0,0.0,0.0,64,6.707946,64,29.110251,-2.483565,1
021528,财通成长优选混合C,MIXED,2025-07-08,4.099142,14.106583,26.242775,8.554103,0.547345,34.789997,-4.33925,-11.616162,50.0,2,0,0.0,14.106583,0.0,0.0,0.0,65,14.106583,65,24.725275,-2.483565,1
021528,财通成长优选混合C,MIXED,2025-07-09,7.142857,15.263158,22.483221,8.073431,0.581794,34.428315,-4.33925,-11.616162,45.0,3,0,0.0,15.263158,0.0,0.0,0.0,66,15.263158,66,23.744292,-2.483565,1
021528,财通成长优选混合C,MIXED,2025-07-10,5.298013,15.098242,22.847682,9.064184,0.645858,34.372978,-4.33925,-11.616162,45.0,4,0,0.0,15.098242,0.0,0.0,0.0,67,15.098242,67,21.293801,-2.483565,1
021528,财通成长优选混合C,MIXED,2025-07-11,6.214149,15.608741,20.108108,8.07393,0.675521,34.178776,-4.33925,-11.616162,45.0,0,2,0.0,15.608741,0.0,0.0,0.0,68,15.608741,68,20.522052,-2.483565,1
021528,财通成长优选混合C,MIXED,2025-07-14,7.833656,13.428281,21.592148,7.771119,0.722665,33.70887,-4.33925,-11.616162,45.0,2,0,0.0,13.428281,0.0,0.0,0.0,69,13.428281,69,23.587444,-2.483565,1
021528,财通成长优选混合C,MIXED,2025-07-15,10.531136,23.668033,35.313901,15.375424,0.861663,42.708063,-4.33925,-11.616162,40.0,3,0,0.0,23.668033,0.0,0.0,0.0,70,23.668033,70,18.061309,-2.483565,1
021528,财通成长优选混合C,MIXED,2025-07-16,9.223744,17.948718,33.631285,13.338072,1.00899,41.940264,-3.578529,-11.616162,45.0,0,2,0.0,17.948718,0.0,0.0,0.0,71,17.948718,71,27.675585,-2.483565,1
021528,财通成长优选混合C,MIXED,2025-07-17,13.836478,25.944334,41.722595,18.599644,1.207033,45.105953,-2.57388,-11.616162,40.0,2,0,0.0,25.944334,0.0,0.0,0.0,72,25.944334,72,15.706393,-3.994761,1
021528,财通成长优选混合C,MIXED,2025-07-18,12.871287,26.53885,34.693878,15.95543,1.324802,44.767301,-2.57388,-11.616162,40.0,0,2,0.0,26.53885,0.0,0.0,0.0,73,26.53885,73,17.304625,-3.994761,1
021528,财通成长优选混合C,MIXED,2025-07-21,13.632287,29.682702,39.69129,15.607464,1.398656,43.687705,-2.57388,-11.616162,35.0,2,0,0.0,29.682702,0.0,0.0,0.0,74,29.682702,74,20.757695,-3.994761,1
021528,财通成长优选混合C,MIXED,2025-07-22,5.716653,31.546392,39.30131,14.825647,1.431904,43.08503,-2.57388,-11.616162,30.0,3,0,0.0,31.546392,0.0,0.0,0.0,75,31.546392,75,23.040752,-3.994761,1
021528,财通成长优选混合C,MIXED,2025-07-23,7.023411,31.013306,42.222222,13.636364,1.438477,43.196282,-2.57388,-11.616162,30.0,4,0,0.0,31.013306,0.0,0.0,0.0,76,31.013306,76,22.34375,-3.994761,1
021528,财通成长优选混合C,MIXED,2025-07-24,-0.789266,27.355623,38.283828,10.272831,1.392023,44.652639,-2.57388,-11.616162,35.0,0,2,0.0,27.355623,0.0,0.0,0.0,77,27.355623,77,22.11615,-3.994761,1
021528,财通成长优选混合C,MIXED,2025-07-25,0.079745,23.523622,36.56148,8.955159,1.350492,44.455249,-2.57388,-11.616162,40.0,0,3,0.0,23.523622,0.0,0.0,0.0,78,23.523622,78,27.49004,-3.994761,1
021528,财通成长优选混合C,MIXED,2025-07-28,2.604578,24.521073,39.484979,11.621517,1.371156,44.960365,-2.57388,-11.616162,40.0,2,0,0.0,24.521073,0.0,0.0,0.0,79,24.521073,79,32.923077,-3.994761,1
021528,财通成长优选混合C,MIXED,2025-07-29,7.288401,30.505243,42.752868,15.953077,1.445171,47.229374,-2.17597,-11.616162,40.0,3,0,0.0,30.505243,0.0,0.0,0.0,80,30.505243,80,24.03214,-3.994761,1
021528,财通成长优选混合C,MIXED,2025-07-30,6.640625,33.561644,37.878788,13.958925,1.435213,45.352451,-2.17597,-10.986775,40.0,0,2,0.0,33.561644,0.0,0.0,0.0,81,33.561644,81,28.424908,-3.994761,1
021528,财通成长优选混合C,MIXED,2025-07-31,8.910103,29.517502,39.267548,12.823471,1.435103,44.945739,-1.953125,-9.886715,40.0,2,0,0.0,29.517502,0.0,0.0,0.0,82,29.517502,82,39.517896,-3.994761,1
021528,财通成长优选混合C,MIXED,2025-08-01,6.693227,28.011472,38.041237,9.034648,1.348859,45.928463,-2.191381,-9.886715,40.0,0,2,0.0,28.011472,0.0,0.0,0.0,83,28.011472,83,41.971621,-3.994761,1
021528,财通成长优选混合C,MIXED,2025-08-04,2.692308,29.110251,40.083945,7.392808,1.208959,45.429543,-2.483565,-9.886715,40.0,0,3,0.0,29.110251,0.0,0.0,0.0,84,29.110251,84,47.490637,-3.994761,1
021528,财通成长优选混合C,MIXED,2025-08-05,-0.511322,24.725275,41.433022,8.387713,1.141282,42.63989,-2.483565,-9.886715,40.0,2,0,0.0,24.725275,0.0,0.0,0.0,85,24.725275,85,37.004405,-5.231082,1
021528,财通成长优选混合C,MIXED,2025-08-06,-0.732601,23.744292,40.560166,6.726528,1.039342,42.943958,-2.483565,-9.886715,45.0,0,2,0.0,23.744292,0.0,0.0,0.0,86,23.744292,86,41.03321,-5.231082,1
021528,财通成长优选混合C,MIXED,2025-08-07,-1.387874,21.293801,39.031926,5.349409,0.926406,43.202312,-2.483565,-6.11588,50.0,0,3,0.0,21.293801,0.0,0.0,0.0,87,21.293801,87,28.444444,-11.934992,0
021528,财通成长优选混合C,MIXED,2025-08-08,0.0,20.522052,43.669528,3.569633,0.773659,43.490958,-2.483565,-5.609493,50.0,0,4,0.0,20.522052,0.0,0.0,0.0,88,20.522052,88,39.95519,-11.934992,0
021528,财通成长优选混合C,MIXED,2025-08-11,3.220974,23.587444,48.651564,5.513017,0.643991,43.955804,-2.483565,-5.200433,50.0,2,0,0.0,23.587444,0.0,0.0,0.0,89,23.587444,89,29.46299,-11.934992,0
021528,财通成长优选混合C,MIXED,2025-08-12,4.625551,18.061309,55.398037,8.208672,0.649052,36.181637,-2.483565,-5.200433,50.0,3,0,0.0,18.061309,0.0,0.0,0.0,90,18.061309,90,22.175439,-11.934992,0
021528,财通成长优选混合C,MIXED,2025-08-13,12.693727,27.675585,65.438787,14.51498,0.722925,41.843183,-2.483565,-4.33925,45.0,4,0,0.0,27.675585,0.0,0.0,0.0,91,27.675585,91,19.384414,-11.934992,0
021528,财通成长优选混合C,MIXED,2025-08-14,8.592593,15.706393,61.276128,9.126098,0.780424,41.97557,-3.994761,-4.33925,50.0,0,2,0.0,15.706393,0.0,0.0,0.0,92,15.706393,92,37.721692,-11.934992,0
021528,财通成长优选混合C,MIXED,2025-08-15,9.858103,17.304625,63.263041,8.621008,0.80454,41.479608,-3.994761,-4.33925,45.0,2,0,0.0,17.304625,0.0,0.0,0.0,93,17.304625,93,37.661455,-11.934992,0
021528,财通成长优选混合C,MIXED,2025-08-18,11.030479,20.757695,74.061433,11.89118,0.879667,42.989316,-3.994761,-4.33925,45.0,3,0,0.0,20.757695,0.0,0.0,0.0,94,20.757695,94,29.411765,-11.934992,0
021528,财通成长优选混合C,MIXED,2025-08-19,10.175439,23.040752,75.223214,13.595254,0.975306,43.359573,-3.994761,-4.33925,45.0,4,0,0.0,23.040752,0.0,0.0,0.0,95,23.040752,95,27.261146,-11.934992,0
021528,财通成长优选混合C,MIXED,2025-08-20,2.554028,22.34375,77.752554,12.145517,1.038008,43.538831,-3.994761,-4.33925,50.0,0,2,0.0,22.34375,0.0,0.0,0.0,96,22.34375,96,27.52235,-11.934992,0
021528,财通成长优选混合C,MIXED,2025-08-21,4.706685,22.11615,72.085202,8.84209,1.012103,43.701711,-3.994761,-4.33925,50.0,0,3,0.0,22.11615,0.0,0.0,0.0,97,22.11615,97,32.57329,-11.934992,0
021528,财通成长优选混合C,MIXED,2025-08-22,8.769545,27.49004,78.372352,12.080137,1.017938,44.87078,-3.994761,-4.33925,45.0,2,0,0.0,27.49004,0.0,0.0,0.0,98,27.49004,98,27.3125,-11.934992,0
021528,财通成长优选混合C,MIXED,2025-08-25,12.941176,32.923077,97.260274,19.258774,1.160135,50.312505,-3.994761,-4.33925,45.0,3,0,0.0,32.923077,0.0,0.0,0.0,99,32.923077,99,21.122685,-11.934992,0
021528,财通成长优选混合C,MIXED,2025-08-26,8.152866,24.03214,94.057143,15.872799,1.303758,49.409246,-3.994761,-4.33925,50.0,0,2,0.0,24.03214,0.0,0.0,0.0,100,24.03214,100,23.498233,-11.934992,0
021528,财通成长优选混合C,MIXED,2025-08-27,11.941252,28.424908,93.915929,18.063039,1.456666,49.652793,-3.994761,-4.33925,45.0,2,0,0.0,28.424908,0.0,0.0,0.0,101,28.424908,101,16.942384,-11.934992,0
021528,财通成长优选混合C,MIXED,2025-08-28,24.429967,39.517896,102.330508,26.335285,1.711442,56.379503,-3.994761,-4.33925,45.0,3,0,0.0,39.517896,0.0,0.0,0.0,102,39.517896,102,7.643979,-11.934992,0
021528,财通成长优选混合C,MIXED,2025-08-29,18.8125,41.971621,98.849372,23.445566,1.86399,55.105942,-3.994761,-4.33925,45.0,0,2,0.0,41.971621,0.0,0.0,0.0,103,41.971621,103,3.892688,-11.934992,0
021528,财通成长优选混合C,MIXED,2025-09-01,13.946759,47.490637,103.199174,25.282347,2.010482,54.843121,-3.994761,-4.33925,40.0,2,0,0.0,47.490637,0.0,0.0,0.0,104,47.490637,104,2.844083,-11.934992,0
021528,财通成长优选混合C,MIXED,2025-09-02,9.893993,37.004405,94.984326,16.855058,2.034786,60.577861,-5.231082,-5.231082,45.0,0,2,0.0,37.004405,0.0,0.0,0.0,105,37.004405,105,6.430868,-9.262166,0
021528,财通成长优选混合C,MIXED,2025-09-03,9.01312,41.03321,101.157895,17.625335,2.041157,60.076962,-5.231082,-5.231082,40.0,2,0,0.0,41.03321,0.0,0.0,0.0,106,41.03321,106,4.918891,-9.262166,0
021528,财通成长优选混合C,MIXED,2025-09-04,-9.21466,28.444444,79.317477,5.484077,1.84854,71.537409,-11.934992,-11.934992,40.0,0,2,0.0,28.444444,0.0,0.0,0.0,107,28.444444,107,12.802768,-7.097118,1
021528,财通成长优选混合C,MIXED,2025-09-05,-1.420305,39.95519,95.005203,12.175266,1.727622,74.841442,-11.934992,-11.934992,35.0,2,0,0.0,39.95519,0.0,0.0,0.0,108,39.95519,108,2.134472,-8.726753,0
021528,财通成长优选混合C,MIXED,2025-09-08,-9.395632,29.46299,81.485249,5.505944,1.529461,78.253713,-11.934992,-11.934992,40.0,0,2,0.0,29.46299,0.0,0.0,0.0,109,29.46299,109,1.233184,-13.876967,0
021528,财通成长优选混合C,MIXED,2025-09-09,-6.698821,22.175439,78.381148,2.009726,1.311241,79.008775,-11.934992,-11.934992,45.0,0,3,0.0,22.175439,0.0,0.0,0.0,110,22.175439,110,8.443423,-13.876967,0
021528,财通成长优选混合C,MIXED,2025-09-10,-4.604919,19.384414,79.783037,5.896021,1.231659,76.980902,-11.934992,-11.934992,45.0,2,0,0.0,19.384414,0.0,0.0,0.0,111,19.384414,111,2.797586,-13.876967,0
021528,财通成长优选混合C,MIXED,2025-09-11,16.435986,37.721692,100.695825,15.427493,1.224526,81.924858,-11.934992,-11.934992,40.0,3,0,0.0,37.721692,0.0,0.0,0.0,112,37.721692,112,-10.549777,-13.876967,0
021528,财通成长优选混合C,MIXED,2025-09-12,8.057631,37.661455,104.339051,13.965726,1.180047,81.934936,-11.934992,-11.934992,40.0,4,0,0.0,37.661455,0.0,0.0,0.0,113,37.661455,113,-7.654321,-13.876967,0
021528,财通成长优选混合C,MIXED,2025-09-15,10.986547,29.411765,102.661208,10.039737,1.109966,82.624454,-11.934992,-11.934992,45.0,0,2,0.0,29.411765,0.0,0.0,0.0,114,29.411765,114,0.30303,-13.876967,0
021528,财通成长优选混合C,MIXED,2025-09-16,14.761631,27.261146,105.979381,9.734999,1.053891,82.520475,-11.934992,-11.934992,45.0,2,0,0.0,27.261146,0.0,0.0,0.0,115,27.261146,115,0.2002,-13.876967,0
021528,财通成长优选混合C,MIXED,2025-09-17,9.544707,27.52235,104.401228,8.397112,0.959899,82.471201,-11.934992,-11.934992,45.0,0,2,0.0,27.52235,0.0,0.0,0.0,116,27.52235,116,-1.051577,-13.876967,0
021528,财通成长优选混合C,MIXED,2025-09-18,0.792472,32.57329,106.180344,8.980881,0.834626,81.538636,-11.934992,-11.934992,40.0,2,0,0.0,32.57329,0.0,0.0,0.0,117,32.57329,117,3.587224,-13.876967,0
021528,财通成长优选混合C,MIXED,2025-09-19,0.592593,27.3125,100.492126,7.826271,0.72989,81.048735,-11.934992,-11.934992,40.0,3,0,0.0,27.3125,0.0,0.0,0.0,118,27.3125,118,9.425626,-13.876967,0
021528,财通成长优选混合C,MIXED,2025-09-22,5.707071,21.122685,100.478927,9.730523,0.742183,77.38373,-11.934992,-11.934992,40.0,4,0,0.0,21.122685,0.0,0.0,0.0,119,21.122685,119,10.511228,-13.876967,0
021528,财通成长优选混合C,MIXED,2025-09-23,4.954955,23.498233,99.904671,8.802241,0.703486,76.755171,-11.934992,-11.934992,35.0,5,0,0.0,23.498233,0.0,0.0,0.0,120,23.498233,120,14.735336,-13.876967,0
021528,财通成长优选混合C,MIXED,2025-09-24,2.653981,16.942384,100.587084,5.550407,0.646581,77.260103,-11.934992,-11.934992,40.0,0,2,0.0,16.942384,0.0,0.0,0.0,121,16.942384,121,15.756098,-12.159533,0
021528,财通成长优选混合C,MIXED,2025-09-25,1.031941,7.643979,94.512772,5.462939,0.701472,71.152878,-11.934992,-11.934992,40.0,2,0,0.0,7.643979,0.0,0.0,0.0,122,7.643979,122,9.727626,-12.159533,0
021528,财通成长优选混合C,MIXED,2025-09-26,-3.043692,3.892688,88.814532,1.116117,0.679587,72.803357,-11.934992,-11.934992,40.0,0,2,0.0,3.892688,0.0,0.0,0.0,123,3.892688,123,13.265823,-10.814815,0
021528,财通成长优选混合C,MIXED,2025-09-29,-3.248925,2.844083,95.841393,3.527607,0.743807,72.269995,-9.262166,-11.934992,40.0,2,0,0.0,2.844083,0.0,0.0,0.0,124,2.844083,124,10.469136,-10.814815,0
021528,财通成长优选混合C,MIXED,2025-09-30,-5.293276,6.430868,81.868132,1.223242,0.690948,69.864895,-9.262166,-11.934992,40.0,0,2,0.0,6.430868,0.0,0.0,0.0,125,6.430868,125,13.041289,-9.925187,0
021528,财通成长优选混合C,MIXED,2025-10-09,-2.195122,4.918891,83.105023,1.947425,0.679586,69.500118,-7.097118,-11.934992,40.0,2,0,0.0,4.918891,0.0,0.0,0.0,126,4.918891,126,13.915212,-9.925187,0
021528,财通成长优选混合C,MIXED,2025-10-10,-4.863813,12.802768,75.74124,-1.102235,0.48227,60.671767,-7.097118,-11.934992,40.0,0,2,0.0,12.802768,0.0,0.0,0.0,127,12.802768,127,14.059305,-7.668712,1
021528,财通成长优选混合C,MIXED,2025-10-13,-3.088608,2.134472,72.277228,-3.323568,0.352963,54.68446,-8.726753,-11.934992,45.0,0,3,0.0,2.134472,0.0,0.0,0.0,128,2.134472,128,13.897597,-9.393184,0
021528,财通成长优选混合C,MIXED,2025-10-14,-10.814815,1.233184,61.973094,-8.82932,0.071358,55.76626,-13.876967,-13.876967,45.0,0,4,0.0,1.233184,0.0,0.0,0.0,129,1.233184,129,16.83278,-12.302577,0
021528,财通成长优选混合C,MIXED,2025-10-15,-4.934542,8.443423,56.420878,-5.042122,-0.186169,57.029718,-13.876967,-13.876967,40.0,2,0,0.0,8.443423,0.0,0.0,0.0,130,8.443423,130,12.394068,-12.302577,0
021528,财通成长优选混合C,MIXED,2025-10-16,-6.533666,2.797586,56.688963,-5.866988,-0.398978,54.891893,-13.876967,-13.876967,45.0,0,2,0.0,2.797586,0.0,0.0,0.0,131,2.797586,131,13.874066,-12.302577,0
021528,财通成长优选混合C,MIXED,2025-10-17,-7.668712,-10.549777,42.541436,-8.794788,-0.511961,39.889887,-13.876967,-13.876967,50.0,0,3,0.0,0.0,10.549777,0.0,0.0,132,-10.549777,132,13.842746,-14.546966,0
021528,财通成长优选混合C,MIXED,2025-10-20,-2.298851,-7.654321,49.122807,-5.191645,-0.557849,42.365966,-13.876967,-13.876967,50.0,2,0,0.0,0.0,7.654321,0.0,0.0,133,-7.654321,133,10.053476,-14.546966,0
021528,财通成长优选混合C,MIXED,2025-10-21,9.966777,0.30303,56.748224,0.674203,-0.541832,47.685188,-13.876967,-13.876967,45.0,3,0,0.0,0.30303,0.0,0.0,0.0,134,0.30303,134,3.423968,-14.630091,0
021528,财通成长优选混合C,MIXED,2025-10-22,6.038136,0.2002,56.896552,1.474986,-0.500313,47.662104,-13.876967,-13.876967,45.0,4,0,0.0,0.2002,0.0,0.0,0.0,135,0.2002,135,2.347652,-14.837905,0
021528,财通成长优选混合C,MIXED,2025-10-23,5.442903,-1.051577,54.375,0.210462,-0.479036,47.903292,-13.876967,-13.876967,45.0,0,2,0.0,0.0,1.051577,0.0,0.0,136,-1.051577,136,4.8583,-14.837905,0
021528,财通成长优选混合C,MIXED,2025-10-24,16.722038,3.587224,67.700875,6.707163,-0.329221,53.147519,-13.876967,-13.876967,45.0,2,0,0.0,3.587224,0.0,0.0,0.0,137,3.587224,137,-8.017078,-19.409809,0
021528,财通成长优选混合C,MIXED,2025-10-27,19.197861,9.425626,77.609562,12.286535,-0.096281,56.622633,-13.876967,-13.876967,45.0,3,0,0.0,9.425626,0.0,0.0,0.0,138,9.425626,138,-14.490803,-20.78138,0
021528,财通成长优选混合C,MIXED,2025-10-28,16.465257,10.511228,77.923077,15.875958,0.224272,57.268908,-13.876967,-13.876967,45.0,4,0,0.0,10.511228,0.0,0.0,0.0,139,10.511228,139,-13.748379,-20.78138,0
021528,财通成长优选混合C,MIXED,2025-10-29,20.17982,14.735336,75.748722,19.609257,0.592854,58.539065,-12.159533,-13.876967,45.0,5,0,0.0,14.735336,0.0,0.0,0.0,140,14.735336,140,-12.967581,-20.78138,0
021528,财通成长优选混合C,MIXED,2025-10-30,20.091093,15.756098,73.846154,17.029146,0.872725,58.028067,-12.159533,-13.876967,45.0,0,2,0.0,15.756098,0.0,0.0,0.0,141,15.756098,141,-12.810788,-19.67973,0
021528,财通成长优选混合C,MIXED,2025-10-31,7.020873,9.727626,64.791819,10.713059,1.050425,61.489026,-10.814815,-13.876967,50.0,0,3,0.0,9.727626,0.0,0.0,0.0,142,9.727626,142,-9.131206,-16.549912,0
021528,财通成长优选混合C,MIXED,2025-11-03,0.358905,13.265823,67.064974,9.079384,1.134272,59.447818,-10.814815,-13.876967,50.0,0,4,0.0,13.265823,0.0,0.0,0.0,143,13.265823,143,-7.018328,-16.549912,0
021528,财通成长优选混合C,MIXED,2025-11-04,-3.285776,10.469136,67.565543,8.518483,1.237716,59.086241,-9.925187,-13.876967,50.0,0,0,0.0,10.469136,0.0,0.0,0.0,144,10.469136,144,-7.197139,-16.549912,0
021528,财通成长优选混合C,MIXED,2025-11-05,-6.691604,13.041289,64.831131,8.226673,1.299039,58.361316,-9.925187,-13.876967,45.0,2,0,0.0,13.041289,0.0,0.0,0.0,145,13.041289,145,-7.616927,-16.549912,0
021528,财通成长优选混合C,MIXED,2025-11-06,-3.750527,13.915212,68.560886,9.371259,1.381344,58.476308,-7.668712,-13.876967,45.0,3,0,0.0,13.915212,0.0,0.0,0.0,146,13.915212,146,-8.975482,-16.549912,0
021528,财通成长优选混合C,MIXED,2025-11-07,-1.108156,14.059305,65.259259,6.134488,1.369912,58.3894,-7.273483,-13.876967,45.0,0,2,0.0,14.059305,0.0,0.0,0.0,147,14.059305,147,-6.499328,-14.567459,0
021528,财通成长优选混合C,MIXED,2025-11-10,-2.548055,13.897597,62.808066,3.056232,1.273577,58.481875,-9.393184,-13.876967,45.0,0,3,0.0,13.897597,0.0,0.0,0.0,148,13.897597,148,0.550459,-12.568807,0
021528,财通成长优选混合C,MIXED,2025-11-11,-5.677246,16.83278,53.120464,-0.96454,1.031644,55.537711,-12.302577,-13.876967,45.0,0,4,0.0,16.83278,0.0,0.0,0.0,149,16.83278,149,10.0,-10.684161,0
021528,财通成长优选混合C,MIXED,2025-11-12,-5.478842,12.394068,48.912281,-0.945268,0.841537,53.788135,-12.302577,-13.876967,45.0,2,0,0.0,12.394068,0.0,0.0,0.0,150,12.394068,150,8.71819,-10.684161,0
021528,财通成长优选混合C,MIXED,2025-11-13,-6.567426,13.874066,39.751146,-0.985965,0.634471,53.542492,-12.302577,-13.876967,40.0,3,0,0.0,13.874066,0.0,0.0,0.0,151,13.874066,151,5.014058,-10.684161,0
021528,财通成长优选混合C,MIXED,2025-11-14,-7.844016,13.842746,40.245566,-5.155115,0.311019,53.571022,-14.546966,-14.546966,40.0,0,2,0.0,13.842746,0.0,0.0,0.0,152,13.842746,152,10.457198,-8.011583,0
021528,财通成长优选混合C,MIXED,2025-11-17,-5.59633,10.053476,39.904827,-5.472751,0.021723,52.534593,-14.546966,-14.546966,40.0,2,0,0.0,10.053476,0.0,0.0,0.0,153,10.053476,153,6.219631,-8.011583,0
021528,财通成长优选混合C,MIXED,2025-11-18,-2.654028,3.423968,34.248366,-5.803582,-0.197405,48.094372,-14.630091,-14.630091,45.0,0,2,0.0,3.423968,0.0,0.0,0.0,154,3.423968,154,5.160662,-8.011583,0
021528,财通成长优选混合C,MIXED,2025-11-19,-3.440151,2.347652,30.509554,-6.134042,-0.412433,48.066662,-14.837905,-14.837905,50.0,0,3,0.0,2.347652,0.0,0.0,0.0,155,2.347652,155,12.005857,-8.011583,0
021528,财通成长优选混合C,MIXED,2025-11-20,-2.905342,4.8583,32.311622,-5.288659,-0.633274,47.860613,-14.837905,-14.837905,45.0,2,0,0.0,4.8583,0.0,0.0,0.0,156,4.8583,156,6.129344,-8.011583,0
021528,财通成长优选混合C,MIXED,2025-11-21,-5.690661,-8.017078,26.319218,-11.024435,-0.856506,47.210359,-19.409809,-19.409809,50.0,0,2,0.0,0.0,8.017078,0.0,0.0,157,-8.017078,157,11.294482,-7.022835,1
021528,财通成长优选混合C,MIXED,2025-11-24,-7.385811,-14.490803,19.125,-11.88572,-1.007048,41.467213,-20.78138,-20.78138,55.0,0,3,0.0,0.0,14.490803,0.0,0.0,158,-14.490803,158,19.045121,-7.022835,1
021528,财通成长优选混合C,MIXED,2025-11-25,-2.872444,-13.748379,15.451389,-7.088301,-1.016116,42.868064,-20.78138,-20.78138,55.0,2,0,0.0,0.0,13.748379,0.0,0.0,159,-13.748379,159,16.491228,-7.022835,1
021528,财通成长优选混合C,MIXED,2025-11-26,2.196193,-12.967581,23.321555,-1.763933,-0.867505,44.348695,-19.67973,-20.78138,55.0,3,0,0.0,0.0,12.967581,0.0,0.0,160,-12.967581,160,12.60745,-7.022835,1
021528,财通成长优选混合C,MIXED,2025-11-27,-0.144788,-12.810788,18.026241,-2.239652,-0.735893,44.315076,-16.549912,-20.78138,55.0,0,2,0.0,0.0,12.810788,0.0,0.0,161,-12.810788,161,14.161431,-7.022835,1
021528,财通成长优选混合C,MIXED,2025-11-28,5.7246,-9.131206,7.329843,-2.663691,-0.679873,41.360022,-16.549912,-20.78138,55.0,0,3,0.0,0.0,9.131206,0.0,0.0,162,-9.131206,162,13.560976,-7.022835,1
021528,财通成长优选混合C,MIXED,2025-12-01,9.129066,-7.018328,9.416097,-0.869772,-0.601683,41.873067,-16.549912,-20.78138,50.0,2,0,0.0,0.0,7.018328,0.0,0.0,163,-7.018328,163,13.701923,-7.022835,1
021528,财通成长优选混合C,MIXED,2025-12-02,4.06015,-7.197139,5.434231,-0.679361,-0.514395,41.85853,-16.549912,-20.78138,55.0,0,2,0.0,0.0,7.197139,0.0,0.0,164,-7.197139,164,12.331407,-7.022835,1
021528,财通成长优选混合C,MIXED,2025-12-03,-0.95511,-7.616927,11.146838,-0.367497,-0.410208,41.789203,-16.549912,-20.78138,60.0,0,3,0.0,0.0,7.616927,0.0,0.0,165,-7.616927,165,10.173578,-7.022835,1
021528,财通成长优选混合C,MIXED,2025-12-04,0.483325,-8.975482,8.791209,0.366902,-0.259822,41.124449,-14.567459,-20.78138,60.0,2,0,0.0,0.0,8.975482,0.0,0.0,166,-8.975482,166,13.035113,-7.022835,1
021528,财通成长优选混合C,MIXED,2025-12-05,1.756098,-6.499328,20.299885,1.058547,-0.128546,40.588568,-12.568807,-20.78138,55.0,3,0,0.0,0.0,6.499328,0.0,0.0,167,-6.499328,167,11.457335,-7.022835,1
021528,财通成长优选混合C,MIXED,2025-12-08,5.384615,0.550459,16.96905,6.162974,0.048541,44.091476,-10.684161,-20.78138,50.0,4,0,0.0,0.550459,0.0,0.0,0.0,168,0.550459,168,7.618613,-7.022835,1
021528,财通成长优选混合C,MIXED,2025-12-09,11.801541,10.0,30.100897,11.839252,0.259116,46.864833,-10.684161,-20.78138,45.0,5,0,0.0,10.0,0.0,0.0,0.0,169,10.0,169,-0.215424,-7.022835,0
021528,财通成长优选混合C,MIXED,2025-12-10,11.23433,8.71819,32.510052,10.671368,0.452127,47.032647,-10.684161,-20.78138,50.0,0,2,0.0,8.71819,0.0,0.0,0.0,170,8.71819,170,0.043346,-6.458604,0
021528,财通成长优选混合C,MIXED,2025-12-11,7.792208,5.014058,22.929238,7.230011,0.595273,48.481301,-8.011583,-20.78138,55.0,0,3,0.0,5.014058,0.0,0.0,0.0,171,5.014058,171,2.052655,-5.969499,1
021528,财通成长优选混合C,MIXED,2025-12-12,8.868648,10.457198,12.481426,8.109395,0.689905,46.283757,-8.011583,-20.78138,50.0,2,0,0.0,10.457198,0.0,0.0,0.0,172,10.457198,172,-1.629238,-5.969499,0
021528,财通成长优选混合C,MIXED,2025-12-15,-0.273723,6.219631,7.950617,3.746945,0.713716,48.713043,-8.011583,-20.78138,55.0,0,2,0.0,6.219631,0.0,0.0,0.0,173,6.219631,173,6.3129,-5.969499,1
021528,财通成长优选混合C,MIXED,2025-12-16,-6.936665,5.160662,9.090909,2.255781,0.708081,48.986906,-8.011583,-20.78138,55.0,0,3,0.0,5.160662,0.0,0.0,0.0,174,5.160662,174,10.37037,-5.969499,1
021528,财通成长优选混合C,MIXED,2025-12-17,-0.520156,12.005857,14.864865,8.017791,0.779713,53.272031,-8.011583,-20.78138,50.0,2,0,0.0,12.005857,0.0,0.0,0.0,175,12.005857,175,4.095861,-5.969499,1
021528,财通成长优选混合C,MIXED,2025-12-18,-1.874163,6.129344,10.115173,3.19099,0.788221,55.87567,-6.936665,-20.78138,55.0,0,2,0.0,6.129344,0.0,0.0,0.0,176,6.129344,176,6.866758,-5.539112,1
021528,财通成长优选混合C,MIXED,2025-12-19,-4.975782,11.294482,6.044226,0.749317,0.660666,50.644965,-7.022835,-20.78138,55.0,0,3,0.0,11.294482,0.0,0.0,0.0,177,11.294482,177,4.865616,-5.539112,1
021528,财通成长优选混合C,MIXED,2025-12-22,3.796889,19.045121,11.389298,5.041433,0.566668,52.347507,-7.022835,-20.78138,50.0,2,0,0.0,19.045121,0.0,0.0,0.0,178,19.045121,178,3.040987,-5.539112,1
021528,财通成长优选混合C,MIXED,2025-12-23,7.592593,16.491228,11.036789,6.774483,0.550191,50.801943,-7.022835,-20.78138,50.0,3,0,0.0,16.491228,0.0,0.0,0.0,179,16.491228,179,5.335628,-5.539112,1
021528,财通成长优选混合C,MIXED,2025-12-24,2.745098,12.60745,12.446352,7.683526,0.605727,48.477438,-7.022835,-20.78138,50.0,4,0,0.0,12.60745,0.0,0.0,0.0,180,12.60745,180,-0.848176,-5.539112,0
021528,财通成长优选混合C,MIXED,2025-12-25,7.41246,14.161431,15.219512,7.149338,0.626839,48.033211,-7.022835,-20.78138,45.0,5,0,0.0,14.161431,0.0,0.0,0.0,181,14.161431,181,0.169348,-5.539112,0
021528,财通成长优选混合C,MIXED,2025-12-26,7.877665,13.560976,13.229572,4.945228,0.59261,48.302006,-7.022835,-20.78138,45.0,0,2,0.0,13.560976,0.0,0.0,0.0,182,13.560976,182,4.467354,-5.539112,1
021528,财通成长优选混合C,MIXED,2025-12-29,4.230939,13.701923,19.746835,5.932678,0.584887,48.331113,-7.022835,-20.78138,45.0,2,0,0.0,13.701923,0.0,0.0,0.0,183,13.701923,183,2.367865,-5.539112,1
021528,财通成长优选混合C,MIXED,2025-12-30,0.344234,12.331407,15.160494,3.859087,0.534739,48.807892,-7.022835,-20.78138,45.0,0,2,0.0,12.331407,0.0,0.0,0.0,184,12.331407,184,0.128645,-5.298855,0
021528,财通成长优选混合C,MIXED,2025-12-31,-3.095844,10.173578,15.055388,1.289951,0.437416,49.653375,-7.022835,-20.78138,45.0,0,3,0.0,10.173578,0.0,0.0,0.0,185,10.173578,185,4.901532,-5.298855,1
021528,财通成长优选混合C,MIXED,2026-01-05,-0.508044,13.035113,17.206983,3.549318,0.370962,50.307203,-7.022835,-20.78138,45.0,2,0,0.0,13.035113,0.0,0.0,0.0,186,13.035113,186,0.297872,-5.298855,0
021528,财通成长优选混合C,MIXED,2026-01-06,-0.128866,11.457335,18.865031,1.911107,0.276838,50.67149,-7.022835,-20.78138,50.0,0,2,0.0,11.457335,0.0,0.0,0.0,187,11.457335,187,2.27957,-5.298855,1
021528,财通成长优选混合C,MIXED,2026-01-07,-0.2537,7.618613,23.249739,3.024348,0.262596,47.974935,-7.022835,-20.78138,50.0,2,0,0.0,7.618613,0.0,0.0,0.0,188,7.618613,188,-1.059771,-5.298855,0
021528,财通成长优选混合C,MIXED,2026-01-08,-0.686106,-0.215424,28.239203,1.157458,0.300555,43.941655,-6.458604,-20.78138,55.0,0,2,0.0,0.0,0.215424,0.0,0.0,189,-0.215424,189,-1.511226,-6.821895,0
021528,财通成长优选混合C,MIXED,2026-01-09,1.006565,0.043346,22.245763,0.805835,0.32416,43.902271,-5.969499,-20.78138,55.0,0,3,0.0,0.043346,0.0,0.0,0.0,190,0.043346,190,-2.902946,-8.455882,0
021528,财通成长优选混合C,MIXED,2026-01-12,-2.680851,2.052655,22.03842,-0.211619,0.288797,42.724,-5.969499,-20.78138,55.0,0,4,0.0,2.052655,0.0,0.0,0.0,191,2.052655,191,2.404897,-8.455882,0
021528,财通成长优选混合C,MIXED,2026-01-13,-3.913978,-1.629238,23.698782,-2.445415,0.238566,43.325456,-5.969499,-20.78138,60.0,0,5,0.0,0.0,1.629238,0.0,0.0,192,-1.629238,192,5.058192,-8.455882,0
021528,财通成长优选混合C,MIXED,2026-01-14,-1.48368,6.3129,24.278075,1.179851,0.187503,43.315348,-5.969499,-20.78138,55.0,2,0,0.0,6.3129,0.0,0.0,0.0,193,6.3129,193,-1.16179,-8.455882,0
021528,财通成长优选混合C,MIXED,2026-01-15,2.936097,10.37037,20.040282,3.288419,0.146851,43.615079,-5.969499,-20.78138,50.0,3,0,0.0,10.37037,0.0,0.0,0.0,194,10.37037,194,-2.936242,-8.455882,0
021528,财通成长优选混合C,MIXED,2026-01-16,3.509532,4.095861,19.330669,3.294708,0.18758,38.019603,-5.539112,-20.78138,50.0,4,0,0.0,4.095861,0.0,0.0,0.0,195,4.095861,195,-5.064881,-8.455882,0
021528,财通成长优选混合C,MIXED,2026-01-19,2.7547,6.866758,18.927126,1.277824,0.132434,35.057461,-5.539112,-20.78138,50.0,0,2,0.0,6.866758,0.0,0.0,0.0,196,6.866758,196,0.297872,-8.455882,0
021528,财通成长优选混合C,MIXED,2026-01-20,1.29812,4.865616,7.352941,-2.691778,-0.01332,37.145531,-5.539112,-20.78138,50.0,0,3,0.0,4.865616,0.0,0.0,0.0,197,4.865616,197,7.688909,-8.455882,0
021528,财通成长优选混合C,MIXED,2026-01-21,0.60241,3.040987,4.890085,0.384277,-0.044066,34.42585,-5.539112,-20.78138,50.0,2,0,0.0,3.040987,0.0,0.0,0.0,198,3.040987,198,7.399487,-8.455882,0
021528,财通成长优选混合C,MIXED,2026-01-22,2.684564,5.335628,5.836576,4.828177,0.025403,37.241574,-5.539112,-20.78138,50.0,3,0,0.0,5.335628,0.0,0.0,0.0,199,5.335628,199,-2.205882,-8.455882,0
021528,财通成长优选混合C,MIXED,2026-01-23,-2.134784,-0.848176,-2.826268,0.160651,0.042486,40.596032,-5.539112,-19.67973,55.0,0,2,0.0,0.0,0.848176,0.0,0.0,200,-0.848176,200,4.106074,-7.853618,1
021528,财通成长优选混合C,MIXED,2026-01-26,0.680851,0.169348,-0.294985,1.351496,0.080681,40.820279,-5.539112,-16.549912,55.0,2,0,0.0,0.169348,0.0,0.0,0.0,201,0.169348,201,0.803043,-7.853618,0
021528,财通成长优选混合C,MIXED,2026-01-27,7.467963,4.467354,7.801418,3.947172,0.135712,41.541518,-5.539112,-16.549912,50.0,3,0,0.0,4.467354,0.0,0.0,0.0,202,4.467354,202,-3.042763,-7.853618,0
021528,财通成长优选混合C,MIXED,2026-01-28,3.550043,2.367865,8.225302,3.353327,0.20225,41.300718,-5.298855,-16.549912,55.0,0,2,0.0,2.367865,0.0,0.0,0.0,203,2.367865,203,-1.776126,-7.434944,0
021528,财通成长优选混合C,MIXED,2026-01-29,-4.616013,0.128645,4.380867,-0.324426,0.19065,43.043405,-5.298855,-16.549912,55.0,0,3,0.0,0.128645,0.0,0.0,0.0,204,0.128645,204,0.985011,-6.508135,0
021528,财通成长优选混合C,MIXED,2026-01-30,2.523524,4.901532,6.770601,2.078188,0.18456,43.275703,-5.298855,-16.549912,50.0,2,0,0.0,4.901532,0.0,0.0,0.0,205,4.901532,205,-4.797664,-9.119873,0
021528,财通成长优选混合C,MIXED,2026-02-02,-0.380389,0.297872,3.196147,0.359796,0.191095,42.682434,-5.298855,-14.567459,55.0,0,2,0.0,0.297872,0.0,0.0,0.0,206,0.297872,206,2.078914,-9.119873,0
021528,财通成长优选混合C,MIXED,2026-02-03,-2.220395,2.27957,6.588974,1.139843,0.192959,42.570239,-5.298855,-12.568807,50.0,2,0,0.0,2.27957,0.0,0.0,0.0,207,2.27957,207,0.630782,-9.119873,0
021528,财通成长优选混合C,MIXED,2026-02-04,-3.593556,-1.059771,7.06422,-0.678738,0.187846,42.835737,-5.274173,-10.684161,55.0,0,2,0.0,0.0,1.059771,0.0,0.0,208,-1.059771,208,0.428449,-9.119873,0
021528,财通成长优选混合C,MIXED,2026-02-05,-2.312634,-1.511226,8.104265,-2.861766,0.123211,43.114579,-6.821895,-10.684161,55.0,0,3,0.0,0.0,1.511226,0.0,0.0,209,-1.511226,209,4.121,-9.119873,0
021528,财通成长优选混合C,MIXED,2026-02-06,-6.508135,-2.902946,5.607917,-4.428855,0.031007,43.534116,-8.455882,-10.684161,55.0,0,4,0.0,0.0,2.902946,0.0,0.0,210,-2.902946,210,9.236948,-9.119873,0
021528,财通成长优选混合C,MIXED,2026-02-09,-0.636402,2.404897,9.746954,-0.238541,-0.009672,46.370394,-8.455882,-8.455882,50.0,2,0,0.0,2.404897,0.0,0.0,0.0,211,2.404897,211,0.256191,-9.119873,0
021528,财通成长优选混合C,MIXED,2026-02-10,-1.303616,5.058192,14.153696,-0.26559,-0.086235,45.438363,-8.455882,-8.455882,45.0,3,0,0.0,5.058192,0.0,0.0,0.0,212,5.058192,212,4.601619,-9.119873,0
021528,财通成长优选混合C,MIXED,2026-02-11,-1.585261,-1.16179,11.613217,-2.334283,-0.140088,43.944543,-8.455882,-8.455882,50.0,0,2,0.0,0.0,1.16179,0.0,0.0,213,-1.16179,213,5.616021,-9.119873,0
021528,财通成长优选混合C,MIXED,2026-02-12,1.446734,-2.936242,12.658228,-1.464827,-0.14177,42.972704,-8.455882,-8.455882,50.0,2,0,0.0,0.0,2.936242,0.0,0.0,214,-2.936242,214,9.20484,-9.119873,0
021528,财通成长优选混合C,MIXED,2026-02-13,1.204819,-5.064881,10.688141,-3.174163,-0.163803,43.458289,-8.455882,-8.455882,55.0,0,2,0.0,0.0,5.064881,0.0,0.0,215,-5.064881,215,5.687831,-9.119873,0
021528,财通成长优选混合C,MIXED,2026-02-24,0.640478,0.297872,13.754826,0.610407,-0.149689,45.498005,-8.455882,-8.455882,50.0,2,0,0.0,0.297872,0.0,0.0,0.0,216,0.297872,216,5.260925,-9.119873,0
021528,财通成长优选混合C,MIXED,2026-02-25,3.834683,7.688909,25.683342,3.640384,-0.145362,44.694152,-8.455882,-8.455882,45.0,3,0,0.0,7.688909,0.0,0.0,0.0,217,7.688909,217,4.226508,-9.119873,0
021528,财通成长优选混合C,MIXED,2026-02-26,9.3165,7.399487,31.741868,6.396051,-0.057186,44.465015,-8.455882,-8.455882,45.0,4,0,0.0,7.399487,0.0,0.0,0.0,218,7.399487,218,-0.995619,-9.119873,0
021528,财通成长优选混合C,MIXED,2026-02-27,3.457217,-2.205882,20.0,1.554712,0.022231,44.848525,-7.853618,-8.455882,50.0,0,2,0.0,0.0,2.205882,0.0,0.0,219,-2.205882,219,3.592314,-6.244864,1
021528,财通成长优选混合C,MIXED,2026-03-02,7.319224,4.106074,16.236867,3.04172,0.055608,42.040955,-7.853618,-8.455882,45.0,2,0,0.0,4.106074,0.0,0.0,0.0,220,4.106074,220,3.36894,-6.244864,1
021528,财通成长优选混合C,MIXED,2026-03-03,1.187951,0.803043,15.273079,0.926749,0.071971,42.60661,-7.853618,-8.455882,50.0,0,2,0.0,0.803043,0.0,0.0,0.0,221,0.803043,221,2.557652,-5.14444,1
021528,财通成长优选混合C,MIXED,2026-03-04,-3.241691,-3.042763,15.02439,-0.059337,0.115105,41.552736,-7.434944,-8.455882,55.0,0,3,0.0,0.0,3.042763,0.0,0.0,222,-3.042763,222,6.82782,-5.14444,1
021528,财通成长优选混合C,MIXED,2026-03-05,-5.296695,-1.776126,14.326923,0.880263,0.167744,41.671846,-6.508135,-8.455882,50.0,2,0,0.0,0.0,1.776126,0.0,0.0,223,-1.776126,223,3.027754,-5.14444,1
021528,财通成长优选混合C,MIXED,2026-03-06,-1.503759,0.985011,13.583815,-0.016961,0.15322,39.721298,-6.508135,-8.455882,50.0,0,2,0.0,0.985011,0.0,0.0,0.0,224,0.985011,224,7.124682,-5.14444,1
021528,财通成长优选混合C,MIXED,2026-03-09,-6.244864,-4.797664,10.02893,-3.002997,0.133109,40.142263,-9.119873,-9.119873,55.0,0,3,0.0,0.0,4.797664,0.0,0.0,225,-4.797664,225,10.297984,-5.14444,1
021528,财通成长优选混合C,MIXED,2026-03-10,0.880503,2.078914,15.728716,2.161267,0.168248,44.420536,-9.119873,-9.119873,50.0,2,0,0.0,2.078914,0.0,0.0,0.0,226,2.078914,226,13.424771,-5.14444,1
021528,财通成长优选混合C,MIXED,2026-03-11,1.484309,0.630782,14.717162,1.576926,0.206525,44.390082,-9.119873,-9.119873,55.0,0,2,0.0,0.630782,0.0,0.0,0.0,227,0.630782,227,15.169244,-5.14444,1
021528,财通成长优选混合C,MIXED,2026-03-12,-1.429773,0.428449,6.934307,-0.524116,0.184655,44.508579,-9.119873,-9.119873,55.0,0,3,0.0,0.428449,0.0,0.0,0.0,228,0.428449,228,22.397611,-5.14444,1
021528,财通成长优选混合C,MIXED,2026-03-13,0.72095,4.121,2.326583,0.590839,0.145182,43.837069,-9.119873,-9.119873,50.0,2,0,0.0,4.121,0.0,0.0,0.0,229,4.121,229,23.747368,-5.14444,1
021528,财通成长优选混合C,MIXED,2026-03-16,7.274321,9.236948,6.111834,3.230159,0.116996,44.274867,-9.119873,-9.119873,45.0,3,0,0.0,9.236948,0.0,0.0,0.0,230,9.236948,230,22.875817,-5.14444,1
021528,财通成长优选混合C,MIXED,2026-03-17,-2.41064,0.256191,4.774654,-0.999283,0.083313,44.412852,-9.119873,-9.119873,50.0,0,2,0.0,0.256191,0.0,0.0,0.0,231,0.256191,231,26.448041,-5.14444,1
021528,财通成长优选混合C,MIXED,2026-03-18,2.59089,4.601619,8.102158,3.277102,0.116778,47.213065,-9.119873,-9.119873,50.0,2,0,0.0,4.601619,0.0,0.0,0.0,232,4.601619,232,23.625255,-5.14444,1
021528,财通成长优选混合C,MIXED,2026-03-19,3.498294,5.616021,10.978957,1.780957,0.092709,46.691165,-9.119873,-9.119873,50.0,0,2,0.0,5.616021,0.0,0.0,0.0,233,5.616021,233,31.409728,-5.14444,1
021528,财通成长优选混合C,MIXED,2026-03-20,6.4,9.20484,16.990741,5.546738,0.132023,48.645192,-9.119873,-9.119873,50.0,2,0,0.0,9.20484,0.0,0.0,0.0,234,9.20484,234,25.643055,-5.14444,1
021528,财通成长优选混合C,MIXED,2026-03-23,-2.083333,5.687831,4.444444,-0.152042,0.050331,51.952024,-9.119873,-9.119873,50.0,0,2,0.0,5.687831,0.0,0.0,0.0,235,5.687831,235,34.543179,-3.700787,1
021528,财通成长优选混合C,MIXED,2026-03-24,5.664395,5.260925,12.824011,3.08079,0.069257,51.586695,-9.119873,-9.119873,50.0,2,0,0.0,5.260925,0.0,0.0,0.0,236,5.260925,236,35.34865,-3.700787,1
021528,财通成长优选混合C,MIXED,2026-03-25,3.462322,4.226508,17.701576,5.306799,0.167708,50.901715,-9.119873,-9.119873,50.0,3,0,0.0,4.226508,0.0,0.0,0.0,237,4.226508,237,29.094488,-3.700787,1
021528,财通成长优选混合C,MIXED,2026-03-26,2.473207,-0.995619,9.563684,3.121435,0.276487,50.458183,-6.244864,-9.119873,55.0,0,2,0.0,0.0,0.995619,0.0,0.0,238,-0.995619,238,29.002414,-4.496724,1
021528,财通成长优选混合C,MIXED,2026-03-27,-1.859913,3.592314,6.712565,2.689385,0.306007,47.393507,-6.244864,-9.119873,55.0,0,3,0.0,3.592314,0.0,0.0,0.0,239,3.592314,239,32.137097,-4.496724,1
021528,财通成长优选混合C,MIXED,2026-03-30,4.964539,3.36894,6.700594,4.003472,0.377471,47.310739,-5.14444,-9.119873,55.0,2,0,0.0,3.36894,0.0,0.0,0.0,240,3.36894,240,27.344992,-4.586063,1
021528,财通成长优选混合C,MIXED,2026-03-31,-1.410721,2.557652,3.556308,0.982578,0.37057,47.865088,-5.14444,-9.119873,55.0,0,2,0.0,2.557652,0.0,0.0,0.0,241,2.557652,241,32.256746,-4.586063,1
021528,财通成长优选混合C,MIXED,2026-04-01,-0.826772,6.82782,8.204467,3.651888,0.384533,48.605215,-5.14444,-9.119873,50.0,2,0,0.0,6.82782,0.0,0.0,0.0,242,6.82782,242,29.932513,-4.586063,1
021528,财通成长优选混合C,MIXED,2026-04-02,-1.448109,3.027754,3.59408,0.663558,0.36166,49.79572,-5.14444,-9.119873,55.0,0,2,0.0,3.027754,0.0,0.0,0.0,243,3.027754,243,35.632653,-4.586063,1
021528,财通成长优选混合C,MIXED,2026-04-03,1.854839,7.124682,8.319039,3.429215,0.36528,50.666171,-5.14444,-9.119873,50.0,2,0,0.0,7.124682,0.0,0.0,0.0,244,7.124682,244,35.075218,-4.586063,1
021528,财通成长优选混合C,MIXED,2026-04-07,0.039746,10.297984,10.153173,2.567237,0.303938,48.94514,-5.14444,-9.119873,50.0,0,2,0.0,10.297984,0.0,0.0,0.0,245,10.297984,245,34.644418,-4.586063,1
021528,财通成长优选混合C,MIXED,2026-04-08,11.56991,13.424771,16.12766,10.479121,0.430311,53.818968,-5.14444,-9.119873,50.0,2,0,0.0,13.424771,0.0,0.0,0.0,246,13.424771,246,27.152803,-4.586063,1
021528,财通成长优选混合C,MIXED,2026-04-09,9.408495,15.169244,18.537634,10.758349,0.542328,53.630329,-5.14444,-9.119873,45.0,3,0,0.0,15.169244,0.0,0.0,0.0,247,15.169244,247,30.297533,-4.586063,1
021528,财通成长优选混合C,MIXED,2026-04-10,17.102041,22.397611,21.61933,14.095962,0.662341,53.797714,-5.14444,-9.119873,40.0,4,0,0.0,22.397611,0.0,0.0,0.0,248,22.397611,248,29.417916,-4.586063,1
021528,财通成长优选混合C,MIXED,2026-04-13,16.34996,23.747368,26.899827,15.583522,0.806805,54.013135,-5.14444,-9.119873,40.0,5,0,0.0,23.747368,0.0,0.0,0.0,249,23.747368,249,21.503913,-4.586063,1
021528,财通成长优选混合C,MIXED,2026-04-14,19.50735,22.875817,30.329289,17.008655,0.998363,53.72657,-5.14444,-9.119873,40.0,6,0,0.0,22.875817,0.0,0.0,0.0,250,22.875817,250,17.719415,-4.632373,1
021528,财通成长优选混合C,MIXED,2026-04-15,8.79443,26.448041,29.820726,14.113306,1.069936,51.00778,-5.14444,-9.119873,40.0,0,2,0.0,26.448041,0.0,0.0,0.0,251,26.448041,251,20.511957,-4.632373,1
021528,财通成长优选混合C,MIXED,2026-04-16,10.123367,23.625255,35.854969,15.364148,1.205271,49.64233,-5.14444,-9.119873,40.0,2,0,0.0,23.625255,0.0,0.0,0.0,252,23.625255,252,18.879736,-4.632373,1
021528,财通成长优选混合C,MIXED,2026-04-17,11.118857,31.409728,37.177281,19.449961,1.365154,50.731656,-5.14444,-9.119873,35.0,3,0,0.0,31.409728,0.0,0.0,0.0,253,31.409728,253,14.899624,-4.632373,1
021528,财通成长优选混合C,MIXED,2026-04-20,8.029942,25.643055,33.17953,17.536001,1.533486,50.047172,-3.700787,-9.119873,40.0,0,2,0.0,25.643055,0.0,0.0,0.0,254,25.643055,254,14.299213,-4.632373,1
021528,财通成长优选混合C,MIXED,2026-04-21,7.214096,34.543179,34.993721,17.584862,1.607932,44.087953,-3.700787,-9.119873,35.0,2,0,0.0,34.543179,0.0,0.0,0.0,255,34.543179,255,23.224806,-4.632373,1
021528,财通成长优选混合C,MIXED,2026-04-22,13.102055,35.34865,42.893617,20.507438,1.749785,44.508767,-3.700787,-9.119873,35.0,3,0,0.0,35.34865,0.0,0.0,0.0,256,35.34865,256,22.60274,-4.632373,1
021528,财通成长优选混合C,MIXED,2026-04-23,8.039539,29.094488,44.896156,16.13246,1.838171,46.481575,-2.782194,-9.119873,40.0,0,2,0.0,29.094488,0.0,0.0,0.0,257,29.094488,257,26.959439,-4.632373,1
021528,财通成长优选混合C,MIXED,2026-04-24,0.595985,29.002414,37.16852,12.150513,1.82023,46.550923,-4.496724,-9.119873,40.0,0,3,0.0,29.002414,0.0,0.0,0.0,258,29.002414,258,32.553789,-4.632373,1
021528,财通成长优选混合C,MIXED,2026-04-27,3.212598,32.137097,33.864379,13.023384,1.794201,46.265928,-4.496724,-9.119873,35.0,2,0,0.0,32.137097,0.0,0.0,0.0,259,32.137097,259,35.18462,-4.632373,1
021528,财通成长优选混合C,MIXED,2026-04-28,-0.651163,27.344992,37.040205,9.209898,1.715141,48.064837,-4.586063,-9.119873,40.0,0,2,0.0,27.344992,0.0,0.0,0.0,260,27.344992,260,35.330836,-4.632373,1
021528,财通成长优选混合C,MIXED,2026-04-29,-3.662895,32.256746,36.728656,8.803498,1.578056,45.666799,-4.586063,-9.119873,35.0,2,0,0.0,32.256746,0.0,0.0,0.0,261,32.256746,261,28.964451,-5.823928,1
021528,财通成长优选混合C,MIXED,2026-04-30,-0.182983,29.932513,34.580592,8.703233,1.462307,45.308695,-4.586063,-9.119873,35.0,3,0,0.0,29.932513,0.0,0.0,0.0,262,29.932513,262,34.158265,-5.823928,1
021528,财通成长优选混合C,MIXED,2026-05-06,3.617088,35.632653,37.257332,8.786748,1.29739,42.647384,-4.586063,-9.119873,30.0,4,0,0.0,35.632653,0.0,0.0,0.0,263,35.632653,263,36.773999,-5.823928,1
021528,财通成长优选混合C,MIXED,2026-05-07,4.119622,35.075218,46.124197,10.103585,1.174271,42.471525,-4.586063,-9.119873,30.0,5,0,0.0,35.075218,0.0,0.0,0.0,264,35.075218,264,35.814771,-5.823928,1
021528,财通成长优选混合C,MIXED,2026-05-08,5.774032,34.644418,41.385065,7.844073,0.997482,42.674992,-4.586063,-9.119873,30.0,0,2,0.0,34.644418,0.0,0.0,0.0,265,34.644418,265,31.248156,-5.823928,1
021528,财通成长优选混合C,MIXED,2026-05-11,7.264297,27.152803,47.221044,9.13494,0.927662,34.3077,-4.586063,-9.119873,30.0,2,0,0.0,27.152803,0.0,0.0,0.0,266,27.152803,266,28.184438,-5.823928,1
021528,财通成长优选混合C,MIXED,2026-05-12,9.715857,30.297533,51.009251,11.476733,0.890501,35.208755,-4.586063,-9.119873,30.0,3,0,0.0,30.297533,0.0,0.0,0.0,267,30.297533,267,33.500418,-5.823928,1
021528,财通成长优选混合C,MIXED,2026-05-13,11.736383,29.417916,59.083119,13.773556,0.923774,34.564564,-4.586063,-9.119873,30.0,4,0,0.0,29.417916,0.0,0.0,0.0,268,29.417916,268,26.097495,-5.823928,1
021528,财通成长优选混合C,MIXED,2026-05-14,4.660023,21.503913,56.554143,8.373039,0.892736,38.769482,-4.586063,-9.119873,35.0,0,2,0.0,21.503913,0.0,0.0,0.0,269,21.503913,269,30.8317,-5.823928,1
021528,财通成长优选混合C,MIXED,2026-05-15,4.485099,17.719415,58.009817,6.600437,0.854858,38.958072,-4.632373,-9.119873,40.0,0,3,0.0,17.719415,0.0,0.0,0.0,270,17.719415,270,32.674386,-5.823928,1
021528,财通成长优选混合C,MIXED,2026-05-18,3.112392,20.511957,52.775406,6.735875,0.790144,38.126693,-4.632373,-9.119873,35.0,2,0,0.0,20.511957,0.0,0.0,0.0,271,20.511957,271,46.813862,-5.823928,1
021528,财通成长优选混合C,MIXED,2026-05-19,0.473406,18.879736,53.728164,6.718725,0.743395,37.83623,-4.632373,-9.119873,35.0,3,0,0.0,18.879736,0.0,0.0,0.0,272,18.879736,272,51.247228,-5.823928,1
021528,财通成长优选混合C,MIXED,2026-05-20,-1.34662,14.899624,59.468872,7.589732,0.767162,34.650497,-4.632373,-9.119873,35.0,4,0,0.0,14.899624,0.0,0.0,0.0,273,14.899624,273,52.934753,-5.823928,1
021528,财通成长优选混合C,MIXED,2026-05-21,1.624195,14.299213,56.828003,5.885099,0.749839,34.923218,-4.632373,-9.119873,35.0,0,2,0.0,14.299213,0.0,0.0,0.0,274,14.299213,274,59.244971,-5.823928,1
021528,财通成长优选混合C,MIXED,2026-05-22,12.228184,23.224806,75.220459,14.69803,0.874956,46.880809,-4.632373,-9.119873,35.0,2,0,0.0,23.224806,0.0,0.0,0.0,275,23.224806,275,47.584298,-5.823928,1
021528,财通成长优选混合C,MIXED,2026-05-25,15.064282,22.60274,74.671192,17.537899,1.083375,46.46491,-4.632373,-9.119873,35.0,3,0,0.0,22.60274,0.0,0.0,0.0,276,22.60274,276,33.300947,-6.427962,1
021528,财通成长优选混合C,MIXED,2026-05-26,15.382483,26.959439,70.824785,17.370098,1.236238,44.6793,-4.632373,-9.119873,30.0,4,0,0.0,26.959439,0.0,0.0,0.0,277,26.959439,277,35.166947,-6.427962,1
021528,财通成长优选混合C,MIXED,2026-05-27,16.052416,32.553789,69.295102,18.112862,1.348666,42.869528,-4.632373,-6.244864,25.0,5,0,0.0,32.553789,0.0,0.0,0.0,278,32.553789,278,39.331922,-6.427962,1
021528,财通成长优选混合C,MIXED,2026-05-28,22.072196,35.18462,85.045948,21.145826,1.51293,43.919133,-4.632373,-6.244864,25.0,6,0,0.0,35.18462,0.0,0.0,0.0,279,35.18462,279,30.293454,-6.427962,1
021528,财通成长优选混合C,MIXED,2026-05-29,9.10921,35.330836,78.142975,16.767878,1.558672,43.7998,-4.632373,-5.14444,25.0,0,2,0.0,35.330836,0.0,0.0,0.0,280,35.330836,280,28.989852,-6.427962,1
021528,财通成长优选混合C,MIXED,2026-06-01,1.335924,28.964451,74.926625,10.951545,1.512638,47.720709,-5.823928,-5.823928,30.0,0,3,0.0,28.964451,0.0,0.0,0.0,281,28.964451,281,36.577181,-6.427962,1
021528,财通成长优选混合C,MIXED,2026-06-02,5.47682,34.158265,86.217133,15.065119,1.525038,49.70451,-5.823928,-5.823928,30.0,2,0,0.0,34.158265,0.0,0.0,0.0,282,34.158265,282,28.603963,-6.427962,1
025833,天弘电网设备特高压指数C,INDEX,2025-12-24,3.344418,0.0,0.0,4.938182,0.383754,21.745714,-2.587505,-2.587505,35.0,5,0,0.0,0.0,0.0,0.0,0.0,20,0.0,20,13.330882,-2.382094,1
025833,天弘电网设备特高压指数C,INDEX,2025-12-25,5.582923,9.31,0.0,4.987658,0.404302,21.166305,-2.587505,-2.587505,35.0,6,0,0.0,9.31,0.0,0.0,0.0,21,9.31,21,13.219285,-2.382094,1
025833,天弘电网设备特高压指数C,INDEX,2025-12-26,4.551961,8.863275,0.0,4.778937,0.424437,21.168841,-2.587505,-2.587505,35.0,7,0,0.0,8.863275,0.0,0.0,0.0,22,8.863275,22,11.893027,-2.382094,1
025833,天弘电网设备特高压指数C,INDEX,2025-12-29,0.820819,6.429697,0.0,3.051306,0.425948,21.98872,-2.587505,-2.587505,40.0,0,2,0.0,6.429697,0.0,0.0,0.0,23,6.429697,23,13.988343,-2.382094,1
025833,天弘电网设备特高压指数C,INDEX,2025-12-30,-0.018577,7.040573,0.0,2.2771,0.396896,21.630732,-2.587505,-2.587505,40.0,0,3,0.0,7.040573,0.0,0.0,0.0,24,7.040573,24,11.510591,-4.052758,1
025833,天弘电网设备特高压指数C,INDEX,2025-12-31,-1.618093,6.753791,0.0,1.352503,0.344699,21.760464,-2.587505,-2.587505,40.0,0,4,0.0,6.753791,0.0,0.0,0.0,25,6.753791,25,12.232502,-4.052758,1
025833,天弘电网设备特高压指数C,INDEX,2026-01-05,-0.521453,8.306773,0.0,2.585873,0.308713,22.213585,-2.587505,-2.587505,40.0,2,0,0.0,8.306773,0.0,0.0,0.0,26,8.306773,26,11.86316,-4.052758,1
025833,天弘电网设备特高压指数C,INDEX,2026-01-06,0.146039,6.369365,0.0,3.190614,0.315446,20.552658,-2.587505,-2.587505,40.0,3,0,0.0,6.369365,0.0,0.0,0.0,27,6.369365,27,14.755742,-4.052758,1
025833,天弘电网设备特高压指数C,INDEX,2026-01-07,3.201036,7.746547,0.0,4.517537,0.342778,21.105818,-2.587505,-2.587505,40.0,4,0,0.0,7.746547,0.0,0.0,0.0,28,7.746547,28,13.330345,-4.052758,1
025833,天弘电网设备特高压指数C,INDEX,2026-01-08,3.734671,8.009286,0.0,4.216347,0.357861,21.042782,-2.587505,-2.587505,35.0,5,0,0.0,8.009286,0.0,0.0,0.0,29,8.009286,29,8.078094,-4.540421,1
025833,天弘电网设备特高压指数C,INDEX,2026-01-09,6.223717,9.889791,0.0,5.588274,0.388477,21.575417,-2.587505,-2.587505,35.0,6,0,0.0,9.889791,0.0,0.0,0.0,30,9.889791,30,6.853171,-4.540421,1
025833,天弘电网设备特高压指数C,INDEX,2026-01-12,5.260254,10.996897,0.0,5.765055,0.410133,21.380865,-2.587505,-2.587505,30.0,7,0,0.0,10.996897,0.0,0.0,0.0,31,10.996897,31,9.156037,-4.540421,1
025833,天弘电网设备特高压指数C,INDEX,2026-01-13,6.735326,10.190064,0.0,7.67498,0.496667,20.344041,-2.327492,-2.587505,30.0,8,0,0.0,10.190064,0.0,0.0,0.0,32,10.190064,32,7.78755,-4.540421,1
025833,天弘电网设备特高压指数C,INDEX,2026-01-14,4.249216,9.790408,0.0,6.413741,0.551644,20.579416,-2.327492,-2.587505,30.0,0,2,0.0,9.790408,0.0,0.0,0.0,33,9.790408,33,8.607791,-4.540421,1
025833,天弘电网设备特高压指数C,INDEX,2026-01-15,5.767509,13.996139,0.0,7.35778,0.580994,18.313531,-2.327492,-2.587505,25.0,2,0,0.0,13.996139,0.0,0.0,0.0,34,13.996139,34,10.152413,-4.540421,1
025833,天弘电网设备特高压指数C,INDEX,2026-01-16,5.243248,13.662708,0.0,8.042448,0.633569,18.143136,-2.327492,-2.587505,25.0,3,0,0.0,13.662708,0.0,0.0,0.0,35,13.662708,35,6.419794,-4.540421,1
025833,天弘电网设备特高压指数C,INDEX,2026-01-19,9.295824,20.834541,0.0,11.89274,0.709522,20.94568,-2.327492,-2.587505,20.0,4,0,0.0,20.834541,0.0,0.0,0.0,36,20.834541,36,5.819345,-4.540421,1
025833,天弘电网设备特高压指数C,INDEX,2026-01-20,6.660405,19.200305,0.0,10.72649,0.771005,21.282842,-2.327492,-2.587505,25.0,0,2,0.0,19.200305,0.0,0.0,0.0,37,19.200305,37,6.564727,-4.540421,1
025833,天弘电网设备特高压指数C,INDEX,2026-01-21,6.432195,15.44632,0.0,8.916511,0.825372,21.505636,-2.327492,-2.587505,30.0,0,3,0.0,15.44632,0.0,0.0,0.0,38,15.44632,38,10.697261,-4.540421,1
025833,天弘电网设备特高压指数C,INDEX,2026-01-22,3.403895,13.431172,0.0,6.785122,0.843586,22.706867,-2.382094,-2.587505,35.0,0,4,0.0,13.431172,0.0,0.0,0.0,39,13.431172,39,12.020963,-4.540421,1
025833,天弘电网设备特高压指数C,INDEX,2026-01-23,3.042715,13.330882,0.0,7.111669,0.872166,22.688761,-2.382094,-2.587505,35.0,2,0,0.0,13.330882,0.0,0.0,0.0,40,13.330882,40,12.647035,-4.540421,1
025833,天弘电网设备特高压指数C,INDEX,2026-01-26,-1.071143,13.219285,0.0,6.866538,0.894987,22.699621,-2.382094,-2.587505,35.0,3,0,0.0,13.219285,0.0,0.0,0.0,41,13.219285,41,8.096315,-4.540421,1
025833,天弘电网设备特高压指数C,INDEX,2026-01-27,-1.857337,11.893027,0.0,5.264062,0.888463,23.349752,-2.382094,-2.587505,40.0,0,2,0.0,11.893027,0.0,0.0,0.0,42,11.893027,42,11.950404,-4.540421,1
025833,天弘电网设备特高压指数C,INDEX,2026-01-28,-0.452452,13.988343,0.0,5.114085,0.852264,22.234058,-2.382094,-2.587505,35.0,2,0,0.0,13.988343,0.0,0.0,0.0,43,13.988343,43,15.518221,-4.540421,1
025833,天弘电网设备特高压指数C,INDEX,2026-01-29,-1.711431,11.510591,0.0,1.862774,0.753596,24.810022,-4.052758,-4.052758,35.0,0,2,0.0,11.510591,0.0,0.0,0.0,44,11.510591,44,19.328501,-4.540421,1
025833,天弘电网设备特高压指数C,INDEX,2026-01-30,-2.571591,12.232502,0.0,1.359192,0.632492,24.520245,-4.052758,-4.052758,30.0,2,0,0.0,12.232502,0.0,0.0,0.0,45,12.232502,45,20.424646,-4.540421,1
025833,天弘电网设备特高压指数C,INDEX,2026-02-02,-1.712993,11.86316,0.0,2.103085,0.537631,24.362748,-4.052758,-4.052758,30.0,3,0,0.0,11.86316,0.0,0.0,0.0,46,11.86316,46,19.755015,-4.540421,1
025833,天弘电网设备特高压指数C,INDEX,2026-02-03,2.708214,14.755742,0.0,4.973988,0.490768,26.495707,-4.052758,-4.052758,30.0,4,0,0.0,14.755742,0.0,0.0,0.0,47,14.755742,47,15.153681,-4.540421,1
025833,天弘电网设备特高压指数C,INDEX,2026-02-04,2.605308,13.330345,0.0,4.749871,0.454582,26.264349,-4.052758,-4.052758,30.0,5,0,0.0,13.330345,0.0,0.0,0.0,48,13.330345,48,13.194115,-4.540421,1
025833,天弘电网设备特高压指数C,INDEX,2026-02-05,0.541531,8.078094,0.0,-0.378492,0.335135,32.057124,-4.540421,-4.540421,35.0,0,2,0.0,8.078094,0.0,0.0,0.0,49,8.078094,49,15.37123,-4.420951,1
025833,天弘电网设备特高压指数C,INDEX,2026-02-06,1.13239,6.853171,0.0,-0.055954,0.240806,31.651907,-4.540421,-4.540421,35.0,2,0,0.0,6.853171,0.0,0.0,0.0,50,6.853171,50,12.028651,-6.590238,1
025833,天弘电网设备特高压指数C,INDEX,2026-02-09,2.712923,9.156037,0.0,2.366205,0.188272,32.878467,-4.540421,-4.540421,35.0,3,0,0.0,9.156037,0.0,0.0,0.0,51,9.156037,51,5.626701,-9.404819,0
025833,天弘电网设备特高压指数C,INDEX,2026-02-10,0.25415,7.78755,0.0,3.038169,0.172596,32.226983,-4.540421,-4.540421,35.0,4,0,0.0,7.78755,0.0,0.0,0.0,52,7.78755,52,6.369326,-9.404819,0
025833,天弘电网设备特高压指数C,INDEX,2026-02-11,-0.094922,8.607791,0.0,2.675831,0.136117,31.997119,-4.540421,-4.540421,30.0,5,0,0.0,8.607791,0.0,0.0,0.0,53,8.607791,53,3.214568,-10.510057,0
025833,天弘电网设备特高压指数C,INDEX,2026-02-12,7.797481,10.152413,0.0,5.243997,0.1546,33.06271,-4.540421,-4.540421,30.0,6,0,0.0,10.152413,0.0,0.0,0.0,54,10.152413,54,-1.322162,-11.876158,0
025833,天弘电网设备特高压指数C,INDEX,2026-02-13,4.8164,6.419794,0.0,2.675979,0.146117,34.200004,-4.540421,-4.540421,35.0,0,2,0.0,6.419794,0.0,0.0,0.0,55,6.419794,55,-1.563114,-13.969932,0
025833,天弘电网设备特高压指数C,INDEX,2026-02-24,5.954858,5.819345,0.0,6.452443,0.256117,33.281887,-4.540421,-4.540421,35.0,2,0,0.0,5.819345,0.0,0.0,0.0,56,5.819345,56,-2.991388,-13.969932,0
025833,天弘电网设备特高压指数C,INDEX,2026-02-25,5.450368,6.564727,0.0,6.687719,0.362519,33.2477,-4.540421,-4.540421,30.0,3,0,0.0,6.564727,0.0,0.0,0.0,57,6.564727,57,-0.87146,-13.969932,0
025833,天弘电网设备特高压指数C,INDEX,2026-02-26,8.47981,10.697261,0.0,9.233983,0.487522,34.11516,-4.540421,-4.540421,25.0,4,0,0.0,10.697261,0.0,0.0,0.0,58,10.697261,58,-5.787899,-13.969932,0
025833,天弘电网设备特高压指数C,INDEX,2026-02-27,5.157968,12.020963,0.0,8.432016,0.572054,33.511639,-4.540421,-4.540421,25.0,0,2,0.0,12.020963,0.0,0.0,0.0,59,12.020963,59,-4.99269,-13.969932,0
025833,天弘电网设备特高压指数C,INDEX,2026-03-02,9.072343,12.647035,0.0,9.388971,0.67547,33.649626,-4.540421,-4.540421,25.0,2,0,0.0,12.647035,0.0,0.0,0.0,60,12.647035,60,-6.142878,-13.969932,0
025833,天弘电网设备特高压指数C,INDEX,2026-03-03,1.057562,8.096315,33.78,4.972831,0.710053,36.92364,-4.540421,-4.540421,30.0,0,2,0.0,8.096315,0.0,0.0,0.0,61,8.096315,61,-4.529825,-13.969932,0
025833,天弘电网设备特高压指数C,INDEX,2026-03-04,3.102697,11.950404,36.36725,7.072362,0.755417,37.32284,-4.540421,-4.540421,25.0,2,0,0.0,11.950404,0.0,0.0,0.0,62,11.950404,62,-5.792772,-13.969932,0
025833,天弘电网设备特高压指数C,INDEX,2026-03-05,3.882928,15.518221,40.143757,10.221403,0.845711,38.921782,-4.540421,-4.540421,25.0,3,0,0.0,15.518221,0.0,0.0,0.0,63,15.518221,63,-10.55294,-13.969932,0
025833,天弘电网设备特高压指数C,INDEX,2026-03-06,4.700292,19.328501,42.432379,9.930847,0.882478,36.889912,-4.540421,-4.540421,20.0,4,0,0.0,19.328501,0.0,0.0,0.0,64,19.328501,64,-11.156881,-13.969932,0
025833,天弘电网设备特高压指数C,INDEX,2026-03-09,4.155264,20.424646,44.283719,9.970156,0.907652,36.751418,-4.540421,-4.540421,20.0,5,0,0.0,20.424646,0.0,0.0,0.0,65,20.424646,65,-12.652977,-13.969932,0
025833,天弘电网设备特高压指数C,INDEX,2026-03-10,8.887726,19.755015,45.089641,9.758211,0.934259,36.74012,-4.540421,-4.540421,20.0,6,0,0.0,19.755015,0.0,0.0,0.0,66,19.755015,66,-9.514656,-13.969932,0
025833,天弘电网设备特高压指数C,INDEX,2026-03-11,5.647042,15.153681,40.562288,8.466182,0.978305,35.735435,-4.540421,-4.540421,25.0,0,2,0.0,15.153681,0.0,0.0,0.0,67,15.153681,67,-9.593765,-13.566453,0
025833,天弘电网设备特高压指数C,INDEX,2026-03-12,0.540996,13.194115,38.220806,6.388515,0.98722,36.450368,-3.658361,-4.540421,30.0,0,3,0.0,13.194115,0.0,0.0,0.0,68,13.194115,68,-8.413697,-12.424878,0
025833,天弘电网设备特高压指数C,INDEX,2026-03-13,-2.792711,15.37123,34.677887,2.802462,0.869077,33.443609,-4.420951,-4.540421,30.0,0,4,0.0,15.37123,0.0,0.0,0.0,69,15.37123,69,-7.663578,-9.990663,0
025833,天弘电网设备特高压指数C,INDEX,2026-03-16,-5.918551,12.028651,31.544857,-0.069768,0.709036,35.110418,-6.590238,-6.590238,35.0,0,5,0.0,12.028651,0.0,0.0,0.0,70,12.028651,70,-4.732858,-7.900345,0
025833,天弘电网设备特高压指数C,INDEX,2026-03-17,-9.404819,5.626701,27.977114,-3.330367,0.533484,36.246239,-9.404819,-9.404819,40.0,0,6,0.0,5.626701,0.0,0.0,0.0,71,5.626701,71,-0.340987,-6.665674,0
025833,天弘电网设备特高压指数C,INDEX,2026-03-18,-7.393613,6.369326,26.336093,-1.934362,0.389854,36.523576,-9.404819,-9.404819,40.0,2,0,0.0,6.369326,0.0,0.0,0.0,72,6.369326,72,-1.303344,-6.665674,0
025833,天弘电网设备特高压指数C,INDEX,2026-03-19,-8.902865,3.214568,23.074018,-4.931028,0.198677,38.299865,-10.510057,-10.510057,45.0,0,2,0.0,3.214568,0.0,0.0,0.0,73,3.214568,73,2.071187,-4.259189,1
025833,天弘电网设备特高压指数C,INDEX,2026-03-20,-7.800043,-1.322162,23.909266,-6.323544,0.02655,37.243723,-11.876158,-11.876158,50.0,0,3,0.0,0.0,1.322162,0.0,0.0,74,-1.322162,74,6.621485,-4.259189,1
025833,天弘电网设备特高压指数C,INDEX,2026-03-23,-7.900345,-1.563114,19.068884,-8.482795,-0.207791,37.431325,-13.969932,-13.969932,50.0,0,4,0.0,0.0,1.563114,0.0,0.0,75,-1.563114,75,8.450367,-4.259189,1
025833,天弘电网设备特高压指数C,INDEX,2026-03-24,-2.690005,-2.991388,24.041341,-6.083166,-0.349673,35.613325,-13.969932,-13.969932,50.0,2,0,0.0,0.0,2.991388,0.0,0.0,76,-2.991388,76,8.596792,-4.259189,1
025833,天弘电网设备特高压指数C,INDEX,2026-03-25,-1.727862,-0.87146,25.918504,-3.460638,-0.441776,36.996452,-13.969932,-13.969932,50.0,3,0,0.0,0.0,0.87146,0.0,0.0,77,-0.87146,77,5.668814,-4.259189,1
025833,天弘电网设备特高压指数C,INDEX,2026-03-26,-0.981896,-5.787899,20.399216,-5.285673,-0.518904,36.026629,-13.969932,-13.969932,55.0,0,2,0.0,0.0,5.787899,0.0,0.0,78,-5.787899,78,6.499845,-3.069132,1
025833,天弘电网设备特高压指数C,INDEX,2026-03-27,1.246397,-4.99269,20.722645,-4.39305,-0.580555,36.187675,-13.969932,-13.969932,50.0,2,0,0.0,0.0,4.99269,0.0,0.0,79,-4.99269,79,5.616681,-3.069132,1
025833,天弘电网设备特高压指数C,INDEX,2026-03-30,3.997766,-6.142878,19.821642,-3.8265,-0.607544,35.664512,-13.969932,-13.969932,50.0,3,0,0.0,0.0,6.142878,0.0,0.0,80,-6.142878,80,3.544848,-3.233902,1
025833,天弘电网设备特高压指数C,INDEX,2026-03-31,-0.545086,-4.529825,16.842009,-5.541278,-0.711534,34.03921,-13.969932,-13.969932,50.0,0,2,0.0,0.0,4.529825,0.0,0.0,81,-4.529825,81,6.608205,-3.233902,1
025833,天弘电网设备特高压指数C,INDEX,2026-04-01,-2.015915,-5.792772,18.008397,-4.098209,-0.752644,32.881912,-13.969932,-13.969932,50.0,2,0,0.0,0.0,5.792772,0.0,0.0,82,-5.792772,82,4.014232,-3.570916,1
025833,天弘电网设备特高压指数C,INDEX,2026-04-02,-1.371243,-10.55294,17.781478,-5.037892,-0.748324,29.548168,-13.969932,-13.969932,55.0,0,2,0.0,0.0,10.55294,0.0,0.0,83,-10.55294,83,9.74786,-3.570916,1
025833,天弘电网设备特高压指数C,INDEX,2026-04-03,-2.092791,-11.156881,18.218135,-4.513563,-0.717255,29.288042,-13.969932,-13.969932,60.0,0,3,0.0,0.0,11.156881,0.0,0.0,84,-11.156881,84,12.589391,-3.570916,1
025833,天弘电网设备特高压指数C,INDEX,2026-04-07,-3.069132,-12.652977,18.054387,-4.548546,-0.661484,28.709977,-13.969932,-13.969932,65.0,0,4,0.0,0.0,12.652977,0.0,0.0,85,-12.652977,85,13.108525,-3.570916,1
025833,天弘电网设备特高压指数C,INDEX,2026-04-08,3.202318,-9.514656,21.215744,0.116211,-0.51108,33.488936,-13.566453,-13.969932,65.0,2,0,0.0,0.0,9.514656,0.0,0.0,86,-9.514656,86,9.801988,-3.570916,1
025833,天弘电网设备特高压指数C,INDEX,2026-04-09,1.384484,-9.593765,19.467736,0.090485,-0.359338,33.489988,-12.424878,-13.969932,65.0,0,2,0.0,0.0,9.593765,0.0,0.0,87,-9.593765,87,12.343607,-3.570916,1
025833,天弘电网设备特高压指数C,INDEX,2026-04-10,2.945566,-8.413697,17.489915,0.53736,-0.212893,33.382862,-9.990663,-13.969932,65.0,0,3,0.0,0.0,8.413697,0.0,0.0,88,-8.413697,88,15.160995,-3.570916,1
025833,天弘电网设备特高压指数C,INDEX,2026-04-13,1.02947,-7.663578,15.135232,-0.975151,-0.125686,32.77311,-7.900345,-13.969932,65.0,0,4,0.0,0.0,7.663578,0.0,0.0,89,-7.663578,89,13.690106,-3.570916,1
025833,天弘电网设备特高压指数C,INDEX,2026-04-14,2.612206,-4.732858,14.040644,0.097294,-0.052032,32.243474,-6.665674,-13.969932,60.0,2,0,0.0,0.0,4.732858,0.0,0.0,90,-4.732858,90,9.280259,-6.14192,1
025833,天弘电网设备特高压指数C,INDEX,2026-04-15,-0.220014,-0.340987,14.90477,1.574356,0.000273,30.99297,-6.665674,-13.969932,55.0,3,0,0.0,0.0,0.340987,0.0,0.0,91,-0.340987,91,9.671533,-6.14192,1
025833,天弘电网设备特高压指数C,INDEX,2026-04-16,1.098566,-1.303344,13.158569,2.415877,0.092252,30.4521,-4.259189,-13.969932,55.0,4,0,0.0,0.0,1.303344,0.0,0.0,92,-1.303344,92,11.288862,-6.14192,1
025833,天弘电网设备特高压指数C,INDEX,2026-04-17,1.526019,2.071187,14.420844,2.72603,0.144363,28.530625,-4.259189,-13.969932,50.0,5,0,0.0,2.071187,0.0,0.0,0.0,93,2.071187,93,11.521118,-6.14192,1
025833,天弘电网设备特高压指数C,INDEX,2026-04-20,6.463908,6.621485,15.893311,5.321883,0.210508,29.416587,-4.259189,-13.969932,45.0,6,0,0.0,6.621485,0.0,0.0,0.0,94,6.621485,94,3.302404,-6.320811,1
025833,天弘电网设备特高压指数C,INDEX,2026-04-21,4.844558,8.450367,13.608627,4.158763,0.218787,27.931107,-4.259189,-13.969932,45.0,0,2,0.0,8.450367,0.0,0.0,0.0,95,8.450367,95,6.121698,-6.320811,1
025833,天弘电网设备特高压指数C,INDEX,2026-04-22,6.037105,8.596792,11.478817,6.429174,0.290864,28.069936,-4.259189,-13.969932,45.0,2,0,0.0,8.596792,0.0,0.0,0.0,96,8.596792,96,4.409867,-6.320811,1
025833,天弘电网设备特高压指数C,INDEX,2026-04-23,5.214307,5.668814,11.62437,6.10344,0.392282,26.722095,-3.069132,-13.969932,50.0,0,2,0.0,5.668814,0.0,0.0,0.0,97,5.668814,97,1.384207,-6.340688,0
025833,天弘电网设备特高压指数C,INDEX,2026-04-24,3.314294,6.499845,11.068918,4.279028,0.428808,25.908173,-3.069132,-13.969932,50.0,0,3,0.0,6.499845,0.0,0.0,0.0,98,6.499845,98,3.091584,-6.340688,1
025833,天弘电网设备特高压指数C,INDEX,2026-04-27,0.292248,5.616681,12.40583,3.839811,0.464219,25.923131,-3.069132,-13.969932,55.0,0,4,0.0,5.616681,0.0,0.0,0.0,99,5.616681,99,4.61135,-6.340688,1
025833,天弘电网设备特高压指数C,INDEX,2026-04-28,-0.70635,3.544848,9.475136,1.90674,0.470915,26.855929,-3.233902,-13.969932,60.0,0,5,0.0,3.544848,0.0,0.0,0.0,100,3.544848,100,5.824379,-6.340688,1
025833,天弘电网设备特高压指数C,INDEX,2026-04-29,-2.36627,6.608205,10.019392,2.493846,0.453662,25.665091,-3.233902,-13.969932,55.0,2,0,0.0,6.608205,0.0,0.0,0.0,101,6.608205,101,4.854583,-6.340688,1
025833,天弘电网设备特高压指数C,INDEX,2026-04-30,-3.550169,4.014232,9.698997,1.03188,0.42811,26.010843,-3.570916,-13.969932,60.0,0,2,0.0,4.014232,0.0,0.0,0.0,102,4.014232,102,6.714753,-6.340688,1
025833,天弘电网设备特高压指数C,INDEX,2026-05-06,1.636721,9.74786,13.399886,4.481518,0.428333,28.233173,-3.570916,-13.969932,55.0,2,0,0.0,9.74786,0.0,0.0,0.0,103,9.74786,103,3.635843,-6.340688,1
025833,天弘电网设备特高压指数C,INDEX,2026-05-07,4.370948,12.589391,19.361826,6.498275,0.451101,29.073093,-3.570916,-13.969932,50.0,3,0,0.0,12.589391,0.0,0.0,0.0,104,12.589391,104,1.256369,-6.340688,0
025833,天弘电网设备特高压指数C,INDEX,2026-05-08,5.883661,13.108525,18.975853,5.566063,0.440965,28.839114,-3.570916,-13.969932,50.0,0,2,0.0,13.108525,0.0,0.0,0.0,105,13.108525,105,-0.251942,-6.340688,0
025833,天弘电网设备特高压指数C,INDEX,2026-05-11,6.294066,9.801988,18.982243,6.417553,0.496167,25.479074,-3.570916,-13.969932,50.0,2,0,0.0,9.801988,0.0,0.0,0.0,106,9.801988,106,-3.952187,-7.897701,0
025833,天弘电网设备特高压指数C,INDEX,2026-05-12,9.503272,12.343607,16.956556,7.637544,0.553983,25.549456,-3.570916,-13.969932,45.0,3,0,0.0,12.343607,0.0,0.0,0.0,107,12.343607,107,-2.057585,-7.897701,0
025833,天弘电网设备特高压指数C,INDEX,2026-05-13,8.023189,15.160995,19.387755,9.524725,0.630462,26.293485,-3.570916,-13.969932,40.0,4,0,0.0,15.160995,0.0,0.0,0.0,108,15.160995,108,-7.168886,-7.897701,0
025833,天弘电网设备特高压指数C,INDEX,2026-05-14,2.01717,13.690106,21.113689,5.390292,0.60728,28.257577,-3.570916,-13.969932,40.0,0,2,0.0,13.690106,0.0,0.0,0.0,109,13.690106,109,-5.500821,-6.920952,0
025833,天弘电网设备特高压指数C,INDEX,2026-05-15,-0.860802,9.280259,16.63099,1.704407,0.532533,31.196288,-6.14192,-13.969932,45.0,0,3,0.0,9.280259,0.0,0.0,0.0,110,9.280259,110,-2.385995,-6.920952,0
025833,天弘电网设备特高压指数C,INDEX,2026-05-18,-0.338561,9.671533,15.447415,3.086005,0.493057,31.376086,-6.14192,-13.969932,45.0,2,0,0.0,9.671533,0.0,0.0,0.0,111,9.671533,111,-0.942873,-6.920952,0
025833,天弘电网设备特高压指数C,INDEX,2026-05-19,0.149396,11.288862,16.83435,4.841118,0.484106,31.988775,-6.14192,-13.969932,45.0,3,0,0.0,11.288862,0.0,0.0,0.0,112,11.288862,112,0.020342,-6.920952,0
025833,天弘电网设备特高压指数C,INDEX,2026-05-20,-1.682899,11.521118,17.490103,4.916341,0.474503,31.984564,-6.14192,-13.969932,45.0,4,0,0.0,11.521118,0.0,0.0,0.0,113,11.521118,113,-0.188692,-6.920952,0
025833,天弘电网设备特高压指数C,INDEX,2026-05-21,-3.263547,3.302404,8.686294,-0.192359,0.42238,35.848461,-6.320811,-13.969932,50.0,0,2,0.0,3.302404,0.0,0.0,0.0,114,3.302404,114,5.198387,-5.143877,1
025833,天弘电网设备特高压指数C,INDEX,2026-05-22,1.814203,6.121698,13.290394,1.514304,0.38303,36.246245,-6.320811,-13.969932,45.0,2,0,0.0,6.121698,0.0,0.0,0.0,115,6.121698,115,7.883242,-5.143877,1
025833,天弘电网设备特高压指数C,INDEX,2026-05-25,0.949806,4.409867,9.993957,2.264268,0.388597,35.323965,-6.320811,-13.969932,45.0,3,0,0.0,4.409867,0.0,0.0,0.0,116,4.409867,116,3.907699,-5.143877,1
025833,天弘电网设备特高压指数C,INDEX,2026-05-26,-4.149715,1.384207,6.197881,-0.787816,0.34529,37.06238,-6.340688,-13.969932,45.0,0,2,0.0,1.384207,0.0,0.0,0.0,117,1.384207,117,6.939728,-4.790791,1
025833,天弘电网设备特高压指数C,INDEX,2026-05-27,-4.494912,3.091584,3.437705,-0.683276,0.281678,36.636967,-6.340688,-13.969932,40.0,2,0,0.0,3.091584,0.0,0.0,0.0,118,3.091584,118,8.10048,-4.790791,1
025833,天弘电网设备特高压指数C,INDEX,2026-05-28,1.563053,4.61135,4.97076,0.411505,0.230199,36.836744,-6.340688,-13.969932,35.0,3,0,0.0,4.61135,0.0,0.0,0.0,119,4.61135,119,0.487465,-7.262211,0
025833,天弘电网设备特高压指数C,INDEX,2026-05-29,-0.984539,5.824379,2.844592,-0.414562,0.1388,36.257545,-6.340688,-13.969932,35.0,0,2,0.0,5.824379,0.0,0.0,0.0,120,5.824379,120,-0.063021,-8.277635,0
025833,天弘电网设备特高压指数C,INDEX,2026-06-01,-1.950415,4.854583,6.719988,-0.671374,0.052593,36.207115,-6.340688,-13.969932,40.0,0,3,0.0,4.854583,0.0,0.0,0.0,121,4.854583,121,1.253765,-8.277635,0
025833,天弘电网设备特高压指数C,INDEX,2026-06-02,1.520939,6.714753,4.568639,-0.469184,-0.05115,35.778547,-6.340688,-13.969932,35.0,2,0,0.0,6.714753,0.0,0.0,0.0,122,6.714753,122,-2.376141,-9.96144,0
