fundCode,fundName,fundType,date,horizonDays,return5d,return20d,return60d,ma20Deviation,trendSlope20d,volatility20d,maxDrawdown20d,maxDrawdown60d,lossDayRatio20d,consecutiveUpDays,consecutiveDownDays,positionToSingleLimit,profitBuffer,lossPressure,themeRate,estimateGrowthRate,navSampleSize,holdingProfitRate,holdingDays,forwardReturn,forwardMaxDrawdown,label
012922,易方达全球成长精选混合(QDII)人民币C,QDII,2022-07-04,20,0.0,3.419322,5.773409,2.365634,0.25067,15.548476,-2.190347,-6.167815,40.0,2,0,0.0,3.419322,0.0,0.0,0.0,73,3.419322,73,-1.252079,-3.708041,0
012922,易方达全球成长精选混合(QDII)人民币C,QDII,2022-07-05,20,-1.579764,3.04414,5.979962,1.532232,0.253527,15.747156,-2.190347,-5.57656,40.0,0,2,0.0,3.04414,0.0,0.0,0.0,74,3.04414,74,-1.290005,-3.708041,0
012922,易方达全球成长精选混合(QDII)人民币C,QDII,2022-07-06,20,0.158541,2.276637,6.154169,0.948767,0.249675,15.888331,-2.190347,-5.417631,45.0,0,3,0.0,2.276637,0.0,0.0,0.0,75,2.276637,75,-0.831025,-3.708041,0
012922,易方达全球成长精选混合(QDII)人民币C,QDII,2022-07-07,20,0.480439,4.5821,7.805596,2.117992,0.2489,16.063293,-2.190347,-5.068103,40.0,2,0,0.0,4.5821,0.0,0.0,0.0,76,4.5821,76,-2.029664,-3.708041,0
012922,易方达全球成长精选混合(QDII)人民币C,QDII,2022-07-08,20,0.176956,2.804681,8.716526,1.399593,0.251129,15.910031,-2.190347,-5.068103,45.0,0,2,0.0,2.804681,0.0,0.0,0.0,77,2.804681,77,-0.677134,-3.159961,0
012922,易方达全球成长精选混合(QDII)人民币C,QDII,2022-07-11,20,-2.328084,1.638844,6.087973,-0.719868,0.206409,17.3143,-3.22737,-5.068103,45.0,0,3,0.0,1.638844,0.0,0.0,0.0,78,1.638844,78,1.612419,-1.84582,0
012922,易方达全球成长精选混合(QDII)人民币C,QDII,2022-07-12,20,-2.826194,1.065137,5.42735,-1.933894,0.133376,17.723819,-4.36131,-5.068103,45.0,0,4,0.0,1.065137,0.0,0.0,0.0,79,1.065137,79,3.1212,-1.84582,1
012922,易方达全球成长精选混合(QDII)人民币C,QDII,2022-07-13,20,-1.929165,1.474051,5.569755,-1.557131,0.06602,17.779643,-4.36131,-5.068103,45.0,2,0,0.0,1.474051,0.0,0.0,0.0,80,1.474051,80,2.733784,-1.84582,1
012922,易方达全球成长精选混合(QDII)人民币C,QDII,2022-07-14,20,-1.883294,2.476559,7.161889,-0.267309,0.023469,18.385445,-4.36131,-5.068103,45.0,3,0,0.0,2.476559,0.0,0.0,0.0,81,2.476559,81,1.521631,-1.84582,0
012922,易方达全球成长精选混合(QDII)人民币C,QDII,2022-07-15,20,-1.501472,0.864235,5.976138,-0.488289,-0.003407,17.764988,-4.36131,-4.675573,50.0,0,2,0.0,0.864235,0.0,0.0,0.0,82,0.864235,82,1.374913,-1.84582,0
012922,易方达全球成长精选混合(QDII)人民币C,QDII,2022-07-18,20,1.161743,1.303781,7.092875,0.081742,-0.019347,17.881769,-4.36131,-4.36131,50.0,2,0,0.0,1.303781,0.0,0.0,0.0,83,1.303781,83,1.683002,-1.84582,0
012922,易方达全球成长精选混合(QDII)人民币C,QDII,2022-07-19,20,1.631536,1.037679,6.998826,-0.68232,-0.05443,18.006693,-4.36131,-4.36131,50.0,0,2,0.0,1.037679,0.0,0.0,0.0,84,1.037679,84,2.233523,-1.84582,1
012922,易方达全球成长精选混合(QDII)人民币C,QDII,2022-07-20,20,2.199132,2.831912,8.958916,0.189382,-0.088075,18.050713,-4.36131,-4.36131,45.0,2,0,0.0,2.831912,0.0,0.0,0.0,85,2.831912,85,0.681078,-1.84582,0
012922,易方达全球成长精选混合(QDII)人民币C,QDII,2022-07-21,20,0.527101,0.777667,9.181249,-0.076613,-0.101361,16.980694,-4.36131,-4.36131,50.0,0,2,0.0,0.777667,0.0,0.0,0.0,86,0.777667,86,2.275425,-1.622477,1
012922,易方达全球成长精选混合(QDII)人民币C,QDII,2022-07-22,20,0.677493,-0.541339,11.608129,-0.079106,-0.095998,16.323707,-4.36131,-4.36131,55.0,0,3,0.0,0.0,0.541339,0.0,0.0,87,-0.541339,87,0.346363,-1.915264,0
012922,易方达全球成长精选混合(QDII)人民币C,QDII,2022-07-25,20,-1.554302,-2.72914,10.599488,-1.535293,-0.102839,17.043663,-4.36131,-4.36131,60.0,0,4,0.0,0.0,2.72914,0.0,0.0,88,-2.72914,88,1.619067,-2.253821,0
012922,易方达全球成长精选混合(QDII)人民币C,QDII,2022-07-26,20,0.408814,-2.403567,10.054645,-0.16507,-0.072805,17.362068,-3.708041,-4.36131,60.0,2,0,0.0,0.0,2.403567,0.0,0.0,89,-2.403567,89,1.01291,-2.253821,0
012922,易方达全球成长精选混合(QDII)人民币C,QDII,2022-07-27,20,0.009871,0.396354,10.999124,0.429691,-0.065532,15.692058,-3.708041,-4.36131,55.0,3,0,0.0,0.396354,0.0,0.0,0.0,90,0.396354,90,-2.12199,-4.072354,0
012922,易方达全球成长精选混合(QDII)人民币C,QDII,2022-07-28,20,0.069252,-0.82361,8.646617,0.302942,-0.044549,15.215138,-3.708041,-4.36131,60.0,0,2,0.0,0.0,0.82361,0.0,0.0,91,-0.82361,91,-1.186357,-4.072354,0
012922,易方达全球成长精选混合(QDII)人民币C,QDII,2022-07-29,20,-0.890648,-1.543453,7.50322,-0.611317,-0.040711,15.571664,-3.708041,-4.36131,60.0,0,3,0.0,0.0,1.543453,0.0,0.0,92,-1.543453,92,-1.537693,-4.614045,0
012922,易方达全球成长精选混合(QDII)人民币C,QDII,2022-08-01,20,1.518504,-1.252079,9.442758,0.246271,-0.015172,15.751961,-3.708041,-4.36131,60.0,2,0,0.0,0.0,1.252079,0.0,0.0,93,-1.252079,93,-2.010896,-4.614045,0
012922,易方达全球成长精选混合(QDII)人民币C,QDII,2022-08-02,20,-0.456802,-1.290005,8.696595,-0.393992,-0.008435,15.772025,-3.708041,-4.36131,60.0,0,2,0.0,0.0,1.290005,0.0,0.0,94,-1.290005,94,-1.725858,-4.710776,0
012922,易方达全球成长精选混合(QDII)人民币C,QDII,2022-08-03,20,-1.06593,-0.831025,7.947448,-0.352405,-0.007108,15.700724,-3.708041,-4.36131,55.0,0,0,0.0,0.0,0.831025,0.0,0.0,95,-0.831025,95,-3.401836,-6.335848,0
012922,易方达全球成长精选混合(QDII)人民币C,QDII,2022-08-04,20,-0.741473,-2.029664,7.196242,-0.090058,0.019745,14.805636,-3.159961,-4.36131,55.0,2,0,0.0,0.0,2.029664,0.0,0.0,96,-2.029664,96,-4.233068,-6.993616,0
012922,易方达全球成长精选混合(QDII)人民币C,QDII,2022-08-05,20,1.058412,-0.677134,8.049536,0.750577,0.052138,15.030709,-1.84582,-4.36131,50.0,3,0,0.0,0.0,0.677134,0.0,0.0,97,-0.677134,97,-4.545005,-6.993616,0
012922,易方达全球成长精选混合(QDII)人民币C,QDII,2022-08-08,20,0.505201,1.612419,7.844388,0.918572,0.056845,13.093815,-1.84582,-4.36131,45.0,4,0,0.0,1.612419,0.0,0.0,0.0,98,1.612419,98,-4.760497,-6.993616,0
012922,易方达全球成长精选混合(QDII)人民币C,QDII,2022-08-09,20,1.516361,3.1212,8.741184,1.062166,0.045005,12.236367,-1.84582,-4.36131,40.0,5,0,0.0,3.1212,0.0,0.0,0.0,99,3.1212,99,-3.714623,-6.993616,0
012922,易方达全球成长精选混合(QDII)人民币C,QDII,2022-08-10,20,1.596169,2.733784,7.471507,1.005693,0.036794,12.187123,-1.84582,-4.36131,40.0,6,0,0.0,2.733784,0.0,0.0,0.0,100,2.733784,100,-2.484289,-6.993616,0
012922,易方达全球成长精选混合(QDII)人民币C,QDII,2022-08-11,20,1.673307,1.521631,8.009734,1.166968,0.050201,11.201355,-1.84582,-4.36131,40.0,7,0,0.0,1.521631,0.0,0.0,0.0,101,1.521631,101,-2.860502,-6.993616,0
012922,易方达全球成长精选混合(QDII)人民币C,QDII,2022-08-12,20,0.533544,1.374913,7.082719,0.77101,0.05383,11.256808,-1.84582,-4.36131,40.0,0,2,0.0,1.374913,0.0,0.0,0.0,102,1.374913,102,-2.987715,-6.993616,0
012922,易方达全球成长精选混合(QDII)人民币C,QDII,2022-08-15,20,1.232013,1.683002,7.527219,1.636213,0.078963,11.510606,-1.84582,-4.36131,40.0,2,0,0.0,1.683002,0.0,0.0,0.0,103,1.683002,103,-4.322851,-6.993616,0
012922,易方达全球成长精选混合(QDII)人民币C,QDII,2022-08-16,20,0.756682,2.233523,7.563995,1.345775,0.087719,11.168924,-1.84582,-4.36131,40.0,0,2,0.0,2.233523,0.0,0.0,0.0,104,2.233523,104,-3.96957,-6.993616,0
012922,易方达全球成长精选混合(QDII)人民币C,QDII,2022-08-17,20,0.157109,0.681078,9.090909,0.787526,0.101634,10.844427,-1.622477,-4.36131,45.0,0,3,0.0,0.681078,0.0,0.0,0.0,105,0.681078,105,-5.735294,-6.993616,0
012922,易方达全球成长精选混合(QDII)人民币C,QDII,2022-08-18,20,1.273511,2.275425,10.154502,2.035176,0.130298,11.74838,-1.593271,-4.36131,40.0,2,0,0.0,2.275425,0.0,0.0,0.0,106,2.275425,106,-7.390211,-7.390211,0
012922,易方达全球成长精选混合(QDII)人民币C,QDII,2022-08-19,20,-0.34398,0.346363,7.643312,0.06365,0.127255,13.786497,-1.915264,-4.36131,40.0,0,2,0.0,0.346363,0.0,0.0,0.0,107,0.346363,107,-6.143984,-6.439245,0
012922,易方达全球成长精选混合(QDII)人民币C,QDII,2022-08-22,20,-1.616201,1.619067,7.123927,-0.36089,0.093622,12.500183,-2.253821,-4.36131,40.0,0,3,0.0,1.619067,0.0,0.0,0.0,108,1.619067,108,-5.680356,-6.439245,0
012922,易方达全球成长精选混合(QDII)人民币C,QDII,2022-08-23,20,-0.790013,1.01291,6.949848,0.249342,0.086713,11.911485,-2.253821,-4.36131,40.0,2,0,0.0,1.01291,0.0,0.0,0.0,109,1.01291,109,-7.658278,-7.658278,0
012922,易方达全球成长精选混合(QDII)人民币C,QDII,2022-08-24,20,-2.77451,-2.12199,3.334375,-2.160133,0.052141,14.769512,-4.072354,-4.36131,45.0,0,2,0.0,0.0,2.12199,0.0,0.0,110,-2.12199,110,-5.636785,-6.373187,0
012922,易方达全球成长精选混合(QDII)人民币C,QDII,2022-08-25,20,-3.317856,-1.186357,4.157982,-1.332188,0.029029,15.098827,-4.072354,-4.36131,40.0,2,0,0.0,0.0,1.186357,0.0,0.0,111,-1.186357,111,-8.134067,-8.134067,0
012922,易方达全球成长精选混合(QDII)人民币C,QDII,2022-08-26,20,-2.751479,-1.537693,1.61789,-2.580948,-0.026837,15.435401,-4.614045,-4.614045,40.0,0,2,0.0,0.0,1.537693,0.0,0.0,112,-1.537693,112,-6.175844,-7.54204,0
012922,易方达全球成长精选混合(QDII)人民币C,QDII,2022-08-29,20,-2.107867,-2.010896,0.070814,-2.1766,-0.063647,15.165967,-4.614045,-4.614045,40.0,2,0,0.0,0.0,2.010896,0.0,0.0,113,-2.010896,113,-5.024262,-7.54204,0
012922,易方达全球成长精选混合(QDII)人民币C,QDII,2022-08-30,20,-3.155722,-1.725858,-0.040589,-2.498651,-0.114388,15.047039,-4.710776,-4.710776,40.0,0,2,0.0,0.0,1.725858,0.0,0.0,114,-1.725858,114,-6.303929,-7.54204,0
012922,易方达全球成长精选混合(QDII)人民币C,QDII,2022-08-31,20,-2.359585,-3.401836,-2.023677,-3.999445,-0.186568,16.103352,-6.335848,-6.335848,45.0,0,3,0.0,0.0,3.401836,0.0,0.0,115,-3.401836,115,-4.977796,-7.54204,0
012922,易方达全球成长精选混合(QDII)人民币C,QDII,2022-09-01,20,-3.801901,-4.233068,-1.877743,-4.472363,-0.261148,16.161311,-6.993616,-6.993616,50.0,0,4,0.0,0.0,4.233068,0.0,0.0,116,-4.233068,116,-6.302652,-9.28406,0
012922,易方达全球成长精选混合(QDII)人民币C,QDII,2022-09-02,20,-2.028192,-4.545005,-2.532284,-3.795502,-0.310458,15.927367,-6.993616,-6.993616,50.0,2,0,0.0,0.0,4.545005,0.0,0.0,117,-4.545005,117,-9.647034,-12.103514,0
012922,易方达全球成长精选混合(QDII)人民币C,QDII,2022-09-05,20,-2.315002,-4.760497,-1.638844,-3.543621,-0.348906,15.858052,-6.993616,-6.993616,50.0,3,0,0.0,0.0,4.760497,0.0,0.0,118,-4.760497,118,-10.472938,-12.888934,0
012922,易方达全球成长精选混合(QDII)人民币C,QDII,2022-09-06,20,-0.538016,-3.714623,0.348218,-2.011181,-0.356047,16.804115,-6.993616,-6.993616,50.0,4,0,0.0,0.0,3.714623,0.0,0.0,119,-3.714623,119,-9.971423,-12.888934,0
012922,易方达全球成长精选混合(QDII)人民币C,QDII,2022-09-07,20,2.56119,-2.484289,1.658307,-0.555252,-0.337006,17.660212,-6.993616,-6.993616,50.0,5,0,0.0,0.0,2.484289,0.0,0.0,120,-2.484289,120,-11.277817,-12.888934,0
012922,易方达全球成长精选混合(QDII)人民币C,QDII,2022-09-08,20,3.130525,-2.860502,1.059927,-0.560077,-0.312511,17.610254,-6.993616,-6.993616,55.0,0,2,0.0,0.0,2.860502,0.0,0.0,121,-2.860502,121,-10.921743,-12.75716,0
012922,易方达全球成长精选混合(QDII)人民币C,QDII,2022-09-09,20,2.173688,-2.987715,-0.803939,-0.860229,-0.295242,17.634437,-6.993616,-6.993616,55.0,0,3,0.0,0.0,2.987715,0.0,0.0,122,-2.987715,122,-9.684936,-12.359437,0
012922,易方达全球成长精选混合(QDII)人民币C,QDII,2022-09-13,20,1.697195,-4.322851,-1.444188,-1.08159,-0.264584,17.180063,-6.993616,-6.993616,60.0,0,4,0.0,0.0,4.322851,0.0,0.0,123,-4.322851,123,-8.547878,-12.136908,0
012922,易方达全球成长精选混合(QDII)人民币C,QDII,2022-09-14,20,0.489896,-3.96957,-0.805964,-0.6869,-0.227139,17.241121,-6.993616,-6.993616,55.0,2,0,0.0,0.0,3.96957,0.0,0.0,124,-3.96957,124,-9.496242,-12.136908,0
012922,易方达全球成长精选混合(QDII)人民币C,QDII,2022-09-15,20,-3.181955,-5.735294,-2.405603,-2.729935,-0.22537,18.840229,-6.993616,-6.993616,55.0,0,2,0.0,0.0,5.735294,0.0,0.0,125,-5.735294,125,-7.165887,-10.026001,0
012922,易方达全球成长精选混合(QDII)人民币C,QDII,2022-09-16,20,-3.448971,-7.390211,-4.546361,-2.768962,-0.198678,17.815387,-5.878883,-7.390211,60.0,0,3,0.0,0.0,7.390211,0.0,0.0,126,-7.390211,126,-6.371423,-9.640694,0
012922,易方达全球成长精选混合(QDII)人民币C,QDII,2022-09-19,20,-3.586263,-6.143984,-6.32874,-3.041108,-0.200098,16.896309,-6.439245,-7.941575,60.0,0,4,0.0,0.0,6.143984,0.0,0.0,127,-6.143984,127,-6.188925,-9.233029,0
012922,易方达全球成长精选混合(QDII)人民币C,QDII,2022-09-20,20,-3.012109,-5.680356,-6.76905,-2.613725,-0.195507,16.973335,-6.439245,-7.941575,55.0,2,0,0.0,0.0,5.680356,0.0,0.0,128,-5.680356,128,-5.812611,-9.233029,0
012922,易方达全球成长精选混合(QDII)人民币C,QDII,2022-09-21,20,-4.600853,-7.658278,-8.964916,-3.64029,-0.191606,17.060782,-6.023012,-9.141033,60.0,0,2,0.0,0.0,7.658278,0.0,0.0,129,-7.658278,129,-3.257745,-7.919106,0
012922,易方达全球成长精选混合(QDII)人民币C,QDII,2022-09-22,20,-2.672907,-5.636785,-7.273088,-3.723289,-0.221977,15.123999,-6.373187,-9.47959,60.0,0,3,0.0,0.0,5.636785,0.0,0.0,130,-5.636785,130,-4.776662,-7.919106,0
012922,易方达全球成长精选混合(QDII)人民币C,QDII,2022-09-23,20,-4.094422,-8.134067,-9.971566,-5.137278,-0.257422,15.573629,-7.54204,-11.182047,65.0,0,4,0.0,0.0,8.134067,0.0,0.0,131,-8.134067,131,-3.506861,-7.919106,0
012922,易方达全球成长精选混合(QDII)人民币C,QDII,2022-09-26,20,-2.784491,-6.175844,-9.044436,-4.112428,-0.29175,15.710894,-7.54204,-11.182047,60.0,2,0,0.0,0.0,6.175844,0.0,0.0,132,-6.175844,132,-3.923476,-7.919106,0
012922,易方达全球成长精选混合(QDII)人民币C,QDII,2022-09-27,20,-1.426923,-5.024262,-8.099384,-2.378961,-0.290277,16.924583,-7.54204,-11.182047,60.0,3,0,0.0,0.0,5.024262,0.0,0.0,133,-5.024262,133,-4.268228,-7.919106,0
012922,易方达全球成长精选混合(QDII)人民币C,QDII,2022-09-28,20,-1.735335,-6.303929,-9.108813,-3.783006,-0.312512,17.745682,-7.54204,-11.182047,60.0,0,2,0.0,0.0,6.303929,0.0,0.0,134,-6.303929,134,-2.881907,-6.273023,0
012922,易方达全球成长精选混合(QDII)人民币C,QDII,2022-09-29,20,-1.677709,-4.977796,-8.973091,-3.843742,-0.35694,16.974555,-7.54204,-11.182047,60.0,0,3,0.0,0.0,4.977796,0.0,0.0,135,-4.977796,135,-2.228019,-5.977611,0
012922,易方达全球成长精选混合(QDII)人民币C,QDII,2022-09-30,20,-1.884121,-6.302652,-12.090164,-5.551187,-0.434267,18.135969,-9.28406,-12.855485,60.0,0,4,0.0,0.0,6.302652,0.0,0.0,136,-6.302652,136,1.265401,-3.973804,0
012922,易方达全球成长精选混合(QDII)人民币C,QDII,2022-10-10,20,-5.652832,-9.647034,-14.337586,-8.037379,-0.537855,20.375033,-12.103514,-15.563939,65.0,0,5,0.0,0.0,9.647034,0.0,0.0,137,-9.647034,137,4.261657,-2.498074,1
012922,易方达全球成长精选混合(QDII)人民币C,QDII,2022-10-11,20,-7.919106,-10.472938,-13.36004,-8.370669,-0.63936,20.324688,-12.888934,-16.318437,70.0,0,6,0.0,0.0,10.472938,0.0,0.0,138,-10.472938,138,5.21327,-2.498074,1
012922,易方达全球成长精选混合(QDII)人民币C,QDII,2022-10-12,20,-4.431203,-9.971423,-10.610053,-6.084142,-0.677068,21.128215,-12.888934,-16.318437,70.0,2,0,0.0,0.0,9.971423,0.0,0.0,139,-9.971423,139,1.813853,-2.498074,0
012922,易方达全球成长精选混合(QDII)人民币C,QDII,2022-10-13,20,-4.23867,-11.277817,-11.116715,-5.627942,-0.679019,20.014783,-12.75716,-16.318437,75.0,0,2,0.0,0.0,11.277817,0.0,0.0,140,-11.277817,140,1.997503,-2.498074,0
012922,易方达全球成长精选混合(QDII)人民币C,QDII,2022-10-14,20,-1.953602,-10.921743,-12.153158,-4.840395,-0.661879,20.180919,-12.359437,-16.318437,70.0,2,0,0.0,0.0,10.921743,0.0,0.0,141,-10.921743,141,2.898223,-2.498074,1
012922,易方达全球成长精选混合(QDII)人民币C,QDII,2022-10-17,20,2.130828,-9.684936,-11.178639,-3.459852,-0.621468,20.87004,-12.136908,-16.318437,65.0,3,0,0.0,0.0,9.684936,0.0,0.0,142,-9.684936,142,0.347729,-2.498074,0
012922,易方达全球成长精选混合(QDII)人民币C,QDII,2022-10-18,20,3.883944,-8.547878,-11.028611,-2.235518,-0.561,21.381039,-12.136908,-16.318437,60.0,4,0,0.0,0.0,8.547878,0.0,0.0,143,-8.547878,143,1.880494,-2.498074,0
012922,易方达全球成长精选混合(QDII)人民币C,QDII,2022-10-19,20,1.020292,-9.496242,-11.147672,-2.566766,-0.495016,21.292607,-10.026001,-16.318437,65.0,0,2,0.0,0.0,9.496242,0.0,0.0,144,-9.496242,144,1.234429,-2.498074,0
012922,易方达全球成长精选混合(QDII)人民币C,QDII,2022-10-20,20,1.305187,-7.165887,-11.894186,-2.033738,-0.450024,20.228029,-9.640694,-16.318437,60.0,2,0,0.0,0.0,7.165887,0.0,0.0,145,-7.165887,145,1.971768,-2.498074,0
012922,易方达全球成长精选混合(QDII)人民币C,QDII,2022-10-21,20,1.483075,-6.371423,-11.317768,-1.28623,-0.394255,20.418046,-9.233029,-16.318437,55.0,3,0,0.0,0.0,6.371423,0.0,0.0,146,-6.371423,146,0.713967,-2.498074,0
012922,易方达全球成长精选混合(QDII)人民币C,QDII,2022-10-24,20,0.145822,-6.188925,-11.647699,-1.36278,-0.343562,20.395051,-9.233029,-16.318437,55.0,0,2,0.0,0.0,6.188925,0.0,0.0,147,-6.188925,147,0.638441,-2.498074,0
012922,易方达全球成长精选混合(QDII)人民币C,QDII,2022-10-25,20,-0.111272,-5.812611,-9.724457,-0.516975,-0.272459,20.563895,-7.919106,-16.318437,55.0,2,0,0.0,0.0,5.812611,0.0,0.0,148,-5.812611,148,-0.924585,-2.861512,0
012922,易方达全球成长精选混合(QDII)人民币C,QDII,2022-10-26,20,1.975087,-3.257745,-9.761668,0.873079,-0.198137,20.757547,-7.919106,-16.318437,50.0,3,0,0.0,0.0,3.257745,0.0,0.0,149,-3.257745,149,-1.914823,-2.861512,0
012922,易方达全球成长精选混合(QDII)人民币C,QDII,2022-10-27,20,-0.168048,-4.776662,-12.050928,-0.834632,-0.152669,21.694231,-7.919106,-16.318437,50.0,0,2,0.0,0.0,4.776662,0.0,0.0,150,-4.776662,150,-0.067333,-2.861512,0
012922,易方达全球成长精选混合(QDII)人民币C,QDII,2022-10-28,20,-1.160196,-3.506861,-12.407316,-1.225209,-0.138508,20.859243,-7.919106,-16.318437,50.0,0,3,0.0,0.0,3.506861,0.0,0.0,151,-3.506861,151,-1.139955,-4.335955,0
012922,易方达全球成长精选混合(QDII)人民币C,QDII,2022-10-31,20,-0.436828,-3.923476,-11.243135,-0.70098,-0.101942,20.657498,-7.919106,-16.318437,50.0,2,0,0.0,0.0,3.923476,0.0,0.0,152,-3.923476,152,-2.238722,-5.089559,0
012922,易方达全球成长精选混合(QDII)人民币C,QDII,2022-11-01,20,0.189373,-4.268228,-10.906389,0.697516,-0.017055,20.288217,-6.273023,-16.318437,50.0,3,0,0.0,0.0,4.268228,0.0,0.0,153,-4.268228,153,-2.468312,-5.089559,0
012922,易方达全球成长精选混合(QDII)人民币C,QDII,2022-11-02,20,-1.353582,-2.881907,-10.574621,0.511302,0.040906,19.461834,-5.977611,-16.318437,50.0,0,2,0.0,0.0,2.881907,0.0,0.0,154,-2.881907,154,-1.149041,-5.089559,0
012922,易方达全球成长精选混合(QDII)人民币C,QDII,2022-11-03,20,0.953877,-2.228019,-10.255387,0.986176,0.103487,19.527375,-3.973804,-16.318437,45.0,2,0,0.0,0.0,2.228019,0.0,0.0,155,-2.228019,155,-0.666963,-5.089559,0
012922,易方达全球成长精选混合(QDII)人民币C,QDII,2022-11-04,20,2.968397,1.265401,-9.133466,2.346349,0.155718,18.752574,-2.498074,-16.318437,40.0,3,0,0.0,1.265401,0.0,0.0,0.0,156,1.265401,156,-2.26899,-5.089559,0
012922,易方达全球成长精选混合(QDII)人民币C,QDII,2022-11-07,20,2.38497,4.261657,-10.078056,1.88694,0.152649,14.614092,-2.498074,-16.318437,40.0,0,2,0.0,4.261657,0.0,0.0,0.0,157,4.261657,157,-1.845951,-5.089559,0
012922,易方达全球成长精选混合(QDII)人民币C,QDII,2022-11-08,20,1.200801,5.21327,-10.289769,1.641541,0.129688,14.047481,-2.498074,-16.318437,35.0,2,0,0.0,5.21327,0.0,0.0,0.0,158,5.21327,158,-2.417051,-5.089559,0
012922,易方达全球成长精选混合(QDII)人民币C,QDII,2022-11-09,20,0.189647,1.813853,-11.743318,0.200826,0.11011,13.598355,-2.498074,-16.318437,40.0,0,2,0.0,1.813853,0.0,0.0,0.0,159,1.813853,159,-1.725866,-5.089559,0
012922,易方达全球成长精选混合(QDII)人民币C,QDII,2022-11-10,20,-0.100044,1.997503,-11.753731,0.16942,0.087073,13.57704,-2.498074,-16.318437,35.0,2,0,0.0,1.997503,0.0,0.0,0.0,160,1.997503,160,-0.901302,-5.089559,0
012922,易方达全球成长精选混合(QDII)人民币C,QDII,2022-11-11,20,-0.372684,2.898223,-10.961991,1.161988,0.081192,14.059491,-2.498074,-16.318437,35.0,3,0,0.0,2.898223,0.0,0.0,0.0,161,2.898223,161,-1.76037,-5.089559,0
012922,易方达全球成长精选混合(QDII)人民币C,QDII,2022-11-14,20,-1.70311,0.347729,-12.078624,-0.446799,0.062812,14.988463,-2.498074,-16.318437,40.0,0,2,0.0,0.347729,0.0,0.0,0.0,162,0.347729,162,-0.190029,-5.089559,0
012922,易方达全球成长精选混合(QDII)人民币C,QDII,2022-11-15,20,0.593276,1.880494,-10.855808,1.79441,0.089878,16.930245,-2.498074,-16.318437,40.0,2,0,0.0,1.880494,0.0,0.0,0.0,163,1.880494,163,-3.058104,-5.089559,0
012922,易方达全球成长精选混合(QDII)人民币C,QDII,2022-11-16,20,0.445385,1.234429,-12.015995,0.23222,0.079347,17.531804,-2.498074,-16.318437,40.0,0,2,0.0,1.234429,0.0,0.0,0.0,164,1.234429,164,-2.006429,-4.526478,0
012922,易方达全球成长精选混合(QDII)人民币C,QDII,2022-11-17,20,1.279626,1.971768,-10.764706,1.033423,0.082441,17.777202,-2.498074,-16.318437,40.0,2,0,0.0,1.971768,0.0,0.0,0.0,165,1.971768,165,-3.68051,-4.526478,0
012922,易方达全球成长精选混合(QDII)人民币C,QDII,2022-11-18,20,-0.671141,0.713967,-12.671697,0.176429,0.077573,18.02164,-2.498074,-14.952812,45.0,0,2,0.0,0.713967,0.0,0.0,0.0,166,0.713967,166,-3.732831,-3.743908,0
012922,易方达全球成长精选混合(QDII)人民币C,QDII,2022-11-21,20,0.435949,0.638441,-11.390533,-0.332226,0.058524,18.047938,-2.498074,-14.952812,45.0,0,3,0.0,0.638441,0.0,0.0,0.0,167,0.638441,167,-3.895381,-3.895381,0
012922,易方达全球成长精选混合(QDII)人民币C,QDII,2022-11-22,20,-2.861512,-0.924585,-11.984166,-1.296222,0.032726,18.31101,-2.861512,-14.952812,50.0,0,4,0.0,0.0,0.924585,0.0,0.0,168,-0.924585,168,-3.699123,-4.151746,0
012922,易方达全球成长精选混合(QDII)人民币C,QDII,2022-11-23,20,-1.197207,-1.914823,-12.377114,-0.989769,0.030603,17.726487,-2.861512,-13.446723,50.0,2,0,0.0,0.0,1.914823,0.0,0.0,169,-1.914823,169,-4.039044,-4.286034,0
012922,易方达全球成长精选混合(QDII)人民币C,QDII,2022-11-24,20,-2.164359,-0.067333,-10.204699,-1.07534,-0.000785,16.332868,-2.861512,-13.446723,50.0,0,2,0.0,0.0,0.067333,0.0,0.0,170,-0.067333,170,-3.80685,-4.286034,0
012922,易方达全球成长精选混合(QDII)人民币C,QDII,2022-11-25,20,-2.979619,-1.139955,-12.366183,-2.642621,-0.064225,17.244175,-4.335955,-12.888934,50.0,0,3,0.0,0.0,1.139955,0.0,0.0,171,-1.139955,171,-2.877041,-4.800806,0
012922,易方达全球成长精选混合(QDII)人民币C,QDII,2022-11-28,20,-3.28325,-2.238722,-11.875063,-3.302622,-0.13199,17.372885,-5.089559,-12.888934,55.0,0,4,0.0,0.0,2.238722,0.0,0.0,172,-2.238722,172,-0.471807,-4.800806,0
012922,易方达全球成长精选混合(QDII)人民币C,QDII,2022-11-29,20,-1.371711,-2.468312,-11.322281,-2.269461,-0.165074,17.158252,-5.089559,-12.888934,55.0,2,0,0.0,0.0,2.468312,0.0,0.0,173,-2.468312,173,-0.649795,-4.800806,0
012922,易方达全球成长精选混合(QDII)人民币C,QDII,2022-11-30,20,-0.583417,-1.149041,-10.049741,-1.221218,-0.185494,17.596754,-5.089559,-12.888934,50.0,3,0,0.0,0.0,1.149041,0.0,0.0,174,-1.149041,174,-1.636384,-4.800806,0
012922,易方达全球成长精选混合(QDII)人民币C,QDII,2022-12-01,20,0.348119,-0.666963,-7.714551,-0.351824,-0.186579,17.831791,-5.089559,-12.888934,50.0,4,0,0.0,0.0,0.666963,0.0,0.0,175,-0.666963,175,-2.193375,-4.800806,0
012922,易方达全球成长精选混合(QDII)人民币C,QDII,2022-12-02,20,1.792442,-2.26899,-7.269891,-0.459965,-0.167614,17.006995,-5.089559,-12.888934,55.0,0,2,0.0,0.0,2.26899,0.0,0.0,176,-2.26899,176,-1.760879,-4.768835,0
012922,易方达全球成长精选混合(QDII)人民币C,QDII,2022-12-05,20,2.796318,-1.845951,-7.535452,-0.17656,-0.146262,17.031631,-5.089559,-12.888934,50.0,2,0,0.0,0.0,1.845951,0.0,0.0,177,-1.845951,177,-1.959028,-4.768835,0
012922,易方达全球成长精选混合(QDII)人民币C,QDII,2022-12-06,20,1.25399,-2.417051,-8.082376,-0.624315,-0.130055,17.111994,-5.089559,-12.888934,55.0,0,2,0.0,0.0,2.417051,0.0,0.0,178,-2.417051,178,-0.067552,-4.726173,0
012922,易方达全球成长精选混合(QDII)人民币C,QDII,2022-12-07,20,-0.394989,-1.725866,-9.920392,-1.165167,-0.140415,16.628107,-5.089559,-12.888934,55.0,0,3,0.0,0.0,1.725866,0.0,0.0,179,-1.725866,179,0.985724,-4.726173,0
012922,易方达全球成长精选混合(QDII)人民币C,QDII,2022-12-08,20,-0.335721,-0.901302,-10.321216,-0.224065,-0.134253,16.990763,-5.089559,-12.75716,55.0,2,0,0.0,0.0,0.901302,0.0,0.0,180,-0.901302,180,0.842129,-4.726173,0
012922,易方达全球成长精选混合(QDII)人民币C,QDII,2022-12-09,20,0.145805,-1.76037,-9.95361,0.123346,-0.105034,16.463583,-5.089559,-12.359437,55.0,3,0,0.0,0.0,1.76037,0.0,0.0,181,-1.76037,181,0.403181,-4.726173,0
012922,易方达全球成长精选混合(QDII)人民币C,QDII,2022-12-12,20,-0.044778,-0.190029,-9.543106,0.13289,-0.098324,15.494141,-5.089559,-12.136908,50.0,0,0,0.0,0.0,0.190029,0.0,0.0,182,-0.190029,182,1.388733,-4.726173,0
012922,易方达全球成长精选混合(QDII)人民币C,QDII,2022-12-13,20,-0.067552,-3.058104,-9.677419,-0.304948,-0.062722,12.865877,-4.526478,-12.136908,55.0,0,2,0.0,0.0,3.058104,0.0,0.0,183,-3.058104,183,1.982875,-4.157278,0
012922,易方达全球成长精选混合(QDII)人民币C,QDII,2022-12-14,20,0.158622,-2.006429,-10.217347,-0.608268,-0.052007,11.934488,-4.526478,-10.026001,55.0,0,3,0.0,0.0,2.006429,0.0,0.0,184,-2.006429,184,1.877828,-3.766968,0
012922,易方达全球成长精选混合(QDII)人民币C,QDII,2022-12-15,20,-1.560746,-3.68051,-8.819553,-1.243051,-0.035581,11.588987,-3.743908,-9.640694,60.0,0,4,0.0,0.0,3.68051,0.0,0.0,185,-3.68051,185,2.555036,-2.965667,1
012922,易方达全球成长精选混合(QDII)人民币C,QDII,2022-12-16,20,-2.665472,-3.732831,-9.222895,-1.912985,-0.038848,11.629233,-3.28325,-9.233029,60.0,0,5,0.0,0.0,3.732831,0.0,0.0,186,-3.732831,186,3.53239,-2.117133,1
012922,易方达全球成长精选混合(QDII)人民币C,QDII,2022-12-19,20,-3.292642,-3.895381,-9.267626,-2.352143,-0.053124,11.699673,-3.368397,-9.400902,60.0,0,6,0.0,0.0,3.895381,0.0,0.0,187,-3.895381,187,4.504922,-1.482339,1
012922,易方达全球成长精选混合(QDII)人民币C,QDII,2022-12-20,20,-3.503831,-3.699123,-10.135348,-2.963219,-0.089094,11.53329,-4.151746,-8.834486,60.0,0,7,0.0,0.0,3.699123,0.0,0.0,188,-3.699123,188,6.491535,-0.68877,1
012922,易方达全球成长精选混合(QDII)人民币C,QDII,2022-12-21,20,-3.246606,-4.039044,-8.94283,-2.901159,-0.118144,11.43878,-4.286034,-8.962214,65.0,0,8,0.0,0.0,4.039044,0.0,0.0,189,-4.039044,189,6.968315,-0.68877,1
012922,易方达全球成长精选混合(QDII)人民币C,QDII,2022-12-22,20,-2.292688,-3.80685,-8.463347,-2.566086,-0.140462,11.502662,-4.286034,-8.962214,60.0,2,0,0.0,0.0,3.80685,0.0,0.0,190,-3.80685,190,7.494747,-0.68877,1
012922,易方达全球成长精选混合(QDII)人民币C,QDII,2022-12-23,20,-2.117133,-2.877041,-7.35134,-3.098303,-0.192839,10.352696,-4.800806,-9.451836,60.0,0,2,0.0,0.0,2.877041,0.0,0.0,191,-2.877041,191,9.568591,-0.684856,1
012922,易方达全球成长精选混合(QDII)人民币C,QDII,2022-12-26,20,0.162131,-0.471807,-6.51751,-1.457796,-0.230054,11.88586,-4.800806,-9.451836,55.0,2,0,0.0,0.0,0.471807,0.0,0.0,192,-0.471807,192,7.550006,-0.684856,1
012922,易方达全球成长精选混合(QDII)人民币C,QDII,2022-12-27,20,1.751313,-0.649795,-7.237892,-0.673573,-0.241106,11.707487,-4.800806,-7.833153,55.0,3,0,0.0,0.0,0.649795,0.0,0.0,193,-0.649795,193,5.989673,-0.901191,1
012922,易方达全球成长精选混合(QDII)人民币C,QDII,2022-12-28,20,1.905764,-1.636384,-5.568797,-0.580026,-0.235122,11.043006,-4.800806,-7.542658,55.0,4,0,0.0,0.0,1.636384,0.0,0.0,194,-1.636384,194,7.675539,-0.901191,1
012922,易方达全球成长精选混合(QDII)人民币C,QDII,2022-12-29,20,2.031286,-2.193375,-5.010325,-0.1947,-0.209266,10.584006,-4.768835,-7.088248,55.0,5,0,0.0,0.0,2.193375,0.0,0.0,195,-2.193375,195,7.826087,-0.901191,1
012922,易方达全球成长精选混合(QDII)人民币C,QDII,2022-12-30,20,2.962266,-1.760879,-2.775003,0.11201,-0.18045,10.636116,-4.768835,-7.088248,50.0,6,0,0.0,0.0,1.760879,0.0,0.0,196,-1.760879,196,7.77486,-0.901191,1
012922,易方达全球成长精选混合(QDII)人民币C,QDII,2022-12-31,20,1.260261,-1.959028,0.332226,0.200791,-0.14599,10.590319,-4.726173,-7.088248,55.0,0,2,0.0,0.0,1.959028,0.0,0.0,197,-1.959028,197,6.337063,-1.345339,1
012922,易方达全球成长精选混合(QDII)人民币C,QDII,2023-01-03,20,1.84739,-0.067552,2.600855,1.554321,-0.098267,11.592775,-4.726173,-7.088248,50.0,2,0,0.0,0.0,0.067552,0.0,0.0,198,-0.067552,198,5.44164,-1.345339,1
012922,易方达全球成长精选混合(QDII)人民币C,QDII,2023-01-04,20,2.260211,0.985724,1.042966,1.926925,-0.054479,11.433334,-4.726173,-7.088248,45.0,3,0,0.0,0.985724,0.0,0.0,0.0,199,0.985724,199,4.005385,-1.800847,1
012922,易方达全球成长精选混合(QDII)人民币C,QDII,2023-01-05,20,2.757437,0.842129,1.929406,2.660532,0.013313,11.301625,-4.726173,-7.088248,45.0,4,0,0.0,0.842129,0.0,0.0,0.0,200,0.842129,200,5.021713,-1.800847,1
012922,易方达全球成长精选混合(QDII)人民币C,QDII,2023-01-06,20,2.351867,0.403181,1.494396,2.456557,0.081314,11.298233,-4.726173,-7.088248,50.0,0,2,0.0,0.403181,0.0,0.0,0.0,201,0.403181,201,3.17903,-2.012712,1
012922,易方达全球成长精选混合(QDII)人民币C,QDII,2023-01-09,20,3.368349,1.388733,1.547953,3.389008,0.162951,11.798483,-4.157278,-7.088248,50.0,2,0,0.0,1.388733,0.0,0.0,0.0,202,1.388733,202,2.86093,-2.012712,1
012922,易方达全球成长精选混合(QDII)人民币C,QDII,2023-01-10,20,1.982875,1.982875,0.723267,3.273798,0.232562,11.541294,-3.766968,-7.088248,50.0,0,2,0.0,1.982875,0.0,0.0,0.0,203,1.982875,203,3.181617,-2.012712,1
012922,易方达全球成长精选混合(QDII)人民币C,QDII,2023-01-11,20,1.04342,1.877828,1.066098,2.651781,0.285065,11.606545,-2.965667,-7.088248,50.0,0,3,0.0,1.877828,0.0,0.0,0.0,204,1.877828,204,4.030646,-2.012712,1
012922,易方达全球成长精选混合(QDII)人民币C,QDII,2023-01-12,20,0.111346,2.555036,0.72821,2.350149,0.318955,11.138912,-2.117133,-7.088248,50.0,0,4,0.0,2.555036,0.0,0.0,0.0,205,2.555036,205,3.370037,-2.012712,1
012922,易方达全球成长精选混合(QDII)人民币C,QDII,2023-01-13,20,0.368098,3.53239,0.379295,2.251162,0.336265,10.505949,-1.482339,-7.088248,45.0,2,0,0.0,3.53239,0.0,0.0,0.0,206,3.53239,206,1.033563,-3.697034,0
012922,易方达全球成长精选混合(QDII)人民币C,QDII,2023-01-16,20,-0.320336,4.504922,1.075269,2.320466,0.342301,10.052164,-0.68877,-7.088248,40.0,3,0,0.0,4.504922,0.0,0.0,0.0,207,4.504922,207,1.806294,-3.697034,0
012922,易方达全球成长精选混合(QDII)人民币C,QDII,2023-01-17,20,0.762262,6.491535,1.604099,3.095347,0.34454,9.704132,-0.68877,-7.088248,35.0,4,0,0.0,6.491535,0.0,0.0,0.0,208,6.491535,208,-1.348536,-4.682203,0
012922,易方达全球成长精选混合(QDII)人民币C,QDII,2023-01-18,20,1.58783,6.968315,0.682293,3.064679,0.339639,9.553576,-0.68877,-7.088248,30.0,5,0,0.0,6.968315,0.0,0.0,0.0,209,6.968315,209,-1.541152,-4.682203,0
012922,易方达全球成长精选混合(QDII)人民币C,QDII,2023-01-19,20,2.413525,7.494747,3.332959,3.355577,0.33639,9.585698,-0.684856,-7.088248,30.0,6,0,0.0,7.494747,0.0,0.0,0.0,210,7.494747,210,-1.172893,-4.682203,0
012922,易方达全球成长精选混合(QDII)人民币C,QDII,2023-01-20,20,3.589687,9.568591,5.20316,4.148161,0.329685,9.200391,-0.684856,-7.088248,25.0,7,0,0.0,9.568591,0.0,0.0,0.0,211,9.568591,211,-3.132711,-4.682203,0
012922,易方达全球成长精选混合(QDII)人民币C,QDII,2023-01-30,20,3.080674,7.550006,4.646192,3.558069,0.331643,8.2915,-0.684856,-7.088248,30.0,0,2,0.0,7.550006,0.0,0.0,0.0,212,7.550006,212,-2.28983,-4.682203,0
012922,易方达全球成长精选混合(QDII)人民币C,QDII,2023-01-31,20,1.27179,5.989673,2.701801,2.536493,0.324188,8.959509,-0.901191,-7.088248,35.0,0,3,0.0,5.989673,0.0,0.0,0.0,213,5.989673,213,-1.602252,-4.682203,0
012922,易方达全球成长精选混合(QDII)人民币C,QDII,2023-02-01,20,2.579517,7.675539,4.696564,3.793982,0.331396,10.014355,-0.901191,-7.088248,35.0,2,0,0.0,7.675539,0.0,0.0,0.0,214,7.675539,214,-1.353223,-4.682203,0
012922,易方达全球成长精选混合(QDII)人民币C,QDII,2023-02-02,20,2.345786,7.826087,4.75767,3.832572,0.337752,10.008713,-0.901191,-7.088248,35.0,3,0,0.0,7.826087,0.0,0.0,0.0,215,7.826087,215,-2.504244,-4.682203,0
012922,易方达全球成长精选混合(QDII)人民币C,QDII,2023-02-03,20,1.276687,7.77486,3.474734,3.620118,0.338578,10.020351,-0.901191,-7.088248,35.0,4,0,0.0,7.77486,0.0,0.0,0.0,216,7.77486,216,-2.118644,-4.682203,0
012922,易方达全球成长精选混合(QDII)人民币C,QDII,2023-02-06,20,0.118254,6.337063,2.329414,1.915638,0.308397,11.686292,-1.345339,-7.088248,35.0,0,2,0.0,6.337063,0.0,0.0,0.0,217,6.337063,217,-0.408032,-4.601357,0
012922,易方达全球成长精选混合(QDII)人民币C,QDII,2023-02-07,20,1.320775,5.44164,2.823555,2.149071,0.296908,11.057528,-1.345339,-7.088248,35.0,2,0,0.0,5.44164,0.0,0.0,0.0,218,5.44164,218,-2.361363,-4.601357,0
012922,易方达全球成长精选混合(QDII)人民币C,QDII,2023-02-08,20,-1.22536,4.005385,3.217904,0.980942,0.270277,11.850171,-1.800847,-7.088248,40.0,0,2,0.0,4.005385,0.0,0.0,0.0,219,4.005385,219,-0.474649,-4.601357,0
012922,易方达全球成长精选混合(QDII)人民币C,QDII,2023-02-09,20,0.08489,5.021713,4.951597,2.493888,0.274607,12.937024,-1.800847,-7.088248,40.0,2,0,0.0,5.021713,0.0,0.0,0.0,220,5.021713,220,-2.35369,-4.601357,0
012922,易方达全球成长精选混合(QDII)人民币C,QDII,2023-02-10,20,-2.012712,3.17903,1.771372,0.360756,0.240858,15.027869,-2.012712,-7.088248,40.0,0,2,0.0,3.17903,0.0,0.0,0.0,221,3.17903,221,-2.259459,-3.959868,0
012922,易方达全球成长精选混合(QDII)人民币C,QDII,2023-02-13,20,-0.010738,2.86093,4.091214,0.891687,0.227249,14.841839,-2.012712,-7.088248,40.0,2,0,0.0,2.86093,0.0,0.0,0.0,222,2.86093,222,-1.1061,-3.959868,0
012922,易方达全球成长精选混合(QDII)人民币C,QDII,2023-02-14,20,-0.203013,3.181617,2.009611,1.037418,0.213589,14.839537,-2.012712,-6.537025,35.0,3,0,0.0,3.181617,0.0,0.0,0.0,223,3.181617,223,-1.659529,-3.959868,0
012922,易方达全球成长精选混合(QDII)人民币C,QDII,2023-02-15,20,1.067961,4.030646,3.857665,1.152528,0.191845,14.633087,-2.012712,-6.537025,30.0,4,0,0.0,4.030646,0.0,0.0,0.0,224,4.030646,224,-2.743089,-3.959868,0
012922,易方达全球成长精选混合(QDII)人民币C,QDII,2023-02-16,20,-1.463104,3.370037,2.109426,0.178929,0.150256,15.012857,-2.012712,-5.770935,30.0,0,2,0.0,3.370037,0.0,0.0,0.0,225,3.370037,225,-1.097482,-3.18485,0
012922,易方达全球成长精选混合(QDII)人民币C,QDII,2023-02-17,20,-1.718919,1.033563,0.697829,-2.058274,0.073964,17.187058,-3.697034,-5.319978,35.0,0,3,0.0,1.033563,0.0,0.0,0.0,226,1.033563,226,2.331977,-2.522911,1
012922,易方达全球成长精选混合(QDII)人民币C,QDII,2023-02-20,20,-1.342354,1.806294,2.248191,-1.110848,0.015426,17.536457,-3.697034,-4.800806,35.0,2,0,0.0,1.806294,0.0,0.0,0.0,227,1.806294,227,-0.032655,-2.522911,0
012922,易方达全球成长精选混合(QDII)人民币C,QDII,2023-02-21,20,-3.66167,-1.348536,1.169328,-3.081091,-0.058302,18.701702,-4.682203,-4.800806,40.0,0,2,0.0,0.0,1.348536,0.0,0.0,228,-1.348536,228,3.078462,-2.522911,1
012922,易方达全球成长精选混合(QDII)人民币C,QDII,2023-02-22,20,-3.853133,-1.541152,1.065859,-2.899644,-0.123841,18.663439,-4.682203,-4.800806,40.0,2,0,0.0,0.0,1.541152,0.0,0.0,229,-1.541152,229,2.986234,-2.522911,1
012922,易方达全球成长精选混合(QDII)人民币C,QDII,2023-02-23,20,-2.087368,-1.172893,2.189781,-1.850813,-0.162936,18.901274,-4.682203,-4.800806,40.0,3,0,0.0,0.0,1.172893,0.0,0.0,230,-1.172893,230,4.582418,-2.522911,1
012922,易方达全球成长精选混合(QDII)人民币C,QDII,2023-02-24,20,-0.681993,-3.132711,3.082544,-2.463001,-0.192206,18.436509,-4.682203,-4.800806,45.0,0,2,0.0,0.0,3.132711,0.0,0.0,231,-3.132711,231,4.972865,-2.522911,1
012922,易方达全球成长精选混合(QDII)人民币C,QDII,2023-02-27,20,-1.066725,-2.28983,4.591484,-1.701753,-0.210699,18.660798,-4.682203,-4.800806,40.0,2,0,0.0,0.0,2.28983,0.0,0.0,232,-2.28983,232,4.026846,-2.522911,1
012922,易方达全球成长精选混合(QDII)人民币C,QDII,2023-02-28,20,1.011336,-1.602252,3.613771,-1.62302,-0.236796,18.532374,-4.682203,-4.800806,35.0,0,0,0.0,0.0,1.602252,0.0,0.0,233,-1.602252,233,3.223677,-2.522911,1
012922,易方达全球成长精选混合(QDII)人民币C,QDII,2023-03-01,20,2.775311,-1.353223,4.480307,0.275112,-0.209034,18.860466,-4.682203,-4.800806,35.0,2,0,0.0,0.0,1.353223,0.0,0.0,234,-1.353223,234,2.959603,-2.522911,1
012922,易方达全球成长精选混合(QDII)人民币C,QDII,2023-03-02,20,0.967033,-2.504244,2.820054,-0.355718,-0.183436,18.925946,-4.682203,-4.768835,40.0,0,2,0.0,0.0,2.504244,0.0,0.0,235,-2.504244,235,4.157597,-2.522911,1
012922,易方达全球成长精选混合(QDII)人民币C,QDII,2023-03-03,20,2.336914,-2.118644,3.633917,0.317019,-0.143081,19.058172,-4.601357,-4.768835,40.0,2,0,0.0,0.0,2.118644,0.0,0.0,236,-2.118644,236,4.393939,-2.522911,1
012922,易方达全球成长精选混合(QDII)人民币C,QDII,2023-03-06,20,2.04643,-0.408032,3.828501,0.717784,-0.115629,18.539695,-4.601357,-4.726173,35.0,3,0,0.0,0.0,0.408032,0.0,0.0,237,-0.408032,237,4.636119,-2.522911,1
012922,易方达全球成长精选混合(QDII)人民币C,QDII,2023-03-07,20,0.539113,-2.361363,2.882234,-0.650696,-0.101012,19.134178,-4.601357,-4.726173,40.0,0,2,0.0,0.0,2.361363,0.0,0.0,238,-2.361363,238,5.176187,-2.005203,1
012922,易方达全球成长精选混合(QDII)人民币C,QDII,2023-03-08,20,-0.345647,-0.474649,4.532064,0.330047,-0.084275,19.227706,-4.601357,-4.726173,35.0,2,0,0.0,0.0,0.474649,0.0,0.0,239,-0.474649,239,4.140473,-2.005203,1
012922,易方达全球成长精选混合(QDII)人民币C,QDII,2023-03-09,20,0.239443,-2.35369,3.413429,0.277096,-0.041513,18.063634,-3.959868,-4.726173,40.0,0,2,0.0,0.0,2.35369,0.0,0.0,240,-2.35369,240,5.04886,-1.834962,1
012922,易方达全球成长精选混合(QDII)人民币C,QDII,2023-03-10,20,-2.15368,-2.259459,1.25434,-1.450824,-0.052649,17.940091,-3.959868,-4.726173,40.0,0,3,0.0,0.0,2.259459,0.0,0.0,241,-2.259459,241,6.547948,-1.418514,1
012922,易方达全球成长精选混合(QDII)人民币C,QDII,2023-03-13,20,-0.71159,-1.1061,3.135849,0.4368,-0.023494,19.082862,-3.959868,-4.682203,40.0,2,0,0.0,0.0,1.1061,0.0,0.0,242,-1.1061,242,3.616028,-1.679547,1
012922,易方达全球成长精选混合(QDII)人民币C,QDII,2023-03-14,20,0.514336,-1.659529,3.481298,0.259791,0.00847,19.050539,-3.959868,-4.682203,45.0,0,2,0.0,0.0,1.659529,0.0,0.0,243,-1.659529,243,3.52749,-2.019578,1
012922,易方达全球成长精选混合(QDII)人民币C,QDII,2023-03-15,20,-1.235638,-2.743089,3.076923,-0.397339,0.036664,19.156229,-3.18485,-4.682203,50.0,0,3,0.0,0.0,2.743089,0.0,0.0,244,-2.743089,244,3.687445,-2.64812,1
012922,易方达全球成长精选混合(QDII)人民币C,QDII,2023-03-16,20,-0.19544,-1.097482,4.847724,0.53318,0.068657,19.305337,-2.522911,-4.682203,45.0,2,0,0.0,0.0,1.097482,0.0,0.0,245,-1.097482,245,3.176675,-2.64812,1
012922,易方达全球成长精选混合(QDII)人民币C,QDII,2023-03-17,20,2.89791,2.331977,7.041767,1.629369,0.084495,18.040559,-2.522911,-4.682203,40.0,3,0,0.0,2.331977,0.0,0.0,0.0,246,2.331977,246,1.870364,-2.64812,0
012922,易方达全球成长精选混合(QDII)人民币C,QDII,2023-03-20,20,-0.271474,-0.032655,6.357846,0.331014,0.09492,18.337984,-2.522911,-4.682203,45.0,0,2,0.0,0.0,0.032655,0.0,0.0,247,-0.032655,247,3.255662,-2.64812,1
012922,易方达全球成长精选混合(QDII)人民币C,QDII,2023-03-21,20,0.979858,3.078462,8.28955,1.172069,0.086862,16.930069,-2.522911,-4.682203,40.0,2,0,0.0,3.078462,0.0,0.0,0.0,248,3.078462,248,1.628032,-2.874807,0
012922,易方达全球成长精选混合(QDII)人民币C,QDII,2023-03-22,20,1.810799,2.986234,8.464866,1.045638,0.076326,16.93628,-2.522911,-4.682203,40.0,3,0,0.0,2.986234,0.0,0.0,0.0,249,2.986234,249,2.252883,-2.874807,1
012922,易方达全球成长精选混合(QDII)人民币C,QDII,2023-03-23,20,3.535683,4.582418,11.102031,3.424855,0.114418,18.809711,-2.522911,-4.682203,40.0,4,0,0.0,4.582418,0.0,0.0,0.0,250,4.582418,250,-2.427235,-4.317362,0
012922,易方达全球成长精选混合(QDII)人民币C,QDII,2023-03-24,20,1.881114,4.972865,11.41413,2.750344,0.12732,18.590282,-2.522911,-4.682203,40.0,0,2,0.0,4.972865,0.0,0.0,0.0,251,4.972865,251,-2.785398,-5.059248,0
012922,易方达全球成长精选混合(QDII)人民币C,QDII,2023-03-27,20,2.950784,4.026846,9.318996,2.298055,0.139612,18.600531,-2.522911,-4.682203,45.0,0,3,0.0,4.026846,0.0,0.0,0.0,252,4.026846,252,-3.976732,-6.450283,0
012922,易方达全球成长精选混合(QDII)人民币C,QDII,2023-03-28,20,1.153639,3.223677,7.653471,1.347592,0.134704,18.912178,-2.522911,-4.682203,50.0,0,4,0.0,3.223677,0.0,0.0,0.0,253,3.223677,253,-2.47282,-6.450283,0
012922,易方达全球成长精选混合(QDII)人民币C,QDII,2023-03-29,20,2.748733,2.959603,9.362093,2.815785,0.17697,18.623029,-2.522911,-4.682203,50.0,2,0,0.0,2.959603,0.0,0.0,0.0,254,2.959603,254,-3.871171,-6.450283,0
012922,易方达全球成长精选混合(QDII)人民币C,QDII,2023-03-30,20,0.556898,4.157597,9.496568,3.013439,0.208494,18.32453,-2.522911,-4.682203,45.0,3,0,0.0,4.157597,0.0,0.0,0.0,255,4.157597,255,-2.570533,-6.450283,0
012922,易方达全球成长精选混合(QDII)人民币C,QDII,2023-03-31,20,1.772526,4.393939,10.126727,3.605128,0.254168,18.401032,-2.522911,-4.682203,45.0,4,0,0.0,4.393939,0.0,0.0,0.0,256,4.393939,256,-4.882853,-6.450283,0
012922,易方达全球成长精选混合(QDII)人民币C,QDII,2023-04-03,20,2.644104,4.636119,10.812971,3.998671,0.308016,18.445926,-2.005203,-4.682203,45.0,5,0,0.0,4.636119,0.0,0.0,0.0,257,4.636119,257,-4.760433,-6.450283,0
012922,易方达全球成长精选混合(QDII)人民币C,QDII,2023-04-04,20,2.440844,5.176187,8.280757,2.731014,0.317147,17.900827,-2.005203,-4.682203,45.0,0,2,0.0,5.176187,0.0,0.0,0.0,258,5.176187,258,-2.902924,-6.160207,0
012922,易方达全球成长精选混合(QDII)人民币C,QDII,2023-04-06,20,0.797314,4.140473,7.797599,2.489706,0.333167,17.729039,-1.834962,-4.682203,50.0,0,3,0.0,4.140473,0.0,0.0,0.0,259,4.140473,259,-4.069525,-6.160207,0
012922,易方达全球成长精选混合(QDII)人民币C,QDII,2023-04-07,20,1.097179,5.04886,7.727425,2.949079,0.350352,17.74937,-1.418514,-4.682203,45.0,2,0,0.0,5.04886,0.0,0.0,0.0,260,5.04886,260,-4.496124,-6.160207,0
012922,易方达全球成长精选混合(QDII)人民币C,QDII,2023-04-10,20,-0.134771,6.547948,7.451199,2.180335,0.325118,16.192508,-1.418514,-4.682203,45.0,0,2,0.0,6.547948,0.0,0.0,0.0,261,6.547948,261,-4.183536,-5.751064,0
012922,易方达全球成长精选混合(QDII)人民币C,QDII,2023-04-11,20,-1.679547,3.616028,5.401524,1.036626,0.30535,15.716484,-1.679547,-4.682203,50.0,0,3,0.0,3.616028,0.0,0.0,0.0,262,3.616028,262,-3.835674,-4.852232,0
012922,易方达全球成长精选混合(QDII)人民币C,QDII,2023-04-12,20,-1.061284,3.52749,5.048608,0.514783,0.271383,15.751219,-2.019578,-4.682203,50.0,0,4,0.0,3.52749,0.0,0.0,0.0,263,3.52749,263,-1.90346,-4.522032,0
012922,易方达全球成长精选混合(QDII)人民币C,QDII,2023-04-13,20,-1.665279,3.687445,4.907839,-0.307056,0.211019,15.634615,-2.64812,-4.682203,50.0,0,5,0.0,3.687445,0.0,0.0,0.0,264,3.687445,264,-1.735817,-4.290533,0
012922,易方达全球成长精选混合(QDII)人民币C,QDII,2023-04-14,20,-1.97416,3.176675,5.483261,-0.081124,0.164307,15.441137,-2.64812,-4.682203,50.0,2,0,0.0,3.176675,0.0,0.0,0.0,265,3.176675,265,-1.412906,-4.290533,0
012922,易方达全球成长精选混合(QDII)人民币C,QDII,2023-04-17,20,-1.619433,1.870364,5.323405,-0.246305,0.130584,14.951329,-2.64812,-4.682203,55.0,0,2,0.0,1.870364,0.0,0.0,0.0,266,1.870364,266,0.844149,-4.290533,0
012922,易方达全球成长精选混合(QDII)人民币C,QDII,2023-04-18,20,-0.618319,3.255662,5.086436,-0.339977,0.075264,14.044514,-2.64812,-4.682203,50.0,2,0,0.0,3.255662,0.0,0.0,0.0,267,3.255662,267,0.516714,-4.290533,0
012922,易方达全球成长精选混合(QDII)人民币C,QDII,2023-04-19,20,-0.872857,1.628032,3.343932,-1.017547,0.021949,13.937852,-2.874807,-4.682203,55.0,0,2,0.0,1.628032,0.0,0.0,0.0,268,1.628032,268,0.891152,-4.290533,0
012922,易方达全球成长精选混合(QDII)人民币C,QDII,2023-04-20,20,0.402202,2.252883,3.683463,-0.496677,-0.024331,14.071379,-2.874807,-4.682203,55.0,2,0,0.0,2.252883,0.0,0.0,0.0,269,2.252883,269,-0.643053,-4.290533,0
012922,易方达全球成长精选混合(QDII)人民币C,QDII,2023-04-21,20,-2.087727,-2.427235,0.847089,-2.476423,-0.064182,12.958267,-4.317362,-4.682203,60.0,0,2,0.0,0.0,2.427235,0.0,0.0,270,-2.427235,270,1.432264,-2.229162,0
012922,易方达全球成长精选混合(QDII)人民币C,QDII,2023-04-24,20,-2.77514,-2.785398,-1.147945,-3.098248,-0.117788,13.13067,-5.059248,-5.059248,60.0,0,3,0.0,0.0,2.785398,0.0,0.0,271,-2.785398,271,5.665292,-1.671667,1
012922,易方达全球成长精选混合(QDII)人民币C,QDII,2023-04-25,20,-4.260255,-3.976732,-2.397334,-4.328858,-0.191611,13.951447,-6.450283,-6.450283,60.0,0,4,0.0,0.0,3.976732,0.0,0.0,272,-3.976732,272,10.661967,-1.671667,1
012922,易方达全球成长精选混合(QDII)人民币C,QDII,2023-04-26,20,-2.928071,-2.47282,-0.941864,-3.462683,-0.261018,14.193325,-6.450283,-6.450283,55.0,2,0,0.0,0.0,2.47282,0.0,0.0,273,-2.47282,273,9.169399,-1.671667,1
012922,易方达全球成长精选混合(QDII)人民币C,QDII,2023-04-27,20,-3.405018,-3.871171,-2.365477,-3.136975,-0.300148,12.716931,-6.450283,-6.450283,55.0,3,0,0.0,0.0,3.871171,0.0,0.0,274,-3.871171,274,10.236822,-1.671667,1
012922,易方达全球成长精选混合(QDII)人民币C,QDII,2023-04-28,20,0.409218,-2.570533,-1.061121,-1.306702,-0.30264,14.364248,-6.450283,-6.450283,55.0,4,0,0.0,0.0,2.570533,0.0,0.0,275,-2.570533,275,6.284856,-1.890902,1
012922,易方达全球成长精选混合(QDII)人民币C,QDII,2023-05-04,20,-0.423269,-4.882853,-2.807203,-2.641157,-0.31143,14.833486,-6.450283,-6.450283,60.0,0,2,0.0,0.0,4.882853,0.0,0.0,276,-4.882853,276,9.907357,-1.890902,1
012922,易方达全球成长精选混合(QDII)人民币C,QDII,2023-05-05,20,1.806366,-4.760433,-0.751637,-1.678581,-0.292472,14.939512,-6.160207,-6.450283,60.0,2,0,0.0,0.0,4.760433,0.0,0.0,277,-4.760433,277,9.401709,-1.890902,1
012922,易方达全球成长精选混合(QDII)人民币C,QDII,2023-05-08,20,1.989071,-2.902924,-0.288492,-0.584328,-0.26802,15.258865,-6.160207,-6.450283,55.0,3,0,0.0,0.0,2.902924,0.0,0.0,278,-2.902924,278,8.519074,-1.890902,1
012922,易方达全球成长精选混合(QDII)人民币C,QDII,2023-05-09,20,0.589327,-4.069525,-0.571737,-1.604518,-0.257206,15.730722,-6.160207,-6.450283,55.0,0,2,0.0,0.0,4.069525,0.0,0.0,279,-4.069525,279,9.471629,-1.890902,1
012922,易方达全球成长精选混合(QDII)人民币C,QDII,2023-05-10,20,-0.900901,-4.496124,-2.035623,-1.129415,-0.225277,15.468986,-5.751064,-6.450283,55.0,2,0,0.0,0.0,4.496124,0.0,0.0,280,-4.496124,280,7.84632,-1.890902,1
012922,易方达全球成长精选混合(QDII)人民币C,QDII,2023-05-11,20,0.599455,-4.183536,-0.216216,-1.023012,-0.194795,15.453867,-4.852232,-6.450283,55.0,0,2,0.0,0.0,4.183536,0.0,0.0,281,-4.183536,281,8.385699,-1.890902,1
012922,易方达全球成长精选混合(QDII)人民币C,QDII,2023-05-12,20,-0.724873,-3.835674,-1.460481,-1.408602,-0.181364,15.278517,-4.522032,-6.450283,55.0,0,3,0.0,0.0,3.835674,0.0,0.0,282,-3.835674,282,10.581953,-1.890902,1
012922,易方达全球成长精选混合(QDII)人民币C,QDII,2023-05-15,20,-0.042863,-1.90346,-0.12848,0.322111,-0.144043,16.604946,-4.290533,-6.450283,50.0,2,0,0.0,0.0,1.90346,0.0,0.0,283,-1.90346,283,9.991424,-1.890902,1
012922,易方达全球成长精选混合(QDII)人民币C,QDII,2023-05-16,20,0.726918,-1.735817,-0.907247,-0.062972,-0.120845,16.541078,-4.290533,-6.450283,50.0,0,2,0.0,0.0,1.735817,0.0,0.0,284,-1.735817,284,11.912969,-1.890902,1
012922,易方达全球成长精选混合(QDII)人民币C,QDII,2023-05-17,20,1.190476,-1.412906,0.602539,0.720122,-0.078653,16.70428,-4.290533,-6.450283,50.0,2,0,0.0,0.0,1.412906,0.0,0.0,285,-1.412906,285,12.28877,-1.890902,1
012922,易方达全球成长精选混合(QDII)人民币C,QDII,2023-05-18,20,3.542795,0.844149,5.125949,2.905628,-0.003538,18.560551,-4.290533,-6.450283,45.0,3,0,0.0,0.844149,0.0,0.0,0.0,286,0.844149,286,10.285654,-1.890902,1
012922,易方达全球成长精选混合(QDII)人民币C,QDII,2023-05-19,20,3.879686,0.516714,3.755306,2.60937,0.067405,18.592921,-4.290533,-6.450283,50.0,0,2,0.0,0.516714,0.0,0.0,0.0,287,0.516714,287,10.480487,-1.890902,1
012922,易方达全球成长精选混合(QDII)人民币C,QDII,2023-05-22,20,1.951115,0.891152,5.690153,2.326282,0.124426,18.47169,-4.290533,-6.450283,50.0,0,3,0.0,0.891152,0.0,0.0,0.0,288,0.891152,288,11.240799,-1.890902,1
012922,易方达全球成长精选混合(QDII)人民币C,QDII,2023-05-23,20,1.518742,-0.643053,4.629218,1.444986,0.177305,18.626164,-2.229162,-6.450283,55.0,0,4,0.0,0.0,0.643053,0.0,0.0,289,-0.643053,289,13.114058,-1.890902,1
012922,易方达全球成长精选混合(QDII)人民币C,QDII,2023-05-24,20,0.737968,1.432264,3.505495,1.307893,0.196077,16.930811,-1.671667,-6.450283,55.0,0,5,0.0,1.432264,0.0,0.0,0.0,290,1.432264,290,10.022295,-2.795235,1
012922,易方达全球成长精选混合(QDII)人民币C,QDII,2023-05-25,20,1.872973,5.665292,7.830325,4.424304,0.248608,20.227021,-1.671667,-6.450283,50.0,2,0,0.0,5.665292,0.0,0.0,0.0,291,5.665292,291,3.872227,-5.140231,1
012922,易方达全球成长精选混合(QDII)人民币C,QDII,2023-05-26,20,5.402854,10.661967,10.540213,7.203449,0.316415,21.599732,-1.671667,-6.450283,45.0,3,0,0.0,10.661967,0.0,0.0,0.0,292,10.661967,292,2.189708,-5.140231,1
012922,易方达全球成长精选混合(QDII)人民币C,QDII,2023-05-29,20,5.036803,9.169399,9.902079,6.109615,0.371433,21.914766,-1.671667,-6.450283,50.0,0,2,0.0,9.169399,0.0,0.0,0.0,293,9.169399,293,2.232456,-5.140231,1
012922,易方达全球成长精选混合(QDII)人民币C,QDII,2023-05-30,20,7.172414,10.236822,9.105638,6.767434,0.431486,22.008554,-1.671667,-6.450283,50.0,2,0,0.0,10.236822,0.0,0.0,0.0,294,10.236822,294,1.742402,-5.140231,0
012922,易方达全球成长精选混合(QDII)人民币C,QDII,2023-05-31,20,5.212868,6.284856,7.858076,4.425161,0.475029,23.02545,-1.890902,-6.450283,55.0,0,2,0.0,6.284856,0.0,0.0,0.0,295,6.284856,295,4.843592,-5.140231,1
012922,易方达全球成长精选混合(QDII)人民币C,QDII,2023-06-01,20,3.574363,9.907357,9.134199,5.752189,0.50958,22.398542,-1.890902,-6.450283,50.0,2,0,0.0,9.907357,0.0,0.0,0.0,296,9.907357,296,2.499008,-5.140231,1
012922,易方达全球成长精选混合(QDII)人民币C,QDII,2023-06-02,20,0.646959,9.401709,9.024259,5.564806,0.545031,22.388064,-1.890902,-6.450283,50.0,3,0,0.0,9.401709,0.0,0.0,0.0,297,9.401709,297,2.353639,-5.140231,1
012922,易方达全球成长精选混合(QDII)人民币C,QDII,2023-06-05,20,1.38152,8.519074,10.822937,5.284498,0.583638,22.331858,-1.890902,-6.450283,50.0,4,0,0.0,8.519074,0.0,0.0,0.0,298,8.519074,298,0.829466,-5.140231,0
012922,易方达全球成长精选混合(QDII)人民币C,QDII,2023-06-06,20,-0.1089,9.471629,9.364838,4.425942,0.58504,21.684287,-1.890902,-6.450283,50.0,0,2,0.0,9.471629,0.0,0.0,0.0,299,9.471629,299,0.624381,-5.140231,0
012922,易方达全球成长精选混合(QDII)人民币C,QDII,2023-06-07,20,0.554995,7.84632,8.197611,2.746788,0.558673,22.506,-1.890902,-6.450283,55.0,0,3,0.0,7.84632,0.0,0.0,0.0,300,7.84632,300,1.374812,-5.243411,0
012922,易方达全球成长精选混合(QDII)人民币C,QDII,2023-06-08,20,-0.793336,8.385699,10.651477,2.738952,0.525273,22.429685,-1.890902,-6.450283,50.0,2,0,0.0,8.385699,0.0,0.0,0.0,301,8.385699,301,0.609756,-5.59047,0
012922,易方达全球成长精选混合(QDII)人民币C,QDII,2023-06-09,20,0.346123,10.581953,10.185688,3.690533,0.49191,22.38079,-1.890902,-6.450283,45.0,3,0,0.0,10.581953,0.0,0.0,0.0,302,10.581953,302,-0.049276,-5.59047,0
012922,易方达全球成长精选混合(QDII)人民币C,QDII,2023-06-12,20,1.313321,9.991424,11.703865,4.348357,0.484945,22.094216,-1.890902,-6.450283,45.0,4,0,0.0,9.991424,0.0,0.0,0.0,303,9.991424,303,-1.150097,-5.59047,0
012922,易方达全球成长精选混合(QDII)人民币C,QDII,2023-06-13,20,2.973241,11.912969,14.025461,5.079518,0.475206,21.955796,-1.890902,-6.450283,40.0,5,0,0.0,11.912969,0.0,0.0,0.0,304,11.912969,304,-0.163619,-5.59047,0
012922,易方达全球成长精选混合(QDII)人民币C,QDII,2023-06-14,20,5.358756,12.28877,14.218886,5.568515,0.474888,22.01663,-1.890902,-6.450283,40.0,6,0,0.0,12.28877,0.0,0.0,0.0,305,12.28877,305,-1.314411,-5.59047,0
012922,易方达全球成长精选混合(QDII)人民币C,QDII,2023-06-15,20,5.357857,10.285654,13.296786,5.459585,0.496243,21.168175,-1.890902,-6.450283,40.0,7,0,0.0,10.285654,0.0,0.0,0.0,306,10.285654,306,-1.13852,-5.59047,0
012922,易方达全球成长精选混合(QDII)人民币C,QDII,2023-06-16,20,3.78437,10.480487,14.666812,4.845534,0.49742,21.093304,-1.890902,-6.450283,40.0,0,2,0.0,10.480487,0.0,0.0,0.0,307,10.480487,307,-0.569746,-5.59047,0
012922,易方达全球成长精选混合(QDII)人民币C,QDII,2023-06-19,20,3.109162,11.240799,14.059299,4.765913,0.486887,20.914432,-1.890902,-6.450283,35.0,2,0,0.0,11.240799,0.0,0.0,0.0,308,11.240799,308,-1.389545,-5.59047,0
012922,易方达全球成长精选混合(QDII)人民币C,QDII,2023-06-20,20,2.608277,13.114058,14.918616,4.93575,0.458571,20.22214,-1.890902,-6.450283,30.0,3,0,0.0,13.114058,0.0,0.0,0.0,309,13.114058,309,-4.933871,-5.59047,0
012922,易方达全球成长精选混合(QDII)人民币C,QDII,2023-06-21,20,-1.295361,10.022295,8.889356,1.53085,0.370365,23.513783,-2.795235,-6.450283,30.0,0,2,0.0,10.022295,0.0,0.0,0.0,310,10.022295,310,-2.402779,-3.409416,0
012922,易方达全球成长精选混合(QDII)人民币C,QDII,2023-06-26,20,-4.051233,3.872227,6.699726,-1.101158,0.283896,23.079873,-5.140231,-6.450283,35.0,0,3,0.0,3.872227,0.0,0.0,0.0,311,3.872227,311,-0.118659,-3.533569,0
012922,易方达全球成长精选混合(QDII)人民币C,QDII,2023-06-27,20,-2.506884,2.189708,8.588049,0.296974,0.26182,20.85968,-5.140231,-6.450283,35.0,2,0,0.0,2.189708,0.0,0.0,0.0,312,2.189708,312,-0.146099,-3.533569,0
012922,易方达全球成长精选混合(QDII)人民币C,QDII,2023-06-28,20,-3.469137,2.232456,8.846728,-0.348857,0.219957,20.841846,-5.140231,-6.450283,35.0,0,2,0.0,2.232456,0.0,0.0,0.0,313,2.232456,313,-0.940071,-3.533569,0
012922,易方达全球成长精选混合(QDII)人民币C,QDII,2023-06-29,20,-3.601914,1.742402,7.815778,0.199385,0.20125,20.602243,-5.140231,-6.450283,35.0,2,0,0.0,1.742402,0.0,0.0,0.0,314,1.742402,314,-1.634718,-3.533569,0
012922,易方达全球成长精选混合(QDII)人民币C,QDII,2023-06-30,20,0.260542,4.843592,8.568443,1.064632,0.166099,19.484384,-5.140231,-6.450283,30.0,3,0,0.0,4.843592,0.0,0.0,0.0,315,4.843592,315,-1.405197,-3.533569,0
012922,易方达全球成长精选混合(QDII)人民币C,QDII,2023-07-03,20,2.205083,2.499008,7.153224,0.416296,0.143442,18.805027,-5.140231,-6.450283,35.0,0,2,0.0,2.499008,0.0,0.0,0.0,316,2.499008,316,-0.328947,-3.533569,0
012922,易方达全球成长精选混合(QDII)人民币C,QDII,2023-07-04,20,0.808415,2.353639,6.646059,0.436194,0.123401,18.79701,-5.140231,-6.160207,35.0,2,0,0.0,2.353639,0.0,0.0,0.0,317,2.353639,317,-0.743961,-3.533569,0
012922,易方达全球成长精选混合(QDII)人民币C,QDII,2023-07-05,20,-0.009792,0.829466,6.242847,-0.953028,0.083048,19.502626,-5.140231,-6.160207,40.0,0,2,0.0,0.829466,0.0,0.0,0.0,318,0.829466,318,-1.772598,-4.211632,0
012922,易方达全球成长精选混合(QDII)人民币C,QDII,2023-07-06,20,-1.206578,0.624381,5.672356,-1.545712,0.027808,19.572808,-5.140231,-6.160207,40.0,0,3,0.0,0.624381,0.0,0.0,0.0,319,0.624381,319,-1.457697,-4.450387,0
012922,易方达全球成长精选混合(QDII)人民币C,QDII,2023-07-07,20,-2.771896,1.374812,4.413437,-2.105289,-0.054493,19.10434,-5.243411,-5.751064,40.0,0,4,0.0,1.374812,0.0,0.0,0.0,320,1.374812,320,-0.30687,-4.450387,0
012922,易方达全球成长精选混合(QDII)人民币C,QDII,2023-07-10,20,-2.621904,0.609756,4.484584,-2.492662,-0.137887,19.127328,-5.59047,-5.59047,45.0,0,5,0.0,0.609756,0.0,0.0,0.0,321,0.609756,321,0.228515,-4.450387,0
012922,易方达全球成长精选混合(QDII)人民币C,QDII,2023-07-11,20,-2.009662,-0.049276,6.28799,-1.744324,-0.189659,18.624779,-5.59047,-5.59047,45.0,2,0,0.0,0.0,0.049276,0.0,0.0,322,-0.049276,322,-1.981858,-5.061599,0
012922,易方达全球成长精选混合(QDII)人民币C,QDII,2023-07-12,20,-0.675742,-1.150097,6.656851,-1.68813,-0.224198,18.158556,-5.59047,-5.59047,45.0,0,0,0.0,0.0,1.150097,0.0,0.0,323,-1.150097,323,-3.786235,-6.809283,0
012922,易方达全球成长精选混合(QDII)人民币C,QDII,2023-07-13,20,2.166847,-0.163619,9.790432,0.559363,-0.205039,19.44095,-5.59047,-5.59047,45.0,2,0,0.0,0.0,0.163619,0.0,0.0,324,-0.163619,324,-5.928854,-6.809283,0
012922,易方达全球成长精选混合(QDII)人民币C,QDII,2023-07-14,20,2.563849,-1.314411,9.247153,0.510263,-0.170705,19.042042,-5.59047,-5.59047,50.0,0,2,0.0,0.0,1.314411,0.0,0.0,325,-1.314411,325,-7.09391,-8.069907,0
012922,易方达全球成长精选混合(QDII)人民币C,QDII,2023-07-17,20,3.527074,-1.13852,9.950406,1.141482,-0.119835,19.108573,-5.59047,-5.59047,50.0,2,0,0.0,0.0,1.13852,0.0,0.0,326,-1.13852,326,-6.429942,-8.069907,0
012922,易方达全球成长精选混合(QDII)人民币C,QDII,2023-07-18,20,3.243936,-0.569746,10.418644,1.666116,-0.061439,19.203289,-5.59047,-5.59047,45.0,3,0,0.0,0.0,0.569746,0.0,0.0,327,-0.569746,327,-7.420495,-8.069907,0
012922,易方达全球成长精选混合(QDII)人民币C,QDII,2023-07-19,20,2.859397,-1.389545,10.672608,1.359787,-0.000183,19.155202,-5.59047,-5.59047,50.0,0,2,0.0,0.0,1.389545,0.0,0.0,328,-1.389545,328,-7.97546,-7.97546,0
012922,易方达全球成长精选混合(QDII)人民币C,QDII,2023-07-20,20,-2.294418,-4.933871,6.841661,-1.273653,0.034709,21.253334,-3.208863,-5.59047,55.0,0,3,0.0,0.0,4.933871,0.0,0.0,329,-4.933871,329,-5.525407,-7.056882,0
012922,易方达全球成长精选混合(QDII)人民币C,QDII,2023-07-21,20,-2.38394,-2.402779,8.916649,-1.358587,0.028584,18.998945,-3.409416,-5.59047,55.0,0,4,0.0,0.0,2.402779,0.0,0.0,330,-2.402779,330,-6.149891,-7.862551,0
012922,易方达全球成长精选混合(QDII)人民币C,QDII,2023-07-24,20,-3.06142,-0.118659,9.626655,-1.47961,-0.014242,16.955221,-3.533569,-5.59047,55.0,0,5,0.0,0.0,0.118659,0.0,0.0,331,-0.118659,331,-4.890605,-7.862551,0
012922,易方达全球成长精选混合(QDII)人民币C,QDII,2023-07-25,20,-2.091491,-0.146099,12.919925,0.000488,-0.012138,16.922243,-3.533569,-5.59047,55.0,2,0,0.0,0.0,0.146099,0.0,0.0,332,-0.146099,332,-5.8135,-7.862551,0
012922,易方达全球成长精选混合(QDII)人民币C,QDII,2023-07-26,20,-3.029141,-0.940071,10.557377,-1.279868,-0.037252,17.476897,-3.533569,-5.59047,55.0,0,2,0.0,0.0,0.940071,0.0,0.0,333,-0.940071,333,-4.052985,-7.862551,0
012922,易方达全球成长精选混合(QDII)人民币C,QDII,2023-07-27,20,-0.256537,-1.634718,10.32413,-1.267245,-0.051955,17.292368,-3.533569,-5.59047,60.0,0,3,0.0,0.0,1.634718,0.0,0.0,334,-1.634718,334,-4.421802,-7.862551,0
012922,易方达全球成长精选混合(QDII)人民币C,QDII,2023-07-28,20,1.285347,-1.405197,9.86701,0.122661,-0.027918,17.52392,-3.533569,-5.59047,60.0,2,0,0.0,0.0,1.405197,0.0,0.0,335,-1.405197,335,-6.862554,-7.862551,0
012922,易方达全球成长精选混合(QDII)人民币C,QDII,2023-07-31,20,1.989902,-0.328947,12.283379,0.706273,-0.001933,17.573992,-3.533569,-5.59047,55.0,3,0,0.0,0.0,0.328947,0.0,0.0,336,-0.328947,336,-6.484178,-7.862551,0
012922,易方达全球成长精选混合(QDII)人民币C,QDII,2023-08-01,20,0.204838,-0.743961,11.143568,0.460595,0.022676,17.590337,-3.533569,-5.59047,60.0,0,2,0.0,0.0,0.743961,0.0,0.0,337,-0.743961,337,-3.98131,-7.602453,0
012922,易方达全球成长精选混合(QDII)人民币C,QDII,2023-08-02,20,-0.850138,-1.772598,7.47964,-1.828842,-0.006999,18.925152,-4.211632,-5.918769,60.0,0,3,0.0,0.0,1.772598,0.0,0.0,338,-1.772598,338,-1.236291,-5.90801,0
012922,易方达全球成长精选混合(QDII)人民币C,QDII,2023-08-03,20,-1.028786,-1.457697,8.54942,-2.002556,-0.046522,18.85039,-4.450387,-6.153269,60.0,0,4,0.0,0.0,1.457697,0.0,0.0,339,-1.457697,339,-1.07946,-5.90801,0
012922,易方达全球成长精选混合(QDII)人民币C,QDII,2023-08-04,20,-1.688793,-0.30687,8.993506,-1.341118,-0.082525,18.94523,-4.450387,-6.153269,55.0,2,0,0.0,0.0,0.30687,0.0,0.0,340,-0.30687,340,-1.886605,-5.90801,0
012922,易方达全球成长精选混合(QDII)人民币C,QDII,2023-08-07,20,-2.077267,0.228515,9.295775,-1.185713,-0.121395,18.906405,-4.450387,-6.153269,50.0,3,0,0.0,0.228515,0.0,0.0,0.0,341,0.228515,341,-1.952815,-5.90801,0
012922,易方达全球成长精选混合(QDII)人民币C,QDII,2023-08-08,20,-3.231773,-1.981858,8.336966,-2.52966,-0.16944,19.381678,-5.061599,-6.753588,55.0,0,2,0.0,0.0,1.981858,0.0,0.0,342,-1.981858,342,-0.663917,-4.516648,0
012922,易方达全球成长精选混合(QDII)人民币C,QDII,2023-08-09,20,-2.711864,-3.786235,4.609777,-4.1435,-0.240488,20.34233,-6.809283,-8.470125,60.0,0,3,0.0,0.0,3.786235,0.0,0.0,343,-3.786235,343,0.625128,-2.725968,0
012922,易方达全球成长精选混合(QDII)人民币C,QDII,2023-08-10,20,-2.468766,-5.928854,5.105558,-3.85307,-0.270532,18.176613,-6.809283,-8.470125,60.0,0,0,0.0,0.0,5.928854,0.0,0.0,344,-5.928854,344,-0.71736,-2.725968,0
012922,易方达全球成长精选混合(QDII)人民币C,QDII,2023-08-11,20,-4.418628,-7.09391,2.951872,-4.808995,-0.312312,18.538085,-8.069907,-9.708283,60.0,0,2,0.0,0.0,7.09391,0.0,0.0,345,-7.09391,345,0.820694,-2.646154,0
012922,易方达全球成长精选混合(QDII)人民币C,QDII,2023-08-14,20,-3.350515,-6.429942,2.019462,-3.262293,-0.316498,19.180799,-8.069907,-9.708283,60.0,2,0,0.0,0.0,6.429942,0.0,0.0,346,-6.429942,346,0.676923,-2.646154,0
012922,易方达全球成长精选混合(QDII)人民币C,QDII,2023-08-15,20,-2.484659,-7.420495,1.699538,-3.445734,-0.310796,18.952209,-7.726227,-9.708283,65.0,0,2,0.0,0.0,7.420495,0.0,0.0,347,-7.420495,347,0.371364,-2.200686,0
012922,易方达全球成长精选混合(QDII)人民币C,QDII,2023-08-16,20,-1.619184,-7.97546,0.946372,-3.984157,-0.313037,19.068117,-6.814211,-9.952162,65.0,0,3,0.0,0.0,7.97546,0.0,0.0,348,-7.97546,348,1.020833,-2.200686,0
012922,易方达全球成长精选混合(QDII)人民币C,QDII,2023-08-17,20,-1.875384,-5.525407,1.591512,-3.965257,-0.352934,16.749122,-7.056882,-10.186662,65.0,0,4,0.0,0.0,5.525407,0.0,0.0,349,-5.525407,349,1.451697,-2.200686,0
012922,易方达全球成长精选混合(QDII)人民币C,QDII,2023-08-18,20,-1.392063,-6.149891,0.775029,-4.499837,-0.399971,16.87508,-7.862551,-10.9652,65.0,0,5,0.0,0.0,6.149891,0.0,0.0,350,-6.149891,350,1.243152,-2.988088,0
012922,易方达全球成长精选混合(QDII)人民币C,QDII,2023-08-21,20,-1.466667,-4.890605,-1.324979,-3.102007,-0.423081,17.717179,-7.862551,-10.9652,60.0,2,0,0.0,0.0,4.890605,0.0,0.0,351,-4.890605,351,-0.457999,-3.462548,0
012922,易方达全球成长精选混合(QDII)人民币C,QDII,2023-08-22,20,-0.391995,-5.8135,-3.891709,-2.314171,-0.40782,16.753491,-7.862551,-10.9652,60.0,3,0,0.0,0.0,5.8135,0.0,0.0,352,-5.8135,352,-0.921707,-3.462548,0
012922,易方达全球成长精选混合(QDII)人民币C,QDII,2023-08-23,20,1.104167,-4.052985,-2.833116,-1.604278,-0.397539,16.522983,-7.862551,-10.9652,55.0,4,0,0.0,0.0,4.052985,0.0,0.0,353,-4.052985,353,-2.699361,-4.66384,0
012922,易方达全球成长精选混合(QDII)人民币C,QDII,2023-08-24,20,0.908616,-4.421802,-4.346104,-1.827899,-0.388534,16.538446,-7.862551,-10.9652,55.0,0,2,0.0,0.0,4.421802,0.0,0.0,354,-4.421802,354,-3.487891,-5.865132,0
012922,易方达全球成长精选混合(QDII)人民币C,QDII,2023-08-25,20,0.516224,-6.862554,-3.723512,-2.709868,-0.369019,15.845419,-7.862551,-10.9652,60.0,0,3,0.0,0.0,6.862554,0.0,0.0,355,-6.862554,355,-1.058589,-5.865132,0
012922,易方达全球成长精选混合(QDII)人民币C,QDII,2023-08-28,20,0.281045,-6.484178,-4.462515,-1.425816,-0.31552,16.220681,-7.602453,-10.9652,60.0,2,0,0.0,0.0,6.484178,0.0,0.0,356,-6.484178,356,-2.283579,-5.865132,0
012922,易方达全球成长精选混合(QDII)人民币C,QDII,2023-08-29,20,2.154101,-3.98131,-2.452532,1.139148,-0.222012,18.875071,-5.90801,-10.9652,55.0,3,0,0.0,0.0,3.98131,0.0,0.0,357,-3.98131,357,-5.464315,-5.865132,0
012922,易方达全球成长精选混合(QDII)人民币C,QDII,2023-08-30,20,2.060581,-1.236291,-2.182285,1.634399,-0.154824,17.14128,-5.90801,-10.9652,50.0,4,0,0.0,0.0,1.236291,0.0,0.0,358,-1.236291,358,-5.764183,-5.865132,0
012922,易方达全球成长精选混合(QDII)人民币C,QDII,2023-08-31,20,2.432209,-1.07946,-1.912785,1.598349,-0.091001,17.12689,-5.90801,-10.9652,50.0,0,2,0.0,0.0,1.07946,0.0,0.0,359,-1.07946,359,-5.274326,-5.779529,0
012922,易方达全球成长精选混合(QDII)人民币C,QDII,2023-09-01,20,3.563568,-1.886605,-0.84295,1.533118,-0.01709,16.923247,-5.90801,-10.9652,55.0,0,3,0.0,0.0,1.886605,0.0,0.0,360,-1.886605,360,-3.299261,-5.722374,0
012922,易方达全球成长精选混合(QDII)人民币C,QDII,2023-09-04,20,2.667635,-1.952815,-1.129548,1.738849,0.064137,16.911244,-4.516648,-10.9652,55.0,2,0,0.0,0.0,1.952815,0.0,0.0,361,-1.952815,361,-3.265595,-5.722374,0
012922,易方达全球成长精选混合(QDII)人民币C,QDII,2023-09-05,20,0.111517,-0.663917,-2.680595,1.608763,0.122244,16.13269,-2.725968,-10.9652,55.0,0,2,0.0,0.0,0.663917,0.0,0.0,362,-0.663917,362,-2.481013,-5.56962,0
012922,易方达全球成长精选混合(QDII)人民币C,QDII,2023-09-06,20,-0.878256,0.625128,-4.298246,1.000854,0.143343,14.814419,-2.725968,-10.9652,55.0,0,3,0.0,0.625128,0.0,0.0,0.0,363,0.625128,363,-1.61931,-5.031062,0
012922,易方达全球成长精选混合(QDII)人民币C,QDII,2023-09-07,20,-2.111751,-0.71736,-6.756497,-0.310757,0.144338,15.593045,-2.646154,-10.9652,60.0,0,4,0.0,0.0,0.71736,0.0,0.0,364,-0.71736,364,-1.919901,-5.002037,0
012922,易方达全球成长精选混合(QDII)人民币C,QDII,2023-09-08,20,-1.781196,0.820694,-7.562625,-0.176401,0.127366,14.798865,-2.646154,-10.9652,55.0,2,0,0.0,0.820694,0.0,0.0,0.0,365,0.820694,365,-1.823802,-5.002037,0
012922,易方达全球成长精选混合(QDII)人民币C,QDII,2023-09-11,20,-0.758265,0.676923,-6.86907,0.931062,0.14563,14.646027,-2.200686,-10.9652,55.0,3,0,0.0,0.676923,0.0,0.0,0.0,366,0.676923,366,-3.117359,-5.002037,0
012922,易方达全球成长精选混合(QDII)人民币C,QDII,2023-09-12,20,-1.468354,0.371364,-7.606115,0.028271,0.141166,14.851036,-2.200686,-10.9652,55.0,0,2,0.0,0.371364,0.0,0.0,0.0,367,0.371364,367,-3.299075,-4.162384,0
012922,易方达全球成长精选混合(QDII)人民币C,QDII,2023-09-13,20,-1.232305,1.020833,-8.327819,-0.350899,0.116156,14.451963,-2.200686,-10.9652,55.0,0,3,0.0,1.020833,0.0,0.0,0.0,368,1.020833,368,-4.021448,-4.179535,0
012922,易方达全球成长精选混合(QDII)人民币C,QDII,2023-09-14,20,0.268373,1.451697,-8.882844,-0.257724,0.087933,14.407753,-2.200686,-9.349632,50.0,2,0,0.0,1.451697,0.0,0.0,0.0,369,1.451697,369,-5.363393,-5.363393,0
012922,易方达全球成长精选混合(QDII)人民币C,QDII,2023-09-15,20,-0.978877,1.243152,-7.266236,-1.385326,0.028918,14.601473,-2.988088,-9.349632,50.0,0,2,0.0,1.243152,0.0,0.0,0.0,370,1.243152,370,-4.495317,-4.989648,0
012922,易方达全球成长精选混合(QDII)人民币C,QDII,2023-09-18,20,-2.577425,-0.457999,-5.438544,-1.845465,-0.020127,14.069735,-3.462548,-9.349632,55.0,0,3,0.0,0.0,0.457999,0.0,0.0,371,-0.457999,371,-3.388058,-4.989648,0
012922,易方达全球成长精选混合(QDII)人民币C,QDII,2023-09-19,20,-1.675231,-0.921707,-6.81796,-1.759538,-0.059998,13.933629,-3.462548,-9.349632,55.0,2,0,0.0,0.0,0.921707,0.0,0.0,372,-0.921707,372,-4.442354,-5.362319,0
012922,易方达全球成长精选混合(QDII)人民币C,QDII,2023-09-20,20,-2.619097,-2.699361,-7.520564,-2.891957,-0.108569,14.433153,-4.66384,-9.808041,60.0,0,2,0.0,0.0,2.699361,0.0,0.0,373,-2.699361,373,-3.737823,-5.890269,0
012922,易方达全球成长精选混合(QDII)人民币C,QDII,2023-09-21,20,-4.00453,-3.487891,-9.263404,-3.949157,-0.177941,14.945733,-5.865132,-10.944513,60.0,0,3,0.0,0.0,3.487891,0.0,0.0,374,-3.487891,374,-1.630027,-5.890269,0
012922,易方达全球成长精选混合(QDII)人民币C,QDII,2023-09-22,20,-1.768991,-1.058589,-9.143407,-2.714011,-0.244788,15.16791,-5.865132,-10.944513,55.0,2,0,0.0,0.0,1.058589,0.0,0.0,375,-1.058589,375,-1.991525,-5.890269,0
012922,易方达全球成长精选混合(QDII)人民币C,QDII,2023-09-25,20,-1.558088,-2.283579,-8.920279,-2.871853,-0.299011,14.690564,-5.865132,-10.944513,60.0,0,2,0.0,0.0,2.283579,0.0,0.0,376,-2.283579,376,-2.135118,-5.890269,0
012922,易方达全球成长精选混合(QDII)人民币C,QDII,2023-09-26,20,-2.529529,-5.464315,-9.903382,-3.521841,-0.326099,11.612902,-5.865132,-10.944513,65.0,0,3,0.0,0.0,5.464315,0.0,0.0,377,-5.464315,377,-0.514745,-5.890269,0
012922,易方达全球成长精选混合(QDII)人民币C,QDII,2023-09-27,20,-1.154172,-5.764183,-8.578983,-3.132248,-0.336623,11.410119,-5.779529,-10.944513,65.0,2,0,0.0,0.0,5.764183,0.0,0.0,378,-5.764183,378,-0.40707,-5.890269,0
012922,易方达全球成长精选混合(QDII)人民币C,QDII,2023-09-28,20,0.536193,-5.274326,-7.66276,-2.452982,-0.333719,11.678498,-5.722374,-10.944513,60.0,3,0,0.0,0.0,5.274326,0.0,0.0,379,-5.274326,379,0.778667,-5.890269,0
012922,易方达全球成长精选混合(QDII)人民币C,QDII,2023-10-09,20,1.21822,-3.299261,-5.414769,-0.411175,-0.298113,14.030614,-5.722374,-10.944513,55.0,4,0,0.0,0.0,3.299261,0.0,0.0,380,-3.299261,380,-0.083726,-5.890269,0
012922,易方达全球成长精选混合(QDII)人民币C,QDII,2023-10-10,20,1.635861,-3.265595,-4.937904,-0.107535,-0.253675,14.03989,-5.56962,-10.944513,55.0,5,0,0.0,0.0,3.265595,0.0,0.0,381,-3.265595,381,0.470318,-5.890269,0
012922,易方达全球成长精选混合(QDII)人民币C,QDII,2023-10-11,20,3.270777,-2.481013,-5.048314,0.66851,-0.197306,14.331396,-5.031062,-10.944513,50.0,6,0,0.0,0.0,2.481013,0.0,0.0,382,-2.481013,382,-0.031153,-5.890269,0
012922,易方达全球成长精选混合(QDII)人民币C,QDII,2023-10-12,20,3.481521,-1.61931,-4.752514,1.066111,-0.141643,14.30855,-5.002037,-10.944513,45.0,7,0,0.0,0.0,1.61931,0.0,0.0,383,-1.61931,383,-0.610766,-5.890269,0
012922,易方达全球成长精选混合(QDII)人民币C,QDII,2023-10-13,20,1.354667,-1.919901,-8.396799,-0.490114,-0.128694,14.694447,-5.002037,-10.944513,45.0,0,2,0.0,0.0,1.919901,0.0,0.0,384,-1.919901,384,1.568091,-4.586482,0
012922,易方达全球成长精选混合(QDII)人民币C,QDII,2023-10-16,20,-0.282575,-1.823802,-8.039765,-0.125263,-0.106075,14.722319,-5.002037,-10.944513,45.0,2,0,0.0,0.0,1.823802,0.0,0.0,385,-1.823802,385,1.595298,-4.586482,0
012922,易方达全球成长精选混合(QDII)人民币C,QDII,2023-10-17,20,-0.606187,-3.117359,-8.733205,-0.153811,-0.064976,13.985159,-4.162384,-10.944513,50.0,0,2,0.0,0.0,3.117359,0.0,0.0,386,-3.117359,386,2.513144,-4.405889,1
012922,易方达全球成长精选混合(QDII)人民币C,QDII,2023-10-18,20,-2.294912,-3.299075,-10.142298,-1.047473,-0.048361,14.127238,-4.00453,-10.61158,50.0,0,3,0.0,0.0,3.299075,0.0,0.0,387,-3.299075,387,4.18748,-3.379743,1
012922,易方达全球成长精选混合(QDII)人民币C,QDII,2023-10-19,20,-3.643892,-4.021448,-10.77454,-1.908506,-0.047146,14.48529,-4.179535,-9.648612,50.0,0,4,0.0,0.0,4.021448,0.0,0.0,388,-4.021448,388,4.888268,-2.331328,1
012922,易方达全球成长精选混合(QDII)人民币C,QDII,2023-10-20,20,-3.251947,-5.363393,-9.294524,-2.853731,-0.05445,14.863986,-4.834369,-10.7649,55.0,0,5,0.0,0.0,5.363393,0.0,0.0,389,-5.363393,389,6.265637,-1.601905,1
012922,易方达全球成长精选混合(QDII)人民币C,QDII,2023-10-23,20,-3.673384,-4.495317,-9.254499,-2.790355,-0.07313,14.562554,-4.989648,-10.910503,55.0,0,6,0.0,0.0,4.495317,0.0,0.0,390,-4.495317,390,7.56156,-1.601905,1
012922,易方达全球成长精选混合(QDII)人民币C,QDII,2023-10-24,20,-2.849632,-3.388058,-8.533809,-1.976075,-0.083578,14.858645,-4.989648,-10.910503,50.0,2,0,0.0,0.0,3.388058,0.0,0.0,391,-3.388058,391,5.649962,-1.601905,1
012922,易方达全球成长精选混合(QDII)人民币C,QDII,2023-10-25,20,-2.837709,-4.442354,-10.827156,-2.786048,-0.102996,15.156499,-5.362319,-11.25995,55.0,0,2,0.0,0.0,4.442354,0.0,0.0,392,-4.442354,392,6.420914,-1.448541,1
012922,易方达全球成长精选混合(QDII)人民币C,QDII,2023-10-26,20,-2.331328,-3.737823,-10.132463,-3.146591,-0.144098,14.692528,-5.890269,-11.754999,55.0,0,3,0.0,0.0,3.737823,0.0,0.0,393,-3.737823,393,7.490925,-1.448541,1
012922,易方达全球成长精选混合(QDII)人民币C,QDII,2023-10-27,20,-0.217557,-1.630027,-9.259076,-2.193789,-0.187041,14.600784,-5.890269,-11.754999,50.0,2,0,0.0,0.0,1.630027,0.0,0.0,394,-1.630027,394,5.87594,-1.620746,1
012922,易方达全球成长精选混合(QDII)人民币C,QDII,2023-10-30,20,0.806276,-1.991525,-9.683717,-1.252488,-0.196233,14.212168,-5.890269,-11.754999,50.0,3,0,0.0,0.0,1.991525,0.0,0.0,395,-1.991525,395,5.263727,-1.620746,1
012922,易方达全球成长精选混合(QDII)人民币C,QDII,2023-10-31,20,-0.281416,-2.135118,-10.570763,-1.563151,-0.212775,14.245956,-5.890269,-11.505889,50.0,0,2,0.0,0.0,2.135118,0.0,0.0,396,-2.135118,396,6.349723,-1.620746,1
012922,易方达全球成长精选混合(QDII)人民币C,QDII,2023-11-01,20,1.476701,-0.514745,-9.695318,-0.853915,-0.231183,14.150451,-5.890269,-9.883029,45.0,2,0,0.0,0.0,0.514745,0.0,0.0,397,-0.514745,397,5.594481,-1.620746,1
012922,易方达全球成长精选混合(QDII)人民币C,QDII,2023-11-02,20,2.265977,-0.40707,-7.308076,-0.619989,-0.244074,14.168793,-5.890269,-9.883029,45.0,3,0,0.0,0.0,0.40707,0.0,0.0,398,-0.40707,398,5.43186,-1.620746,1
012922,易方达全球成长精选混合(QDII)人民币C,QDII,2023-11-03,20,2.997929,0.778667,-5.567216,0.954732,-0.226408,15.260598,-5.890269,-9.883029,45.0,4,0,0.0,0.778667,0.0,0.0,0.0,399,0.778667,399,3.767993,-1.620746,1
012922,易方达全球成长精选混合(QDII)人民币C,QDII,2023-11-06,20,3.1885,-0.083726,-5.203058,2.016937,-0.164537,14.108492,-5.890269,-9.883029,45.0,5,0,0.0,0.0,0.083726,0.0,0.0,400,-0.083726,400,1.466429,-1.873987,0
012922,易方达全球成长精选混合(QDII)人民币C,QDII,2023-11-07,20,4.341691,0.470318,-4.708565,2.697505,-0.090237,14.315888,-5.890269,-8.550448,45.0,6,0,0.0,0.470318,0.0,0.0,0.0,401,0.470318,401,-0.176844,-2.795786,0
012922,易方达全球成长精选混合(QDII)人民币C,QDII,2023-11-08,20,3.772771,-0.031153,-3.158636,2.848718,-0.004105,14.136961,-5.890269,-8.227337,45.0,7,0,0.0,0.0,0.031153,0.0,0.0,402,-0.031153,402,-0.581697,-3.049028,0
012922,易方达全球成长精选混合(QDII)人民币C,QDII,2023-11-09,20,3.269872,-0.610766,-1.608936,2.603287,0.083196,14.118914,-4.586482,-8.227337,50.0,0,2,0.0,0.0,0.610766,0.0,0.0,403,-0.610766,403,0.562441,-3.049028,0
012922,易方达全球成长精选混合(QDII)人民币C,QDII,2023-11-10,20,2.148603,1.568091,-1.096536,3.055575,0.152297,12.880685,-4.586482,-8.227337,45.0,2,0,0.0,1.568091,0.0,0.0,0.0,404,1.568091,404,0.76676,-3.049028,0
012922,易方达全球成长精选混合(QDII)人民币C,QDII,2023-11-13,20,1.393108,1.595298,0.560981,3.281426,0.227695,12.886366,-4.405889,-8.227337,45.0,3,0,0.0,1.595298,0.0,0.0,0.0,405,1.595298,405,1.528926,-3.049028,0
012922,易方达全球成长精选混合(QDII)人民币C,QDII,2023-11-14,20,1.414751,2.513144,-0.010256,3.885171,0.30787,13.03136,-3.379743,-8.227337,40.0,4,0,0.0,2.513144,0.0,0.0,0.0,406,2.513144,406,1.548877,-3.049028,0
012922,易方达全球成长精选混合(QDII)人民币C,QDII,2023-11-15,20,1.828192,4.18748,1.124407,4.241767,0.374944,12.318027,-2.331328,-8.227337,35.0,5,0,0.0,4.18748,0.0,0.0,0.0,407,4.18748,407,0.948689,-3.049028,0
012922,易方达全球成长精选混合(QDII)人民币C,QDII,2023-11-16,20,1.687324,4.888268,1.697917,3.565878,0.412332,11.60565,-1.601905,-8.227337,35.0,0,2,0.0,4.888268,0.0,0.0,0.0,408,4.888268,408,1.085732,-3.049028,0
012922,易方达全球成长精选混合(QDII)人民币C,QDII,2023-11-17,20,1.222671,6.265637,2.02611,3.313892,0.423719,10.250536,-1.601905,-8.227337,30.0,2,0,0.0,6.265637,0.0,0.0,0.0,409,6.265637,409,0.675607,-3.049028,0
012922,易方达全球成长精选混合(QDII)人民币C,QDII,2023-11-20,20,1.983471,7.56156,4.003371,4.021453,0.438649,10.420616,-1.601905,-8.227337,25.0,3,0,0.0,7.56156,0.0,0.0,0.0,410,7.56156,410,-0.536872,-3.049028,0
012922,易方达全球成长精选混合(QDII)人民币C,QDII,2023-11-21,20,0.12309,5.649962,1.602998,2.569761,0.436371,11.610366,-1.124392,-8.227337,30.0,0,2,0.0,5.649962,0.0,0.0,0.0,411,5.649962,411,1.05522,-2.376581,0
012922,易方达全球成长精选混合(QDII)人民币C,QDII,2023-11-22,20,-0.754871,6.420914,0.756007,1.919169,0.404902,10.767598,-1.448541,-8.227337,30.0,0,3,0.0,6.420914,0.0,0.0,0.0,412,6.420914,412,-0.185014,-2.376581,0
012922,易方达全球成长精选混合(QDII)人民币C,QDII,2023-11-23,20,0.092185,7.490925,0.679992,2.005773,0.362234,10.267333,-1.448541,-8.227337,25.0,2,0,0.0,7.490925,0.0,0.0,0.0,413,7.490925,413,0.685632,-2.376581,0
012922,易方达全球成长精选混合(QDII)人民币C,QDII,2023-11-24,20,-0.583478,5.87594,0.517491,1.095058,0.314001,10.61762,-1.620746,-8.227337,30.0,0,2,0.0,5.87594,0.0,0.0,0.0,414,5.87594,414,-0.113262,-2.376581,0
012922,易方达全球成长精选混合(QDII)人民币C,QDII,2023-11-27,20,-1.347245,5.263727,2.075254,1.119804,0.274649,10.399606,-1.620746,-8.227337,30.0,2,0,0.0,5.263727,0.0,0.0,0.0,415,5.263727,415,-0.246432,-2.376581,0
012922,易方达全球成长精选混合(QDII)人民币C,QDII,2023-11-28,20,0.37906,6.349723,1.702304,1.424372,0.230147,10.144388,-1.620746,-8.227337,25.0,3,0,0.0,6.349723,0.0,0.0,0.0,416,6.349723,416,-0.653195,-2.376581,0
012922,易方达全球成长精选混合(QDII)人民币C,QDII,2023-11-29,20,0.688663,5.594481,-0.689376,1.132005,0.187032,10.102433,-1.620746,-8.227337,30.0,0,2,0.0,5.594481,0.0,0.0,0.0,417,5.594481,417,-0.102082,-2.376581,0
012922,易方达全球成长精选混合(QDII)人民币C,QDII,2023-11-30,20,0.307,5.43186,-1.049869,0.930846,0.140255,10.129183,-1.620746,-8.143882,30.0,2,0,0.0,5.43186,0.0,0.0,0.0,418,5.43186,418,0.448888,-2.376581,0
012922,易方达全球成长精选混合(QDII)人民币C,QDII,2023-12-01,20,0.947282,3.767993,-0.939679,0.766748,0.110787,8.78981,-1.620746,-8.088161,30.0,3,0,0.0,3.767993,0.0,0.0,0.0,419,3.767993,419,0.560996,-2.376581,0
012922,易方达全球成长精选混合(QDII)人民币C,QDII,2023-12-04,20,-0.533936,1.466429,-1.963364,-0.507374,0.074907,9.452394,-1.873987,-8.088161,35.0,0,2,0.0,1.466429,0.0,0.0,0.0,420,1.466429,420,1.765252,-2.010101,0
012922,易方达全球成长精选混合(QDII)人民币C,QDII,2023-12-05,20,-2.061645,-0.176844,-2.982509,-1.433406,0.034298,9.806771,-2.795786,-7.939241,40.0,0,3,0.0,0.0,0.176844,0.0,0.0,421,-0.176844,421,0.541892,-2.545455,0
012922,易方达全球成长精选混合(QDII)人民币C,QDII,2023-12-06,20,-2.296856,-0.581697,-3.078481,-1.661915,-0.007455,9.82886,-3.049028,-7.414197,45.0,0,4,0.0,0.0,0.581697,0.0,0.0,422,-0.581697,422,-0.062689,-3.383838,0
012922,易方达全球成长精选混合(QDII)人民币C,QDII,2023-12-07,20,-1.499694,0.562441,-1.670231,-0.826361,-0.04023,10.286601,-3.049028,-7.385901,40.0,2,0,0.0,0.562441,0.0,0.0,0.0,423,0.562441,423,-1.139306,-3.585859,0
012922,易方达全球成长精选混合(QDII)人民币C,QDII,2023-12-08,20,-0.805794,0.76676,0.381916,-0.14529,-0.055439,10.440225,-3.049028,-7.385901,40.0,3,0,0.0,0.76676,0.0,0.0,0.0,424,0.76676,424,-2.159383,-3.888889,0
012922,易方达全球成长精选混合(QDII)人民币C,QDII,2023-12-11,20,1.455559,1.528926,1.267388,0.83568,-0.051956,11.022109,-3.049028,-7.385901,40.0,4,0,0.0,1.528926,0.0,0.0,0.0,425,1.528926,425,-2.767603,-3.888889,0
012922,易方达全球成长精选混合(QDII)人民币C,QDII,2023-12-12,20,3.167987,1.548877,0.855746,1.495781,-0.029045,11.037435,-3.049028,-6.567318,40.0,5,0,0.0,1.548877,0.0,0.0,0.0,426,1.548877,426,-3.212121,-3.888889,0
012922,易方达全球成长精选混合(QDII)人民币C,QDII,2023-12-13,20,3.395674,0.948689,1.706064,1.40643,-0.000347,10.899145,-3.049028,-6.413424,45.0,0,2,0.0,0.948689,0.0,0.0,0.0,427,0.948689,427,-3.284155,-3.85004,0
012922,易方达全球成长精选混合(QDII)人民币C,QDII,2023-12-14,20,2.216468,1.085732,1.76325,1.074861,0.016471,10.834247,-3.049028,-6.413424,45.0,0,3,0.0,1.085732,0.0,0.0,0.0,428,1.085732,428,-2.259601,-3.58699,0
012922,易方达全球成长精选混合(QDII)人民币C,QDII,2023-12-15,20,1.131105,0.675607,1.245625,0.692614,0.027643,10.927085,-3.049028,-5.890269,50.0,0,4,0.0,0.675607,0.0,0.0,0.0,429,0.675607,429,-2.399593,-3.538118,0
012922,易方达全球成长精选混合(QDII)人民币C,QDII,2023-12-18,20,-0.091575,-0.536872,2.174818,0.556085,0.052129,10.255998,-2.376581,-5.890269,55.0,0,5,0.0,0.0,0.536872,0.0,0.0,430,-0.536872,430,-2.087789,-3.538118,0
012922,易方达全球成长精选混合(QDII)人民币C,QDII,2023-12-19,20,-0.363636,1.05522,3.147548,0.963679,0.066023,9.517803,-2.376581,-5.890269,50.0,2,0,0.0,1.05522,0.0,0.0,0.0,431,1.05522,431,-2.09854,-3.538118,0
012922,易方达全球成长精选混合(QDII)人民币C,QDII,2023-12-20,20,-1.869442,-0.185014,1.505174,-0.593206,0.050821,11.038092,-2.376581,-5.890269,50.0,0,2,0.0,0.0,0.185014,0.0,0.0,432,-0.185014,432,-1.781485,-3.489198,0
012922,易方达全球成长精选混合(QDII)人民币C,QDII,2023-12-21,20,-0.303982,0.685632,4.18255,0.682541,0.061537,11.914035,-2.376581,-5.890269,50.0,2,0,0.0,0.685632,0.0,0.0,0.0,433,0.685632,433,-1.585527,-3.489198,0
012922,易方达全球成长精选混合(QDII)人民币C,QDII,2023-12-22,20,-1.362481,-0.113262,4.032172,-0.724026,0.041373,12.782577,-2.376581,-5.890269,50.0,0,2,0.0,0.0,0.113262,0.0,0.0,434,-0.113262,434,1.030822,-3.489198,0
012922,易方达全球成长精选混合(QDII)人民币C,QDII,2023-12-25,20,-1.059171,-0.246432,2.913136,-0.568545,0.027788,12.752428,-2.376581,-5.890269,50.0,2,0,0.0,0.0,0.246432,0.0,0.0,435,-0.246432,435,-0.1544,-3.489198,0
012922,易方达全球成长精选混合(QDII)人民币C,QDII,2023-12-26,20,-1.317924,-0.653195,3.399193,-0.341444,0.026889,12.571858,-2.376581,-5.890269,50.0,3,0,0.0,0.0,0.653195,0.0,0.0,436,-0.653195,436,0.082186,-3.489198,0
012922,易方达全球成长精选混合(QDII)人民币C,QDII,2023-12-27,20,0.77232,-0.102082,4.9437,0.196071,0.03425,12.730483,-2.376581,-5.890269,45.0,4,0,0.0,0.0,0.102082,0.0,0.0,437,-0.102082,437,0.490497,-3.489198,0
012922,易方达全球成长精选混合(QDII)人民币C,QDII,2023-12-28,20,0.071145,0.448888,5.474022,0.787692,0.051498,12.91624,-2.376581,-5.890269,45.0,5,0,0.0,0.448888,0.0,0.0,0.0,438,0.448888,438,0.924233,-3.489198,0
012922,易方达全球成长精选混合(QDII)人民币C,QDII,2023-12-29,20,1.628698,0.560996,5.162667,0.892364,0.07028,12.921728,-2.010101,-5.890269,45.0,6,0,0.0,0.560996,0.0,0.0,0.0,439,0.560996,439,-0.192717,-3.489198,0
012922,易方达全球成长精选混合(QDII)人民币C,QDII,2023-12-31,20,1.471951,1.765252,3.171115,0.793939,0.06912,12.090398,-2.010101,-5.890269,45.0,0,2,0.0,1.765252,0.0,0.0,0.0,440,1.765252,440,-0.162305,-3.479408,0
012922,易方达全球成长精选混合(QDII)人民币C,QDII,2024-01-02,20,-0.883501,0.541892,0.83612,-1.379441,0.020021,14.020441,-2.545455,-5.890269,45.0,0,3,0.0,0.541892,0.0,0.0,0.0,441,0.541892,441,0.808458,-2.123377,0
012922,易方达全球成长精选混合(QDII)人民币C,QDII,2024-01-03,20,-2.258328,-0.062689,-0.674974,-2.224857,-0.046015,14.343608,-3.383838,-5.890269,45.0,0,4,0.0,0.0,0.062689,0.0,0.0,442,-0.062689,442,-0.125457,-3.864345,0
012922,易方达全球成长精选混合(QDII)人民币C,QDII,2024-01-04,20,-3.057079,-1.139306,-1.190476,-2.374414,-0.10138,13.976463,-3.585859,-4.586482,50.0,0,5,0.0,0.0,1.139306,0.0,0.0,443,-1.139306,443,0.680985,-3.864345,0
012922,易方达全球成长精选混合(QDII)人民币C,QDII,2024-01-05,20,-3.489198,-2.159383,0.136813,-2.576626,-0.148264,13.692577,-3.888889,-4.586482,55.0,0,6,0.0,0.0,2.159383,0.0,0.0,444,-2.159383,444,1.965318,-3.864345,0
012922,易方达全球成长精选混合(QDII)人民币C,QDII,2024-01-08,20,-3.063502,-2.767603,0.293871,-2.020394,-0.169394,13.154879,-3.888889,-4.405889,55.0,2,0,0.0,0.0,2.767603,0.0,0.0,445,-2.767603,445,1.873169,-3.864345,0
012922,易方达全球成长精选混合(QDII)人民币C,QDII,2024-01-09,20,-0.68408,-3.212121,0.757098,-1.593382,-0.170937,12.84915,-3.85004,-3.888889,55.0,3,0,0.0,0.0,3.212121,0.0,0.0,446,-3.212121,446,2.838656,-3.864345,1
012922,易方达全球成长精选混合(QDII)人民币C,QDII,2024-01-10,20,0.062729,-3.284155,1.721756,-1.542038,-0.169838,12.84268,-3.58699,-3.888889,55.0,0,2,0.0,0.0,3.284155,0.0,0.0,447,-3.284155,447,4.639014,-3.864345,1
012922,易方达全球成长精选混合(QDII)人民币C,QDII,2024-01-11,20,1.058146,-2.259601,3.631285,-0.656557,-0.15697,13.26419,-3.538118,-3.888889,50.0,2,0,0.0,0.0,2.259601,0.0,0.0,448,-2.259601,448,5.328634,-3.864345,1
012922,易方达全球成长精选混合(QDII)人民币C,QDII,2024-01-12,20,0.882817,-2.399593,4.416404,-1.020319,-0.153083,13.307143,-3.538118,-3.888889,50.0,0,2,0.0,0.0,2.399593,0.0,0.0,449,-2.399593,449,6.886134,-3.864345,1
012922,易方达全球成长精选混合(QDII)人民币C,QDII,2024-01-15,20,0.606949,-2.087789,4.75049,-0.760758,-0.145895,13.34106,-3.538118,-3.888889,45.0,2,0,0.0,0.0,2.087789,0.0,0.0,450,-2.087789,450,5.533597,-3.864345,1
012922,易方达全球成长精选混合(QDII)人民币C,QDII,2024-01-16,20,0.782718,-2.09854,4.524299,-0.210285,-0.121818,13.334971,-3.489198,-3.888889,45.0,3,0,0.0,0.0,2.09854,0.0,0.0,451,-2.09854,451,4.079942,-3.864345,1
012922,易方达全球成长精选混合(QDII)人民币C,QDII,2024-01-17,20,-0.344792,-1.781485,4.331656,-1.351785,-0.137021,12.91712,-3.489198,-3.888889,45.0,0,2,0.0,0.0,1.781485,0.0,0.0,452,-1.781485,452,9.089956,-3.864345,1
012922,易方达全球成长精选混合(QDII)人民币C,QDII,2024-01-18,20,0.383579,-1.585527,6.511935,0.228757,-0.107183,13.224951,-3.489198,-3.888889,45.0,2,0,0.0,0.0,1.585527,0.0,0.0,453,-1.585527,453,7.001962,-3.864345,1
012922,易方达全球成长精选混合(QDII)人民币C,QDII,2024-01-19,20,2.104386,1.030822,6.846179,1.397697,-0.079872,13.010442,-3.489198,-3.888889,40.0,3,0,0.0,1.030822,0.0,0.0,0.0,454,1.030822,454,6.213652,-3.864345,1
012922,易方达全球成长精选混合(QDII)人民币C,QDII,2024-01-22,20,0.894529,-0.1544,4.842196,0.360574,-0.066816,13.55961,-3.489198,-3.888889,45.0,0,2,0.0,0.0,0.1544,0.0,0.0,455,-0.1544,455,7.979381,-3.864345,1
012922,易方达全球成长精选混合(QDII)人民币C,QDII,2024-01-23,20,0.880191,0.082186,5.741886,0.790953,-0.044208,13.632009,-3.489198,-3.888889,45.0,2,0,0.0,0.082186,0.0,0.0,0.0,456,0.082186,456,6.179429,-3.864345,1
012922,易方达全球成长精选混合(QDII)人民币C,QDII,2024-01-24,20,3.103376,0.490497,6.004096,1.717531,0.000366,13.916915,-3.489198,-3.888889,45.0,3,0,0.0,0.490497,0.0,0.0,0.0,457,0.490497,457,7.107993,-3.864345,1
012922,易方达全球成长精选混合(QDII)人民币C,QDII,2024-01-25,20,2.623154,0.924233,6.883941,2.734557,0.069167,14.240629,-3.489198,-3.888889,45.0,4,0,0.0,0.924233,0.0,0.0,0.0,458,0.924233,458,8.131227,-3.864345,1
012922,易方达全球成长精选混合(QDII)人民币C,QDII,2024-01-26,20,0.397919,-0.192717,4.149026,1.741706,0.124363,14.691941,-3.479408,-3.888889,50.0,0,2,0.0,0.0,0.192717,0.0,0.0,459,-0.192717,459,10.630081,-2.936395,1
012922,易方达全球成长精选混合(QDII)人民币C,QDII,2024-01-29,20,1.463918,-0.162305,3.089976,1.770804,0.179994,14.692213,-1.378524,-3.888889,45.0,2,0,0.0,0.0,0.162305,0.0,0.0,460,-0.162305,460,8.616135,-2.936395,1
012922,易方达全球成长精选混合(QDII)人民币C,QDII,2024-01-30,20,-0.164237,0.808458,1.175492,0.530769,0.184367,13.175713,-2.123377,-3.888889,45.0,0,2,0.0,0.808458,0.0,0.0,0.0,461,0.808458,461,11.597779,-2.037037,1
012922,易方达全球成长精选混合(QDII)人民币C,QDII,2024-01-31,20,-2.857433,-0.125457,-0.768671,-1.251286,0.148518,14.361347,-3.864345,-3.888889,45.0,0,3,0.0,0.0,0.125457,0.0,0.0,462,-0.125457,462,15.084267,-2.037037,1
012922,易方达全球成长精选混合(QDII)人民币C,QDII,2024-02-01,20,-3.290732,0.680985,0.09374,-0.695442,0.117957,14.491746,-3.864345,-3.888889,40.0,2,0,0.0,0.680985,0.0,0.0,0.0,463,0.680985,463,13.485952,-2.037037,1
012922,易方达全球成长精选混合(QDII)人民币C,QDII,2024-02-02,20,-1.402439,1.965318,0.528443,0.158466,0.09503,14.781919,-3.864345,-3.888889,35.0,3,0,0.0,1.965318,0.0,0.0,0.0,464,1.965318,464,10.997732,-2.046571,1
012922,易方达全球成长精选混合(QDII)人民币C,QDII,2024-02-05,20,-1.087177,1.873169,0.568182,0.40637,0.08079,14.758585,-3.864345,-3.888889,35.0,4,0,0.0,1.873169,0.0,0.0,0.0,465,1.873169,465,11.905496,-2.046571,1
012922,易方达全球成长精选混合(QDII)人民币C,QDII,2024-02-06,20,1.31606,2.838656,1.077034,1.491369,0.085509,15.284292,-3.864345,-3.888889,35.0,5,0,0.0,2.838656,0.0,0.0,0.0,466,2.838656,466,9.904607,-2.046571,1
012922,易方达全球成长精选混合(QDII)人民币C,QDII,2024-02-07,20,4.836177,4.639014,2.162603,2.914277,0.107782,16.127979,-3.864345,-3.888889,30.0,6,0,0.0,4.639014,0.0,0.0,0.0,467,4.639014,467,7.289066,-2.264872,1
012922,易方达全球成长精选混合(QDII)人民币C,QDII,2024-02-08,20,5.723205,5.328634,4.066373,4.129301,0.156431,16.594919,-3.864345,-3.888889,30.0,7,0,0.0,5.328634,0.0,0.0,0.0,468,5.328634,468,5.265748,-2.719665,1
012922,易方达全球成长精选混合(QDII)人民币C,QDII,2024-02-19,20,5.751391,6.886134,5.026103,4.799211,0.203788,16.532006,-3.864345,-3.888889,25.0,8,0,0.0,6.886134,0.0,0.0,0.0,469,6.886134,469,4.94152,-2.719665,1
012922,易方达全球成长精选混合(QDII)人民币C,QDII,2024-02-20,20,4.22188,5.533597,2.775527,3.353961,0.226688,17.311225,-3.864345,-3.888889,30.0,0,2,0.0,5.533597,0.0,0.0,0.0,470,5.533597,470,5.351863,-2.77424,1
012922,易方达全球成长精选混合(QDII)人民币C,QDII,2024-02-21,20,1.999188,4.079942,2.971007,2.181173,0.234612,17.8182,-3.864345,-3.888889,35.0,0,3,0.0,4.079942,0.0,0.0,0.0,471,4.079942,471,7.551487,-2.77424,1
012922,易方达全球成长精选混合(QDII)人民币C,QDII,2024-02-22,20,3.894159,9.089956,6.948299,5.315897,0.268095,20.515567,-3.864345,-3.888889,30.0,2,0,0.0,9.089956,0.0,0.0,0.0,472,9.089956,472,4.78616,-2.77424,1
012922,易方达全球成长精选混合(QDII)人民币C,QDII,2024-02-23,20,1.978346,7.001962,6.027425,4.511938,0.305175,20.32194,-3.864345,-3.888889,35.0,0,2,0.0,7.001962,0.0,0.0,0.0,473,7.001962,473,5.327671,-2.77424,1
012922,易方达全球成长精选混合(QDII)人民币C,QDII,2024-02-26,20,1.461988,6.213652,7.186985,4.684664,0.357644,20.068388,-3.864345,-3.888889,35.0,2,0,0.0,6.213652,0.0,0.0,0.0,474,6.213652,474,4.447646,-2.77424,1
012922,易方达全球成长精选混合(QDII)人民币C,QDII,2024-02-27,20,3.232801,7.979381,7.546976,4.919938,0.393464,19.451725,-3.864345,-3.888889,30.0,3,0,0.0,7.979381,0.0,0.0,0.0,475,7.979381,475,2.902425,-2.77424,1
012922,易方达全球成长精选混合(QDII)人民币C,QDII,2024-02-28,20,2.915133,6.179429,5.572566,3.306218,0.405828,20.294091,-3.864345,-3.888889,35.0,0,2,0.0,6.179429,0.0,0.0,0.0,476,6.179429,476,3.006574,-3.0835,1
012922,易方达全球成长精选混合(QDII)人民币C,QDII,2024-02-29,20,1.230178,7.107993,7.523479,4.827874,0.450234,20.894302,-3.864345,-3.888889,35.0,2,0,0.0,7.107993,0.0,0.0,0.0,477,7.107993,477,1.519035,-3.0835,0
012922,易方达全球成长精选混合(QDII)人民币C,QDII,2024-03-01,20,3.706206,8.131227,9.620486,6.509521,0.529788,21.589752,-2.936395,-3.888889,35.0,3,0,0.0,8.131227,0.0,0.0,0.0,478,8.131227,478,-0.344346,-3.0835,0
012922,易方达全球成长精选混合(QDII)人民币C,QDII,2024-03-04,20,4.572526,10.630081,11.036312,7.35065,0.600771,21.178805,-2.936395,-3.888889,30.0,4,0,0.0,10.630081,0.0,0.0,0.0,479,10.630081,479,-0.284769,-3.0835,0
012922,易方达全球成长精选混合(QDII)人民币C,QDII,2024-03-05,20,2.062249,8.616135,10.354083,4.978886,0.629045,22.675916,-2.037037,-3.888889,35.0,0,2,0.0,8.616135,0.0,0.0,0.0,480,8.616135,480,0.692236,-3.0835,0
012922,易方达全球成长精选混合(QDII)人民币C,QDII,2024-03-06,20,4.930394,11.597779,13.109629,6.002305,0.648725,22.172405,-2.037037,-3.888889,30.0,2,0,0.0,11.597779,0.0,0.0,0.0,481,11.597779,481,-0.239543,-3.0835,0
012922,易方达全球成长精选混合(QDII)人民币C,QDII,2024-03-07,20,4.376721,15.084267,14.86783,6.619341,0.643631,20.492448,-2.037037,-3.888889,25.0,3,0,0.0,15.084267,0.0,0.0,0.0,482,15.084267,482,-1.946516,-3.0835,0
012922,易方达全球成长精选混合(QDII)人民币C,QDII,2024-03-08,20,1.498371,13.485952,12.957017,5.105409,0.614728,21.185819,-2.037037,-3.888889,30.0,0,2,0.0,13.485952,0.0,0.0,0.0,483,13.485952,483,-1.320374,-2.364153,0
012922,易方达全球成长精选混合(QDII)人民币C,QDII,2024-03-11,20,-1.074775,10.997732,10.735219,3.2542,0.563304,22.18369,-2.046571,-3.888889,35.0,0,3,0.0,10.997732,0.0,0.0,0.0,484,10.997732,484,-0.092859,-2.364153,0
012922,易方达全球成长精选混合(QDII)人民币C,QDII,2024-03-12,20,1.908326,11.905496,10.846561,3.875548,0.518875,22.280444,-2.046571,-3.888889,35.0,2,0,0.0,11.905496,0.0,0.0,0.0,485,11.905496,485,0.275381,-2.364153,0
012922,易方达全球成长精选混合(QDII)人民币C,QDII,2024-03-13,20,-0.221117,9.904607,9.393939,2.787018,0.467961,22.506211,-2.046571,-3.864345,40.0,0,2,0.0,9.904607,0.0,0.0,0.0,486,9.904607,486,-0.470914,-2.364153,0
012922,易方达全球成长精选混合(QDII)人民币C,QDII,2024-03-14,20,-2.264872,7.289066,8.579224,1.628227,0.416679,22.503156,-2.264872,-3.864345,45.0,0,3,0.0,7.289066,0.0,0.0,0.0,487,7.289066,487,-0.595626,-2.364153,0
012922,易方达全球成长精选混合(QDII)人民币C,QDII,2024-03-15,20,-1.934715,5.265748,8.369642,0.900034,0.370591,22.302463,-2.719665,-3.864345,50.0,0,4,0.0,5.265748,0.0,0.0,0.0,488,5.265748,488,-0.383357,-2.471622,0
012922,易方达全球成长精选混合(QDII)人民币C,QDII,2024-03-18,20,-0.018572,4.94152,9.47636,1.336947,0.341748,22.196725,-2.719665,-3.864345,50.0,2,0,0.0,4.94152,0.0,0.0,0.0,489,4.94152,489,-2.033993,-3.441963,0
012922,易方达全球成长精选混合(QDII)人民币C,QDII,2024-03-19,20,-1.88177,5.351863,8.860373,0.346411,0.278472,21.922832,-2.77424,-3.864345,50.0,0,2,0.0,5.351863,0.0,0.0,0.0,490,5.351863,490,-2.207877,-4.311607,0
012922,易方达全球成长精选混合(QDII)人民币C,QDII,2024-03-20,20,-0.184672,7.551487,9.59043,1.122071,0.209801,21.640869,-2.77424,-3.864345,45.0,2,0,0.0,7.551487,0.0,0.0,0.0,491,7.551487,491,-5.670675,-6.655071,0
012922,易方达全球成长精选混合(QDII)人民币C,QDII,2024-03-21,20,1.470451,4.78616,12.27474,1.755025,0.1957,18.310803,-2.77424,-3.864345,45.0,3,0,0.0,4.78616,0.0,0.0,0.0,492,4.78616,492,-5.860772,-6.655071,0
012922,易方达全球成长精选混合(QDII)人民币C,QDII,2024-03-22,20,2.038336,5.327671,10.915743,1.586681,0.169511,18.154036,-2.77424,-3.864345,40.0,4,0,0.0,5.327671,0.0,0.0,0.0,493,5.327671,493,-4.627508,-6.655071,0
012922,易方达全球成长精选混合(QDII)人民币C,QDII,2024-03-25,20,0.98449,4.447646,12.081229,0.996684,0.137683,18.271343,-2.77424,-3.864345,45.0,0,2,0.0,4.447646,0.0,0.0,0.0,494,4.447646,494,-4.212269,-6.655071,0
012922,易方达全球成长精选混合(QDII)人民币C,QDII,2024-03-26,20,0.832632,2.902425,10.941843,-0.026899,0.096397,18.610025,-2.77424,-3.864345,50.0,0,3,0.0,2.902425,0.0,0.0,0.0,495,2.902425,495,-3.451475,-6.655071,0
012922,易方达全球成长精选混合(QDII)人民币C,QDII,2024-03-27,20,-1.433858,3.006574,9.461681,-1.310153,0.015704,18.514081,-3.0835,-3.864345,50.0,0,4,0.0,3.006574,0.0,0.0,0.0,496,3.006574,496,-0.075082,-6.655071,0
012922,易方达全球成长精选混合(QDII)人民币C,QDII,2024-03-28,20,-1.926075,1.519035,9.268343,-1.031519,-0.036486,17.457916,-3.0835,-3.864345,50.0,2,0,0.0,1.519035,0.0,0.0,0.0,497,1.519035,497,-0.448892,-6.655071,0
012922,易方达全球成长精选混合(QDII)人民币C,QDII,2024-03-29,20,-1.878494,-0.344346,8.754824,-0.875715,-0.057936,15.906459,-3.0835,-3.864345,50.0,3,0,0.0,0.0,0.344346,0.0,0.0,498,-0.344346,498,-1.624953,-6.655071,0
012922,易方达全球成长精选混合(QDII)人民币C,QDII,2024-04-01,20,-0.165548,-0.284769,10.102444,0.499488,-0.038822,15.974667,-3.0835,-3.864345,50.0,4,0,0.0,0.0,0.284769,0.0,0.0,499,-0.284769,499,0.147398,-6.655071,0
012922,易方达全球成长精选混合(QDII)人民币C,QDII,2024-04-02,20,-0.129894,0.692236,9.190505,-0.377149,-0.059936,14.870876,-3.0835,-3.864345,50.0,0,2,0.0,0.692236,0.0,0.0,0.0,500,0.692236,500,0.297287,-6.655071,0
012922,易方达全球成长精选混合(QDII)人民币C,QDII,2024-04-03,20,1.623651,-0.239543,12.230514,0.227242,-0.049671,13.964013,-3.0835,-3.864345,50.0,2,0,0.0,0.0,0.239543,0.0,0.0,501,-0.239543,501,-0.29553,-6.655071,0
012922,易方达全球成长精选混合(QDII)人民币C,QDII,2024-04-08,20,0.813616,-1.946516,12.702561,-0.118135,-0.024947,13.15901,-2.364153,-3.864345,55.0,0,2,0.0,0.0,1.946516,0.0,0.0,502,-1.946516,502,0.361781,-6.655071,0
012922,易方达全球成长精选混合(QDII)人民币C,QDII,2024-04-09,20,0.504296,-1.320374,12.750131,-0.218348,-0.012457,12.898119,-2.364153,-3.864345,55.0,0,3,0.0,0.0,1.320374,0.0,0.0,503,-1.320374,503,1.068575,-6.655071,0
012922,易方达全球成长精选混合(QDII)人民币C,QDII,2024-04-10,20,-0.884385,-0.092859,13.074094,-0.241538,-0.018398,12.103901,-2.364153,-3.864345,55.0,0,4,0.0,0.0,0.092859,0.0,0.0,504,-0.092859,504,1.394182,-6.655071,0
012922,易方达全球成长精选混合(QDII)人民币C,QDII,2024-04-11,20,1.486436,0.275381,14.315613,1.274272,0.015956,12.639432,-2.364153,-3.864345,55.0,2,0,0.0,0.275381,0.0,0.0,0.0,505,0.275381,505,0.476016,-6.655071,0
012922,易方达全球成长精选混合(QDII)人民币C,QDII,2024-04-12,20,-0.45253,-0.470914,12.492173,-0.046365,0.021321,13.360816,-2.364153,-3.864345,55.0,0,2,0.0,0.0,0.470914,0.0,0.0,506,-0.470914,506,3.376937,-5.399388,1
012922,易方达全球成长精选混合(QDII)人民币C,QDII,2024-04-15,20,-0.918367,-0.595626,11.597534,-0.92572,0.001967,13.462081,-2.364153,-3.864345,55.0,0,3,0.0,0.0,0.595626,0.0,0.0,507,-0.595626,507,4.250538,-4.531411,1
012922,易方达全球成长精选混合(QDII)人民币C,QDII,2024-04-16,20,-1.003531,-0.383357,10.449927,-1.15737,-0.027407,13.391132,-2.471622,-3.864345,55.0,0,4,0.0,0.0,0.383357,0.0,0.0,508,-0.383357,508,4.430261,-4.289469,1
012922,易方达全球成长精选混合(QDII)人民币C,QDII,2024-04-17,20,-1.961149,-2.033993,9.886447,-2.041271,-0.059772,13.560778,-3.441963,-4.056758,60.0,0,5,0.0,0.0,2.033993,0.0,0.0,509,-2.033993,509,6.712173,-3.327645,1
012922,易方达全球成长精选混合(QDII)人民币C,QDII,2024-04-18,20,-4.311607,-2.207877,8.726857,-2.817032,-0.113215,13.682406,-4.311607,-4.920866,60.0,0,6,0.0,0.0,2.207877,0.0,0.0,510,-2.207877,510,7.615039,-2.449058,1
012922,易方达全球成长精选混合(QDII)人民币C,QDII,2024-04-19,20,-5.399388,-5.670675,5.591799,-4.92618,-0.180046,15.198534,-6.655071,-7.249409,65.0,0,7,0.0,0.0,5.670675,0.0,0.0,511,-5.670675,511,9.993135,-1.061332,1
012922,易方达全球成长精选混合(QDII)人民币C,QDII,2024-04-22,20,-3.904129,-5.860772,7.611659,-4.015561,-0.215986,15.010979,-6.655071,-7.249409,65.0,2,0,0.0,0.0,5.860772,0.0,0.0,512,-5.860772,512,9.703819,-1.061332,1
012922,易方达全球成长精选混合(QDII)人民币C,QDII,2024-04-23,20,-2.308992,-4.627508,7.487349,-2.438567,-0.222213,16.140727,-6.655071,-7.249409,65.0,3,0,0.0,0.0,4.627508,0.0,0.0,513,-4.627508,513,8.897002,-1.061332,1
012922,易方达全球成长精选混合(QDII)人民币C,QDII,2024-04-24,20,-1.260903,-4.212269,6.264667,-2.162937,-0.226279,16.166092,-6.655071,-7.249409,60.0,4,0,0.0,0.0,4.212269,0.0,0.0,514,-4.212269,514,9.495919,-1.061332,1
012922,易方达全球成长精选混合(QDII)人民币C,QDII,2024-04-25,20,-0.449632,-3.451475,7.278351,-2.076383,-0.239114,15.977842,-6.655071,-7.249409,60.0,0,2,0.0,0.0,3.451475,0.0,0.0,515,-3.451475,515,10.176821,-1.061332,1
012922,易方达全球成长精选混合(QDII)人民币C,QDII,2024-04-26,20,4.413063,-0.075082,9.289674,0.195271,-0.232174,17.801146,-6.655071,-7.249409,55.0,2,0,0.0,0.0,0.075082,0.0,0.0,516,-0.075082,516,6.987884,-1.061332,1
012922,易方达全球成长精选混合(QDII)人民币C,QDII,2024-04-29,20,3.712003,-0.448892,8.246899,0.19908,-0.219785,17.75182,-6.655071,-7.249409,60.0,0,2,0.0,0.0,0.448892,0.0,0.0,517,-0.448892,517,5.27008,-2.259049,1
012922,易方达全球成长精选混合(QDII)人民币C,QDII,2024-04-30,20,1.210607,-1.624953,6.007849,-0.764473,-0.21954,18.106343,-6.655071,-7.249409,65.0,0,3,0.0,0.0,1.624953,0.0,0.0,518,-1.624953,518,5.16423,-3.375491,1
012922,易方达全球成长精选混合(QDII)人民币C,QDII,2024-05-06,20,4.378301,0.147398,10.477642,2.402517,-0.149421,20.977215,-6.655071,-7.249409,65.0,2,0,0.0,0.147398,0.0,0.0,0.0,519,0.147398,519,3.311563,-3.375491,1
012922,易方达全球成长精选混合(QDII)人民币C,QDII,2024-05-07,20,3.747838,0.297287,9.693152,1.680708,-0.103156,20.90357,-6.655071,-7.249409,65.0,0,2,0.0,0.297287,0.0,0.0,0.0,520,0.297287,520,4.381252,-3.375491,1
012922,易方达全球成长精选混合(QDII)人民币C,QDII,2024-05-08,20,1.399455,-0.29553,11.001439,1.696033,-0.047857,20.794212,-6.655071,-7.249409,65.0,0,0,0.0,0.0,0.29553,0.0,0.0,521,-0.29553,521,6.419044,-3.375491,1
012922,易方达全球成长精选混合(QDII)人民币C,QDII,2024-05-09,20,1.63457,0.361781,13.252381,1.893972,0.003866,20.741885,-6.655071,-7.249409,60.0,2,0,0.0,0.361781,0.0,0.0,0.0,522,0.361781,522,6.081893,-3.375491,1
012922,易方达全球成长精选混合(QDII)人民币C,QDII,2024-05-10,20,3.256123,1.068575,13.184183,2.384774,0.060123,20.805116,-6.655071,-7.249409,55.0,3,0,0.0,1.068575,0.0,0.0,0.0,523,1.068575,523,5.111704,-3.375491,1
012922,易方达全球成长精选混合(QDII)人民币C,QDII,2024-05-13,20,0.349554,1.394182,12.440734,2.613546,0.118527,20.818219,-6.655071,-7.249409,50.0,4,0,0.0,1.394182,0.0,0.0,0.0,524,1.394182,524,5.830049,-3.375491,1
012922,易方达全球成长精选混合(QDII)人民币C,QDII,2024-05-14,20,1.667284,0.476016,12.747817,3.218526,0.20831,20.212218,-5.399388,-7.249409,50.0,5,0,0.0,0.476016,0.0,0.0,0.0,525,0.476016,525,7.015306,-3.375491,1
012922,易方达全球成长精选混合(QDII)人民币C,QDII,2024-05-15,20,3.214153,3.376937,13.080982,4.609954,0.297782,20.201835,-4.531411,-7.249409,45.0,6,0,0.0,3.376937,0.0,0.0,0.0,526,3.376937,526,6.892219,-3.375491,1
012922,易方达全球成长精选混合(QDII)人民币C,QDII,2024-05-16,20,2.920788,4.250538,11.183225,4.312554,0.366091,19.821517,-4.289469,-7.249409,45.0,0,2,0.0,4.250538,0.0,0.0,0.0,527,4.250538,527,7.525819,-3.375491,1
012922,易方达全球成长精选混合(QDII)人民币C,QDII,2024-05-17,20,2.289234,4.430261,9.507874,3.998317,0.422506,19.776958,-3.327645,-7.249409,45.0,0,3,0.0,4.430261,0.0,0.0,0.0,528,4.430261,528,9.032896,-3.375491,1
012922,易方达全球成长精选混合(QDII)人民币C,QDII,2024-05-20,20,3.18086,6.712173,9.707602,4.866471,0.473243,19.496925,-2.449058,-7.249409,40.0,2,0,0.0,6.712173,0.0,0.0,0.0,529,6.712173,529,8.573205,-3.375491,1
012922,易方达全球成长精选混合(QDII)人民币C,QDII,2024-05-21,20,2.487245,7.615039,10.871279,4.414092,0.498699,19.014779,-1.061332,-7.249409,40.0,0,2,0.0,7.615039,0.0,0.0,0.0,530,7.615039,530,8.765224,-3.375491,1
012922,易方达全球成长精选混合(QDII)人民币C,QDII,2024-05-22,20,0.65512,9.993135,11.590886,3.617752,0.470672,16.082943,-1.061332,-7.249409,40.0,0,3,0.0,9.993135,0.0,0.0,0.0,531,9.993135,531,7.453638,-3.375491,1
012922,易方达全球成长精选混合(QDII)人民币C,QDII,2024-05-23,20,1.122586,9.703819,8.217203,3.547847,0.444371,16.072218,-1.061332,-7.249409,40.0,2,0,0.0,9.703819,0.0,0.0,0.0,532,9.703819,532,6.065719,-3.375491,1
012922,易方达全球成长精选混合(QDII)人民币C,QDII,2024-05-24,20,1.869495,8.897002,9.390985,3.786457,0.43523,15.711363,-1.061332,-7.249409,40.0,3,0,0.0,8.897002,0.0,0.0,0.0,533,8.897002,533,3.599788,-4.029424,1
012922,易方达全球成长精选混合(QDII)人民币C,QDII,2024-05-27,20,1.314854,9.495919,9.548511,3.956718,0.423474,15.663441,-1.061332,-7.249409,40.0,4,0,0.0,9.495919,0.0,0.0,0.0,534,9.495919,534,3.849526,-4.029424,1
012922,易方达全球成长精选混合(QDII)人民币C,QDII,2024-05-28,20,1.920171,10.176821,9.461524,4.010741,0.404817,15.531107,-1.061332,-7.249409,35.0,5,0,0.0,10.176821,0.0,0.0,0.0,535,10.176821,535,3.680768,-4.029424,1
012922,易方达全球成长精选混合(QDII)人民币C,QDII,2024-05-29,20,1.560271,6.987884,10.12181,2.991836,0.397337,14.432483,-1.042743,-7.249409,40.0,0,2,0.0,6.987884,0.0,0.0,0.0,536,6.987884,536,3.564217,-4.029424,1
012922,易方达全球成长精选混合(QDII)人民币C,QDII,2024-05-30,20,-0.479574,5.27008,6.389443,1.062846,0.356019,16.0043,-2.259049,-7.249409,40.0,0,3,0.0,5.27008,0.0,0.0,0.0,537,5.27008,537,5.327503,-4.029424,1
012922,易方达全球成长精选混合(QDII)人民币C,QDII,2024-05-31,20,-2.258691,5.16423,3.099116,-0.336022,0.275126,16.115393,-3.375491,-7.249409,40.0,0,4,0.0,5.16423,0.0,0.0,0.0,538,5.16423,538,6.535476,-4.029424,1
012922,易方达全球成长精选混合(QDII)人民币C,QDII,2024-06-03,20,-1.517012,3.311563,3.169208,0.877094,0.254867,12.627765,-3.375491,-7.249409,40.0,2,0,0.0,3.311563,0.0,0.0,0.0,539,3.311563,539,6.027958,-4.029424,1
012922,易方达全球成长精选混合(QDII)人民币C,QDII,2024-06-04,20,-1.709551,4.381252,5.416277,1.003854,0.223953,12.224401,-3.375491,-7.249409,35.0,3,0,0.0,4.381252,0.0,0.0,0.0,540,4.381252,540,5.98101,-4.029424,1
012922,易方达全球成长精选混合(QDII)人民币C,QDII,2024-06-05,20,0.860328,6.419044,5.850378,2.656892,0.214708,13.645428,-3.375491,-7.249409,35.0,4,0,0.0,6.419044,0.0,0.0,0.0,541,6.419044,541,5.31813,-4.029424,1
012922,易方达全球成长精选混合(QDII)人民币C,QDII,2024-06-06,20,2.418347,6.081893,4.393305,2.249088,0.197975,13.723227,-3.375491,-6.655071,40.0,0,2,0.0,6.081893,0.0,0.0,0.0,542,6.081893,542,5.524092,-4.029424,1
012922,易方达全球成长精选混合(QDII)人民币C,QDII,2024-06-07,20,3.20455,5.111704,4.832202,1.605442,0.175181,13.89968,-3.375491,-6.655071,45.0,0,3,0.0,5.111704,0.0,0.0,0.0,543,5.111704,543,6.122627,-4.029424,1
012922,易方达全球成长精选混合(QDII)人民币C,QDII,2024-06-11,20,2.795833,5.830049,7.205869,2.31165,0.163694,14.13739,-3.375491,-6.655071,45.0,2,0,0.0,5.830049,0.0,0.0,0.0,544,5.830049,544,5.569511,-4.029424,1
012922,易方达全球成长精选混合(QDII)人民币C,QDII,2024-06-12,20,4.232851,7.015306,7.820819,3.738966,0.178437,15.020983,-3.375491,-6.655071,45.0,3,0,0.0,7.015306,0.0,0.0,0.0,545,7.015306,545,4.537715,-4.029424,1
012922,易方达全球成长精选混合(QDII)人民币C,QDII,2024-06-13,20,3.673079,6.892219,9.981533,4.840662,0.226847,14.904831,-3.375491,-6.655071,45.0,4,0,0.0,6.892219,0.0,0.0,0.0,546,6.892219,546,4.172614,-4.029424,1
012922,易方达全球成长精选混合(QDII)人民币C,QDII,2024-06-14,20,4.321687,7.525819,11.428571,4.999145,0.271378,14.836984,-3.375491,-6.655071,40.0,5,0,0.0,7.525819,0.0,0.0,0.0,547,7.525819,547,1.971102,-4.029424,0
012922,易方达全球成长精选混合(QDII)人民币C,QDII,2024-06-17,20,6.105134,9.032896,13.426835,5.917997,0.322817,15.105946,-3.375491,-6.655071,35.0,6,0,0.0,9.032896,0.0,0.0,0.0,548,9.032896,548,0.923254,-4.029424,0
012922,易方达全球成长精选混合(QDII)人民币C,QDII,2024-06-18,20,5.855349,8.573205,13.504226,6.256168,0.389758,14.906821,-3.375491,-6.655071,35.0,7,0,0.0,8.573205,0.0,0.0,0.0,549,8.573205,549,-0.073644,-4.029424,0
012922,易方达全球成长精选混合(QDII)人民币C,QDII,2024-06-19,20,4.163119,8.765224,14.463467,5.923858,0.444309,14.844648,-3.375491,-6.655071,30.0,8,0,0.0,8.765224,0.0,0.0,0.0,550,8.765224,550,-0.375971,-4.029424,0
012922,易方达全球成长精选混合(QDII)人民币C,QDII,2024-06-20,20,1.18378,7.453638,11.489362,3.963321,0.458883,16.170788,-3.375491,-6.655071,30.0,0,2,0.0,7.453638,0.0,0.0,0.0,551,7.453638,551,-2.713243,-5.504513,0
012922,易方达全球成长精选混合(QDII)人民币C,QDII,2024-06-21,20,-0.250564,6.065719,9.538659,2.720462,0.455433,16.785188,-3.375491,-6.655071,35.0,0,3,0.0,6.065719,0.0,0.0,0.0,552,6.065719,552,-1.96768,-5.641522,0
012922,易方达全球成长精选混合(QDII)人民币C,QDII,2024-06-24,20,-3.206661,3.599788,7.596445,0.814795,0.429098,18.126894,-4.029424,-6.655071,40.0,0,4,0.0,3.599788,0.0,0.0,0.0,553,3.599788,553,-1.337081,-6.632818,0
012922,易方达全球成长精选混合(QDII)人民币C,QDII,2024-06-25,20,-3.093037,3.849526,8.921181,1.490695,0.419379,18.224178,-4.029424,-6.655071,40.0,2,0,0.0,3.849526,0.0,0.0,0.0,554,3.849526,554,-0.971038,-6.632818,0
012922,易方达全球成长精选混合(QDII)人民币C,QDII,2024-06-26,20,-2.844299,3.680768,10.289479,1.683896,0.417696,18.193001,-4.029424,-6.655071,40.0,3,0,0.0,3.680768,0.0,0.0,0.0,555,3.680768,555,-1.884412,-6.632818,0
012922,易方达全球成长精选混合(QDII)人民币C,QDII,2024-06-27,20,-2.115831,3.564217,10.717973,0.739083,0.389672,18.264968,-4.029424,-6.655071,40.0,0,2,0.0,3.564217,0.0,0.0,0.0,556,3.564217,556,-4.145122,-8.865248,0
012922,易方达全球成长精选混合(QDII)人民币C,QDII,2024-06-28,20,-1.172235,5.327503,10.380623,0.534058,0.332099,16.992141,-4.029424,-6.655071,35.0,2,0,0.0,5.327503,0.0,0.0,0.0,557,5.327503,557,-5.845971,-10.436815,0
012922,易方达全球成长精选混合(QDII)人民币C,QDII,2024-06-30,20,0.510986,6.535476,10.21666,0.216533,0.249765,16.20487,-4.029424,-6.655071,35.0,0,2,0.0,6.535476,0.0,0.0,0.0,558,6.535476,558,-5.12625,-10.436815,0
012922,易方达全球成长精选混合(QDII)人民币C,QDII,2024-07-01,20,0.548847,6.027958,9.700599,0.826817,0.192026,15.873502,-4.029424,-6.655071,35.0,2,0,0.0,6.027958,0.0,0.0,0.0,559,6.027958,559,-5.886799,-10.436815,0
012922,易方达全球成长精选混合(QDII)人民币C,QDII,2024-07-02,20,0.471103,5.98101,10.953177,0.835441,0.135311,15.872781,-4.029424,-6.655071,35.0,3,0,0.0,5.98101,0.0,0.0,0.0,560,5.98101,560,-7.937704,-11.387814,0
012922,易方达全球成长精选混合(QDII)人民币C,QDII,2024-07-03,20,2.56845,5.31813,11.747322,1.898169,0.118545,15.134271,-4.029424,-6.655071,35.0,4,0,0.0,5.31813,0.0,0.0,0.0,561,5.31813,561,-6.066116,-11.387814,0
012922,易方达全球成长精选混合(QDII)人民币C,QDII,2024-07-04,20,2.609506,5.524092,12.346939,1.719258,0.093866,15.087051,-4.029424,-6.655071,30.0,5,0,0.0,5.524092,0.0,0.0,0.0,562,5.524092,562,-7.852366,-11.387814,0
012922,易方达全球成长精选混合(QDII)人民币C,QDII,2024-07-05,20,2.804609,6.122627,12.739268,1.605353,0.058129,14.892831,-4.029424,-6.655071,25.0,6,0,0.0,6.122627,0.0,0.0,0.0,563,6.122627,563,-10.648644,-12.628949,0
012922,易方达全球成长精选混合(QDII)人民币C,QDII,2024-07-08,20,2.35136,5.569511,13.281904,1.791881,0.035147,14.690911,-4.029424,-6.655071,25.0,7,0,0.0,5.569511,0.0,0.0,0.0,564,5.569511,564,-13.398425,-14.933914,0
012922,易方达全球成长精选混合(QDII)人民币C,QDII,2024-07-09,20,2.813363,4.537715,12.403881,2.324147,0.041516,13.770395,-4.029424,-5.399388,25.0,8,0,0.0,4.537715,0.0,0.0,0.0,565,4.537715,565,-12.932649,-14.933914,0
012922,易方达全球成长精选混合(QDII)人民币C,QDII,2024-07-10,20,2.545455,4.172614,15.112719,3.18546,0.07819,13.421172,-4.029424,-4.531411,25.0,9,0,0.0,4.172614,0.0,0.0,0.0,566,4.172614,566,-14.361702,-14.933914,0
012922,易方达全球成长精选混合(QDII)人民币C,QDII,2024-07-11,20,0.809182,1.971102,14.305777,1.431034,0.093142,14.811425,-4.029424,-4.289469,30.0,0,2,0.0,1.971102,0.0,0.0,0.0,567,1.971102,567,-10.942747,-13.78747,0
012922,易方达全球成长精选混合(QDII)人民币C,QDII,2024-07-12,20,0.906618,0.923254,14.914586,1.666203,0.129924,14.120991,-4.029424,-4.029424,30.0,2,0,0.0,0.923254,0.0,0.0,0.0,568,0.923254,568,-10.324267,-13.78747,0
012922,易方达全球成长精选混合(QDII)人民币C,QDII,2024-07-15,20,0.196915,-0.073644,15.775502,1.412568,0.173479,13.914331,-4.029424,-4.029424,35.0,0,2,0.0,0.0,0.073644,0.0,0.0,569,-0.073644,569,-9.695382,-13.568621,0
012922,易方达全球成长精选混合(QDII)人民币C,QDII,2024-07-16,20,-0.732959,-0.375971,16.607672,1.240905,0.216291,13.922787,-2.572187,-4.029424,40.0,0,3,0.0,0.0,0.375971,0.0,0.0,570,-0.375971,570,-7.703667,-13.40553,0
012922,易方达全球成长精选混合(QDII)人民币C,QDII,2024-07-17,20,-5.504513,-2.713243,14.984799,-2.48061,0.180834,18.758945,-5.504513,-5.504513,40.0,0,4,0.0,0.0,2.713243,0.0,0.0,571,-2.713243,571,-4.255864,-10.001705,0
012922,易方达全球成长精选混合(QDII)人民币C,QDII,2024-07-18,20,-4.10353,-1.96768,14.068589,-2.526745,0.132968,18.535879,-5.641522,-5.641522,40.0,0,5,0.0,0.0,1.96768,0.0,0.0,572,-1.96768,572,-2.681927,-10.001705,0
012922,易方达全球成长精选混合(QDII)人民币C,QDII,2024-07-19,20,-5.3745,-1.337081,11.308609,-3.487689,0.046847,17.942695,-6.632818,-6.632818,40.0,0,6,0.0,0.0,1.337081,0.0,0.0,573,-1.337081,573,-0.897713,-10.001705,0
012922,易方达全球成长精选混合(QDII)人民币C,QDII,2024-07-22,20,-3.963315,-0.971038,12.606817,-2.24956,-0.007094,18.244156,-6.632818,-6.632818,40.0,2,0,0.0,0.0,0.971038,0.0,0.0,574,-0.971038,574,-1.27899,-10.001705,0
012922,易方达全球成长精选混合(QDII)人民币C,QDII,2024-07-23,20,-4.315366,-1.884412,12.079569,-2.700493,-0.061622,18.261507,-6.632818,-6.632818,45.0,0,2,0.0,0.0,1.884412,0.0,0.0,575,-1.884412,575,-1.294693,-9.500129,0
012922,易方达全球成长精选混合(QDII)人民币C,QDII,2024-07-24,20,-3.556503,-4.145122,6.208322,-5.469289,-0.16784,20.974084,-8.865248,-8.865248,45.0,0,3,0.0,0.0,4.145122,0.0,0.0,576,-4.145122,576,1.883622,-7.135316,0
012922,易方达全球成长精选混合(QDII)人民币C,QDII,2024-07-25,20,-5.081995,-5.845971,4.39643,-6.83071,-0.29112,21.625613,-10.436815,-10.436815,50.0,0,4,0.0,0.0,5.845971,0.0,0.0,577,-5.845971,577,2.681544,-7.135316,1
012922,易方达全球成长精选混合(QDII)人民币C,QDII,2024-07-26,20,-3.349158,-5.12625,6.293905,-5.887792,-0.396292,21.926533,-10.436815,-10.436815,45.0,2,0,0.0,0.0,5.12625,0.0,0.0,578,-5.12625,578,2.87577,-7.135316,1
012922,易方达全球成长精选混合(QDII)人民币C,QDII,2024-07-29,20,-4.44236,-5.886799,3.090792,-5.525418,-0.479221,21.547736,-10.436815,-10.436815,45.0,3,0,0.0,0.0,5.886799,0.0,0.0,579,-5.886799,579,1.454448,-7.135316,0
012922,易方达全球成长精选混合(QDII)人民币C,QDII,2024-07-30,20,-5.727514,-7.937704,1.843275,-6.940724,-0.575263,22.14512,-11.387814,-11.387814,50.0,0,2,0.0,0.0,7.937704,0.0,0.0,580,-7.937704,580,3.328786,-7.135316,1
012922,易方达全球成长精选混合(QDII)人民币C,QDII,2024-07-31,20,0.512911,-6.066116,5.279733,-3.500915,-0.593321,25.253062,-11.387814,-11.387814,50.0,2,0,0.0,0.0,6.066116,0.0,0.0,581,-6.066116,581,-1.002991,-7.135316,0
012922,易方达全球成长精选混合(QDII)人民币C,QDII,2024-08-01,20,0.422928,-7.852366,3.151862,-4.865823,-0.626254,25.760634,-11.387814,-11.387814,55.0,0,2,0.0,0.0,7.852366,0.0,0.0,582,-7.852366,582,0.224014,-5.421147,0
012922,易方达全球成长精选混合(QDII)人民币C,QDII,2024-08-02,20,-3.179423,-10.648644,-0.330974,-7.073426,-0.684246,27.083547,-12.628949,-12.628949,60.0,0,3,0.0,0.0,10.648644,0.0,0.0,583,-10.648644,583,4.390739,-3.394369,1
012922,易方达全球成长精选混合(QDII)人民币C,QDII,2024-08-05,20,-5.817792,-13.398425,-3.245027,-8.887268,-0.754979,27.782489,-14.933914,-14.933914,65.0,0,4,0.0,0.0,13.398425,0.0,0.0,584,-13.398425,584,6.594031,-3.394369,1
012922,易方达全球成长精选混合(QDII)人民币C,QDII,2024-08-06,20,-2.764893,-12.932649,-2.596574,-7.076396,-0.775834,28.220361,-14.933914,-14.933914,65.0,2,0,0.0,0.0,12.932649,0.0,0.0,585,-12.932649,585,2.637733,-5.225428,1
012922,易方达全球成长精选混合(QDII)人民币C,QDII,2024-08-07,20,-6.510646,-14.361702,-4.639684,-6.92052,-0.767031,27.479683,-13.78747,-14.933914,70.0,0,2,0.0,0.0,14.361702,0.0,0.0,586,-14.361702,586,2.729155,-5.717741,1
012922,易方达全球成长精选混合(QDII)人民币C,QDII,2024-08-08,20,-2.571685,-10.942747,-2.352941,-4.196313,-0.729584,29.350018,-13.78747,-14.933914,65.0,2,0,0.0,0.0,10.942747,0.0,0.0,587,-10.942747,587,0.625402,-5.717741,0
012922,易方达全球成长精选混合(QDII)人民币C,QDII,2024-08-09,20,1.272945,-10.324267,-1.32123,-2.720615,-0.655497,29.716177,-13.568621,-14.933914,65.0,3,0,0.0,0.0,10.324267,0.0,0.0,588,-10.324267,588,-2.869114,-7.894282,0
012922,易方达全球成长精选混合(QDII)人民币C,QDII,2024-08-12,20,4.481288,-9.695382,-2.025586,-1.7712,-0.561563,29.904694,-13.40553,-14.933914,60.0,4,0,0.0,0.0,9.695382,0.0,0.0,589,-9.695382,589,-2.520856,-7.894282,0
012922,易方达全球成长精选混合(QDII)人民币C,QDII,2024-08-13,20,5.228697,-7.703667,0.00889,0.627018,-0.425078,31.19401,-10.001705,-14.933914,55.0,5,0,0.0,0.0,7.703667,0.0,0.0,590,-7.703667,590,-3.333333,-7.894282,0
012922,易方达全球成长精选混合(QDII)人民币C,QDII,2024-08-14,20,5.646527,-4.255864,0.089158,0.636937,-0.342968,28.447941,-10.001705,-14.933914,55.0,0,2,0.0,0.0,4.255864,0.0,0.0,591,-4.255864,591,-1.407447,-7.894282,0
012922,易方达全球成长精选混合(QDII)人民币C,QDII,2024-08-15,20,4.791686,-2.681927,1.190053,2.286958,-0.234401,29.081217,-10.001705,-14.933914,50.0,2,0,0.0,0.0,2.681927,0.0,0.0,592,-2.681927,592,-1.834299,-7.894282,0
012922,易方达全球成长精选混合(QDII)人民币C,QDII,2024-08-16,20,4.572365,-0.897713,1.296983,3.116117,-0.127449,29.024088,-10.001705,-14.933914,45.0,3,0,0.0,0.0,0.897713,0.0,0.0,593,-0.897713,593,-2.168801,-7.894282,0
012922,易方达全球成长精选混合(QDII)人民币C,QDII,2024-08-19,20,4.987305,-1.27899,1.52578,4.057412,0.013752,28.831492,-9.500129,-14.933914,45.0,4,0,0.0,0.0,1.27899,0.0,0.0,594,-1.27899,594,-3.662118,-7.894282,0
012922,易方达全球成长精选混合(QDII)人民币C,QDII,2024-08-20,20,2.328889,-1.294693,0.409943,3.534491,0.139462,28.835226,-7.135316,-14.933914,45.0,0,2,0.0,0.0,1.294693,0.0,0.0,595,-1.294693,595,-1.06845,-7.43859,0
012922,易方达全球成长精选混合(QDII)人民币C,QDII,2024-08-21,20,2.627828,1.883622,1.141252,3.516283,0.217741,26.57632,-7.135316,-14.933914,40.0,2,0,0.0,1.883622,0.0,0.0,0.0,596,1.883622,596,-1.423488,-7.43859,0
012922,易方达全球成长精选混合(QDII)人民币C,QDII,2024-08-22,20,0.149201,2.681544,1.829377,2.390855,0.251156,26.007311,-7.135316,-14.933914,40.0,0,2,0.0,2.681544,0.0,0.0,0.0,597,2.681544,597,-0.543335,-7.422519,0
012922,易方达全球成长精选混合(QDII)人民币C,QDII,2024-08-23,20,0.330982,2.87577,3.980863,3.210834,0.306144,26.075379,-7.135316,-14.933914,40.0,2,0,0.0,2.87577,0.0,0.0,0.0,598,2.87577,598,0.963625,-7.422519,0
012922,易方达全球成长精选混合(QDII)人民币C,QDII,2024-08-26,20,-1.796511,1.454448,1.237646,1.801447,0.339251,26.578506,-7.135316,-14.933914,45.0,0,2,0.0,1.454448,0.0,0.0,0.0,599,1.454448,599,2.37467,-6.209323,1
012922,易方达全球成长精选混合(QDII)人民币C,QDII,2024-08-27,20,-1.311675,3.328786,0.816399,1.554469,0.338709,25.548924,-7.135316,-14.933914,45.0,0,3,0.0,3.328786,0.0,0.0,0.0,600,3.328786,600,4.902737,-6.135023,1
012922,易方达全球成长精选混合(QDII)人民币C,QDII,2024-08-28,20,-2.334867,-1.002991,-2.062843,0.631406,0.372436,22.8417,-5.421147,-14.933914,50.0,0,4,0.0,0.0,1.002991,0.0,0.0,601,-1.002991,601,7.118734,-5.77008,1
012922,易方达全球成长精选混合(QDII)人民币C,QDII,2024-08-29,20,-1.980545,0.224014,-2.544219,0.021015,0.369833,21.981899,-3.394369,-14.933914,50.0,0,5,0.0,0.224014,0.0,0.0,0.0,602,0.224014,602,11.238266,-5.77008,1
012922,易方达全球成长精选混合(QDII)人民币C,QDII,2024-08-30,20,-1.753624,4.390739,-1.014607,0.986485,0.338037,19.501656,-3.394369,-14.933914,45.0,2,0,0.0,4.390739,0.0,0.0,0.0,603,4.390739,603,14.738888,-5.77008,1
012922,易方达全球成长精选混合(QDII)人民币C,QDII,2024-09-02,20,-1.046614,6.594031,-2.546557,0.086734,0.251149,16.661384,-3.394369,-14.933914,45.0,0,2,0.0,6.594031,0.0,0.0,0.0,604,6.594031,604,13.634344,-5.217314,1
012922,易方达全球成长精选混合(QDII)人民币C,QDII,2024-09-03,20,-3.415192,2.637733,-6.580964,-2.508585,0.139596,18.963009,-5.225428,-14.933914,50.0,0,3,0.0,2.637733,0.0,0.0,0.0,605,2.637733,605,17.132963,-2.816003,1
012922,易方达全球成长精选混合(QDII)人民币C,QDII,2024-09-04,20,-2.986136,2.729155,-8.353623,-3.139793,0.008226,18.919431,-5.717741,-14.933914,50.0,0,4,0.0,2.729155,0.0,0.0,0.0,606,2.729155,606,17.423965,-2.531761,1
012922,易方达全球成长精选混合(QDII)人民币C,QDII,2024-09-05,20,-2.181493,0.625402,-8.619394,-2.947242,-0.089032,17.085894,-5.717741,-14.933914,50.0,2,0,0.0,0.625402,0.0,0.0,0.0,607,0.625402,607,17.694909,-2.531761,1
012922,易方达全球成长精选混合(QDII)人民币C,QDII,2024-09-06,20,-5.77008,-2.869114,-12.092985,-5.272041,-0.207741,18.962986,-7.894282,-14.933914,55.0,0,2,0.0,0.0,2.869114,0.0,0.0,608,-2.869114,608,17.976369,-3.111282,1
012922,易方达全球成长精选混合(QDII)人民币C,QDII,2024-09-09,20,-4.452938,-2.520856,-12.036658,-4.390053,-0.304708,19.152476,-7.894282,-14.933914,55.0,2,0,0.0,0.0,2.520856,0.0,0.0,609,-2.520856,609,17.162791,-3.111282,1
012922,易方达全球成长精选混合(QDII)人民币C,QDII,2024-09-10,20,-0.893101,-3.333333,-11.115652,-3.116745,-0.351228,18.10531,-7.894282,-14.933914,55.0,3,0,0.0,0.0,3.333333,0.0,0.0,610,-3.333333,610,16.432184,-3.111282,1
012922,易方达全球成长精选混合(QDII)人民币C,QDII,2024-09-11,20,1.392451,-1.407447,-8.16462,-1.327901,-0.37129,19.363758,-7.894282,-14.933914,50.0,4,0,0.0,0.0,1.407447,0.0,0.0,611,-1.407447,611,16.760029,-3.111282,1
012922,易方达全球成长精选混合(QDII)人民币C,QDII,2024-09-12,20,2.230143,-1.834299,-6.346814,-0.191853,-0.350763,18.9526,-7.894282,-14.933914,50.0,5,0,0.0,0.0,1.834299,0.0,0.0,612,-1.834299,612,15.029057,-3.111282,1
012922,易方达全球成长精选混合(QDII)人民币C,QDII,2024-09-13,20,5.326332,-2.168801,-4.343383,0.339019,-0.30918,18.786999,-7.894282,-14.933914,50.0,6,0,0.0,0.0,2.168801,0.0,0.0,613,-2.168801,613,14.939459,-3.111282,1
012922,易方达全球成长精选混合(QDII)人民币C,QDII,2024-09-18,20,3.75814,-3.662118,-5.817783,-0.168713,-0.260628,18.55014,-7.43859,-14.933914,55.0,0,2,0.0,0.0,3.662118,0.0,0.0,614,-3.662118,614,15.563923,-3.111282,1
012922,易方达全球成长精选混合(QDII)人民币C,QDII,2024-09-19,20,4.726437,-1.06845,-4.189451,1.99074,-0.185164,20.166568,-7.43859,-14.933914,50.0,2,0,0.0,0.0,1.06845,0.0,0.0,615,-1.06845,615,12.88085,-3.111282,1
012922,易方达全球成长精选混合(QDII)人民币C,QDII,2024-09-20,20,2.611131,-1.423488,-3.729762,1.778913,-0.110803,20.177527,-7.422519,-14.933914,55.0,0,2,0.0,0.0,1.423488,0.0,0.0,616,-1.423488,616,13.674386,-3.111282,1
012922,易方达全球成长精选混合(QDII)人民币C,QDII,2024-09-23,20,1.466249,-0.543335,-3.84648,1.735482,-0.050699,19.901999,-7.422519,-14.933914,55.0,0,3,0.0,0.0,0.543335,0.0,0.0,617,-0.543335,617,12.917438,-3.111282,1
012922,易方达全球成长精选混合(QDII)人民币C,QDII,2024-09-24,20,3.543447,0.963625,-1.45738,4.202599,0.061513,21.558492,-6.209323,-14.933914,55.0,2,0,0.0,0.963625,0.0,0.0,0.0,618,0.963625,618,10.515907,-3.111282,1
012922,易方达全球成长精选混合(QDII)人民币C,QDII,2024-09-25,20,4.357181,2.37467,-2.250588,4.166201,0.15222,20.960369,-6.135023,-14.933914,50.0,3,0,0.0,2.37467,0.0,0.0,0.0,619,2.37467,619,9.553265,-3.111282,1
012922,易方达全球成长精选混合(QDII)人民币C,QDII,2024-09-26,20,4.644833,4.902737,-0.209328,6.388867,0.272957,22.419688,-5.77008,-14.933914,45.0,4,0,0.0,4.902737,0.0,0.0,0.0,620,4.902737,620,5.109918,-3.527147,1
012922,易方达全球成长精选混合(QDII)人民币C,QDII,2024-09-27,20,6.128379,7.118734,-0.38843,7.210681,0.387064,22.152333,-5.77008,-14.933914,40.0,5,0,0.0,7.118734,0.0,0.0,0.0,621,7.118734,621,4.488509,-3.527147,1
012922,易方达全球成长精选混合(QDII)人民币C,QDII,2024-09-30,20,9.630804,11.238266,2.733053,10.05555,0.528495,24.054464,-5.77008,-14.933914,35.0,6,0,0.0,11.238266,0.0,0.0,0.0,622,11.238266,622,1.768204,-3.527147,0
012922,易方达全球成长精选混合(QDII)人民币C,QDII,2024-10-08,20,11.650903,14.738888,7.022171,14.017526,0.736972,27.568514,-5.217314,-14.933914,35.0,7,0,0.0,14.738888,0.0,0.0,0.0,623,14.738888,623,-0.408163,-3.527147,0
012922,易方达全球成长精选混合(QDII)人民币C,QDII,2024-10-09,20,9.83677,13.634344,4.898261,11.510384,0.887083,28.359169,-2.816003,-14.933914,35.0,0,2,0.0,13.634344,0.0,0.0,0.0,624,13.634344,624,2.283926,-3.064304,1
012922,易方达全球成长精选混合(QDII)人民币C,QDII,2024-10-10,20,7.845276,17.132963,4.674648,11.191854,0.984124,25.860646,-2.531761,-14.933914,30.0,2,0,0.0,17.132963,0.0,0.0,0.0,625,17.132963,625,4.590368,-3.064304,1
012922,易方达全球成长精选混合(QDII)人民币C,QDII,2024-10-11,20,6.346968,17.423965,3.30432,9.984212,1.043228,25.707022,-2.531761,-13.78747,30.0,0,2,0.0,17.423965,0.0,0.0,0.0,626,17.423965,626,3.955375,-3.064304,1
012922,易方达全球成长精选混合(QDII)人民币C,QDII,2024-10-14,20,3.496222,17.694909,5.471374,9.580298,1.087408,25.649708,-1.540239,-13.78747,30.0,2,0,0.0,17.694909,0.0,0.0,0.0,627,17.694909,627,4.069271,-3.064304,1
012922,易方达全球成长精选混合(QDII)人民币C,QDII,2024-10-15,20,-3.111282,17.976369,2.760761,6.195213,1.033772,25.254799,-3.111282,-13.568621,30.0,0,2,0.0,17.976369,0.0,0.0,0.0,628,17.976369,628,5.603688,-3.064304,1
012922,易方达全球成长精选混合(QDII)人民币C,QDII,2024-10-16,20,-1.486117,17.162791,3.136259,5.491947,0.970196,25.387942,-3.111282,-13.40553,30.0,2,0,0.0,17.162791,0.0,0.0,0.0,629,17.162791,629,5.637158,-3.064304,1
012922,易方达全球成长精选混合(QDII)人民币C,QDII,2024-10-17,20,-1.486034,16.432184,3.880548,5.265346,0.909114,25.369477,-3.111282,-10.001705,30.0,3,0,0.0,16.432184,0.0,0.0,0.0,630,16.432184,630,3.664508,-3.064304,1
012922,易方达全球成长精选混合(QDII)人民币C,QDII,2024-10-18,20,0.819161,16.760029,10.217484,6.613097,0.882426,25.538993,-3.111282,-10.001705,30.0,4,0,0.0,16.760029,0.0,0.0,0.0,631,16.760029,631,0.08512,-3.786357,0
012922,易方达全球成长精选混合(QDII)人民币C,QDII,2024-10-21,20,-0.085424,15.029057,9.890673,5.411927,0.842364,25.88249,-3.111282,-10.001705,35.0,0,2,0.0,15.029057,0.0,0.0,0.0,632,15.029057,632,0.575159,-3.786357,0
012922,易方达全球成长精选混合(QDII)人民币C,QDII,2024-10-22,20,2.615054,14.939459,11.437203,5.050308,0.793443,25.895793,-3.111282,-10.001705,35.0,2,0,0.0,14.939459,0.0,0.0,0.0,633,14.939459,633,1.742835,-3.786357,0
012922,易方达全球成长精选混合(QDII)人民币C,QDII,2024-10-23,20,2.342199,15.563923,9.907913,4.151937,0.712363,25.576241,-3.111282,-9.500129,35.0,0,2,0.0,15.563923,0.0,0.0,0.0,634,15.563923,634,1.97052,-3.786357,0
012922,易方达全球成长精选混合(QDII)人民币C,QDII,2024-10-24,20,1.532143,12.88085,10.228929,3.265191,0.63803,25.276074,-3.111282,-7.894282,40.0,0,3,0.0,12.88085,0.0,0.0,0.0,635,12.88085,635,2.247978,-3.786357,1
012922,易方达全球成长精选混合(QDII)人民币C,QDII,2024-10-25,20,-0.100596,13.674386,14.166961,3.056162,0.548889,25.066439,-3.111282,-7.894282,35.0,2,0,0.0,13.674386,0.0,0.0,0.0,636,13.674386,636,1.138652,-3.786357,0
012922,易方达全球成长精选混合(QDII)人民币C,QDII,2024-10-28,20,-0.396394,12.917438,15.315396,1.702717,0.430698,25.430362,-3.111282,-7.894282,35.0,0,2,0.0,12.917438,0.0,0.0,0.0,637,12.917438,637,0.928599,-3.786357,0
012922,易方达全球成长精选混合(QDII)人民币C,QDII,2024-10-29,20,-0.441518,10.515907,14.789676,1.511657,0.336094,24.481223,-3.111282,-7.894282,35.0,2,0,0.0,10.515907,0.0,0.0,0.0,638,10.515907,638,0.614642,-3.801235,0
012922,易方达全球成长精选混合(QDII)人民币C,QDII,2024-10-30,20,-1.070597,9.553265,13.786027,0.273645,0.217939,24.875019,-3.111282,-7.894282,40.0,0,2,0.0,9.553265,0.0,0.0,0.0,639,9.553265,639,2.164366,-3.801235,1
012922,易方达全球成长精选混合(QDII)人民币C,QDII,2024-10-31,20,-2.559116,5.109918,13.933606,-1.730907,0.097114,24.992103,-3.527147,-7.894282,45.0,0,3,0.0,5.109918,0.0,0.0,0.0,640,5.109918,640,3.488465,-3.801235,1
012922,易方达全球成长精选混合(QDII)人民币C,QDII,2024-11-01,20,-2.447715,4.488509,10.804153,-1.414515,-0.006133,24.804953,-3.527147,-7.894282,45.0,2,0,0.0,4.488509,0.0,0.0,0.0,641,4.488509,641,3.596951,-3.801235,1
012922,易方达全球成长精选混合(QDII)人民币C,QDII,2024-11-04,20,-1.193913,1.768204,13.458781,-0.967487,-0.059806,22.196744,-3.527147,-7.894282,45.0,3,0,0.0,1.768204,0.0,0.0,0.0,642,1.768204,642,4.343706,-3.801235,1
012922,易方达全球成长精选混合(QDII)人民币C,QDII,2024-11-05,20,0.614642,-0.408163,19.287889,1.165215,-0.018851,17.401571,-3.064304,-7.894282,45.0,4,0,0.0,0.0,0.408163,0.0,0.0,643,-0.408163,643,3.379214,-3.801235,1
012922,易方达全球成长精选混合(QDII)人民币C,QDII,2024-11-06,20,2.54862,2.283926,23.893889,2.182823,0.014224,16.863192,-3.064304,-7.894282,40.0,5,0,0.0,2.283926,0.0,0.0,0.0,644,2.283926,644,3.999388,-3.801235,1
012922,易方达全球成长精选混合(QDII)人民币C,QDII,2024-11-07,20,7.312206,4.590368,25.741278,4.801144,0.092877,19.33871,-3.064304,-7.894282,40.0,6,0,0.0,4.590368,0.0,0.0,0.0,645,4.590368,645,1.138139,-3.801235,0
012922,易方达全球成长精选混合(QDII)人民币C,QDII,2024-11-08,20,5.804351,3.955375,25.399962,3.676328,0.146907,19.664674,-3.064304,-7.894282,40.0,0,2,0.0,3.955375,0.0,0.0,0.0,646,3.955375,646,2.836773,-3.499739,1
012922,易方达全球成长精选混合(QDII)人民币C,QDII,2024-11-11,20,5.836361,4.069271,23.250253,4.055534,0.210454,19.68776,-3.064304,-7.894282,40.0,2,0,0.0,4.069271,0.0,0.0,0.0,647,4.069271,647,1.216327,-3.499739,0
012922,易方达全球成长精选混合(QDII)人民币C,QDII,2024-11-12,20,2.737396,5.603688,21.012843,2.880993,0.218537,17.832868,-3.064304,-7.894282,40.0,0,2,0.0,5.603688,0.0,0.0,0.0,648,5.603688,648,1.452657,-2.803457,0
012922,易方达全球成长精选混合(QDII)人民币C,QDII,2024-11-13,20,1.743519,5.637158,20.647443,2.745676,0.222188,17.829266,-3.064304,-7.894282,40.0,2,0,0.0,5.637158,0.0,0.0,0.0,649,5.637158,649,2.134536,-2.803457,1
012922,易方达全球成长精选混合(QDII)人民币C,QDII,2024-11-14,20,-2.358105,3.664508,16.675556,1.182102,0.206247,18.702096,-3.064304,-7.894282,45.0,0,2,0.0,3.664508,0.0,0.0,0.0,650,3.664508,650,3.618772,-1.634679,1
012922,易方达全球成长精选混合(QDII)人民币C,QDII,2024-11-15,20,-2.934334,0.08512,15.21468,-0.302161,0.195939,18.193579,-3.786357,-7.894282,50.0,0,3,0.0,0.08512,0.0,0.0,0.0,651,0.08512,651,5.922375,-1.634679,1
012922,易方达全球成长精选混合(QDII)人民币C,QDII,2024-11-18,20,-3.440042,0.575159,13.568545,-0.284351,0.179185,18.115234,-3.786357,-7.894282,45.0,2,0,0.0,0.575159,0.0,0.0,0.0,652,0.575159,652,7.117465,-1.634679,1
012922,易方达全球成长精选混合(QDII)人民币C,QDII,2024-11-19,20,-1.136535,1.742835,14.406411,1.130646,0.188286,18.834902,-3.786357,-7.894282,45.0,3,0,0.0,1.742835,0.0,0.0,0.0,653,1.742835,653,4.66692,-1.634679,1
012922,易方达全球成长精选混合(QDII)人民币C,QDII,2024-11-20,20,-1.210071,1.97052,13.525652,1.101082,0.193307,18.812567,-3.786357,-7.43859,40.0,4,0,0.0,1.97052,0.0,0.0,0.0,654,1.97052,654,2.290018,-3.001226,1
012922,易方达全球成长精选混合(QDII)人民币C,QDII,2024-11-21,20,0.144751,2.247978,14.185198,0.996519,0.191342,18.766761,-3.786357,-7.43859,35.0,5,0,0.0,2.247978,0.0,0.0,0.0,655,2.247978,655,2.51046,-3.001226,1
012922,易方达全球成长精选混合(QDII)人民币C,QDII,2024-11-22,20,0.950982,1.138652,13.332176,0.263771,0.183041,18.93181,-3.786357,-7.422519,40.0,0,2,0.0,1.138652,0.0,0.0,0.0,656,1.138652,656,3.806387,-3.001226,1
012922,易方达全球成长精选混合(QDII)人民币C,QDII,2024-11-25,20,-0.046368,0.928599,13.346771,-0.726095,0.148072,19.060944,-3.786357,-7.422519,40.0,0,3,0.0,0.928599,0.0,0.0,0.0,657,0.928599,657,5.381166,-3.001226,1
012922,易方达全球成长精选混合(QDII)人民币C,QDII,2024-11-26,20,-1.545489,0.614642,12.26669,-0.77153,0.116164,19.040246,-3.801235,-6.209323,45.0,0,4,0.0,0.614642,0.0,0.0,0.0,658,0.614642,658,6.588308,-3.001226,1
012922,易方达全球成长精选混合(QDII)人民币C,QDII,2024-11-27,20,-0.882532,2.164366,14.582234,-0.140652,0.081589,18.936305,-3.801235,-6.135023,40.0,2,0,0.0,2.164366,0.0,0.0,0.0,659,2.164366,659,5.733804,-3.001226,1
012922,易方达全球成长精选混合(QDII)人民币C,QDII,2024-11-28,20,-1.376949,3.488465,14.109673,-0.797355,0.0097,17.764386,-3.801235,-5.77008,40.0,0,2,0.0,3.488465,0.0,0.0,0.0,660,3.488465,660,6.548905,-3.001226,1
012922,易方达全球成长精选混合(QDII)人民币C,QDII,2024-11-29,20,-0.076587,3.596951,15.95272,-0.334967,-0.049825,17.796414,-3.801235,-5.77008,40.0,2,0,0.0,3.596951,0.0,0.0,0.0,661,3.596951,661,5.004982,-3.001226,1
012922,易方达全球成长精选混合(QDII)人民币C,QDII,2024-12-02,20,2.149374,4.343706,18.122485,0.713886,-0.088145,18.171302,-3.801235,-5.77008,40.0,3,0,0.0,4.343706,0.0,0.0,0.0,662,4.343706,662,3.065395,-3.001226,1
012922,易方达全球成长精选混合(QDII)人民币C,QDII,2024-12-03,20,3.379214,3.379214,18.132014,1.741222,-0.08314,17.132169,-3.801235,-5.217314,40.0,4,0,0.0,3.379214,0.0,0.0,0.0,663,3.379214,663,0.680679,-3.001226,0
012922,易方达全球成长精选混合(QDII)人民币C,QDII,2024-12-04,20,4.390543,3.999388,20.878144,3.293624,-0.040665,17.703841,-3.801235,-3.801235,40.0,5,0,0.0,3.999388,0.0,0.0,0.0,664,3.999388,664,-1.639706,-3.491812,0
012922,易方达全球成长精选混合(QDII)人民币C,QDII,2024-12-05,20,4.875039,1.138139,23.904128,3.203279,0.039106,14.812279,-3.499739,-3.801235,45.0,0,2,0.0,1.138139,0.0,0.0,0.0,665,1.138139,665,-0.338335,-3.491812,0
012922,易方达全球成长精选混合(QDII)人民币C,QDII,2024-12-06,20,5.027976,2.836773,25.53133,3.866474,0.114404,14.590381,-3.499739,-3.801235,40.0,2,0,0.0,2.836773,0.0,0.0,0.0,666,2.836773,666,-0.138656,-3.491812,0
012922,易方达全球成长精选混合(QDII)人民币C,QDII,2024-12-09,20,2.664245,1.216327,23.974043,2.749403,0.179383,15.05319,-2.803457,-3.801235,45.0,0,2,0.0,1.216327,0.0,0.0,0.0,667,1.216327,667,-0.471837,-3.491812,0
012922,易方达全球成长精选混合(QDII)人民币C,QDII,2024-12-10,20,0.822799,1.452657,26.397224,2.030929,0.219462,14.886464,-2.803457,-3.801235,45.0,0,3,0.0,1.452657,0.0,0.0,0.0,668,1.452657,668,-0.296758,-3.491812,0
012922,易方达全球成长精选混合(QDII)人民币C,QDII,2024-12-11,20,-0.080882,2.134536,26.409302,2.75314,0.27135,15.116411,-1.634679,-3.801235,45.0,2,0,0.0,2.134536,0.0,0.0,0.0,669,2.134536,669,-0.831555,-3.491812,0
012922,易方达全球成长精选混合(QDII)人民币C,QDII,2024-12-12,20,0.036776,3.618772,25.066667,2.659516,0.29963,14.108799,-1.634679,-3.801235,40.0,3,0,0.0,3.618772,0.0,0.0,0.0,670,3.618772,670,-1.808691,-3.65053,0
012922,易方达全球成长精选混合(QDII)人民币C,QDII,2024-12-13,20,-0.021893,5.922375,23.780267,3.108689,0.309903,12.805055,-1.634679,-3.801235,35.0,4,0,0.0,5.922375,0.0,0.0,0.0,671,5.922375,671,-3.218978,-4.343121,0
012922,易方达全球成长精选混合(QDII)人民币C,QDII,2024-12-16,20,2.18962,7.117465,23.924899,3.960099,0.329253,13.141324,-1.634679,-3.801235,35.0,5,0,0.0,7.117465,0.0,0.0,0.0,672,7.117465,672,-3.462954,-4.343121,0
012922,易方达全球成长精选混合(QDII)人民币C,QDII,2024-12-17,20,1.995697,4.66692,22.400285,2.876086,0.349467,13.00871,-1.634679,-3.801235,40.0,0,2,0.0,4.66692,0.0,0.0,0.0,673,4.66692,673,-1.534769,-4.010715,0
012922,易方达全球成长精选混合(QDII)人民币C,QDII,2024-12-18,20,-1.059681,2.290018,20.539717,0.495564,0.331837,15.624332,-3.001226,-3.801235,45.0,0,3,0.0,2.290018,0.0,0.0,0.0,674,2.290018,674,0.795835,-4.010715,0
012922,易方达全球成长精选混合(QDII)人民币C,QDII,2024-12-19,20,-0.926402,2.51046,18.315919,0.595736,0.314151,15.622887,-3.001226,-3.801235,45.0,2,0,0.0,2.51046,0.0,0.0,0.0,675,2.51046,675,2.300557,-4.010715,1
012922,易方达全球成长精选混合(QDII)人民币C,QDII,2024-12-20,20,-1.065693,3.806387,19.344897,0.998133,0.290683,15.406422,-3.001226,-3.801235,40.0,3,0,0.0,3.806387,0.0,0.0,0.0,676,3.806387,676,2.095322,-4.010715,1
012922,易方达全球成长精选混合(QDII)人民币C,QDII,2024-12-23,20,-1.666546,5.381166,20.098687,1.301761,0.255184,14.853586,-3.001226,-3.801235,35.0,4,0,0.0,5.381166,0.0,0.0,0.0,677,5.381166,677,2.883346,-4.010715,1
012922,易方达全球成长精选混合(QDII)人民币C,QDII,2024-12-24,20,0.261856,6.588308,18.521066,2.122994,0.228052,15.119139,-3.001226,-3.801235,30.0,5,0,0.0,6.588308,0.0,0.0,0.0,678,6.588308,678,2.887406,-4.010715,1
012922,易方达全球成长精选混合(QDII)人民币C,QDII,2024-12-25,20,2.454444,5.733804,18.341924,1.774685,0.201952,15.094415,-3.001226,-3.801235,35.0,0,2,0.0,5.733804,0.0,0.0,0.0,679,5.733804,679,2.177858,-4.010715,1
012922,易方达全球成长精选混合(QDII)人民币C,QDII,2024-12-26,20,2.508349,6.548905,15.900319,1.73636,0.164212,14.815247,-3.001226,-3.801235,30.0,2,0,0.0,6.548905,0.0,0.0,0.0,680,6.548905,680,2.512126,-4.010715,1
012922,易方达全球成长精选混合(QDII)人民币C,QDII,2024-12-27,20,1.077173,5.004982,13.664648,0.662018,0.115186,15.296081,-3.001226,-3.801235,35.0,0,2,0.0,5.004982,0.0,0.0,0.0,681,5.004982,681,-2.759124,-6.064025,0
012922,易方达全球成长精选混合(QDII)人民币C,QDII,2024-12-30,20,-0.095378,3.065395,9.443819,-0.096477,0.069665,15.088258,-3.001226,-3.801235,40.0,0,3,0.0,3.065395,0.0,0.0,0.0,682,3.065395,682,1.461409,-6.064025,0
012922,易方达全球成长精选混合(QDII)人民币C,QDII,2024-12-31,20,-2.350551,0.680679,3.658067,-1.28129,0.021573,15.250344,-3.001226,-3.801235,45.0,0,4,0.0,0.680679,0.0,0.0,0.0,683,0.680679,683,3.922734,-6.064025,1
012922,易方达全球成长精选混合(QDII)人民币C,QDII,2025-01-02,20,-2.889292,-1.639706,4.630426,-1.809734,-0.009454,14.026979,-3.491812,-3.801235,50.0,0,5,0.0,0.0,1.639706,0.0,0.0,684,-1.639706,684,4.029304,-6.064025,1
012922,易方达全球成长精选混合(QDII)人民币C,QDII,2025-01-03,20,-1.904003,-0.338335,5.422858,-0.52308,-0.020363,14.850458,-3.491812,-3.801235,45.0,2,0,0.0,0.0,0.338335,0.0,0.0,685,-0.338335,685,3.830258,-6.064025,1
012922,易方达全球成长精选混合(QDII)人民币C,QDII,2025-01-06,20,-0.116788,-0.138656,6.756124,0.467684,-0.004306,15.011126,-3.491812,-3.801235,45.0,3,0,0.0,0.0,0.138656,0.0,0.0,686,-0.138656,686,1.848875,-6.064025,0
012922,易方达全球成长精选混合(QDII)人民币C,QDII,2025-01-07,20,-0.85922,-0.471837,4.838083,-0.859948,-0.023456,15.348331,-3.491812,-3.801235,45.0,0,2,0.0,0.0,0.471837,0.0,0.0,687,-0.471837,687,4.555556,-6.064025,1
012922,易方达全球成长精选混合(QDII)人民币C,QDII,2025-01-08,20,-0.156018,-0.296758,6.819808,-1.293417,-0.058162,15.268905,-3.491812,-3.801235,45.0,0,3,0.0,0.0,0.296758,0.0,0.0,688,-0.296758,688,3.735397,-6.064025,1
012922,易方达全球成长精选混合(QDII)人民币C,QDII,2025-01-09,20,0.740076,-0.831555,6.994839,-0.980569,-0.075815,14.998927,-3.491812,-3.801235,45.0,2,0,0.0,0.0,0.831555,0.0,0.0,689,-0.831555,689,5.461561,-6.064025,1
012922,易方达全球成长精选混合(QDII)人民币C,QDII,2025-01-10,20,-1.439114,-1.808691,5.473069,-1.780888,-0.103599,15.294823,-3.65053,-3.801235,50.0,0,2,0.0,0.0,1.808691,0.0,0.0,690,-1.808691,690,7.630101,-6.064025,1
012922,易方达全球成长精选混合(QDII)人民币C,QDII,2025-01-13,20,-3.105817,-3.218978,2.600015,-2.328528,-0.127389,15.134031,-4.343121,-4.343121,55.0,0,3,0.0,0.0,3.218978,0.0,0.0,691,-3.218978,691,8.499887,-6.064025,1
012922,易方达全球成长精选混合(QDII)人民币C,QDII,2025-01-14,20,-0.881481,-3.462954,4.002798,-1.255249,-0.114765,14.860386,-4.010715,-4.343121,55.0,2,0,0.0,0.0,3.462954,0.0,0.0,692,-3.462954,692,8.437337,-6.064025,1
012922,易方达全球成长精选混合(QDII)人民币C,QDII,2025-01-15,20,0.729221,-1.534769,4.8567,-0.026218,-0.093381,15.377682,-4.010715,-4.343121,50.0,3,0,0.0,0.0,1.534769,0.0,0.0,693,-1.534769,693,5.990988,-6.064025,1
012922,易方达全球成长精选混合(QDII)人民币C,QDII,2025-01-16,20,0.563966,0.795835,5.135764,0.045032,-0.103275,13.157887,-4.010715,-4.343121,45.0,4,0,0.0,0.795835,0.0,0.0,0.0,694,0.795835,694,8.906434,-6.064025,1
012922,易方达全球成长精选混合(QDII)人民币C,QDII,2025-01-17,20,3.219768,2.300557,7.226198,1.648797,-0.086224,14.439124,-4.010715,-4.343121,45.0,5,0,0.0,2.300557,0.0,0.0,0.0,695,2.300557,695,5.150526,-6.064025,1
012922,易方达全球成长精选混合(QDII)人民币C,QDII,2025-01-20,20,4.366845,2.095322,7.188226,1.93288,-0.057888,14.369873,-4.010715,-4.343121,45.0,6,0,0.0,2.095322,0.0,0.0,0.0,696,2.095322,696,3.338633,-6.064025,1
012922,易方达全球成长精选混合(QDII)人民币C,QDII,2025-01-21,20,4.797848,2.883346,9.426453,3.146319,-0.004474,14.947007,-4.010715,-4.343121,45.0,7,0,0.0,2.883346,0.0,0.0,0.0,697,2.883346,697,3.829423,-6.064025,1
012922,易方达全球成长精选混合(QDII)人民币C,QDII,2025-01-22,20,4.764719,2.887406,10.339998,4.163377,0.078987,14.950496,-4.010715,-4.343121,45.0,8,0,0.0,2.887406,0.0,0.0,0.0,698,2.887406,698,0.444225,-6.064025,0
012922,易方达全球成长精选混合(QDII)人民币C,QDII,2025-01-23,20,3.859209,2.177858,10.374843,3.263721,0.145614,15.27666,-4.010715,-4.343121,45.0,0,2,0.0,2.177858,0.0,0.0,0.0,699,2.177858,699,-1.833037,-6.382546,0
012922,易方达全球成长精选混合(QDII)人民币C,QDII,2025-01-24,20,2.720348,2.512126,13.035843,3.755267,0.222046,15.36739,-3.218978,-4.343121,45.0,2,0,0.0,2.512126,0.0,0.0,0.0,700,2.512126,700,-3.658192,-7.568263,0
012922,易方达全球成长精选混合(QDII)人民币C,QDII,2025-01-27,20,-3.728863,-2.759124,5.78053,-2.249681,0.194317,26.304947,-6.064025,-6.064025,45.0,0,2,0.0,0.0,2.759124,0.0,0.0,701,-2.759124,701,2.492118,-7.568263,1
012922,易方达全球成长精选混合(QDII)人民币C,QDII,2025-02-05,20,-1.476146,1.461409,9.113884,1.301091,0.212462,29.522557,-6.064025,-6.064025,40.0,2,0,0.0,1.461409,0.0,0.0,0.0,702,1.461409,702,1.179792,-7.568263,0
012922,易方达全球成长精选混合(QDII)人民币C,QDII,2025-02-06,20,-1.367931,3.922734,8.16579,2.364077,0.227953,29.411128,-6.064025,-6.064025,35.0,3,0,0.0,3.922734,0.0,0.0,0.0,703,3.922734,703,2.223334,-7.568263,1
012922,易方达全球成长精选混合(QDII)人民币C,QDII,2025-02-07,20,-1.129663,4.029304,6.415845,1.636734,0.220491,29.375378,-6.064025,-6.064025,35.0,0,2,0.0,4.029304,0.0,0.0,0.0,704,4.029304,704,2.299511,-7.568263,1
012922,易方达全球成长精选混合(QDII)人民币C,QDII,2025-02-10,20,-0.642655,3.830258,4.656699,2.559803,0.243012,29.288887,-6.064025,-6.064025,35.0,2,0,0.0,3.830258,0.0,0.0,0.0,705,3.830258,705,-0.55441,-7.568263,0
012922,易方达全球成长精选混合(QDII)人民币C,QDII,2025-02-11,20,4.616424,1.848875,4.592871,1.503951,0.261697,29.403029,-6.064025,-6.064025,40.0,0,2,0.0,1.848875,0.0,0.0,0.0,706,1.848875,706,1.112148,-7.568263,0
012922,易方达全球成长精选混合(QDII)人民币C,QDII,2025-02-12,20,2.164157,4.555556,5.327961,2.570624,0.274581,29.156605,-6.064025,-6.064025,35.0,2,0,0.0,4.555556,0.0,0.0,0.0,707,4.555556,707,-0.453418,-7.568263,0
012922,易方达全球成长精选混合(QDII)人民币C,QDII,2025-02-13,20,-0.336002,3.735397,4.930002,1.121762,0.255799,29.531464,-6.064025,-6.064025,35.0,0,2,0.0,3.735397,0.0,0.0,0.0,708,3.735397,708,-0.875117,-7.568263,0
012922,易方达全球成长精选混合(QDII)人民币C,QDII,2025-02-14,20,2.127048,5.461561,6.816986,2.813035,0.263658,30.174661,-6.064025,-6.064025,35.0,2,0,0.0,5.461561,0.0,0.0,0.0,709,5.461561,709,-1.034337,-7.568263,0
012922,易方达全球成长精选混合(QDII)人民币C,QDII,2025-02-17,20,2.167887,7.630101,9.507847,3.603117,0.266131,29.982691,-6.064025,-6.064025,30.0,3,0,0.0,7.630101,0.0,0.0,0.0,710,7.630101,710,-1.996661,-7.568263,0
012922,易方达全球成长精选混合(QDII)人民币C,QDII,2025-02-18,20,3.22164,8.499887,11.226225,3.270174,0.247832,29.724869,-6.064025,-6.064025,25.0,4,0,0.0,8.499887,0.0,0.0,0.0,711,8.499887,711,-0.646462,-7.568263,0
012922,易方达全球成长精选混合(QDII)人民币C,QDII,2025-02-19,20,2.798441,8.437337,12.132921,3.739928,0.243998,29.712749,-6.064025,-6.064025,25.0,5,0,0.0,8.437337,0.0,0.0,0.0,712,8.437337,712,-1.943487,-7.568263,0
012922,易方达全球成长精选混合(QDII)人民币C,QDII,2025-02-20,20,2.919446,5.990988,9.234869,2.285162,0.229427,30.058194,-6.064025,-6.064025,30.0,0,2,0.0,5.990988,0.0,0.0,0.0,713,5.990988,713,-2.306942,-7.568263,0
012922,易方达全球成长精选混合(QDII)人民币C,QDII,2025-02-21,20,3.84886,8.906434,12.286975,4.764406,0.249339,31.378115,-6.064025,-6.064025,30.0,2,0,0.0,8.906434,0.0,0.0,0.0,714,8.906434,714,-7.175283,-7.568263,0
012922,易方达全球成长精选混合(QDII)人民币C,QDII,2025-02-24,20,0.841798,5.150526,10.270065,2.631821,0.256048,31.956092,-6.064025,-6.064025,35.0,0,2,0.0,5.150526,0.0,0.0,0.0,715,5.150526,715,-4.422215,-6.304945,0
012922,易方达全球成长精选混合(QDII)人民币C,QDII,2025-02-25,20,-0.597803,3.338633,9.519798,1.085789,0.24163,32.46049,-6.064025,-6.064025,40.0,0,3,0.0,3.338633,0.0,0.0,0.0,716,3.338633,716,-4.93007,-6.627747,0
012922,易方达全球成长精选混合(QDII)人民币C,QDII,2025-02-26,20,0.34459,3.829423,12.571517,2.728732,0.269113,32.730944,-6.064025,-6.064025,40.0,2,0,0.0,3.829423,0.0,0.0,0.0,717,3.829423,717,-6.682692,-6.682692,0
012922,易方达全球成长精选混合(QDII)人民币C,QDII,2025-02-27,20,-0.71787,0.444225,10.153109,0.483903,0.277258,33.576357,-5.918079,-6.064025,45.0,0,2,0.0,0.444225,0.0,0.0,0.0,718,0.444225,718,-4.857845,-5.217148,0
012922,易方达全球成长精选混合(QDII)人民币C,QDII,2025-02-28,20,-6.382546,-1.833037,6.056187,-2.446429,0.229957,35.196626,-6.382546,-6.382546,45.0,0,3,0.0,0.0,1.833037,0.0,0.0,719,-1.833037,719,-3.19172,-6.454997,0
012922,易方达全球成长精选混合(QDII)人民币C,QDII,2025-03-03,20,-5.884788,-3.658192,5.229867,-3.505545,0.177291,35.348352,-7.568263,-7.568263,50.0,0,4,0.0,0.0,3.658192,0.0,0.0,720,-3.658192,720,-3.232664,-7.678859,0
012922,易方达全球成长精选混合(QDII)人民币C,QDII,2025-03-04,20,-4.517483,2.492118,4.652411,-3.533933,0.037291,28.054047,-7.568263,-7.568263,45.0,2,0,0.0,2.492118,0.0,0.0,0.0,721,2.492118,721,-3.039402,-7.678859,0
012922,易方达全球成长精选混合(QDII)人民币C,QDII,2025-03-05,20,-3.990385,1.179792,5.805328,-1.29463,-0.018109,26.14363,-7.568263,-7.568263,45.0,3,0,0.0,1.179792,0.0,0.0,0.0,722,1.179792,722,-4.907361,-7.678859,0
012922,易方达全球成长精选混合(QDII)人民币C,QDII,2025-03-06,20,0.37908,2.223334,6.956392,0.854146,-0.023737,27.013516,-7.568263,-7.568263,45.0,4,0,0.0,2.223334,0.0,0.0,0.0,723,2.223334,723,-9.091545,-9.091545,0
012922,易方达全球成长精选混合(QDII)人民币C,QDII,2025-03-07,20,3.032496,2.299511,4.676471,0.296606,-0.046997,26.991549,-7.568263,-7.568263,45.0,0,2,0.0,2.299511,0.0,0.0,0.0,724,2.299511,724,-17.294184,-17.624012,0
012922,易方达全球成长精选混合(QDII)人民币C,QDII,2025-03-10,20,2.558276,-0.55441,2.905266,-1.402396,-0.081334,27.496455,-7.568263,-7.568263,50.0,0,3,0.0,0.0,0.55441,0.0,0.0,725,-0.55441,725,-15.181188,-17.624012,0
012922,易方达全球成长精选混合(QDII)人民币C,QDII,2025-03-11,20,3.207851,1.112148,2.838794,-0.744836,-0.119287,27.387241,-7.568263,-7.568263,45.0,2,0,0.0,1.112148,0.0,0.0,0.0,726,1.112148,726,-12.333239,-17.624012,0
012922,易方达全球成长精选混合(QDII)人民币C,QDII,2025-03-12,20,0.515058,-0.453418,3.590386,-1.011304,-0.143288,27.033445,-7.568263,-7.568263,50.0,0,2,0.0,0.0,0.453418,0.0,0.0,727,-0.453418,727,-11.728703,-17.624012,0
012922,易方达全球成长精选混合(QDII)人民币C,QDII,2025-03-13,20,-3.356878,-0.875117,2.522442,-2.603879,-0.209378,27.32389,-7.568263,-7.568263,50.0,0,3,0.0,0.0,0.875117,0.0,0.0,728,-0.875117,728,-8.350821,-17.624012,0
012922,易方达全球成长精选混合(QDII)人民币C,QDII,2025-03-14,20,-1.20118,-1.034337,3.502833,-0.818695,-0.219301,27.172769,-7.568263,-7.568263,50.0,2,0,0.0,0.0,1.034337,0.0,0.0,729,-1.034337,729,-8.979737,-17.624012,0
012922,易方达全球成长精选混合(QDII)人民币C,QDII,2025-03-17,20,0.686155,-1.996661,3.573267,-0.562938,-0.207512,26.82939,-7.568263,-7.568263,50.0,3,0,0.0,0.0,1.996661,0.0,0.0,730,-1.996661,730,-8.490097,-17.624012,0
012922,易方达全球成长精选混合(QDII)人民币C,QDII,2025-03-18,20,1.426341,-0.646462,4.328467,0.924298,-0.170401,27.386425,-7.568263,-7.568263,50.0,4,0,0.0,0.0,0.646462,0.0,0.0,731,-0.646462,731,-11.572098,-17.624012,0
012922,易方达全球成长精选混合(QDII)人民币C,QDII,2025-03-19,20,1.259697,-1.943487,2.647717,0.565451,-0.12509,27.223456,-7.568263,-7.568263,55.0,0,2,0.0,0.0,1.943487,0.0,0.0,732,-1.943487,732,-10.458251,-17.247681,0
012922,易方达全球成长精选混合(QDII)人民币C,QDII,2025-03-20,20,1.43281,-2.306942,1.956648,-0.809896,-0.116133,27.43804,-7.568263,-7.568263,55.0,0,3,0.0,0.0,2.306942,0.0,0.0,733,-2.306942,733,-9.33866,-16.001998,0
012922,易方达全球成长精选混合(QDII)人民币C,QDII,2025-03-21,20,-2.595094,-7.175283,1.896616,-2.688497,-0.089968,26.086286,-6.304945,-7.568263,60.0,0,4,0.0,0.0,7.175283,0.0,0.0,734,-7.175283,734,-7.160584,-15.013714,0
012922,易方达全球成长精选混合(QDII)人民币C,QDII,2025-03-24,20,-1.654007,-4.422215,2.812616,-1.370097,-0.066187,26.017499,-6.304945,-7.568263,55.0,2,0,0.0,0.0,4.422215,0.0,0.0,735,-4.422215,735,-7.066551,-15.013714,0
012922,易方达全球成长精选混合(QDII)人民币C,QDII,2025-03-25,20,-4.883509,-4.93007,0.302494,-2.970481,-0.083811,26.384005,-6.627747,-7.886713,55.0,0,2,0.0,0.0,4.93007,0.0,0.0,736,-4.93007,736,-3.927915,-13.39463,0
012922,易方达全球成长精选混合(QDII)人民币C,QDII,2025-03-26,20,-4.505201,-6.682692,-0.315481,-2.689695,-0.065444,25.259923,-4.979369,-7.940917,60.0,0,3,0.0,0.0,6.682692,0.0,0.0,737,-6.682692,737,-3.26783,-13.343637,0
012922,易方达全球成长精选混合(QDII)人民币C,QDII,2025-03-27,20,-3.310266,-4.857845,-1.675856,-2.692069,-0.075593,24.316596,-5.217148,-8.171285,60.0,0,4,0.0,0.0,4.857845,0.0,0.0,738,-4.857845,738,-3.02516,-13.126245,0
012922,易方达全球成长精选混合(QDII)人民币C,QDII,2025-03-28,20,-2.364964,-3.19172,-2.896552,-3.810613,-0.145013,22.427109,-6.454997,-9.370554,60.0,0,5,0.0,0.0,3.19172,0.0,0.0,739,-3.19172,739,-1.540072,-11.976675,0
012922,易方达全球成长精选混合(QDII)人民币C,QDII,2025-03-31,20,-4.71344,-3.232664,-4.430609,-4.918304,-0.247786,22.455091,-7.678859,-10.556271,60.0,0,6,0.0,0.0,3.232664,0.0,0.0,740,-3.232664,740,0.61359,-11.427067,0
012922,易方达全球成长精选混合(QDII)人民币C,QDII,2025-04-01,20,-2.61861,-3.039402,-3.364964,-4.501879,-0.340787,22.494914,-7.678859,-10.556271,60.0,2,0,0.0,0.0,3.039402,0.0,0.0,741,-3.039402,741,0.642042,-11.427067,0
012922,易方达全球成长精选混合(QDII)人民币C,QDII,2025-04-02,20,-2.163833,-4.907361,-2.379379,-3.874523,-0.387292,20.565364,-7.678859,-10.556271,60.0,3,0,0.0,0.0,4.907361,0.0,0.0,742,-4.907361,742,2.602874,-11.427067,0
012922,易方达全球成长精选混合(QDII)人民币C,QDII,2025-04-03,20,-4.087656,-9.091545,-3.424963,-5.556605,-0.421308,19.386293,-9.053383,-11.924927,65.0,0,2,0.0,0.0,9.091545,0.0,0.0,743,-9.091545,743,4.608047,-9.423802,0
012922,易方达全球成长精选混合(QDII)人民币C,QDII,2025-04-07,20,-11.976675,-17.294184,-11.983255,-13.684782,-0.57884,37.229166,-17.624012,-20.224947,65.0,0,3,0.0,0.0,17.294184,0.0,0.0,744,-17.294184,744,15.814507,-1.954852,1
012922,易方达全球成长精选混合(QDII)人民币C,QDII,2025-04-08,20,-10.105295,-15.181188,-12.420664,-12.320366,-0.729731,37.575677,-17.624012,-20.224947,60.0,2,0,0.0,0.0,15.181188,0.0,0.0,745,-15.181188,745,14.190613,-1.954852,1
012922,易方达全球成长精选混合(QDII)人民币C,QDII,2025-04-09,20,-6.684795,-12.333239,-9.71938,-8.132306,-0.794395,41.132114,-17.624012,-20.224947,60.0,3,0,0.0,0.0,12.333239,0.0,0.0,746,-12.333239,746,12.287518,-1.954852,1
012922,易方达全球成长精选混合(QDII)人民币C,QDII,2025-04-10,20,-6.695253,-11.728703,-8.125926,-7.199294,-0.839662,41.277857,-17.624012,-20.224947,55.0,4,0,0.0,0.0,11.728703,0.0,0.0,747,-11.728703,747,11.956785,-1.954852,1
012922,易方达全球成长精选混合(QDII)人民币C,QDII,2025-04-11,20,-2.569428,-8.350821,-5.759357,-4.828104,-0.864626,42.145497,-17.624012,-20.224947,50.0,5,0,0.0,0.0,8.350821,0.0,0.0,748,-8.350821,748,10.548756,-1.954852,1
012922,易方达全球成长精选混合(QDII)人民币C,QDII,2025-04-14,20,8.731102,-8.979737,-5.001484,-3.339915,-0.832967,41.737177,-17.624012,-20.224947,50.0,6,0,0.0,0.0,8.979737,0.0,0.0,749,-8.979737,749,8.272145,-1.954852,1
012922,易方达全球成长精选混合(QDII)人民币C,QDII,2025-04-15,20,8.628971,-8.490097,-3.474354,-2.22647,-0.774118,41.882043,-17.624012,-20.224947,50.0,7,0,0.0,0.0,8.490097,0.0,0.0,750,-8.490097,750,7.75735,-1.954852,1
012922,易方达全球成长精选混合(QDII)人民币C,QDII,2025-04-16,20,2.306945,-11.572098,-4.676069,-3.532707,-0.704905,41.613384,-17.247681,-20.224947,55.0,0,2,0.0,0.0,11.572098,0.0,0.0,751,-11.572098,751,9.755519,-0.999929,1
012922,易方达全球成长精选混合(QDII)人民币C,QDII,2025-04-17,20,2.717085,-10.458251,-4.790374,-2.206495,-0.61212,41.900129,-16.001998,-20.224947,50.0,2,0,0.0,0.0,10.458251,0.0,0.0,752,-10.458251,752,9.733124,-0.999929,1
012922,易方达全球成长精选混合(QDII)人民币C,QDII,2025-04-18,20,0.339518,-9.33866,-6.123957,-1.959574,-0.529877,41.75114,-15.013714,-20.224947,50.0,0,2,0.0,0.0,9.33866,0.0,0.0,753,-9.33866,753,9.836324,-0.999929,1
012922,易方达全球成长精选混合(QDII)人民币C,QDII,2025-04-21,20,-0.648336,-7.160584,-6.146694,-1.501981,-0.468534,41.232239,-15.013714,-20.224947,45.0,2,0,0.0,0.0,7.160584,0.0,0.0,754,-7.160584,754,9.615536,-0.999929,1
012922,易方达全球成长精选混合(QDII)人民币C,QDII,2025-04-22,20,-0.124118,-7.066551,-6.601378,0.08551,-0.359025,41.281965,-13.39463,-20.224947,45.0,3,0,0.0,0.0,7.066551,0.0,0.0,755,-7.066551,755,8.093204,-0.999929,1
012922,易方达全球成长精选混合(QDII)人民币C,QDII,2025-04-23,20,3.338872,-3.927915,-5.614973,1.742578,-0.247938,41.321417,-13.343637,-20.224947,40.0,4,0,0.0,0.0,3.927915,0.0,0.0,756,-3.927915,756,6.270577,-0.999929,1
012922,易方达全球成长精选混合(QDII)人民币C,QDII,2025-04-24,20,3.163265,-3.26783,-6.275405,2.5587,-0.121919,41.416952,-13.126245,-20.224947,35.0,5,0,0.0,0.0,3.26783,0.0,0.0,757,-3.26783,757,6.74884,-0.999929,1
012922,易方达全球成长精选混合(QDII)人民币C,QDII,2025-04-25,20,3.423041,-3.02516,-7.326188,2.723024,0.005559,41.417026,-11.976675,-20.224947,30.0,0,0,0.0,0.0,3.02516,0.0,0.0,758,-3.02516,758,6.604276,-0.999929,1
012922,易方达全球成长精选混合(QDII)人民币C,QDII,2025-04-28,20,3.545876,-1.540072,-6.42984,3.016982,0.119319,41.189755,-11.427067,-20.224947,25.0,2,0,0.0,0.0,1.540072,0.0,0.0,759,-1.540072,759,7.251329,-0.999929,1
012922,易方达全球成长精选混合(QDII)人民币C,QDII,2025-04-29,20,3.161165,0.61359,-6.200565,3.860154,0.226328,41.023497,-11.427067,-20.224947,20.0,3,0,0.0,0.61359,0.0,0.0,0.0,760,0.61359,760,5.390754,-0.999929,1
012922,易方达全球成长精选混合(QDII)人民币C,QDII,2025-04-30,20,2.013628,0.642042,0.015013,4.153964,0.341692,41.025675,-11.427067,-20.224947,20.0,4,0,0.0,0.642042,0.0,0.0,0.0,761,0.642042,761,6.679676,-0.999929,1
012922,易方达全球成长精选混合(QDII)人民币C,QDII,2025-05-06,20,3.773872,2.602874,-1.281123,6.472338,0.497301,41.822389,-9.423802,-20.224947,20.0,5,0,0.0,2.602874,0.0,0.0,0.0,762,2.602874,762,5.733558,-0.999929,1
012922,易方达全球成长精选混合(QDII)人民币C,QDII,2025-05-07,20,3.461919,4.608047,-2.788104,5.904664,0.60708,40.923714,-1.954852,-20.224947,20.0,0,2,0.0,4.608047,0.0,0.0,0.0,763,4.608047,763,6.449478,-0.999929,1
012922,易方达全球成长精选混合(QDII)人民币C,QDII,2025-05-08,20,3.538345,15.814507,-2.012072,5.436115,0.560525,19.207701,-1.954852,-20.224947,15.0,2,0,0.0,15.814507,0.0,0.0,0.0,764,15.814507,764,6.402171,-0.999929,1
012922,易方达全球成长精选混合(QDII)人民币C,QDII,2025-05-09,20,2.025297,14.190613,-3.681854,4.101128,0.495431,19.808289,-1.954852,-20.224947,20.0,0,2,0.0,14.190613,0.0,0.0,0.0,765,14.190613,765,7.947753,-0.999929,1
012922,易方达全球成长精选混合(QDII)人民币C,QDII,2025-05-12,20,4.112879,12.287518,-0.466384,5.94934,0.505859,16.504573,-1.954852,-20.224947,20.0,2,0,0.0,12.287518,0.0,0.0,0.0,766,12.287518,766,5.673299,-0.999929,1
012922,易方达全球成长精选混合(QDII)人民币C,QDII,2025-05-13,20,1.810983,11.956785,-1.622388,5.459019,0.506293,16.582828,-1.954852,-20.224947,20.0,3,0,0.0,11.956785,0.0,0.0,0.0,767,11.956785,767,6.373326,-0.999929,1
012922,易方达全球成长精选混合(QDII)人民币C,QDII,2025-05-14,20,2.963671,10.548756,0.430385,5.795678,0.533827,15.597369,-1.954852,-20.224947,20.0,4,0,0.0,10.548756,0.0,0.0,0.0,768,10.548756,768,6.363831,-0.999929,1
012922,易方达全球成长精选混合(QDII)人民币C,QDII,2025-05-15,20,1.650044,8.272145,-2.469744,4.320405,0.547776,16.314294,-1.954852,-20.224947,25.0,0,2,0.0,8.272145,0.0,0.0,0.0,769,8.272145,769,6.507467,-0.899115,1
012922,易方达全球成长精选混合(QDII)人民币C,QDII,2025-05-16,20,2.50904,7.75735,-3.360234,4.154248,0.563548,16.289126,-0.999929,-20.224947,25.0,2,0,0.0,7.75735,0.0,0.0,0.0,770,7.75735,770,7.8972,-0.899115,1
012922,易方达全球成长精选混合(QDII)人民币C,QDII,2025-05-19,20,0.0,9.755519,-3.572918,3.533205,0.535753,13.94338,-0.999929,-20.224947,25.0,0,2,0.0,9.755519,0.0,0.0,0.0,771,9.755519,771,7.410611,-0.899115,1
012922,易方达全球成长精选混合(QDII)人民币C,QDII,2025-05-20,20,0.676941,9.733124,-3.652653,3.858669,0.517735,13.937133,-0.999929,-20.224947,25.0,2,0,0.0,9.733124,0.0,0.0,0.0,772,9.733124,772,8.376252,-0.899115,1
012922,易方达全球成长精选混合(QDII)人民币C,QDII,2025-05-21,20,-0.307121,9.836324,-2.718149,3.215979,0.480014,13.876677,-0.999929,-20.224947,25.0,0,2,0.0,9.836324,0.0,0.0,0.0,773,9.836324,773,7.844963,-0.899115,1
012922,易方达全球成长精选混合(QDII)人民币C,QDII,2025-05-22,20,0.584373,9.615536,-5.535605,2.633565,0.428443,13.969211,-0.999929,-19.134615,30.0,0,3,0.0,9.615536,0.0,0.0,0.0,774,9.615536,774,7.488165,-1.089037,1
012922,易方达全球成长精选混合(QDII)人民币C,QDII,2025-05-23,20,0.187172,8.093204,-3.987582,2.058102,0.379542,13.841828,-0.999929,-19.134615,35.0,0,4,0.0,8.093204,0.0,0.0,0.0,775,8.093204,775,8.162679,-1.089037,1
012922,易方达全球成长精选混合(QDII)人民币C,QDII,2025-05-26,20,0.05767,6.270577,-2.937063,1.482018,0.337434,13.444892,-0.999929,-19.134615,40.0,0,5,0.0,6.270577,0.0,0.0,0.0,776,6.270577,776,10.576369,-1.089037,1
012922,易方达全球成长精选混合(QDII)人民币C,QDII,2025-05-27,20,0.357654,6.74884,-3.64011,2.247179,0.311582,13.681817,-0.999929,-17.658578,40.0,2,0,0.0,6.74884,0.0,0.0,0.0,777,6.74884,777,10.691376,-1.089037,1
012922,易方达全球成长精选混合(QDII)人民币C,QDII,2025-05-28,20,0.379711,6.604276,-1.642682,1.786772,0.274253,13.733562,-0.999929,-17.658578,45.0,0,2,0.0,6.604276,0.0,0.0,0.0,778,6.604276,778,11.590893,-1.089037,1
012922,易方达全球成长精选混合(QDII)人民币C,QDII,2025-05-29,20,1.312581,7.251329,2.229138,2.260222,0.242512,13.833367,-0.999929,-17.658578,45.0,2,0,0.0,7.251329,0.0,0.0,0.0,779,7.251329,779,11.136283,-1.089037,1
012922,易方达全球成长精选混合(QDII)人民币C,QDII,2025-05-30,20,0.582022,5.390754,2.609588,1.078809,0.200471,14.384042,-0.999929,-17.658578,50.0,0,2,0.0,5.390754,0.0,0.0,0.0,780,5.390754,780,13.380483,-1.089037,1
012922,易方达全球成长精选混合(QDII)人民币C,QDII,2025-06-03,20,2.40634,6.679676,4.101362,2.30978,0.177781,15.08232,-0.999929,-17.658578,50.0,2,0,0.0,6.679676,0.0,0.0,0.0,781,6.679676,781,10.517799,-1.089037,1
012922,易方达全球成长精选混合(QDII)人民币C,QDII,2025-06-04,20,2.786885,5.733558,3.161886,3.508419,0.202614,13.741497,-0.999929,-17.658578,50.0,3,0,0.0,5.733558,0.0,0.0,0.0,782,5.733558,782,9.167187,-1.089037,1
012922,易方达全球成长精选混合(QDII)人民币C,QDII,2025-06-05,20,3.311684,6.449478,1.230855,3.570036,0.219705,13.569292,-0.999929,-17.624012,45.0,4,0,0.0,6.449478,0.0,0.0,0.0,783,6.449478,783,10.83247,-1.089037,1
012922,易方达全球成长精选混合(QDII)人民币C,QDII,2025-06-06,20,2.718584,6.402171,1.917674,3.490089,0.235029,13.571825,-0.999929,-17.624012,45.0,5,0,0.0,6.402171,0.0,0.0,0.0,784,6.402171,784,11.096561,-1.089037,1
012922,易方达全球成长精选混合(QDII)人民币C,QDII,2025-06-09,20,4.500643,7.947753,4.552927,3.93966,0.243292,13.211716,-0.999929,-17.624012,40.0,6,0,0.0,7.947753,0.0,0.0,0.0,785,7.947753,785,9.228876,-1.089037,1
012922,易方达全球成长精选混合(QDII)人民币C,QDII,2025-06-10,20,3.130716,5.673299,4.023559,3.869509,0.279326,10.942702,-0.999929,-17.624012,40.0,7,0,0.0,5.673299,0.0,0.0,0.0,786,5.673299,786,11.051231,-1.089037,1
012922,易方达全球成长精选混合(QDII)人民币C,QDII,2025-06-11,20,2.427016,6.373326,5.12419,4.335972,0.319555,11.052551,-0.999929,-17.624012,40.0,8,0,0.0,6.373326,0.0,0.0,0.0,787,6.373326,787,11.150227,-1.089037,1
012922,易方达全球成长精选混合(QDII)人民币C,QDII,2025-06-12,20,2.880829,6.363831,7.764672,4.860686,0.375111,11.047018,-0.899115,-17.624012,40.0,9,0,0.0,6.363831,0.0,0.0,0.0,788,6.363831,788,9.535321,-1.089037,1
012922,易方达全球成长精选混合(QDII)人民币C,QDII,2025-06-13,20,1.750638,6.507467,4.962673,3.62327,0.392448,10.844903,-0.899115,-17.624012,40.0,0,2,0.0,6.507467,0.0,0.0,0.0,789,6.507467,789,9.997968,-1.090267,1
012922,易方达全球成长精选混合(QDII)人民币C,QDII,2025-06-16,20,2.461034,7.8972,6.395968,4.799097,0.425699,11.646309,-0.899115,-17.624012,40.0,2,0,0.0,7.8972,0.0,0.0,0.0,790,7.8972,790,9.080598,-1.090267,1
012922,易方达全球成长精选混合(QDII)人民币C,QDII,2025-06-17,20,1.644041,7.410611,4.246834,3.810688,0.436464,12.016874,-0.899115,-17.247681,40.0,0,2,0.0,7.410611,0.0,0.0,0.0,791,7.410611,791,12.899329,-1.090267,1
012922,易方达全球成长精选混合(QDII)人民币C,QDII,2025-06-18,20,2.572608,8.376252,6.487208,5.130589,0.472917,12.836982,-0.899115,-16.001998,40.0,2,0,0.0,8.376252,0.0,0.0,0.0,792,8.376252,792,11.121378,-1.090267,1
012922,易方达全球成长精选混合(QDII)人民币C,QDII,2025-06-19,20,1.081117,7.844963,7.391025,4.055273,0.484957,13.23338,-0.899115,-15.013714,40.0,0,2,0.0,7.844963,0.0,0.0,0.0,793,7.844963,793,14.349299,-1.090267,1
012922,易方达全球成长精选混合(QDII)人民币C,QDII,2025-06-20,20,1.510533,7.488165,9.386861,3.219674,0.47732,13.447992,-1.089037,-15.013714,40.0,0,3,0.0,7.488165,0.0,0.0,0.0,794,7.488165,794,14.446817,-1.090267,1
012922,易方达全球成长精选混合(QDII)人民币C,QDII,2025-06-23,20,0.43368,8.162679,8.65454,3.277108,0.462677,13.2946,-1.089037,-13.39463,35.0,2,0,0.0,8.162679,0.0,0.0,0.0,795,8.162679,795,14.429017,-1.090267,1
012922,易方达全球成长精选混合(QDII)人民币C,QDII,2025-06-24,20,3.006711,10.576369,12.894446,4.773445,0.460759,14.144218,-1.089037,-13.343637,30.0,3,0,0.0,10.576369,0.0,0.0,0.0,796,10.576369,796,10.6724,-1.387518,1
012922,易方达全球成长精选混合(QDII)人民币C,QDII,2025-06-25,20,2.501485,10.691376,14.300434,5.475847,0.477562,14.205495,-1.089037,-13.126245,30.0,4,0,0.0,10.691376,0.0,0.0,0.0,797,10.691376,797,9.871217,-1.387518,1
012922,易方达全球成长精选混合(QDII)人民币C,QDII,2025-06-26,20,3.866339,11.590893,15.361912,5.606571,0.486857,14.004877,-1.089037,-11.976675,25.0,5,0,0.0,11.590893,0.0,0.0,0.0,798,11.590893,798,9.747362,-1.387518,1
012922,易方达全球成长精选混合(QDII)人民币C,QDII,2025-06-27,20,4.751101,11.136283,17.35945,5.471794,0.497868,13.979561,-1.089037,-11.427067,25.0,6,0,0.0,11.136283,0.0,0.0,0.0,799,11.136283,799,9.912091,-1.387518,1
012922,易方达全球成长精选混合(QDII)人民币C,QDII,2025-06-30,20,5.434133,13.380483,20.22574,5.967384,0.495574,13.033234,-1.089037,-11.427067,20.0,7,0,0.0,13.380483,0.0,0.0,0.0,800,13.380483,800,10.635751,-1.387518,1
012922,易方达全球成长精选混合(QDII)人民币C,QDII,2025-07-01,20,2.352098,10.517799,18.656998,4.364868,0.482498,13.812942,-1.089037,-11.427067,25.0,0,2,0.0,10.517799,0.0,0.0,0.0,801,10.517799,801,14.354828,-1.387518,1
012922,易方达全球成长精选混合(QDII)人民币C,QDII,2025-07-02,20,1.371539,9.167187,18.430753,4.133456,0.479781,13.374412,-1.089037,-9.423802,25.0,2,0,0.0,9.167187,0.0,0.0,0.0,802,9.167187,802,14.336531,-1.387518,1
012922,易方达全球成长精选混合(QDII)人民币C,QDII,2025-07-03,20,2.60953,10.83247,23.417186,5.570362,0.497433,14.340009,-1.089037,-1.954852,25.0,3,0,0.0,10.83247,0.0,0.0,0.0,803,10.83247,803,12.597395,-1.387518,1
012922,易方达全球成长精选混合(QDII)人民币C,QDII,2025-07-04,20,2.68187,11.096561,36.903346,5.511553,0.51002,14.302164,-1.089037,-1.954852,25.0,4,0,0.0,11.096561,0.0,0.0,0.0,804,11.096561,804,9.169303,-2.585252,1
012922,易方达全球成长精选混合(QDII)人民币C,QDII,2025-07-07,20,0.674186,9.228876,34.642285,4.128515,0.506258,15.091851,-1.089037,-1.954852,30.0,0,2,0.0,9.228876,0.0,0.0,0.0,805,9.228876,805,12.229315,-2.585252,1
012922,易方达全球成长精选混合(QDII)人民币C,QDII,2025-07-08,20,3.628493,11.051231,31.771086,5.533046,0.519977,15.892633,-1.089037,-1.954852,30.0,2,0,0.0,11.051231,0.0,0.0,0.0,806,11.051231,806,10.117329,-2.585252,1
012922,易方达全球成长精选混合(QDII)人民币C,QDII,2025-07-09,20,4.28762,11.150227,32.371201,5.868963,0.542005,15.913345,-1.089037,-1.954852,30.0,3,0,0.0,11.150227,0.0,0.0,0.0,807,11.150227,807,9.818492,-2.585252,1
012922,易方达全球成长精选混合(QDII)人民币C,QDII,2025-07-10,20,1.676744,9.535321,28.795894,4.70606,0.550858,16.407831,-1.089037,-1.954852,35.0,0,2,0.0,9.535321,0.0,0.0,0.0,808,9.535321,808,10.844777,-2.585252,1
012922,易方达全球成长精选混合(QDII)人民币C,QDII,2025-07-11,20,0.744463,9.997968,26.847368,3.746011,0.526212,16.02121,-1.090267,-1.954852,35.0,0,3,0.0,9.997968,0.0,0.0,0.0,809,9.997968,809,12.180553,-2.585252,1
012922,易方达全球成长精选混合(QDII)人民币C,QDII,2025-07-14,20,2.321943,9.080598,26.824917,3.996641,0.520457,15.566514,-1.090267,-1.090267,35.0,2,0,0.0,9.080598,0.0,0.0,0.0,810,9.080598,810,11.817237,-2.585252,1
012922,易方达全球成长精选混合(QDII)人民币C,QDII,2025-07-15,20,3.335586,12.899329,33.095973,6.355268,0.534836,17.323419,-1.090267,-1.090267,30.0,3,0,0.0,12.899329,0.0,0.0,0.0,811,12.899329,811,11.140174,-2.585252,1
012922,易方达全球成长精选混合(QDII)人民币C,QDII,2025-07-16,20,2.545986,11.121378,32.150706,5.8798,0.557456,16.939292,-1.090267,-1.090267,30.0,4,0,0.0,11.121378,0.0,0.0,0.0,812,11.121378,812,13.684961,-2.585252,1
012922,易方达全球成长精选混合(QDII)人民币C,QDII,2025-07-17,20,5.523541,14.349299,35.45011,7.520434,0.587126,17.363425,-1.090267,-1.090267,25.0,5,0,0.0,14.349299,0.0,0.0,0.0,813,14.349299,813,8.725963,-2.585252,1
012922,易方达全球成长精选混合(QDII)人民币C,QDII,2025-07-18,20,5.616109,14.446817,34.845507,6.413605,0.584176,17.293041,-1.090267,-1.090267,25.0,0,2,0.0,14.446817,0.0,0.0,0.0,814,14.446817,814,9.678736,-2.585252,1
012922,易方达全球成长精选混合(QDII)人民币C,QDII,2025-07-21,20,5.358126,14.429017,33.786408,6.15744,0.574224,17.295951,-1.090267,-1.090267,25.0,2,0,0.0,14.429017,0.0,0.0,0.0,815,14.429017,815,10.525399,-2.585252,1
012922,易方达全球成长精选混合(QDII)人民币C,QDII,2025-07-22,20,0.974914,10.6724,30.051298,4.158746,0.552925,18.079053,-1.387518,-1.387518,30.0,0,2,0.0,10.6724,0.0,0.0,0.0,816,10.6724,816,11.0856,-2.585252,1
012922,易方达全球成长精选混合(QDII)人民币C,QDII,2025-07-23,20,1.348301,9.871217,29.825763,4.141427,0.541229,17.90439,-1.387518,-1.387518,30.0,2,0,0.0,9.871217,0.0,0.0,0.0,817,9.871217,817,9.658325,-2.585252,1
012922,易方达全球成长精选混合(QDII)人民币C,QDII,2025-07-24,20,-0.313716,9.747362,30.55619,4.242542,0.534056,17.892246,-1.387518,-1.387518,30.0,3,0,0.0,9.747362,0.0,0.0,0.0,818,9.747362,818,8.281368,-2.92581,1
012922,易方达全球成长精选混合(QDII)人民币C,QDII,2025-07-25,20,0.600548,9.912091,31.009871,4.326584,0.527261,17.892514,-1.387518,-1.387518,30.0,4,0,0.0,9.912091,0.0,0.0,0.0,819,9.912091,819,10.925003,-2.92581,1
012922,易方达全球成长精选混合(QDII)人民币C,QDII,2025-07-28,20,1.939042,10.635751,32.201476,5.631706,0.548891,18.349791,-1.387518,-1.387518,30.0,5,0,0.0,10.635751,0.0,0.0,0.0,820,10.635751,820,11.657839,-2.92581,1
012922,易方达全球成长精选混合(QDII)人民币C,QDII,2025-07-29,20,5.757683,14.354828,34.824377,7.340042,0.573457,18.461915,-1.387518,-1.387518,25.0,6,0,0.0,14.354828,0.0,0.0,0.0,821,14.354828,821,8.717435,-2.92581,1
012922,易方达全球成长精选混合(QDII)人民币C,QDII,2025-07-30,20,5.491414,14.336531,31.974485,6.834753,0.583802,18.467334,-1.387518,-1.387518,25.0,7,0,0.0,14.336531,0.0,0.0,0.0,822,14.336531,822,8.883333,-2.92581,1
012922,易方达全球成长精选混合(QDII)人民币C,QDII,2025-07-31,20,5.2742,12.597395,32.843065,6.575415,0.607741,17.91259,-1.387518,-1.387518,25.0,8,0,0.0,12.597395,0.0,0.0,0.0,823,12.597395,823,12.987157,-2.92581,1
012922,易方达全球成长精选混合(QDII)人民币C,QDII,2025-08-01,20,1.987945,9.169303,29.048108,3.36948,0.582409,21.191769,-2.585252,-2.585252,30.0,0,2,0.0,9.169303,0.0,0.0,0.0,824,9.169303,824,14.940047,-2.92581,1
012922,易方达全球成长精选混合(QDII)人民币C,QDII,2025-08-04,20,2.124267,12.229315,32.329717,4.736261,0.55849,21.186517,-2.585252,-2.585252,25.0,2,0,0.0,12.229315,0.0,0.0,0.0,825,12.229315,825,15.151684,-2.92581,1
012922,易方达全球成长精选混合(QDII)人民币C,QDII,2025-08-05,20,-0.211534,10.117329,29.224337,4.20003,0.545366,20.717855,-2.585252,-2.585252,30.0,0,2,0.0,10.117329,0.0,0.0,0.0,826,10.117329,826,12.211313,-2.92581,1
012922,易方达全球成长精选混合(QDII)人民币C,QDII,2025-08-06,20,0.166667,9.818492,29.843007,4.315829,0.539386,20.677035,-2.585252,-2.585252,30.0,2,0,0.0,9.818492,0.0,0.0,0.0,827,9.818492,827,13.605103,-2.92581,1
012922,易方达全球成长精选混合(QDII)人民币C,QDII,2025-08-07,20,0.09411,10.844777,29.140776,4.078285,0.513827,20.266766,-2.585252,-2.585252,25.0,3,0,0.0,10.844777,0.0,0.0,0.0,828,10.844777,828,10.170898,-3.530437,1
012922,易方达全球成长精选混合(QDII)人民币C,QDII,2025-08-08,20,3.523328,12.180553,31.426304,4.267546,0.477532,19.949036,-2.585252,-2.585252,20.0,4,0,0.0,12.180553,0.0,0.0,0.0,829,12.180553,829,13.953999,-3.530437,1
012922,易方达全球成长精选混合(QDII)人民币C,QDII,2025-08-11,20,1.946241,11.817237,31.603196,4.058515,0.439863,19.962328,-2.585252,-2.585252,20.0,5,0,0.0,11.817237,0.0,0.0,0.0,830,11.817237,830,12.679832,-3.530437,1
012922,易方达全球成长精选混合(QDII)人民币C,QDII,2025-08-12,20,4.295437,11.140174,34.775087,5.856175,0.462076,19.103689,-2.585252,-2.585252,20.0,6,0,0.0,11.140174,0.0,0.0,0.0,831,11.140174,831,10.109114,-3.530437,1
012922,易方达全球成长精选混合(QDII)人民币C,QDII,2025-08-13,20,6.156406,13.684961,36.909871,7.667816,0.504541,20.089133,-2.585252,-2.585252,20.0,7,0,0.0,13.684961,0.0,0.0,0.0,832,13.684961,832,11.185998,-3.530437,1
012922,易方达全球成长精选混合(QDII)人民币C,QDII,2025-08-14,20,3.506443,8.725963,34.080814,4.834192,0.527613,21.593573,-2.585252,-2.585252,25.0,0,2,0.0,8.725963,0.0,0.0,0.0,833,8.725963,833,16.179535,-3.530437,1
012922,易方达全球成长精选混合(QDII)人民币C,QDII,2025-08-15,20,3.260691,9.678736,34.923253,4.884304,0.539844,21.392368,-2.585252,-2.585252,20.0,2,0,0.0,9.678736,0.0,0.0,0.0,834,9.678736,834,15.544097,-3.530437,1
012922,易方达全球成长精选混合(QDII)人民币C,QDII,2025-08-18,20,4.140911,10.525399,36.796723,5.616164,0.562352,21.549492,-2.585252,-2.585252,20.0,3,0,0.0,10.525399,0.0,0.0,0.0,835,10.525399,835,14.665406,-3.530437,1
012922,易方达全球成长精选混合(QDII)人民币C,QDII,2025-08-19,20,0.925332,11.0856,35.943804,4.134703,0.535326,21.032476,-2.585252,-2.585252,20.0,0,2,0.0,11.0856,0.0,0.0,0.0,836,11.0856,836,16.026287,-3.530437,1
012922,易方达全球成长精选混合(QDII)人民币C,QDII,2025-08-20,20,-2.241379,9.658325,33.36422,2.795267,0.48763,21.590839,-2.585252,-2.585252,25.0,0,3,0.0,9.658325,0.0,0.0,0.0,837,9.658325,837,17.118273,-3.530437,1
012922,易方达全球成长精选混合(QDII)人民币C,QDII,2025-08-21,20,-0.721347,8.281368,32.610092,1.678683,0.425129,21.98139,-2.92581,-2.92581,30.0,0,4,0.0,8.281368,0.0,0.0,0.0,838,8.281368,838,19.294941,-3.530437,1
012922,易方达全球成长精选混合(QDII)人民币C,QDII,2025-08-22,20,1.743661,10.925003,35.497345,4.200354,0.402664,23.845815,-2.92581,-2.92581,30.0,2,0,0.0,10.925003,0.0,0.0,0.0,839,10.925003,839,15.753174,-3.530437,1
012922,易方达全球成长精选混合(QDII)人民币C,QDII,2025-08-25,20,2.983507,11.657839,40.062866,6.151376,0.427109,24.420981,-2.92581,-2.92581,30.0,3,0,0.0,11.657839,0.0,0.0,0.0,840,11.657839,840,14.867898,-3.530437,1
012922,易方达全球成长精选混合(QDII)人民币C,QDII,2025-08-26,20,3.5031,8.717435,37.399747,5.29352,0.463897,23.734291,-2.92581,-2.92581,35.0,0,2,0.0,8.717435,0.0,0.0,0.0,841,8.717435,841,15.00768,-3.530437,1
012922,易方达全球成长精选混合(QDII)人民币C,QDII,2025-08-27,20,4.745871,8.883333,35.90597,5.212018,0.496033,23.720929,-2.92581,-2.92581,35.0,2,0,0.0,8.883333,0.0,0.0,0.0,842,8.883333,842,13.929282,-3.530437,1
012922,易方达全球成长精选混合(QDII)人民币C,QDII,2025-08-28,20,9.8493,12.987157,41.001727,8.880045,0.581211,27.106684,-2.92581,-2.92581,35.0,3,0,0.0,12.987157,0.0,0.0,0.0,843,12.987157,843,9.167075,-3.530437,1
012922,易方达全球成长精选混合(QDII)人民币C,QDII,2025-08-29,20,5.679503,14.940047,39.403129,7.147114,0.593156,25.041197,-2.92581,-2.92581,35.0,0,2,0.0,14.940047,0.0,0.0,0.0,844,14.940047,844,9.388905,-3.530437,1
012922,易方达全球成长精选混合(QDII)人民币C,QDII,2025-09-01,20,5.3198,15.151684,41.160788,8.606353,0.643606,25.168333,-2.92581,-2.92581,35.0,2,0,0.0,15.151684,0.0,0.0,0.0,845,15.151684,845,8.8721,-3.530437,1
012922,易方达全球成长精选混合(QDII)人民币C,QDII,2025-09-02,20,2.995392,12.211313,37.219456,5.192146,0.632542,27.68652,-2.92581,-2.92581,35.0,0,2,0.0,12.211313,0.0,0.0,0.0,846,12.211313,846,12.950534,-2.748621,1
012922,易方达全球成长精选混合(QDII)人民币C,QDII,2025-09-03,20,4.510434,13.605103,38.670368,6.433946,0.639923,28.032384,-2.92581,-2.92581,35.0,2,0,0.0,13.605103,0.0,0.0,0.0,847,13.605103,847,14.065322,-2.748621,1
012922,易方达全球成长精选混合(QDII)人民币C,QDII,2025-09-04,20,-2.400784,10.170898,33.763094,3.016277,0.591732,30.520413,-3.530437,-3.530437,40.0,0,2,0.0,10.170898,0.0,0.0,0.0,848,10.170898,848,12.003012,-4.506934,1
012922,易方达全球成长精选混合(QDII)人民币C,QDII,2025-09-05,20,2.635222,13.953999,40.615051,6.654131,0.60142,33.244238,-3.530437,-3.530437,40.0,2,0,0.0,13.953999,0.0,0.0,0.0,849,13.953999,849,10.154632,-4.506934,1
012922,易方达全球成长精选混合(QDII)人民币C,QDII,2025-09-08,20,-0.242142,12.679832,37.436616,5.205633,0.585295,33.625969,-3.530437,-3.530437,45.0,0,2,0.0,12.679832,0.0,0.0,0.0,850,12.679832,850,7.534346,-5.191748,1
012922,易方达全球成长精选混合(QDII)人民币C,QDII,2025-09-09,20,2.341536,10.109114,38.161074,4.63423,0.584624,33.123427,-3.530437,-3.530437,50.0,0,3,0.0,10.109114,0.0,0.0,0.0,851,10.109114,851,10.118527,-5.191748,1
012922,易方达全球成长精选混合(QDII)人民币C,QDII,2025-09-10,20,3.895914,11.185998,40.459376,7.581403,0.654853,34.051466,-3.530437,-3.530437,50.0,2,0,0.0,11.185998,0.0,0.0,0.0,852,11.185998,852,7.081434,-5.191748,1
012922,易方达全球成长精选混合(QDII)人民币C,QDII,2025-09-11,20,9.151606,16.179535,44.442968,9.082061,0.706007,32.853939,-3.530437,-3.530437,45.0,3,0,0.0,16.179535,0.0,0.0,0.0,853,16.179535,853,2.911282,-5.191748,1
012922,易方达全球成长精选混合(QDII)人民币C,QDII,2025-09-12,20,4.701575,15.544097,45.035366,8.247962,0.740889,32.969363,-3.530437,-3.530437,50.0,0,2,0.0,15.544097,0.0,0.0,0.0,854,15.544097,854,4.297216,-5.191748,1
012922,易方达全球成长精选混合(QDII)人民币C,QDII,2025-09-15,20,5.976018,14.665406,45.020926,7.970423,0.778212,32.939682,-3.530437,-3.530437,50.0,2,0,0.0,14.665406,0.0,0.0,0.0,855,14.665406,855,4.24645,-5.191748,1
012922,易方达全球成长精选混合(QDII)人民币C,QDII,2025-09-16,20,6.348975,16.026287,42.643993,7.478264,0.785266,32.445378,-3.530437,-3.530437,45.0,3,0,0.0,16.026287,0.0,0.0,0.0,856,16.026287,856,2.914173,-5.191748,1
012922,易方达全球成长精选混合(QDII)人民币C,QDII,2025-09-17,20,2.974484,17.118273,41.107534,6.742134,0.75903,31.99988,-3.530437,-3.530437,40.0,4,0,0.0,17.118273,0.0,0.0,0.0,857,17.118273,857,4.430957,-5.191748,1
012922,易方达全球成长精选混合(QDII)人民币C,QDII,2025-09-18,20,1.940855,19.294941,41.76527,7.030243,0.716593,31.509764,-3.530437,-3.530437,35.0,5,0,0.0,19.294941,0.0,0.0,0.0,858,19.294941,858,6.983984,-5.191748,1
012922,易方达全球成长精选混合(QDII)人民币C,QDII,2025-09-19,20,1.927766,15.753174,41.126258,6.204024,0.691522,30.659842,-3.530437,-3.530437,40.0,0,2,0.0,15.753174,0.0,0.0,0.0,859,15.753174,859,8.716259,-5.191748,1
012922,易方达全球成长精选混合(QDII)人民币C,QDII,2025-09-22,20,3.165369,14.867898,41.900321,7.214267,0.705447,30.210464,-3.530437,-3.530437,40.0,2,0,0.0,14.867898,0.0,0.0,0.0,860,14.867898,860,7.490786,-5.191748,1
012922,易方达全球成长精选混合(QDII)人民币C,QDII,2025-09-23,20,2.594437,15.00768,42.98173,6.187787,0.688705,30.154929,-3.530437,-3.530437,40.0,0,2,0.0,15.00768,0.0,0.0,0.0,861,15.00768,861,11.121499,-5.191748,1
012922,易方达全球成长精选混合(QDII)人民币C,QDII,2025-09-24,20,1.893767,13.929282,41.834466,4.886876,0.648067,30.489248,-3.530437,-3.530437,45.0,0,3,0.0,13.929282,0.0,0.0,0.0,862,13.929282,862,10.703569,-5.191748,1
012922,易方达全球成长精选混合(QDII)人民币C,QDII,2025-09-25,20,0.523348,9.167075,38.883002,4.203496,0.646648,27.714252,-3.530437,-3.530437,50.0,0,4,0.0,9.167075,0.0,0.0,0.0,863,9.167075,863,9.267986,-5.191748,1
012922,易方达全球成长精选混合(QDII)人民币C,QDII,2025-09-26,20,-0.130902,9.388905,37.260376,3.016462,0.608197,27.592583,-3.530437,-3.530437,50.0,0,5,0.0,9.388905,0.0,0.0,0.0,864,9.388905,864,11.150282,-5.191748,1
012922,易方达全球成长精选混合(QDII)人民币C,QDII,2025-09-29,20,-0.177612,8.8721,40.699712,4.229499,0.611477,27.266466,-2.748621,-3.530437,50.0,2,0,0.0,8.8721,0.0,0.0,0.0,865,8.8721,865,6.556648,-5.191748,1
012922,易方达全球成长精选混合(QDII)人民币C,QDII,2025-09-30,20,1.15311,12.950534,39.566312,4.705286,0.577817,24.866474,-2.748621,-3.530437,45.0,3,0,0.0,12.950534,0.0,0.0,0.0,866,12.950534,866,7.5,-5.191748,1
012922,易方达全球成长精选混合(QDII)人民币C,QDII,2025-10-09,20,4.635228,14.065322,42.307224,6.963084,0.595,25.753671,-1.758359,-3.530437,45.0,4,0,0.0,14.065322,0.0,0.0,0.0,867,14.065322,867,4.451293,-5.191748,1
012922,易方达全球成长精选混合(QDII)人民币C,QDII,2025-10-10,20,0.134644,12.003012,36.776606,1.586333,0.483946,29.35601,-4.506934,-4.506934,45.0,0,2,0.0,12.003012,0.0,0.0,0.0,868,12.003012,868,8.829725,-4.022597,1
012922,易方达全球成长精选混合(QDII)人民币C,QDII,2025-10-13,20,3.353672,10.154632,40.815321,3.620627,0.454065,27.084479,-4.506934,-4.506934,45.0,2,0,0.0,10.154632,0.0,0.0,0.0,869,10.154632,869,8.558184,-4.022597,1
012922,易方达全球成长精选混合(QDII)人民币C,QDII,2025-10-14,20,-1.467906,7.534346,35.488409,0.024384,0.35309,29.719521,-5.191748,-5.191748,45.0,0,2,0.0,7.534346,0.0,0.0,0.0,870,7.534346,870,10.41488,-4.022597,1
012922,易方达全球成长精选混合(QDII)人民币C,QDII,2025-10-15,20,-0.224472,10.118527,34.758055,1.884291,0.274367,30.457423,-5.191748,-5.191748,40.0,2,0,0.0,10.118527,0.0,0.0,0.0,871,10.118527,871,8.182981,-4.022597,1
012922,易方达全球成长精选混合(QDII)人民币C,QDII,2025-10-16,20,-2.465331,7.081434,35.352815,2.073451,0.239368,28.506396,-5.191748,-5.191748,40.0,3,0,0.0,7.081434,0.0,0.0,0.0,872,7.081434,872,5.454625,-4.022597,1
012922,易方达全球成长精选混合(QDII)人民币C,QDII,2025-10-17,20,0.291336,2.911282,29.994771,0.086104,0.201171,28.648927,-5.191748,-5.191748,45.0,0,2,0.0,2.911282,0.0,0.0,0.0,873,2.911282,873,6.3729,-4.635602,1
012922,易方达全球成长精选混合(QDII)人民币C,QDII,2025-10-20,20,-0.865877,4.297216,32.173051,1.185309,0.176842,28.923994,-5.191748,-5.191748,40.0,2,0,0.0,4.297216,0.0,0.0,0.0,874,4.297216,874,4.803917,-4.811892,1
012922,易方达全球成长精选混合(QDII)人民币C,QDII,2025-10-21,20,2.735768,4.24645,32.11611,1.368386,0.158643,28.919794,-5.191748,-5.191748,40.0,3,0,0.0,4.24645,0.0,0.0,0.0,875,4.24645,875,2.825504,-6.246244,1
012922,易方达全球成长精选混合(QDII)人民币C,QDII,2025-10-22,20,-0.608761,2.914173,32.644531,0.219289,0.124472,29.237976,-5.191748,-5.191748,45.0,0,2,0.0,2.914173,0.0,0.0,0.0,876,2.914173,876,5.050819,-6.246244,1
012922,易方达全球成长精选混合(QDII)人民币C,QDII,2025-10-23,20,0.425663,4.430957,34.120612,1.57455,0.109991,29.660991,-5.191748,-5.191748,45.0,2,0,0.0,4.430957,0.0,0.0,0.0,877,4.430957,877,1.088049,-7.311992,0
012922,易方达全球成长精选混合(QDII)人民币C,QDII,2025-10-24,20,5.975152,6.983984,38.195699,4.889274,0.158842,31.884325,-5.191748,-5.191748,45.0,3,0,0.0,6.983984,0.0,0.0,0.0,878,6.983984,878,-3.985156,-8.778397,0
012922,易方达全球成长精选混合(QDII)人民币C,QDII,2025-10-27,20,6.246416,8.716259,39.59082,6.081694,0.219574,32.12692,-5.191748,-5.191748,40.0,4,0,0.0,8.716259,0.0,0.0,0.0,879,8.716259,879,-2.864854,-8.778397,0
012922,易方达全球成长精选混合(QDII)人民币C,QDII,2025-10-28,20,6.37606,7.490786,37.866621,6.228786,0.300339,31.806482,-5.191748,-5.191748,40.0,5,0,0.0,7.490786,0.0,0.0,0.0,880,7.490786,880,-2.470258,-8.778397,0
012922,易方达全球成长精选混合(QDII)人民币C,QDII,2025-10-29,20,10.776264,11.121499,38.938989,8.927289,0.41145,33.117751,-5.191748,-5.191748,35.0,6,0,0.0,11.121499,0.0,0.0,0.0,881,11.121499,881,-3.726111,-8.778397,0
012922,易方达全球成长精选混合(QDII)人民币C,QDII,2025-10-30,20,8.013983,10.703569,37.327778,7.320165,0.481236,33.314033,-5.191748,-5.191748,35.0,0,2,0.0,10.703569,0.0,0.0,0.0,882,10.703569,882,-3.098831,-8.282307,0
012922,易方达全球成长精选混合(QDII)人民币C,QDII,2025-10-31,20,2.669422,9.267986,34.776351,5.229035,0.508847,34.007632,-5.191748,-5.191748,35.0,0,3,0.0,9.267986,0.0,0.0,0.0,883,9.267986,883,-0.607903,-8.282307,0
012922,易方达全球成长精选混合(QDII)人民币C,QDII,2025-11-03,20,2.105045,11.150282,39.751094,5.728615,0.526918,33.770862,-5.191748,-5.191748,30.0,2,0,0.0,11.150282,0.0,0.0,0.0,884,11.150282,884,-1.793266,-8.282307,0
012922,易方达全球成长精选混合(QDII)人民币C,QDII,2025-11-04,20,-1.045109,6.556648,33.587999,2.664652,0.515148,35.282703,-5.191748,-5.191748,35.0,0,2,0.0,6.556648,0.0,0.0,0.0,885,6.556648,885,0.964308,-8.282307,0
012922,易方达全球成长精选混合(QDII)人民币C,QDII,2025-11-05,20,-2.143515,7.5,36.249024,4.293837,0.538464,35.666226,-5.191748,-5.191748,35.0,2,0,0.0,7.5,0.0,0.0,0.0,886,7.5,886,-1.310187,-8.282307,0
012922,易方达全球成长精选混合(QDII)人民币C,QDII,2025-11-06,20,-1.274323,4.451293,35.352191,3.977555,0.593596,34.494267,-4.022597,-5.191748,40.0,0,2,0.0,4.451293,0.0,0.0,0.0,887,4.451293,887,-0.864612,-8.282307,0
012922,易方达全球成长精选混合(QDII)人民币C,QDII,2025-11-07,20,-0.266984,8.829725,34.290139,3.021136,0.56257,29.793468,-4.022597,-5.191748,40.0,0,3,0.0,8.829725,0.0,0.0,0.0,888,8.829725,888,0.308883,-8.282307,0
012922,易方达全球成长精选混合(QDII)人民币C,QDII,2025-11-10,20,0.943396,8.558184,36.268321,4.88955,0.58917,29.572947,-4.022597,-5.191748,40.0,2,0,0.0,8.558184,0.0,0.0,0.0,889,8.558184,889,-0.028199,-8.282307,0
012922,易方达全球成长精选混合(QDII)人民币C,QDII,2025-11-11,20,2.09977,10.41488,33.78918,2.841837,0.533201,27.435967,-4.022597,-5.191748,40.0,0,2,0.0,10.41488,0.0,0.0,0.0,890,10.41488,890,2.947911,-7.160333,1
012922,易方达全球成长精选混合(QDII)人民币C,QDII,2025-11-12,20,0.409433,8.182981,31.172443,2.718755,0.501902,26.577343,-4.022597,-5.191748,40.0,2,0,0.0,8.182981,0.0,0.0,0.0,891,8.182981,891,3.731039,-7.160333,1
012922,易方达全球成长精选混合(QDII)人民币C,QDII,2025-11-13,20,-1.528438,5.454625,25.553814,0.392488,0.43822,27.918229,-4.022597,-5.191748,45.0,0,2,0.0,5.454625,0.0,0.0,0.0,892,5.454625,892,4.723066,-5.255711,1
012922,易方达全球成长精选混合(QDII)人民币C,QDII,2025-11-14,20,-1.972736,6.3729,27.181405,-0.859493,0.326218,27.226276,-4.635602,-5.191748,45.0,0,3,0.0,6.3729,0.0,0.0,0.0,893,6.3729,893,2.558609,-4.344173,1
012922,易方达全球成长精选混合(QDII)人民币C,QDII,2025-11-17,20,-4.294231,4.803917,26.298442,-1.266686,0.222732,27.02435,-4.811892,-5.191748,50.0,0,4,0.0,4.803917,0.0,0.0,0.0,894,4.803917,894,1.439515,-5.263572,0
012922,易方达全球成长精选混合(QDII)人民币C,QDII,2025-11-18,20,-4.325783,2.825504,22.912071,-2.884214,0.097568,27.722666,-6.246244,-6.246244,55.0,0,5,0.0,2.825504,0.0,0.0,0.0,895,2.825504,895,1.188034,-6.922442,0
012922,易方达全球成长精选混合(QDII)人民币C,QDII,2025-11-19,20,-3.486381,5.050819,25.43855,-1.999226,-0.030101,27.58996,-6.246244,-6.246244,50.0,2,0,0.0,5.050819,0.0,0.0,0.0,896,5.050819,896,0.523892,-6.922442,0
012922,易方达全球成长精选混合(QDII)人民币C,QDII,2025-11-20,20,-3.732679,1.088049,23.638501,-4.263728,-0.173038,28.513408,-7.311992,-7.311992,55.0,0,2,0.0,1.088049,0.0,0.0,0.0,897,1.088049,897,3.237659,-6.922442,1
012922,易方达全球成长精选混合(QDII)人民币C,QDII,2025-11-21,20,-4.344173,-3.985156,22.540366,-5.59376,-0.285634,25.772586,-8.778397,-8.778397,60.0,0,3,0.0,0.0,3.985156,0.0,0.0,898,-3.985156,898,6.78584,-6.922442,1
012922,易方达全球成长精选混合(QDII)人民币C,QDII,2025-11-24,20,-1.527906,-2.864854,22.237316,-2.854972,-0.330976,27.152012,-8.778397,-8.778397,60.0,2,0,0.0,0.0,2.864854,0.0,0.0,899,-2.864854,899,6.364608,-6.922442,1
012922,易方达全球成长精选混合(QDII)人民币C,QDII,2025-11-25,20,0.897436,-2.470258,20.42232,-1.840338,-0.351219,27.318246,-8.778397,-8.778397,60.0,3,0,0.0,0.0,2.470258,0.0,0.0,900,-2.470258,900,5.768742,-6.922442,1
012922,易方达全球成长精选混合(QDII)人民币C,QDII,2025-11-26,20,1.520977,-3.726111,23.036354,0.095184,-0.293694,25.599516,-8.282307,-8.778397,60.0,4,0,0.0,0.0,3.726111,0.0,0.0,901,-3.726111,901,4.727621,-6.922442,1
012922,易方达全球成长精选混合(QDII)人民币C,QDII,2025-11-27,20,3.540244,-3.098831,22.215419,-0.061958,-0.25037,25.4393,-8.282307,-8.778397,60.0,0,2,0.0,0.0,3.098831,0.0,0.0,902,-3.098831,902,5.005636,-6.922442,1
012922,易方达全球成长精选混合(QDII)人民币C,QDII,2025-11-28,20,6.280745,-0.607903,18.55953,0.991425,-0.211806,25.225519,-8.282307,-8.778397,55.0,2,0,0.0,0.0,0.607903,0.0,0.0,903,-0.607903,903,3.492024,-6.922442,1
012922,易方达全球成长精选混合(QDII)人民币C,QDII,2025-12-01,20,3.23146,-1.793266,19.405715,0.888113,-0.158973,24.934565,-8.282307,-8.778397,60.0,0,2,0.0,0.0,1.793266,0.0,0.0,904,-1.793266,904,3.122024,-6.922442,1
012922,易方达全球成长精选混合(QDII)人民币C,QDII,2025-12-02,20,2.439644,0.964308,17.129159,0.985597,-0.143033,23.103511,-8.282307,-8.778397,55.0,2,0,0.0,0.964308,0.0,0.0,0.0,905,0.964308,905,3.080294,-6.922442,1
012922,易方达全球成长精选混合(QDII)人民币C,QDII,2025-12-03,20,0.312123,-1.310187,19.830972,0.710497,-0.10266,22.011243,-8.282307,-8.778397,60.0,0,2,0.0,0.0,1.310187,0.0,0.0,906,-1.310187,906,2.211251,-6.922442,1
012922,易方达全球成长精选混合(QDII)人民币C,QDII,2025-12-04,20,1.001962,-0.864612,18.112581,1.12693,-0.056213,22.062614,-8.282307,-8.778397,55.0,2,0,0.0,0.0,0.864612,0.0,0.0,907,-0.864612,907,3.873021,-6.922442,1
012922,易方达全球成长精选混合(QDII)人民币C,QDII,2025-12-05,20,0.652947,0.308883,22.269076,1.792315,-0.006778,22.126015,-8.282307,-8.778397,50.0,3,0,0.0,0.308883,0.0,0.0,0.0,908,0.308883,908,5.550994,-6.922442,1
012922,易方达全球成长精选混合(QDII)人民币C,QDII,2025-12-08,20,2.75765,-0.028199,19.548148,3.720514,0.105535,21.700044,-7.160333,-8.778397,50.0,4,0,0.0,0.0,0.028199,0.0,0.0,909,-0.028199,909,4.150381,-6.922442,1
012922,易方达全球成长精选混合(QDII)人民币C,QDII,2025-12-09,20,4.105681,2.947911,22.234089,5.075148,0.215029,21.540561,-7.160333,-8.778397,45.0,5,0,0.0,2.947911,0.0,0.0,0.0,910,2.947911,910,0.30581,-6.922442,0
012922,易方达全球成长精选混合(QDII)人民币C,QDII,2025-12-10,20,5.5385,3.731039,23.574274,5.957865,0.339358,21.763919,-5.255711,-8.778397,45.0,6,0,0.0,3.731039,0.0,0.0,0.0,911,3.731039,911,0.475648,-6.922442,0
012922,易方达全球成长精选混合(QDII)人民币C,QDII,2025-12-11,20,4.021824,4.723066,18.255721,4.573588,0.408734,20.736015,-4.344173,-8.778397,45.0,0,2,0.0,4.723066,0.0,0.0,0.0,912,4.723066,912,1.970913,-5.912739,0
012922,易方达全球成长精选混合(QDII)人民币C,QDII,2025-12-12,20,0.225817,2.558609,12.270616,1.308112,0.411453,23.399101,-4.167017,-8.778397,45.0,0,3,0.0,2.558609,0.0,0.0,0.0,913,2.558609,913,4.854369,-3.002745,1
012922,易方达全球成长精选混合(QDII)人民币C,QDII,2025-12-15,20,-2.889149,1.439515,10.881067,-0.053498,0.38929,23.91143,-5.263572,-8.778397,45.0,0,4,0.0,1.439515,0.0,0.0,0.0,914,1.439515,914,5.439834,-2.286532,1
012922,易方达全球成长精选混合(QDII)人民币C,QDII,2025-12-16,20,-5.961317,1.188034,8.465415,-1.860172,0.31666,24.141268,-6.922442,-8.778397,45.0,0,5,0.0,1.188034,0.0,0.0,0.0,915,1.188034,915,9.405355,-2.286532,1
012922,易方达全球成长精选混合(QDII)人民币C,QDII,2025-12-17,20,-6.47038,0.523892,8.678573,-1.408859,0.266867,23.860927,-6.922442,-8.778397,45.0,2,0,0.0,0.523892,0.0,0.0,0.0,916,0.523892,916,9.599462,-2.286532,1
012922,易方达全球成长精选混合(QDII)人民币C,QDII,2025-12-18,20,-5.098148,3.237659,8.985124,-1.189262,0.186417,22.277329,-6.922442,-8.778397,40.0,3,0,0.0,3.237659,0.0,0.0,0.0,917,3.237659,917,8.9436,-2.286532,1
012922,易方达全球成长精选混合(QDII)人民币C,QDII,2025-12-19,20,-0.401458,6.78584,9.690954,0.269304,0.102898,21.985012,-6.922442,-8.778397,35.0,4,0,0.0,6.78584,0.0,0.0,0.0,918,6.78584,918,5.828158,-2.286532,1
012922,易方达全球成长精选混合(QDII)人民币C,QDII,2025-12-22,20,3.253112,6.364608,12.322831,2.310034,0.084601,21.43444,-6.922442,-8.778397,35.0,5,0,0.0,6.364608,0.0,0.0,0.0,919,6.364608,919,5.947597,-2.286532,1
012922,易方达全球成长精选混合(QDII)人民币C,QDII,2025-12-23,20,5.464989,5.768742,10.883176,2.385174,0.076325,21.317706,-6.922442,-8.778397,35.0,6,0,0.0,5.768742,0.0,0.0,0.0,920,5.768742,920,6.387154,-2.286532,1
012922,易方达全球成长精选混合(QDII)人民币C,QDII,2025-12-24,20,5.766402,4.727621,12.038645,2.936755,0.098088,20.678986,-6.922442,-8.778397,35.0,7,0,0.0,4.727621,0.0,0.0,0.0,921,4.727621,921,3.783032,-2.286532,1
012922,易方达全球成长精选混合(QDII)人民币C,QDII,2025-12-25,20,5.313403,5.005636,12.642752,2.631901,0.107111,20.60589,-6.922442,-8.778397,35.0,0,2,0.0,5.005636,0.0,0.0,0.0,922,5.005636,922,3.606075,-2.286532,1
012922,易方达全球成长精选混合(QDII)人民币C,QDII,2025-12-26,20,3.002509,3.492024,12.396212,2.011263,0.118243,20.532095,-6.922442,-8.778397,40.0,0,3,0.0,3.492024,0.0,0.0,0.0,923,3.492024,923,7.291459,-2.286532,1
012922,易方达全球成长精选混合(QDII)人民币C,QDII,2025-12-29,20,0.084392,3.122024,12.564972,1.293572,0.113157,20.656981,-6.922442,-8.778397,40.0,0,4,0.0,3.122024,0.0,0.0,0.0,924,3.122024,924,9.692833,-2.286532,1
012922,易方达全球成长精选混合(QDII)人民币C,QDII,2025-12-30,20,-0.164184,3.080294,10.898092,1.245929,0.107236,20.657924,-6.922442,-8.778397,40.0,2,0,0.0,3.080294,0.0,0.0,0.0,925,3.080294,925,8.563636,-2.286532,1
012922,易方达全球成长精选混合(QDII)人民币C,QDII,2025-12-31,20,-2.098152,2.211251,8.4375,-0.056185,0.074542,21.136806,-6.922442,-8.778397,40.0,0,2,0.0,2.211251,0.0,0.0,0.0,926,2.211251,926,9.964687,-2.286532,1
012922,易方达全球成长精选混合(QDII)人民币C,QDII,2026-01-05,20,-0.087468,3.873021,7.558637,1.750365,0.072845,22.162972,-6.922442,-8.778397,40.0,2,0,0.0,3.873021,0.0,0.0,0.0,927,3.873021,927,8.770394,-2.286532,1
012922,易方达全球成长精选混合(QDII)人民币C,QDII,2026-01-06,20,2.655433,5.550994,15.225673,3.806536,0.109139,23.344871,-6.922442,-8.778397,40.0,3,0,0.0,5.550994,0.0,0.0,0.0,928,5.550994,928,6.647736,-2.286532,1
012922,易方达全球成长精选混合(QDII)人民币C,QDII,2026-01-07,20,3.782373,4.150381,13.03188,4.15122,0.174469,22.587657,-6.922442,-8.778397,40.0,4,0,0.0,4.150381,0.0,0.0,0.0,929,4.150381,929,2.336828,-3.523361,1
012922,易方达全球成长精选混合(QDII)人民币C,QDII,2026-01-08,20,1.303598,0.30581,14.017426,1.753983,0.222762,23.731831,-6.922442,-8.778397,45.0,0,2,0.0,0.30581,0.0,0.0,0.0,930,0.30581,930,3.943617,-4.249188,1
012922,易方达全球成长精选混合(QDII)人民币C,QDII,2026-01-09,20,3.746398,0.475648,12.753099,2.953675,0.304577,23.835619,-5.912739,-8.778397,45.0,2,0,0.0,0.475648,0.0,0.0,0.0,931,0.475648,931,4.393584,-4.249188,1
012922,易方达全球成长精选混合(QDII)人民币C,QDII,2026-01-12,20,2.116992,1.970913,12.611901,3.261373,0.373848,23.49875,-3.002745,-8.778397,40.0,3,0,0.0,1.970913,0.0,0.0,0.0,932,1.970913,932,6.14917,-4.249188,1
012922,易方达全球成长精选混合(QDII)人民币C,QDII,2026-01-13,20,-0.435662,4.854369,14.390418,2.75082,0.387733,20.514427,-2.286532,-8.778397,40.0,0,2,0.0,4.854369,0.0,0.0,0.0,933,4.854369,933,5.578997,-4.249188,1
012922,易方达全球成长精选混合(QDII)人民币C,QDII,2026-01-14,20,-1.68685,5.439834,12.095814,1.74045,0.364074,20.061295,-2.286532,-8.778397,40.0,0,3,0.0,5.439834,0.0,0.0,0.0,934,5.439834,934,7.394435,-4.249188,1
012922,易方达全球成长精选混合(QDII)人民币C,QDII,2026-01-15,20,2.569686,9.405355,13.833106,3.257978,0.33363,19.393899,-2.286532,-8.778397,35.0,2,0,0.0,9.405355,0.0,0.0,0.0,935,9.405355,935,6.12237,-4.249188,1
012922,易方达全球成长精选混合(QDII)人民币C,QDII,2026-01-16,20,2.022692,9.599462,15.738316,3.472563,0.307087,19.407652,-2.286532,-8.778397,35.0,3,0,0.0,9.599462,0.0,0.0,0.0,936,9.599462,936,4.237451,-4.249188,1
012922,易方达全球成长精选混合(QDII)人民币C,QDII,2026-01-19,20,1.391162,8.9436,13.69456,2.806748,0.269636,19.560376,-2.286532,-8.778397,40.0,0,2,0.0,8.9436,0.0,0.0,0.0,937,8.9436,937,9.370076,-4.249188,1
012922,易方达全球成长精选混合(QDII)人民币C,QDII,2026-01-20,20,0.523519,5.828158,8.505883,1.381036,0.230658,19.597393,-2.286532,-8.778397,45.0,0,3,0.0,5.828158,0.0,0.0,0.0,938,5.828158,938,11.655655,-4.249188,1
012922,易方达全球成长精选混合(QDII)人民币C,QDII,2026-01-21,20,3.750344,5.947597,9.462321,3.577111,0.254505,19.761855,-2.286532,-8.778397,45.0,2,0,0.0,5.947597,0.0,0.0,0.0,939,5.947597,939,7.965407,-4.249188,1
012922,易方达全球成长精选混合(QDII)人民币C,QDII,2026-01-22,20,2.555491,6.387154,9.744712,4.048642,0.286234,19.832921,-2.286532,-8.778397,45.0,3,0,0.0,6.387154,0.0,0.0,0.0,940,6.387154,940,6.534422,-4.249188,1
012922,易方达全球成长精选混合(QDII)人民币C,QDII,2026-01-23,20,0.153392,3.783032,4.639609,2.095904,0.295572,20.981211,-2.286532,-8.282307,50.0,0,2,0.0,3.783032,0.0,0.0,0.0,941,3.783032,941,10.426159,-4.249188,1
012922,易方达全球成长精选混合(QDII)人民币C,QDII,2026-01-26,20,0.153734,3.606075,5.420931,1.688897,0.295281,21.016378,-2.286532,-8.282307,50.0,0,3,0.0,3.606075,0.0,0.0,0.0,942,3.606075,942,5.736981,-4.459085,1
012922,易方达全球成长精选混合(QDII)人民币C,QDII,2026-01-27,20,4.426739,7.291459,10.363099,4.477496,0.327462,23.272049,-2.286532,-8.282307,45.0,2,0,0.0,7.291459,0.0,0.0,0.0,943,7.291459,943,2.635007,-4.459085,1
012922,易方达全球成长精选混合(QDII)人民币C,QDII,2026-01-28,20,3.622364,9.692833,11.088972,5.731049,0.364827,23.453445,-2.286532,-8.282307,40.0,3,0,0.0,9.692833,0.0,0.0,0.0,944,9.692833,944,0.0,-5.273925,0
012922,易方达全球成长精选混合(QDII)人民币C,QDII,2026-01-29,20,1.87827,8.563636,12.98685,4.320879,0.37572,23.948828,-2.286532,-8.282307,45.0,0,2,0.0,8.563636,0.0,0.0,0.0,945,8.563636,945,-2.87076,-8.845354,0
012922,易方达全球成长精选混合(QDII)人民币C,QDII,2026-01-30,20,3.733201,9.964687,10.923682,3.929384,0.357588,23.234779,-2.286532,-8.282307,40.0,2,0,0.0,9.964687,0.0,0.0,0.0,946,9.964687,946,-1.074118,-8.845354,0
012922,易方达全球成长精选混合(QDII)人民币C,QDII,2026-02-02,20,4.892743,8.770394,12.006228,4.416321,0.368629,22.600946,-2.286532,-8.282307,40.0,3,0,0.0,8.770394,0.0,0.0,0.0,947,8.770394,947,2.092632,-8.845354,0
012922,易方达全球成长精选混合(QDII)人民币C,QDII,2026-02-03,20,2.039525,6.647736,12.915448,4.392623,0.406579,21.494946,-2.286532,-8.282307,40.0,4,0,0.0,6.647736,0.0,0.0,0.0,948,6.647736,948,2.224897,-8.845354,0
012922,易方达全球成长精选混合(QDII)人民币C,QDII,2026-02-04,20,-3.177276,2.336828,6.554141,0.598816,0.391305,25.446706,-3.523361,-7.160333,45.0,0,2,0.0,2.336828,0.0,0.0,0.0,949,2.336828,949,3.050924,-8.845354,0
012922,易方达全球成长精选混合(QDII)人民币C,QDII,2026-02-05,20,-3.007463,3.943617,7.335023,-0.346767,0.326124,24.061118,-4.249188,-7.160333,45.0,0,3,0.0,3.943617,0.0,0.0,0.0,950,3.943617,950,4.647265,-8.845354,0
012922,易方达全球成长精选混合(QDII)人民币C,QDII,2026-02-06,20,-1.509671,4.393584,8.803621,1.073884,0.296958,24.350924,-4.249188,-6.922442,45.0,2,0,0.0,4.393584,0.0,0.0,0.0,951,4.393584,951,4.542218,-8.845354,0
012922,易方达全球成长精选混合(QDII)人民币C,QDII,2026-02-09,20,-0.343894,6.14917,13.353585,2.876307,0.297442,25.231316,-4.249188,-6.922442,45.0,3,0,0.0,6.14917,0.0,0.0,0.0,952,6.14917,952,1.020558,-8.845354,0
012922,易方达全球成长精选混合(QDII)人民币C,QDII,2026-02-10,20,-1.433417,5.578997,13.536678,1.786077,0.273522,25.461905,-4.249188,-6.922442,45.0,0,2,0.0,5.578997,0.0,0.0,0.0,953,5.578997,953,4.544109,-8.845354,0
012922,易方达全球成长精选混合(QDII)人民币C,QDII,2026-02-11,20,3.171903,7.394435,14.866571,2.425522,0.244758,25.287064,-4.249188,-6.922442,40.0,2,0,0.0,7.394435,0.0,0.0,0.0,954,7.394435,954,4.825944,-8.845354,0
012922,易方达全球成长精选混合(QDII)人民币C,QDII,2026-02-12,20,4.71964,6.12237,17.482906,2.873736,0.245675,24.644884,-4.249188,-6.922442,40.0,3,0,0.0,6.12237,0.0,0.0,0.0,955,6.12237,955,2.535375,-8.845354,0
012922,易方达全球成长精选混合(QDII)人民币C,QDII,2026-02-13,20,1.870105,4.237451,14.842199,1.507564,0.231559,25.116051,-4.249188,-6.922442,45.0,0,2,0.0,4.237451,0.0,0.0,0.0,956,4.237451,956,3.149143,-8.845354,0
012922,易方达全球成长精选混合(QDII)人民币C,QDII,2026-02-24,20,4.467695,9.370076,23.009423,5.787318,0.275091,29.619987,-4.249188,-6.922442,40.0,2,0,0.0,9.370076,0.0,0.0,0.0,957,9.370076,957,0.924201,-8.845354,0
012922,易方达全球成长精选混合(QDII)人民币C,QDII,2026-02-25,20,6.309207,11.655655,26.181483,6.206435,0.301843,29.064765,-4.249188,-6.922442,35.0,3,0,0.0,11.655655,0.0,0.0,0.0,958,11.655655,958,0.584775,-8.845354,0
012922,易方达全球成长精选混合(QDII)人民币C,QDII,2026-02-26,20,4.301942,7.965407,21.667023,4.819896,0.335158,28.618002,-4.249188,-6.922442,40.0,0,2,0.0,7.965407,0.0,0.0,0.0,959,7.965407,959,-3.109191,-8.845354,0
012922,易方达全球成长精选混合(QDII)人民币C,QDII,2026-02-27,20,2.953694,6.534422,19.877171,3.894912,0.360195,28.780772,-4.249188,-6.922442,45.0,0,3,0.0,6.534422,0.0,0.0,0.0,960,6.534422,960,-2.713493,-8.845354,0
012922,易方达全球成长精选混合(QDII)人民币C,QDII,2026-03-02,20,6.099625,10.426159,20.021641,5.339669,0.376911,28.245341,-4.249188,-6.922442,40.0,2,0,0.0,10.426159,0.0,0.0,0.0,961,10.426159,961,-6.896671,-8.845354,0
012922,易方达全球成长精选混合(QDII)人民币C,QDII,2026-03-03,20,-3.173209,5.736981,15.033607,0.36845,0.30917,33.264215,-4.459085,-6.922442,40.0,0,2,0.0,5.736981,0.0,0.0,0.0,962,5.736981,962,-0.860129,-7.08032,0
012922,易方达全球成长精选混合(QDII)人民币C,QDII,2026-03-04,20,-4.009885,2.635007,13.963964,0.322865,0.281687,31.567002,-4.459085,-6.922442,40.0,2,0,0.0,2.635007,0.0,0.0,0.0,963,2.635007,963,1.707945,-7.08032,0
012922,易方达全球成长精选混合(QDII)人民币C,QDII,2026-03-05,20,-4.022625,0.0,13.117469,-0.615718,0.263169,31.251849,-5.273925,-6.922442,45.0,0,2,0.0,0.0,0.0,0.0,0.0,964,0.0,964,3.389582,-7.08032,1
012922,易方达全球成长精选混合(QDII)人民币C,QDII,2026-03-06,20,-7.115853,-2.87076,8.695113,-4.227415,0.176839,33.909655,-8.845354,-8.845354,45.0,0,3,0.0,0.0,2.87076,0.0,0.0,965,-2.87076,965,8.710868,-7.08032,1
012922,易方达全球成长精选混合(QDII)人民币C,QDII,2026-03-09,20,-7.070042,-1.074118,11.189014,-2.310383,0.122601,34.696625,-8.845354,-8.845354,45.0,2,0,0.0,0.0,1.074118,0.0,0.0,966,-1.074118,966,6.331853,-7.08032,1
012922,易方达全球成长精选混合(QDII)人民币C,QDII,2026-03-10,20,1.277491,2.092632,15.347415,1.611414,0.141183,37.609676,-8.845354,-8.845354,45.0,3,0,0.0,2.092632,0.0,0.0,0.0,967,2.092632,967,9.349244,-7.08032,1
012922,易方达全球成长精选混合(QDII)人民币C,QDII,2026-03-11,20,1.631795,2.224897,15.072261,1.93879,0.16764,37.620447,-8.845354,-8.845354,45.0,4,0,0.0,2.224897,0.0,0.0,0.0,968,2.224897,968,10.629036,-7.08032,1
012922,易方达全球成长精选混合(QDII)人民币C,QDII,2026-03-12,20,-0.223288,3.050924,9.836,-1.003476,0.095345,36.705122,-8.845354,-8.845354,45.0,0,2,0.0,3.050924,0.0,0.0,0.0,969,3.050924,969,16.266784,-7.08032,1
012922,易方达全球成长精选混合(QDII)人民币C,QDII,2026-03-13,20,4.499981,4.647265,9.106795,-0.446815,0.018539,36.595054,-8.845354,-8.845354,40.0,2,0,0.0,4.647265,0.0,0.0,0.0,970,4.647265,970,16.493157,-7.08032,1
012922,易方达全球成长精选混合(QDII)人民币C,QDII,2026-03-16,20,4.081937,4.542218,9.654468,0.864553,-0.018107,36.545444,-8.845354,-8.845354,40.0,3,0,0.0,4.542218,0.0,0.0,0.0,971,4.542218,971,16.214375,-7.08032,1
012922,易方达全球成长精选混合(QDII)人民币C,QDII,2026-03-17,20,-1.390382,1.020558,9.345943,-0.548613,-0.04895,36.286903,-8.845354,-8.845354,45.0,0,2,0.0,1.020558,0.0,0.0,0.0,972,1.020558,972,16.080384,-7.08032,1
012922,易方达全球成长精选混合(QDII)人民币C,QDII,2026-03-18,20,0.802797,4.544109,15.73471,1.878029,-0.05562,37.254321,-8.845354,-8.845354,40.0,2,0,0.0,4.544109,0.0,0.0,0.0,973,4.544109,973,16.466091,-7.08032,1
012922,易方达全球成长精选混合(QDII)人民币C,QDII,2026-03-19,20,4.949006,4.825944,18.701245,2.913798,-0.03554,37.338065,-8.845354,-8.845354,40.0,3,0,0.0,4.825944,0.0,0.0,0.0,974,4.825944,974,17.782361,-7.08032,1
012922,易方达全球成长精选混合(QDII)人民币C,QDII,2026-03-20,20,2.60629,2.535375,19.047217,1.279467,-0.032791,37.782101,-8.845354,-8.845354,45.0,0,2,0.0,2.535375,0.0,0.0,0.0,975,2.535375,975,18.713637,-7.08032,1
012922,易方达全球成长精选混合(QDII)人民币C,QDII,2026-03-23,20,0.512637,3.149143,17.841382,0.585836,-0.058991,37.574795,-8.845354,-8.845354,45.0,0,3,0.0,3.149143,0.0,0.0,0.0,976,3.149143,976,19.84093,-7.08032,1
012922,易方达全球成长精选混合(QDII)人民币C,QDII,2026-03-24,20,4.36805,0.924201,20.2529,2.983916,0.017306,34.727959,-8.845354,-8.845354,45.0,2,0,0.0,0.924201,0.0,0.0,0.0,977,0.924201,977,21.131616,-7.08032,1
012922,易方达全球成长精选混合(QDII)人民币C,QDII,2026-03-25,20,2.283024,0.584775,18.854111,3.5874,0.116589,34.633727,-8.845354,-8.845354,45.0,3,0,0.0,0.584775,0.0,0.0,0.0,978,0.584775,978,19.040039,-7.08032,1
012922,易方达全球成长精选混合(QDII)人民币C,QDII,2026-03-26,20,-3.593526,-3.109191,10.830252,-0.980181,0.132688,38.214519,-8.845354,-8.845354,45.0,0,2,0.0,0.0,3.109191,0.0,0.0,979,-3.109191,979,26.436782,-2.63969,1
012922,易方达全球成长精选混合(QDII)人民币C,QDII,2026-03-27,20,-2.316589,-2.713493,10.263495,-1.001668,0.142193,38.180302,-8.845354,-8.845354,45.0,0,3,0.0,0.0,2.713493,0.0,0.0,980,-2.713493,980,26.802252,-2.484111,1
012922,易方达全球成长精选混合(QDII)人民币C,QDII,2026-03-30,20,-4.23354,-6.896671,6.699781,-3.114474,0.151561,38.292915,-7.08032,-8.845354,50.0,0,4,0.0,0.0,6.896671,0.0,0.0,981,-6.896671,981,26.580016,-2.655019,1
012922,易方达全球成长精选混合(QDII)人民币C,QDII,2026-03-31,20,-4.885097,-0.860129,8.607665,-1.390859,0.122017,35.653394,-7.08032,-8.845354,45.0,2,0,0.0,0.0,0.860129,0.0,0.0,982,-0.860129,982,27.664092,-2.655019,1
012922,易方达全球成长精选混合(QDII)人民币C,QDII,2026-04-01,20,-2.938021,1.707945,11.999361,1.161912,0.13259,36.917542,-7.08032,-8.845354,45.0,3,0,0.0,1.707945,0.0,0.0,0.0,983,1.707945,983,27.000143,-2.655019,1
012922,易方达全球成长精选混合(QDII)人民币C,QDII,2026-04-02,20,2.414881,3.389582,13.410962,1.702605,0.135942,36.759458,-7.08032,-8.845354,40.0,4,0,0.0,3.389582,0.0,0.0,0.0,984,3.389582,984,33.450168,-2.655019,1
012922,易方达全球成长精选混合(QDII)人民币C,QDII,2026-04-03,20,3.791538,8.710868,14.632385,2.482729,0.092741,33.759765,-7.08032,-8.845354,35.0,5,0,0.0,8.710868,0.0,0.0,0.0,985,8.710868,985,32.313937,-2.655019,1
012922,易方达全球成长精选混合(QDII)人民币C,QDII,2026-04-07,20,6.13385,6.331853,15.671551,1.882273,0.0624,33.364968,-7.08032,-8.845354,40.0,0,2,0.0,6.331853,0.0,0.0,0.0,986,6.331853,986,35.763913,-2.655019,1
012922,易方达全球成长精选混合(QDII)人民币C,QDII,2026-04-08,20,11.706996,9.349244,21.428571,8.586771,0.187729,38.995183,-7.08032,-8.845354,40.0,2,0,0.0,9.349244,0.0,0.0,0.0,987,9.349244,987,30.037686,-2.655019,1
012922,易方达全球成长精选混合(QDII)人民币C,QDII,2026-04-09,20,10.546207,10.629036,20.608371,9.752256,0.329401,39.200812,-7.08032,-8.845354,40.0,3,0,0.0,10.629036,0.0,0.0,0.0,988,10.629036,988,26.798039,-2.655019,1
012922,易方达全球成长精选混合(QDII)人民币C,QDII,2026-04-10,20,12.20393,16.266784,22.613843,11.307011,0.444427,37.618457,-7.08032,-8.845354,35.0,4,0,0.0,16.266784,0.0,0.0,0.0,989,16.266784,989,27.451723,-2.655019,1
012922,易方达全球成长精选混合(QDII)人民币C,QDII,2026-04-13,20,11.980825,16.493157,26.714444,11.512013,0.561603,37.625061,-7.08032,-8.845354,35.0,5,0,0.0,16.493157,0.0,0.0,0.0,990,16.493157,990,25.038278,-2.655019,1
012922,易方达全球成长精选混合(QDII)人民币C,QDII,2026-04-14,20,13.755351,16.214375,26.830986,12.074896,0.696983,37.570913,-7.08032,-8.845354,35.0,6,0,0.0,16.214375,0.0,0.0,0.0,991,16.214375,991,19.479919,-4.107249,1
012922,易方达全球成长精选混合(QDII)人民币C,QDII,2026-04-15,20,4.679666,16.080384,24.475879,9.594446,0.763363,37.658583,-7.08032,-8.845354,35.0,0,2,0.0,16.080384,0.0,0.0,0.0,992,16.080384,992,20.195348,-4.946524,1
012922,易方达全球成长精选混合(QDII)人民币C,QDII,2026-04-16,20,6.121396,16.466091,28.551336,11.997794,0.89195,37.904632,-7.08032,-8.845354,35.0,2,0,0.0,16.466091,0.0,0.0,0.0,993,16.466091,993,17.219791,-4.946524,1
012922,易方达全球成长精选混合(QDII)人民币C,QDII,2026-04-17,20,6.317052,17.782361,32.59612,13.702398,1.051163,38.306241,-7.08032,-8.845354,35.0,3,0,0.0,17.782361,0.0,0.0,0.0,994,17.782361,994,17.222651,-4.946524,1
012922,易方达全球成长精选混合(QDII)人民币C,QDII,2026-04-20,20,4.562072,18.713637,29.175835,11.926682,1.148533,37.778286,-7.08032,-8.845354,35.0,0,2,0.0,18.713637,0.0,0.0,0.0,995,18.713637,995,18.695275,-4.946524,1
012922,易方达全球成长精选混合(QDII)人民币C,QDII,2026-04-21,20,3.649207,19.84093,28.853012,11.352294,1.216003,37.454737,-7.08032,-8.845354,30.0,2,0,0.0,19.84093,0.0,0.0,0.0,996,19.84093,996,21.853516,-4.946524,1
012922,易方达全球成长精选混合(QDII)人民币C,QDII,2026-04-22,20,8.90962,21.131616,33.706138,14.141446,1.344744,38.236164,-7.08032,-8.845354,30.0,3,0,0.0,21.131616,0.0,0.0,0.0,997,21.131616,997,20.423122,-4.946524,1
012922,易方达全球成长精选混合(QDII)人民币C,QDII,2026-04-23,20,4.543521,19.040039,33.692188,11.852299,1.433598,38.952242,-2.63969,-8.845354,35.0,0,2,0.0,19.040039,0.0,0.0,0.0,998,19.040039,998,24.326289,-4.946524,1
012922,易方达全球成长精选混合(QDII)人民币C,QDII,2026-04-24,20,3.490236,26.436782,32.263693,12.05553,1.444664,33.177876,-2.484111,-8.845354,30.0,2,0,0.0,26.436782,0.0,0.0,0.0,999,26.436782,999,22.368798,-4.946524,1
012922,易方达全球成长精选混合(QDII)人民币C,QDII,2026-04-27,20,4.339121,26.802252,31.422441,10.885272,1.420284,33.036535,-1.465235,-8.845354,25.0,3,0,0.0,26.802252,0.0,0.0,0.0,1000,26.802252,1000,24.797365,-4.946524,1
012922,易方达全球成长精选混合(QDII)人民币C,QDII,2026-04-28,20,1.151751,26.580016,30.137458,6.731649,1.286651,33.294873,-2.655019,-8.845354,25.0,0,2,0.0,26.580016,0.0,0.0,0.0,1001,26.580016,1001,27.418501,-4.946524,1
012922,易方达全球成长精选混合(QDII)人民币C,QDII,2026-04-29,20,0.24433,27.664092,33.827085,8.22973,1.184034,33.620726,-2.655019,-8.845354,25.0,2,0,0.0,27.664092,0.0,0.0,0.0,1002,27.664092,1002,23.151918,-4.946524,1
012922,易方达全球成长精选混合(QDII)人民币C,QDII,2026-04-30,20,3.552429,27.000143,32.572853,9.264022,1.11705,33.372748,-2.655019,-8.845354,25.0,3,0,0.0,27.000143,0.0,0.0,0.0,1003,27.000143,1003,26.470341,-4.946524,1
012922,易方达全球成长精选混合(QDII)人民币C,QDII,2026-05-06,20,8.095784,33.450168,37.973572,13.968237,1.113093,37.050171,-2.655019,-8.845354,25.0,4,0,0.0,33.450168,0.0,0.0,0.0,1004,33.450168,1004,22.242857,-4.946524,1
012922,易方达全球成长精选混合(QDII)人民币C,QDII,2026-05-07,20,8.303022,32.313937,39.710338,12.759803,1.088115,37.26703,-2.655019,-8.845354,25.0,5,0,0.0,32.313937,0.0,0.0,0.0,1005,32.313937,1005,20.659015,-4.946524,1
012922,易方达全球成长精选混合(QDII)人民币C,QDII,2026-05-08,20,13.834294,35.763913,42.809686,13.645042,1.05453,36.816559,-2.655019,-8.845354,20.0,6,0,0.0,35.763913,0.0,0.0,0.0,1006,35.763913,1006,9.751874,-7.843393,1
012922,易方达全球成长精选混合(QDII)人民币C,QDII,2026-05-11,20,13.783908,30.037686,45.170849,15.007724,1.11237,30.855984,-2.655019,-8.845354,20.0,7,0,0.0,30.037686,0.0,0.0,0.0,1007,30.037686,1007,7.582974,-7.843393,1
012922,易方达全球成长精选混合(QDII)人民币C,QDII,2026-05-12,20,10.370287,26.798039,43.396433,12.591231,1.137883,31.855029,-2.655019,-8.845354,25.0,0,2,0.0,26.798039,0.0,0.0,0.0,1008,26.798039,1008,11.064479,-7.843393,1
012922,易方达全球成长精选混合(QDII)人民币C,QDII,2026-05-13,20,7.160481,27.451723,52.705002,14.252256,1.200969,32.128035,-2.655019,-8.845354,25.0,2,0,0.0,27.451723,0.0,0.0,0.0,1009,27.451723,1009,4.820261,-8.112507,0
012922,易方达全球成长精选混合(QDII)人民币C,QDII,2026-05-14,20,5.82324,25.038278,52.430291,11.920345,1.225854,33.03596,-2.655019,-8.845354,30.0,0,2,0.0,25.038278,0.0,0.0,0.0,1010,25.038278,1010,10.305878,-8.112507,0
012922,易方达全球成长精选混合(QDII)人民币C,QDII,2026-05-15,20,0.11114,19.479919,45.15984,7.383611,1.187076,36.449881,-4.107249,-8.845354,35.0,0,3,0.0,19.479919,0.0,0.0,0.0,1011,19.479919,1011,15.413214,-8.112507,0
012922,易方达全球成长精选混合(QDII)人民币C,QDII,2026-05-18,20,-3.243366,20.195348,40.947137,5.500339,1.088746,35.995415,-4.946524,-8.845354,35.0,0,4,0.0,20.195348,0.0,0.0,0.0,1012,20.195348,1012,25.095067,-8.112507,0
012922,易方达全球成长精选混合(QDII)人民币C,QDII,2026-05-19,20,-1.894951,17.219791,42.724985,5.165287,1.014983,35.188608,-4.946524,-8.845354,35.0,2,0,0.0,17.219791,0.0,0.0,0.0,1013,17.219791,1013,22.71973,-8.112507,0
012922,易方达全球成长精选混合(QDII)人民币C,QDII,2026-05-20,20,-2.215785,17.222651,44.730671,6.847555,0.988696,35.190097,-4.946524,-8.845354,35.0,3,0,0.0,17.222651,0.0,0.0,0.0,1014,17.222651,1014,22.581462,-8.112507,0
012922,易方达全球成长精选混合(QDII)人民币C,QDII,2026-05-21,20,-0.742203,18.695275,44.480012,6.546526,0.937549,34.757765,-4.946524,-8.845354,30.0,4,0,0.0,18.695275,0.0,0.0,0.0,1015,18.695275,1015,28.412095,-8.112507,0
012922,易方达全球成长精选混合(QDII)人民币C,QDII,2026-05-22,20,5.708311,21.853516,50.629093,8.761426,0.913256,35.562348,-4.946524,-8.845354,30.0,5,0,0.0,21.853516,0.0,0.0,0.0,1016,21.853516,1016,28.802755,-8.112507,0
012922,易方达全球成长精选混合(QDII)人民币C,QDII,2026-05-25,20,9.116008,20.423122,47.218611,10.244612,0.945728,34.67112,-4.946524,-8.845354,30.0,6,0,0.0,20.423122,0.0,0.0,0.0,1017,20.423122,1017,16.052418,-8.112507,0
012922,易方达全球成长精选混合(QDII)人民币C,QDII,2026-05-26,20,10.881514,24.326289,48.863518,11.316303,0.964616,33.984229,-4.946524,-8.845354,25.0,7,0,0.0,24.326289,0.0,0.0,0.0,1018,24.326289,1018,14.635116,-8.112507,0
012922,易方达全球成长精选混合(QDII)人民币C,QDII,2026-05-27,20,8.033522,22.368798,49.908657,9.947732,0.966985,34.297425,-4.946524,-8.845354,30.0,0,2,0.0,22.368798,0.0,0.0,0.0,1019,22.368798,1019,21.146004,-8.112507,0
012922,易方达全球成长精选混合(QDII)人民币C,QDII,2026-05-28,20,9.703165,24.797365,53.951878,11.035937,0.97304,34.325487,-4.946524,-8.845354,30.0,2,0,0.0,24.797365,0.0,0.0,0.0,1020,24.797365,1020,12.893305,-8.112507,0
012922,易方达全球成长精选混合(QDII)人民币C,QDII,2026-05-29,20,5.771297,27.418501,50.162968,9.063115,0.89893,32.020571,-4.946524,-7.08032,30.0,0,2,0.0,27.418501,0.0,0.0,0.0,1021,27.418501,1021,14.688157,-8.112507,0
012922,易方达全球成长精选混合(QDII)人民币C,QDII,2026-06-01,20,2.515873,23.151918,55.868476,7.07047,0.814976,32.392983,-4.946524,-7.08032,35.0,0,3,0.0,23.151918,0.0,0.0,0.0,1022,23.151918,1022,20.603986,-8.112507,0
012922,易方达全球成长精选混合(QDII)人民币C,QDII,2026-06-02,20,5.338228,26.470341,63.360772,11.006115,0.80461,34.975584,-4.946524,-7.08032,35.0,2,0,0.0,26.470341,0.0,0.0,0.0,1023,26.470341,1023,9.420644,-8.112507,0
012922,易方达全球成长精选混合(QDII)人民币C,QDII,2026-06-03,20,7.984532,22.242857,68.662835,12.375938,0.876485,30.791486,-4.946524,-7.08032,35.0,3,0,0.0,22.242857,0.0,0.0,0.0,1024,22.242857,1024,-1.586475,-14.014828,0
013403,华夏恒生科技ETF发起式联接(QDII)C,INDEX,2022-07-04,20,-3.330195,6.0,12.719539,2.384187,0.304736,42.045368,-5.523435,-15.058697,40.0,2,0,0.0,6.0,0.0,0.0,0.0,119,6.0,119,-10.407791,-10.480828,0
013403,华夏恒生科技ETF发起式联接(QDII)C,INDEX,2022-07-05,20,-4.638934,5.521076,10.120092,1.441259,0.271451,42.151306,-5.523435,-12.823709,40.0,0,2,0.0,5.521076,0.0,0.0,0.0,120,5.521076,120,-12.400441,-12.400441,0
013403,华夏恒生科技ETF发起式联接(QDII)C,INDEX,2022-07-06,20,-2.458127,0.111303,12.103587,0.615251,0.288341,39.174469,-5.523435,-11.859423,45.0,0,3,0.0,0.111303,0.0,0.0,0.0,121,0.111303,121,-10.253243,-11.686226,0
013403,华夏恒生科技ETF发起式联接(QDII)C,INDEX,2022-07-07,20,-1.756312,0.788288,12.783534,0.078895,0.279419,38.97491,-5.877541,-11.81587,45.0,0,4,0.0,0.788288,0.0,0.0,0.0,122,0.788288,122,-7.26257,-11.664401,0
013403,华夏恒生科技ETF发起式联接(QDII)C,INDEX,2022-07-08,20,-0.954596,-0.442859,19.401003,0.573516,0.303121,38.525828,-5.877541,-11.81587,45.0,2,0,0.0,0.0,0.442859,0.0,0.0,123,-0.442859,123,-7.364389,-11.664401,0
013403,华夏恒生科技ETF发起式联接(QDII)C,INDEX,2022-07-11,20,-5.319537,0.141625,12.888244,-3.347665,0.200466,37.707483,-9.114279,-11.81587,45.0,0,2,0.0,0.141625,0.0,0.0,0.0,124,0.141625,124,-4.898431,-8.357903,0
013403,华夏恒生科技ETF发起式联接(QDII)C,INDEX,2022-07-12,20,-6.187967,-1.883891,10.763889,-4.776712,0.083108,38.088418,-10.539846,-11.81587,50.0,0,3,0.0,0.0,1.883891,0.0,0.0,125,-1.883891,125,-4.375653,-8.357903,0
013403,华夏恒生科技ETF发起式联接(QDII)C,INDEX,2022-07-13,20,-4.941322,-3.571429,10.385884,-4.121707,0.010024,37.157988,-10.539846,-11.81587,50.0,2,0,0.0,0.0,3.571429,0.0,0.0,126,-3.571429,126,-7.381417,-8.639918,0
013403,华夏恒生科技ETF发起式联接(QDII)C,INDEX,2022-07-14,20,-3.736809,0.963542,10.708167,-3.431098,-0.106337,34.729816,-10.539846,-11.81587,45.0,3,0,0.0,0.963542,0.0,0.0,0.0,127,0.963542,127,-5.248904,-8.639918,0
013403,华夏恒生科技ETF发起式联接(QDII)C,INDEX,2022-07-15,20,-6.795997,-3.68999,7.926742,-5.889545,-0.232148,35.306978,-11.860248,-11.860248,50.0,0,2,0.0,0.0,3.68999,0.0,0.0,128,-3.68999,128,-1.922312,-8.639918,0
013403,华夏恒生科技ETF发起式联接(QDII)C,INDEX,2022-07-18,20,-0.295706,-1.323324,15.230312,-3.181708,-0.30944,36.830559,-11.860248,-11.860248,50.0,2,0,0.0,0.0,1.323324,0.0,0.0,129,-1.323324,129,-5.428756,-8.639918,0
013403,华夏恒生科技ETF发起式联接(QDII)C,INDEX,2022-07-19,20,-0.130617,-4.377189,13.72899,-4.333519,-0.37789,36.501869,-11.860248,-11.860248,55.0,0,2,0.0,0.0,4.377189,0.0,0.0,130,-4.377189,130,-5.571541,-8.639918,0
013403,华夏恒生科技ETF发起式联接(QDII)C,INDEX,2022-07-20,20,0.8577,0.962664,19.234906,-2.939576,-0.479344,34.255938,-11.860248,-11.860248,50.0,2,0,0.0,0.962664,0.0,0.0,0.0,131,0.962664,131,-6.442469,-8.639918,0
013403,华夏恒生科技ETF发起式联接(QDII)C,INDEX,2022-07-21,20,0.386897,-0.840764,18.441875,-2.611742,-0.546294,33.409235,-11.860248,-11.860248,50.0,3,0,0.0,0.0,0.840764,0.0,0.0,132,-0.840764,132,-7.823741,-8.639918,0
013403,华夏恒生科技ETF发起式联接(QDII)C,INDEX,2022-07-22,20,3.42039,-4.152844,23.923749,-2.192243,-0.552844,30.448987,-11.860248,-11.860248,50.0,4,0,0.0,0.0,4.152844,0.0,0.0,133,-4.152844,133,-7.742597,-8.639918,0
013403,华夏恒生科技ETF发起式联接(QDII)C,INDEX,2022-07-25,20,-0.760799,-9.437515,17.819963,-3.021139,-0.502125,25.327092,-11.860248,-11.860248,55.0,0,2,0.0,0.0,9.437515,0.0,0.0,134,-9.437515,134,-7.185551,-8.522654,0
013403,华夏恒生科技ETF发起式联接(QDII)C,INDEX,2022-07-26,20,1.896416,-8.962374,17.387374,-1.347279,-0.406339,25.722235,-9.109531,-11.860248,55.0,2,0,0.0,0.0,8.962374,0.0,0.0,135,-8.962374,135,-8.124759,-8.522654,0
013403,华夏恒生科技ETF发起式联接(QDII)C,INDEX,2022-07-27,20,-0.541167,-6.988794,13.899956,-1.898734,-0.359638,23.957662,-8.180158,-11.860248,55.0,0,2,0.0,0.0,6.988794,0.0,0.0,136,-6.988794,136,-9.871745,-9.871745,0
013403,华夏恒生科技ETF发起式联接(QDII)C,INDEX,2022-07-28,20,-0.912127,-5.927552,3.211562,-1.67132,-0.322507,23.75787,-8.180158,-11.860248,55.0,0,3,0.0,0.0,5.927552,0.0,0.0,137,-5.927552,137,-4.460003,-9.801634,0
013403,华夏恒生科技ETF发起式联接(QDII)C,INDEX,2022-07-29,20,-5.730035,-9.998776,3.884729,-5.757217,-0.347773,28.358664,-10.480828,-14.068708,55.0,0,4,0.0,0.0,9.998776,0.0,0.0,138,-9.998776,138,0.883873,-7.202881,0
013403,华夏恒生科技ETF发起式联接(QDII)C,INDEX,2022-08-01,20,-4.365904,-10.407791,8.490566,-5.16075,-0.347509,28.180431,-9.888494,-14.068708,55.0,2,0,0.0,0.0,10.407791,0.0,0.0,139,-10.407791,139,-0.122283,-7.202881,0
013403,华夏恒生科技ETF发起式联接(QDII)C,INDEX,2022-08-02,20,-8.240277,-12.400441,4.578701,-7.275062,-0.381074,29.375942,-11.686226,-16.464127,55.0,0,2,0.0,0.0,12.400441,0.0,0.0,140,-12.400441,140,2.489859,-7.202881,1
013403,华夏恒生科技ETF发起式联接(QDII)C,INDEX,2022-08-03,20,-5.881591,-10.253243,9.346779,-5.26055,-0.386725,30.442752,-11.664401,-16.464127,50.0,2,0,0.0,0.0,10.253243,0.0,0.0,141,-10.253243,141,2.009635,-7.202881,1
013403,华夏恒生科技ETF发起式联接(QDII)C,INDEX,2022-08-04,20,-3.150525,-7.26257,9.098875,-2.214252,-0.345401,32.676107,-11.664401,-16.464127,45.0,3,0,0.0,0.0,7.26257,0.0,0.0,142,-7.26257,142,-2.449799,-7.202881,0
013403,华夏恒生科技ETF发起式联接(QDII)C,INDEX,2022-08-05,20,1.94452,-7.364389,13.763278,-1.476473,-0.279267,32.641374,-8.357903,-16.464127,45.0,4,0,0.0,0.0,7.364389,0.0,0.0,143,-7.364389,143,-4.014939,-7.202881,0
013403,华夏恒生科技ETF发起式联接(QDII)C,INDEX,2022-08-08,20,0.502717,-4.898431,6.76963,-2.546671,-0.284851,30.138274,-8.357903,-16.464127,45.0,0,2,0.0,0.0,4.898431,0.0,0.0,144,-4.898431,144,-4.393673,-5.961071,0
013403,华夏恒生科技ETF发起式联接(QDII)C,INDEX,2022-08-09,20,2.405931,-4.375653,5.611656,-3.334632,-0.322581,29.880489,-8.357903,-16.464127,45.0,0,3,0.0,0.0,4.375653,0.0,0.0,145,-4.375653,145,-3.278241,-5.961071,0
013403,华夏恒生科技ETF发起式联接(QDII)C,INDEX,2022-08-10,20,-1.899518,-7.381417,-2.55674,-5.541971,-0.382928,30.961454,-8.639918,-16.721197,50.0,0,4,0.0,0.0,7.381417,0.0,0.0,146,-7.381417,146,-1.781956,-5.961071,0
013403,华夏恒生科技ETF发起式联接(QDII)C,INDEX,2022-08-11,20,-1.646586,-5.248904,1.379881,-2.362853,-0.377758,33.106728,-8.639918,-16.721197,50.0,2,0,0.0,0.0,5.248904,0.0,0.0,147,-5.248904,147,-5.662175,-6.577706,0
013403,华夏恒生科技ETF发起式联接(QDII)C,INDEX,2022-08-12,20,-1.320528,-1.922312,5.867201,-1.590279,-0.398396,31.921923,-8.639918,-16.721197,45.0,3,0,0.0,0.0,1.922312,0.0,0.0,148,-1.922312,148,-4.082184,-6.577706,0
013403,华夏恒生科技ETF发起式联接(QDII)C,INDEX,2022-08-15,20,-0.851697,-5.428756,0.342044,-2.167678,-0.38448,30.12694,-8.639918,-16.721197,50.0,0,2,0.0,0.0,5.428756,0.0,0.0,149,-5.428756,149,-3.640578,-6.577706,0
013403,华夏恒生科技ETF发起式联接(QDII)C,INDEX,2022-08-16,20,-1.379593,-5.571541,2.237327,-3.413955,-0.406839,30.206444,-8.639918,-16.721197,50.0,0,3,0.0,0.0,5.571541,0.0,0.0,150,-5.571541,150,-4.542936,-7.103383,0
013403,华夏恒生科技ETF发起式联接(QDII)C,INDEX,2022-08-17,20,1.880174,-6.442469,6.606959,-2.539529,-0.388706,29.655409,-8.639918,-16.721197,50.0,2,0,0.0,0.0,6.442469,0.0,0.0,151,-6.442469,151,-4.902906,-7.103383,0
013403,华夏恒生科技ETF发起式联接(QDII)C,INDEX,2022-08-18,20,-2.341092,-7.823741,5.097407,-3.298629,-0.372254,29.715802,-8.639918,-16.721197,55.0,0,2,0.0,0.0,7.823741,0.0,0.0,152,-7.823741,152,-5.95122,-9.044346,0
013403,华夏恒生科技ETF发起式联接(QDII)C,INDEX,2022-08-19,20,-2.716951,-7.742597,5.327089,-2.605707,-0.335375,29.741389,-8.522654,-16.721197,55.0,2,0,0.0,0.0,7.742597,0.0,0.0,153,-7.742597,153,-7.919967,-10.675293,0
013403,华夏恒生科技ETF发起式联接(QDII)C,INDEX,2022-08-22,20,-2.604309,-7.185551,-0.027992,-2.973417,-0.318751,29.560821,-8.522654,-16.721197,55.0,0,2,0.0,0.0,7.185551,0.0,0.0,154,-7.185551,154,-5.431891,-10.675293,0
013403,华夏恒生科技ETF发起式联接(QDII)C,INDEX,2022-08-23,20,-0.858726,-8.124759,-2.994986,-2.349852,-0.267436,29.049252,-7.669387,-16.721197,55.0,2,0,0.0,0.0,8.124759,0.0,0.0,155,-8.124759,155,-8.270467,-11.497506,0
013403,华夏恒生科技ETF发起式联接(QDII)C,INDEX,2022-08-24,20,-4.186751,-9.871745,-7.878708,-4.596038,-0.257781,30.239567,-9.801634,-18.707642,55.0,0,2,0.0,0.0,9.871745,0.0,0.0,156,-9.871745,156,-6.813282,-12.616256,0
013403,华夏恒生科技ETF发起式联接(QDII)C,INDEX,2022-08-25,20,2.703833,-4.460003,-1.272776,1.292792,-0.151958,37.886235,-7.202881,-18.707642,50.0,2,0,0.0,0.0,4.460003,0.0,0.0,157,-4.460003,157,-13.85534,-14.435908,0
013403,华夏恒生科技ETF发起式联接(QDII)C,INDEX,2022-08-26,20,3.084619,0.883873,-0.536265,1.934544,-0.106467,34.113195,-7.202881,-18.707642,45.0,3,0,0.0,0.883873,0.0,0.0,0.0,158,0.883873,158,-12.724087,-14.435908,0
013403,华夏恒生科技ETF发起式联接(QDII)C,INDEX,2022-08-29,20,2.911942,-0.122283,-5.148387,1.006492,-0.074436,34.29055,-7.202881,-18.707642,50.0,0,2,0.0,0.0,0.122283,0.0,0.0,159,-0.122283,159,-10.964495,-14.343543,0
013403,华夏恒生科技ETF发起式联接(QDII)C,INDEX,2022-08-30,20,2.360995,2.489859,-5.262477,0.553752,-0.092589,32.602256,-7.202881,-18.707642,50.0,0,3,0.0,2.489859,0.0,0.0,0.0,160,2.489859,160,-13.538965,-14.518958,0
013403,华夏恒生科技ETF发起式联接(QDII)C,INDEX,2022-08-31,20,6.525801,2.009635,-8.347762,1.604755,-0.072828,32.358498,-7.202881,-18.707642,50.0,2,0,0.0,2.009635,0.0,0.0,0.0,161,2.009635,161,-15.544461,-15.544461,0
013403,华夏恒生科技ETF发起式联接(QDII)C,INDEX,2022-09-01,20,-1.11277,-2.449799,-8.821321,0.0302,-0.036124,31.295112,-7.202881,-18.707642,55.0,0,2,0.0,0.0,2.449799,0.0,0.0,162,-2.449799,162,-15.013037,-15.013037,0
013403,华夏恒生科技ETF发起式联接(QDII)C,INDEX,2022-09-02,20,-3.005796,-4.014939,-11.477426,-1.014478,-0.00756,31.497573,-5.961071,-18.707642,60.0,0,3,0.0,0.0,4.014939,0.0,0.0,163,-4.014939,163,-15.175097,-15.175097,0
013403,华夏恒生科技ETF发起式联接(QDII)C,INDEX,2022-09-05,20,-3.795402,-4.393673,-8.948114,-2.50224,-0.018824,31.715261,-5.961071,-18.707642,60.0,0,4,0.0,0.0,4.393673,0.0,0.0,164,-4.393673,164,-16.501697,-16.784104,0
013403,华夏恒生科技ETF发起式联接(QDII)C,INDEX,2022-09-06,20,-3.357445,-3.278241,-9.252851,-2.216392,-0.038168,31.583063,-5.961071,-18.707642,55.0,2,0,0.0,0.0,3.278241,0.0,0.0,165,-3.278241,165,-16.763169,-16.939121,0
013403,华夏恒生科技ETF发起式联接(QDII)C,INDEX,2022-09-07,20,-5.54581,-1.781956,-12.280702,-3.250105,-0.110873,30.432223,-5.961071,-18.707642,55.0,0,2,0.0,0.0,1.781956,0.0,0.0,166,-1.781956,166,-18.571429,-19.673055,0
013403,华夏恒生科技ETF发起式联接(QDII)C,INDEX,2022-09-08,20,-4.885412,-5.662175,-9.752604,-3.927589,-0.14694,28.173943,-6.577706,-19.011451,60.0,0,3,0.0,0.0,5.662175,0.0,0.0,167,-5.662175,167,-16.60655,-19.673055,0
013403,华夏恒生科技ETF发起式联接(QDII)C,INDEX,2022-09-09,20,-1.389661,-4.082184,-9.397344,-1.434177,-0.130454,29.546966,-6.577706,-19.011451,60.0,2,0,0.0,0.0,4.082184,0.0,0.0,168,-4.082184,168,-18.714769,-19.673055,0
013403,华夏恒生科技ETF发起式联接(QDII)C,INDEX,2022-09-13,20,-0.070701,-3.640578,-10.077618,-1.654629,-0.12738,29.453338,-6.577706,-19.011451,60.0,0,2,0.0,0.0,3.640578,0.0,0.0,169,-3.640578,169,-15.140795,-19.343427,0
013403,华夏恒生科技ETF发起式联接(QDII)C,INDEX,2022-09-14,20,-2.669115,-4.542936,-13.806903,-3.870563,-0.178723,30.200692,-7.103383,-19.467165,60.0,0,3,0.0,0.0,4.542936,0.0,0.0,170,-4.542936,170,-16.511898,-17.451122,0
013403,华夏恒生科技ETF发起式联接(QDII)C,INDEX,2022-09-15,20,-1.357143,-4.902906,-10.173019,-3.449529,-0.211801,30.100088,-7.103383,-19.467165,60.0,2,0,0.0,0.0,4.902906,0.0,0.0,171,-4.902906,171,-18.52281,-18.52281,0
013403,华夏恒生科技ETF发起式联接(QDII)C,INDEX,2022-09-16,20,-2.640312,-5.95122,-14.038217,-5.362289,-0.288157,30.796441,-9.044346,-21.149801,60.0,0,2,0.0,0.0,5.95122,0.0,0.0,172,-5.95122,172,-17.16064,-17.246484,0
013403,华夏恒生科技ETF发起式联接(QDII)C,INDEX,2022-09-19,20,-6.609357,-7.919967,-18.577221,-6.686286,-0.375747,31.157869,-10.675293,-22.563683,65.0,0,3,0.0,0.0,7.919967,0.0,0.0,173,-7.919967,173,-23.464614,-24.914878,0
013403,华夏恒生科技ETF发起式联接(QDII)C,INDEX,2022-09-20,20,-4.414886,-5.431891,-20.510708,-4.6234,-0.437564,32.187976,-10.675293,-22.563683,60.0,2,0,0.0,0.0,5.431891,0.0,0.0,174,-5.431891,174,-22.38342,-24.914878,0
013403,华夏恒生科技ETF发起式联接(QDII)C,INDEX,2022-09-21,20,-4.730122,-8.270467,-23.276466,-6.902883,-0.527095,33.355574,-11.497506,-20.882034,65.0,0,2,0.0,0.0,8.270467,0.0,0.0,175,-8.270467,175,-18.245507,-22.753579,0
013403,华夏恒生科技ETF发起式联接(QDII)C,INDEX,2022-09-22,20,-6.111513,-6.813282,-21.882154,-7.769787,-0.666216,32.317459,-12.616256,-21.083384,65.0,0,3,0.0,0.0,6.813282,0.0,0.0,176,-6.813282,176,-16.42758,-22.50573,0
013403,华夏恒生科技ETF发起式联接(QDII)C,INDEX,2022-09-23,20,-5.927682,-13.85534,-22.575924,-9.029679,-0.733638,22.882676,-14.435908,-22.726719,70.0,0,4,0.0,0.0,13.85534,0.0,0.0,177,-13.85534,177,-19.171393,-22.50573,0
013403,华夏恒生科技ETF发起式联接(QDII)C,INDEX,2022-09-26,20,-2.293647,-12.724087,-20.756333,-6.577789,-0.741888,24.395621,-14.343543,-22.726719,70.0,2,0,0.0,0.0,12.724087,0.0,0.0,178,-12.724087,178,-19.938224,-22.50573,0
013403,华夏恒生科技ETF发起式联接(QDII)C,INDEX,2022-09-27,20,-3.108808,-10.964495,-20.328667,-5.015528,-0.729969,25.143599,-14.343543,-22.215415,65.0,3,0,0.0,0.0,10.964495,0.0,0.0,179,-10.964495,179,-14.423224,-22.50573,0
013403,华夏恒生科技ETF发起式联接(QDII)C,INDEX,2022-09-28,20,-3.518124,-13.538965,-22.374709,-7.396579,-0.750561,26.804249,-14.518958,-21.741816,65.0,0,2,0.0,0.0,13.538965,0.0,0.0,180,-13.538965,180,-9.218627,-19.936859,0
013403,华夏恒生科技ETF发起式联接(QDII)C,INDEX,2022-09-29,20,-3.45519,-15.544461,-22.680667,-7.730637,-0.746825,25.927111,-14.107314,-22.661559,70.0,0,3,0.0,0.0,15.544461,0.0,0.0,181,-15.544461,181,-11.183895,-18.964691,0
013403,华夏恒生科技ETF发起式联接(QDII)C,INDEX,2022-09-30,20,-2.441714,-15.013037,-23.116077,-7.961419,-0.76007,25.752183,-13.938299,-23.477079,70.0,0,4,0.0,0.0,15.013037,0.0,0.0,182,-15.013037,182,-3.520103,-18.101082,0
013403,华夏恒生科技ETF发起式联接(QDII)C,INDEX,2022-10-10,20,-5.72973,-15.175097,-24.576795,-8.541976,-0.789451,25.804569,-13.979707,-21.753621,70.0,0,5,0.0,0.0,15.175097,0.0,0.0,183,-15.175097,183,1.556356,-16.906946,0
013403,华夏恒生科技ETF发起式联接(QDII)C,INDEX,2022-10-11,20,-9.778457,-16.501697,-24.080741,-10.743302,-0.867524,27.07389,-16.784104,-24.304576,70.0,0,6,0.0,0.0,16.501697,0.0,0.0,184,-16.501697,184,3.183743,-15.424379,0
013403,华夏恒生科技ETF发起式联接(QDII)C,INDEX,2022-10-12,20,-6.961326,-16.763169,-23.014629,-10.103105,-0.920595,26.941139,-16.939121,-24.445584,75.0,0,7,0.0,0.0,16.763169,0.0,0.0,185,-16.763169,185,1.594842,-15.424379,0
013403,华夏恒生科技ETF发起式联接(QDII)C,INDEX,2022-10-13,20,-8.931139,-18.571429,-25.925926,-12.191515,-1.010383,28.246441,-19.673055,-26.932445,75.0,0,8,0.0,0.0,18.571429,0.0,0.0,186,-18.571429,186,2.070175,-15.424379,0
013403,华夏恒生科技ETF发起式联接(QDII)C,INDEX,2022-10-14,20,-6.66882,-16.60655,-25.457828,-10.162655,-1.069496,29.514866,-19.673055,-26.932445,70.0,2,0,0.0,0.0,16.60655,0.0,0.0,187,-16.60655,187,9.636678,-15.424379,0
013403,华夏恒生科技ETF发起式联接(QDII)C,INDEX,2022-10-17,20,-5.504587,-18.714769,-23.531751,-9.414287,-1.065841,27.040062,-19.343427,-26.932445,75.0,0,2,0.0,0.0,18.714769,0.0,0.0,188,-18.714769,188,10.315534,-15.424379,0
013403,华夏恒生科技ETF发起式联接(QDII)C,INDEX,2022-10-18,20,1.558002,-15.140795,-22.669246,-5.019837,-0.983751,32.301705,-17.451122,-26.932445,70.0,2,0,0.0,0.0,15.140795,0.0,0.0,189,-15.140795,189,12.773053,-15.424379,0
013403,华夏恒生科技ETF发起式联接(QDII)C,INDEX,2022-10-19,20,-2.375297,-16.511898,-24.744965,-8.039731,-0.974672,33.83549,-17.451122,-26.932445,70.0,0,2,0.0,0.0,16.511898,0.0,0.0,190,-16.511898,190,17.396594,-11.852624,0
013403,华夏恒生科技ETF发起式联接(QDII)C,INDEX,2022-10-20,20,-1.298246,-18.52281,-27.509342,-9.156965,-0.965105,33.911999,-16.713546,-27.881041,75.0,0,3,0.0,0.0,18.52281,0.0,0.0,191,-18.52281,191,18.076786,-9.847138,0
013403,华夏恒生科技ETF发起式联接(QDII)C,INDEX,2022-10-21,20,-3.287197,-17.16064,-28.186023,-8.886426,-0.971836,33.590765,-17.246484,-28.34252,75.0,0,4,0.0,0.0,17.16064,0.0,0.0,192,-17.16064,192,19.964222,-9.266547,0
013403,华夏恒生科技ETF发起式联接(QDII)C,INDEX,2022-10-24,20,-12.066574,-23.464614,-34.982695,-16.268397,-1.106858,44.788767,-24.914878,-34.899243,75.0,0,5,0.0,0.0,23.464614,0.0,0.0,193,-23.464614,193,28.864353,-6.146153,1
013403,华夏恒生科技ETF发起式联接(QDII)C,INDEX,2022-10-25,20,-12.572953,-22.38342,-31.873701,-12.35153,-1.131229,46.42395,-22.753579,-34.899243,75.0,2,0,0.0,0.0,22.38342,0.0,0.0,194,-22.38342,194,21.819569,-6.146153,1
013403,华夏恒生科技ETF发起式联接(QDII)C,INDEX,2022-10-26,20,-6.708377,-18.245507,-31.099987,-9.354182,-1.135003,47.710219,-22.50573,-34.292007,70.0,3,0,0.0,0.0,18.245507,0.0,0.0,195,-18.245507,195,19.429955,-6.146153,1
013403,华夏恒生科技ETF发起式联接(QDII)C,INDEX,2022-10-27,20,-3.697121,-16.42758,-29.809561,-7.679725,-1.117026,48.157932,-22.50573,-34.240892,65.0,4,0,0.0,0.0,16.42758,0.0,0.0,196,-16.42758,196,19.10299,-6.146153,1
013403,华夏恒生科技ETF发起式联接(QDII)C,INDEX,2022-10-28,20,-8.211091,-19.171393,-33.47595,-11.654054,-1.179878,50.543377,-22.50573,-32.346272,65.0,0,2,0.0,0.0,19.171393,0.0,0.0,197,-19.171393,197,23.328786,-6.432057,1
013403,华夏恒生科技ETF发起式联接(QDII)C,INDEX,2022-10-31,20,2.208202,-19.938224,-29.507751,-9.738304,-1.164901,49.891611,-22.50573,-32.346272,65.0,2,0,0.0,0.0,19.938224,0.0,0.0,198,-19.938224,198,20.3125,-7.777613,1
013403,华夏恒生科技ETF发起式联接(QDII)C,INDEX,2022-11-01,20,6.828152,-14.423224,-23.899457,-1.669563,-0.988013,59.118941,-19.936859,-32.346272,65.0,3,0,0.0,0.0,14.423224,0.0,0.0,199,-14.423224,199,19.960721,-7.777613,1
013403,华夏恒生科技ETF发起式联接(QDII)C,INDEX,2022-11-02,20,7.134873,-9.218627,-19.555183,1.484057,-0.80125,59.509877,-18.964691,-32.346272,60.0,4,0,0.0,0.0,9.218627,0.0,0.0,200,-9.218627,200,19.561815,-7.777613,1
013403,华夏恒生科技ETF发起式联接(QDII)C,INDEX,2022-11-03,20,2.602436,-11.183895,-23.48245,-1.294412,-0.667599,60.362106,-18.101082,-32.346272,60.0,0,2,0.0,0.0,11.183895,0.0,0.0,201,-11.183895,201,24.159021,-7.777613,1
013403,华夏恒生科技ETF发起式联接(QDII)C,INDEX,2022-11-04,20,16.449035,-3.520103,-20.013387,6.297812,-0.424081,66.644307,-16.906946,-32.346272,55.0,2,0,0.0,0.0,3.520103,0.0,0.0,202,-3.520103,202,16.100418,-7.777613,1
013403,华夏恒生科技ETF发起式联接(QDII)C,INDEX,2022-11-07,20,19.579475,1.556356,-17.313592,10.189752,-0.141388,67.791809,-15.424379,-31.634991,50.0,3,0,0.0,1.556356,0.0,0.0,0.0,203,1.556356,203,21.293757,-7.777613,1
013403,华夏恒生科技ETF发起式联接(QDII)C,INDEX,2022-11-08,20,8.784146,3.183743,-17.628768,8.124895,0.055546,66.971602,-15.424379,-31.634991,50.0,0,2,0.0,3.183743,0.0,0.0,0.0,204,3.183743,204,20.482521,-7.777613,1
013403,华夏恒生科技ETF发起式联接(QDII)C,INDEX,2022-11-09,20,4.121022,1.594842,-18.207895,6.173037,0.217344,67.323183,-15.424379,-31.634991,50.0,0,3,0.0,1.594842,0.0,0.0,0.0,205,1.594842,205,18.436874,-7.777613,1
013403,华夏恒生科技ETF发起式联接(QDII)C,INDEX,2022-11-10,20,4.659111,2.070175,-18.366774,3.050968,0.279018,67.03362,-15.424379,-31.634991,50.0,0,4,0.0,2.070175,0.0,0.0,0.0,206,2.070175,206,28.704022,-7.777613,1
013403,华夏恒生科技ETF发起式联接(QDII)C,INDEX,2022-11-11,20,6.058577,9.636678,-13.747108,11.692752,0.489061,73.810342,-15.424379,-31.634991,50.0,2,0,0.0,9.636678,0.0,0.0,0.0,207,9.636678,207,20.798485,-7.777613,1
013403,华夏恒生科技ETF发起式联接(QDII)C,INDEX,2022-11-14,20,2.645588,10.315534,-13.990268,11.566009,0.685325,73.757312,-15.424379,-31.634991,45.0,3,0,0.0,10.315534,0.0,0.0,0.0,208,10.315534,208,15.464404,-7.777613,1
013403,华夏恒生科技ETF发起式联接(QDII)C,INDEX,2022-11-15,20,10.996225,12.773053,-7.785656,17.788441,1.025157,75.598621,-11.852624,-31.634991,45.0,4,0,0.0,12.773053,0.0,0.0,0.0,209,12.773053,209,9.89206,-7.777613,1
013403,华夏恒生科技ETF发起式联接(QDII)C,INDEX,2022-11-16,20,12.808951,17.396594,-6.440443,16.632422,1.269616,73.574578,-9.847138,-31.634991,45.0,0,2,0.0,17.396594,0.0,0.0,0.0,210,17.396594,210,9.96299,-7.668394,1
013403,华夏恒生科技ETF发起式联接(QDII)C,INDEX,2022-11-17,20,14.180131,18.076786,-8.511224,13.700353,1.421938,73.281701,-9.266547,-31.634991,45.0,0,3,0.0,18.076786,0.0,0.0,0.0,211,18.076786,211,8.941743,-6.993737,1
013403,华夏恒生科技ETF发起式联接(QDII)C,INDEX,2022-11-18,20,5.822945,19.964222,-6.536585,13.692812,1.550007,73.04546,-6.146153,-31.634991,40.0,2,0,0.0,19.964222,0.0,0.0,0.0,212,19.964222,212,8.917387,-6.993737,1
013403,华夏恒生科技ETF发起式联接(QDII)C,INDEX,2022-11-21,20,2.718843,28.864353,-9.184382,9.45232,1.465055,63.802731,-6.146153,-31.634991,40.0,0,2,0.0,28.864353,0.0,0.0,0.0,213,28.864353,213,11.000612,-5.678947,1
013403,华夏恒生科技ETF发起式联接(QDII)C,INDEX,2022-11-22,20,-5.559663,21.819569,-10.583788,5.94236,1.35879,64.577896,-6.146153,-31.634991,45.0,0,3,0.0,21.819569,0.0,0.0,0.0,214,21.819569,214,10.427431,-7.864141,1
013403,华夏恒生科技ETF发起式联接(QDII)C,INDEX,2022-11-23,20,-5.092524,19.429955,-10.435876,5.428473,1.26537,64.428536,-6.146153,-31.634991,45.0,2,0,0.0,19.429955,0.0,0.0,0.0,215,19.429955,215,10.3416,-7.864141,1
013403,华夏恒生科技ETF发起式联接(QDII)C,INDEX,2022-11-24,20,-2.860154,19.10299,-7.244502,5.22368,1.170697,64.438084,-6.146153,-31.634991,45.0,3,0,0.0,19.10299,0.0,0.0,0.0,216,19.10299,216,14.489385,-7.864141,1
013403,华夏恒生科技ETF发起式联接(QDII)C,INDEX,2022-11-25,20,-5.636743,23.328786,-14.126747,2.188131,0.94905,61.133726,-6.432057,-31.634991,45.0,0,2,0.0,23.328786,0.0,0.0,0.0,217,23.328786,217,14.443742,-7.864141,1
013403,华夏恒生科技ETF发起式联接(QDII)C,INDEX,2022-11-28,20,-4.574663,20.3125,-15.932066,-0.130501,0.696252,61.807112,-7.777613,-31.561193,50.0,0,3,0.0,20.3125,0.0,0.0,0.0,218,20.3125,218,16.001283,-7.864141,1
013403,华夏恒生科技ETF发起式联接(QDII)C,INDEX,2022-11-29,20,5.198059,19.960721,-8.59747,6.633021,0.636092,61.337901,-7.777613,-31.561193,50.0,2,0,0.0,19.960721,0.0,0.0,0.0,219,19.960721,219,7.337401,-7.864141,1
013403,华夏恒生科技ETF发起式联接(QDII)C,INDEX,2022-11-30,20,7.253159,19.561815,-6.155316,8.159124,0.623048,61.224615,-7.777613,-31.561193,50.0,3,0,0.0,19.561815,0.0,0.0,0.0,220,19.561815,220,7.3153,-7.864141,1
013403,华夏恒生科技ETF发起式联接(QDII)C,INDEX,2022-12-01,20,6.958004,24.159021,-6.868169,7.433321,0.541458,59.145064,-7.777613,-30.396597,45.0,4,0,0.0,24.159021,0.0,0.0,0.0,221,24.159021,221,4.60736,-7.864141,1
013403,华夏恒生科技ETF发起式联接(QDII)C,INDEX,2022-12-02,20,9.623894,16.100418,-4.803074,7.175688,0.540919,54.218526,-7.777613,-29.516398,45.0,5,0,0.0,16.100418,0.0,0.0,0.0,222,16.100418,222,4.310221,-7.864141,1
013403,华夏恒生科技ETF发起式联接(QDII)C,INDEX,2022-12-05,20,20.554754,21.293757,4.488605,14.994915,0.698035,59.780418,-7.777613,-28.523112,45.0,6,0,0.0,21.293757,0.0,0.0,0.0,223,21.293757,223,-3.763798,-7.864141,0
013403,华夏恒生科技ETF发起式联接(QDII)C,INDEX,2022-12-06,20,9.25733,20.482521,3.803733,11.211265,0.758526,60.224645,-7.777613,-28.523112,45.0,0,2,0.0,20.482521,0.0,0.0,0.0,224,20.482521,224,0.504019,-7.864141,0
013403,华夏恒生科技ETF发起式联接(QDII)C,INDEX,2022-12-07,20,3.141361,18.436874,0.155345,6.54808,0.712225,61.503809,-7.777613,-28.523112,45.0,0,3,0.0,18.436874,0.0,0.0,0.0,225,18.436874,225,7.924422,-7.864141,1
013403,华夏恒生科技ETF发起式联接(QDII)C,INDEX,2022-12-08,20,8.490293,28.704022,6.971429,11.103692,0.683365,61.943995,-7.777613,-28.523112,40.0,2,0,0.0,28.704022,0.0,0.0,0.0,226,28.704022,226,3.485577,-7.864141,1
013403,华夏恒生科技ETF发起式联接(QDII)C,INDEX,2022-12-09,20,10.350296,20.798485,10.445823,12.481724,0.775473,55.278078,-7.777613,-28.523112,40.0,3,0,0.0,20.798485,0.0,0.0,0.0,227,20.798485,227,-0.209014,-7.864141,0
013403,华夏恒生科技ETF发起式联接(QDII)C,INDEX,2022-12-12,20,-2.287538,15.464404,3.537204,7.181152,0.78081,58.080414,-7.777613,-28.2298,45.0,0,2,0.0,15.464404,0.0,0.0,0.0,228,15.464404,228,6.220226,-5.099569,1
013403,华夏恒生科技ETF发起式联接(QDII)C,INDEX,2022-12-13,20,1.239613,9.89206,5.164851,7.89466,0.875705,54.370149,-7.668394,-26.545981,45.0,2,0,0.0,9.89206,0.0,0.0,0.0,229,9.89206,229,3.807858,-5.099569,1
013403,华夏恒生科技ETF发起式联接(QDII)C,INDEX,2022-12-14,20,4.737733,9.96299,7.777133,7.312351,0.95247,54.360481,-6.993737,-26.545981,45.0,0,2,0.0,9.96299,0.0,0.0,0.0,230,9.96299,230,3.782983,-5.048465,1
013403,华夏恒生科技ETF发起式联接(QDII)C,INDEX,2022-12-15,20,-3.35203,8.941743,4.80811,4.106278,0.949829,54.941681,-6.993737,-24.914878,45.0,0,3,0.0,8.941743,0.0,0.0,0.0,231,8.941743,231,4.974437,-3.436473,1
013403,华夏恒生科技ETF发起式联接(QDII)C,INDEX,2022-12-16,20,-4.585238,8.917387,8.239478,4.6201,0.962346,54.939213,-5.678947,-24.914878,45.0,2,0,0.0,8.917387,0.0,0.0,0.0,232,8.917387,232,4.942497,-3.436473,1
013403,华夏恒生科技ETF发起式联接(QDII)C,INDEX,2022-12-19,20,-1.252212,11.000612,9.476384,3.385869,0.912876,53.970723,-5.678947,-24.914878,45.0,0,2,0.0,11.000612,0.0,0.0,0.0,233,11.000612,233,4.272915,-3.062532,1
013403,华夏恒生科技ETF发起式联接(QDII)C,INDEX,2022-12-20,20,-5.099569,10.427431,4.411547,0.032621,0.774604,54.353294,-7.864141,-22.753579,45.0,0,3,0.0,10.427431,0.0,0.0,0.0,234,10.427431,234,7.273501,-3.062532,1
013403,华夏恒生科技ETF发起式联接(QDII)C,INDEX,2022-12-21,20,-4.765751,10.3416,7.736826,-0.139049,0.633093,54.357344,-7.864141,-22.50573,45.0,2,0,0.0,10.3416,0.0,0.0,0.0,235,10.3416,235,7.916313,-3.062532,1
013403,华夏恒生科技ETF发起式联接(QDII)C,INDEX,2022-12-22,20,2.0865,14.489385,13.959587,3.609794,0.550186,56.088326,-7.864141,-22.50573,45.0,3,0,0.0,14.489385,0.0,0.0,0.0,236,14.489385,236,1.732539,-3.690415,0
013403,华夏恒生科技ETF发起式联接(QDII)C,INDEX,2022-12-23,20,-0.84885,14.443742,14.083176,0.915514,0.392269,56.11321,-7.864141,-22.50573,45.0,0,2,0.0,14.443742,0.0,0.0,0.0,237,14.443742,237,6.338028,-3.690415,1
013403,华夏恒生科技ETF发起式联接(QDII)C,INDEX,2022-12-26,20,-0.275672,16.001283,11.737452,0.121779,0.195924,55.624182,-7.864141,-22.50573,45.0,0,3,0.0,16.001283,0.0,0.0,0.0,238,16.001283,238,6.648238,-3.690415,1
013403,华夏恒生科技ETF发起式联接(QDII)C,INDEX,2022-12-27,20,2.25436,7.337401,10.190985,-0.535799,0.082013,49.310051,-7.864141,-19.936859,50.0,0,4,0.0,7.337401,0.0,0.0,0.0,239,7.337401,239,6.059346,-3.690415,1
013403,华夏恒生科技ETF发起式联接(QDII)C,INDEX,2022-12-28,20,4.311563,7.3153,16.479874,1.415613,0.025545,49.299127,-7.864141,-18.964691,50.0,2,0,0.0,7.3153,0.0,0.0,0.0,240,7.3153,240,6.748882,-3.690415,1
013403,华夏恒生科技ETF发起式联接(QDII)C,INDEX,2022-12-29,20,-2.273958,4.60736,15.35389,-0.986026,-0.066466,50.125928,-7.864141,-18.101082,55.0,0,2,0.0,4.60736,0.0,0.0,0.0,241,4.60736,241,8.601108,-3.690415,1
013403,华夏恒生科技ETF发起式联接(QDII)C,INDEX,2022-12-30,20,-0.08285,4.310221,16.841595,-0.969638,-0.15395,50.118401,-7.864141,-16.906946,55.0,2,0,0.0,4.310221,0.0,0.0,0.0,242,4.310221,242,7.186291,-3.690415,1
013403,华夏恒生科技ETF发起式联接(QDII)C,INDEX,2022-12-31,20,0.013822,-3.763798,18.545216,-0.77749,-0.122194,39.861321,-7.864141,-15.424379,55.0,0,0,0.0,0.0,3.763798,0.0,0.0,243,-3.763798,243,3.855721,-4.595658,1
013403,华夏恒生科技ETF发起式联接(QDII)C,INDEX,2023-01-03,20,2.301719,0.504019,24.944962,1.144005,-0.095003,39.646373,-7.864141,-15.424379,50.0,2,0,0.0,0.504019,0.0,0.0,0.0,244,0.504019,244,3.320683,-4.595658,1
013403,华夏恒生科技ETF发起式联接(QDII)C,INDEX,2023-01-04,20,3.726792,7.924422,29.860875,4.525001,-0.068189,39.506707,-7.864141,-15.424379,45.0,3,0,0.0,7.924422,0.0,0.0,0.0,245,7.924422,245,-2.560753,-5.319284,0
013403,华夏恒生科技ETF发起式联接(QDII)C,INDEX,2023-01-05,20,7.32687,3.485577,35.947368,5.634091,0.050551,34.677839,-7.864141,-15.424379,45.0,4,0,0.0,3.485577,0.0,0.0,0.0,246,3.485577,246,-0.658149,-5.319284,0
013403,华夏恒生科技ETF发起式联接(QDII)C,INDEX,2023-01-06,20,5.569375,-0.209014,32.16263,4.145932,0.178362,34.252967,-5.099569,-15.424379,50.0,0,2,0.0,0.0,0.209014,0.0,0.0,247,-0.209014,247,-3.599948,-6.512632,0
013403,华夏恒生科技ETF发起式联接(QDII)C,INDEX,2023-01-09,20,7.849641,6.220226,35.298197,6.065033,0.271485,31.514642,-5.099569,-15.424379,45.0,2,0,0.0,6.220226,0.0,0.0,0.0,248,6.220226,248,-5.023065,-6.512632,0
013403,华夏恒生科技ETF发起式联接(QDII)C,INDEX,2023-01-10,20,4.567634,3.807858,28.647657,4.65416,0.356097,31.760326,-5.048465,-11.852624,50.0,0,2,0.0,3.807858,0.0,0.0,0.0,249,3.807858,249,-4.886585,-6.842707,0
013403,华夏恒生科技ETF发起式联接(QDII)C,INDEX,2023-01-11,20,0.718579,3.782983,33.976364,4.373845,0.432614,31.763037,-3.436473,-9.847138,50.0,0,3,0.0,3.782983,0.0,0.0,0.0,250,3.782983,250,-5.60384,-7.617113,0
013403,华夏恒生科技ETF发起式联接(QDII)C,INDEX,2023-01-12,20,-1.961543,4.974437,35.033772,2.607392,0.440519,30.69672,-3.436473,-9.266547,50.0,0,4,0.0,4.974437,0.0,0.0,0.0,251,4.974437,251,-2.119258,-7.617113,0
013403,华夏恒生科技ETF发起式联接(QDII)C,INDEX,2023-01-13,20,0.340359,4.942497,37.119857,3.27405,0.468431,30.688087,-2.784287,-7.864141,50.0,2,0,0.0,4.942497,0.0,0.0,0.0,252,4.942497,252,-5.166341,-7.718675,0
013403,华夏恒生科技ETF发起式联接(QDII)C,INDEX,2023-01-16,20,-3.062532,4.272915,49.152208,1.714286,0.459468,31.023437,-3.062532,-7.864141,50.0,0,2,0.0,4.272915,0.0,0.0,0.0,253,4.272915,253,-2.68341,-7.718675,0
013403,华夏恒生科技ETF发起式联接(QDII)C,INDEX,2023-01-17,20,-1.931303,7.273501,44.306695,1.378104,0.401139,28.940821,-3.062532,-7.864141,45.0,2,0,0.0,7.273501,0.0,0.0,0.0,254,7.273501,254,-6.04018,-9.749905,0
013403,华夏恒生科技ETF发起式联接(QDII)C,INDEX,2023-01-18,20,-0.972889,7.916313,42.213115,1.906917,0.350198,29.000238,-3.062532,-7.864141,45.0,3,0,0.0,7.916313,0.0,0.0,0.0,255,7.916313,255,-7.938171,-10.778215,0
013403,华夏恒生科技ETF发起式联接(QDII)C,INDEX,2023-01-19,20,-1.06621,1.732539,38.722776,0.24608,0.332911,25.508939,-3.690415,-7.864141,50.0,0,2,0.0,1.732539,0.0,0.0,0.0,256,1.732539,256,-5.122406,-10.778215,0
013403,华夏恒生科技ETF发起式联接(QDII)C,INDEX,2023-01-20,20,0.469667,6.338028,50.087702,2.400106,0.316888,25.586273,-3.690415,-7.864141,45.0,2,0,0.0,6.338028,0.0,0.0,0.0,257,6.338028,257,-10.466173,-12.466675,0
013403,华夏恒生科技ETF发起式联接(QDII)C,INDEX,2023-01-30,20,1.996034,6.648238,48.842593,2.272501,0.293146,25.544208,-3.690415,-7.864141,40.0,3,0,0.0,6.648238,0.0,0.0,0.0,258,6.648238,258,-10.342146,-12.466675,0
013403,华夏恒生科技ETF发起式联接(QDII)C,INDEX,2023-01-31,20,1.097013,6.059346,36.564899,1.091668,0.242624,25.804077,-3.690415,-7.864141,40.0,0,2,0.0,6.059346,0.0,0.0,0.0,259,6.059346,259,-11.007975,-13.583852,0
013403,华夏恒生科技ETF发起式联接(QDII)C,INDEX,2023-02-01,20,3.183128,6.748882,36.967484,3.763519,0.2613,26.586969,-3.690415,-7.864141,40.0,2,0,0.0,6.748882,0.0,0.0,0.0,260,6.748882,260,-8.302653,-13.583852,0
013403,华夏恒生科技ETF发起式联接(QDII)C,INDEX,2023-02-02,20,4.324109,8.601108,41.050549,2.868538,0.230121,25.116121,-3.690415,-7.864141,40.0,0,2,0.0,8.601108,0.0,0.0,0.0,261,8.601108,261,-9.858436,-13.187093,0
013403,华夏恒生科技ETF发起式联接(QDII)C,INDEX,2023-02-03,20,0.714193,7.186291,29.807531,1.407493,0.174543,25.677811,-3.690415,-7.864141,45.0,0,3,0.0,7.186291,0.0,0.0,0.0,262,7.186291,262,-6.730273,-12.235688,0
013403,华夏恒生科技ETF发起式联接(QDII)C,INDEX,2023-02-06,20,-2.604977,3.855721,21.229231,-1.922399,0.064391,28.472263,-4.595658,-7.864141,50.0,0,4,0.0,3.855721,0.0,0.0,0.0,263,3.855721,263,-4.697272,-11.574435,0
013403,华夏恒生科技ETF发起式联接(QDII)C,INDEX,2023-02-07,20,-0.339914,3.320683,25.110783,-0.671701,-0.001519,28.100756,-4.595658,-7.864141,50.0,2,0,0.0,3.320683,0.0,0.0,0.0,264,3.320683,264,-6.965762,-11.574435,0
013403,华夏恒生科技ETF发起式联接(QDII)C,INDEX,2023-02-08,20,-5.319284,-2.560753,24.549098,-2.697413,-0.046115,25.903425,-5.319284,-7.864141,55.0,0,2,0.0,0.0,2.560753,0.0,0.0,265,-2.560753,265,-7.38804,-11.574435,0
013403,华夏恒生科技ETF发起式联接(QDII)C,INDEX,2023-02-09,20,-1.823747,-0.658149,32.31351,0.467229,-0.02257,28.132668,-5.319284,-7.864141,55.0,2,0,0.0,0.0,0.658149,0.0,0.0,266,-0.658149,266,-11.366589,-11.574435,0
013403,华夏恒生科技ETF发起式联接(QDII)C,INDEX,2023-02-10,20,-5.054152,-3.599948,16.206407,-3.719054,-0.083097,31.738683,-6.512632,-7.864141,55.0,0,2,0.0,0.0,3.599948,0.0,0.0,267,-3.599948,267,-10.619229,-11.484669,0
013403,华夏恒生科技ETF发起式联接(QDII)C,INDEX,2023-02-13,20,-1.370592,-5.023065,16.485934,-2.842499,-0.095394,30.708738,-6.512632,-7.864141,55.0,2,0,0.0,0.0,5.023065,0.0,0.0,268,-5.023065,268,-9.133837,-11.484669,0
013403,华夏恒生科技ETF发起式联接(QDII)C,INDEX,2023-02-14,20,-3.738686,-4.886585,8.502144,-3.574244,-0.132355,30.657559,-6.842707,-7.864141,55.0,0,2,0.0,0.0,4.886585,0.0,0.0,269,-4.886585,269,-10.834015,-12.009145,0
013403,华夏恒生科技ETF发起式联接(QDII)C,INDEX,2023-02-15,20,-2.426924,-5.60384,7.727609,-4.103632,-0.174822,30.723754,-7.617113,-7.864141,55.0,0,3,0.0,0.0,5.60384,0.0,0.0,270,-5.60384,270,-8.863543,-12.009145,0
013403,华夏恒生科技ETF发起式联接(QDII)C,INDEX,2023-02-16,20,-3.403481,-2.119258,11.937378,-1.904266,-0.201937,31.568341,-7.617113,-7.864141,50.0,2,0,0.0,0.0,2.119258,0.0,0.0,271,-2.119258,271,-11.471221,-12.009145,0
013403,华夏恒生科技ETF发起式联接(QDII)C,INDEX,2023-02-17,20,-1.29006,-5.166341,8.395467,-3.856201,-0.243617,32.232579,-7.718675,-7.864141,55.0,0,2,0.0,0.0,5.166341,0.0,0.0,272,-5.166341,272,-5.819232,-11.124694,0
013403,华夏恒生科技ETF发起式联接(QDII)C,INDEX,2023-02-20,20,-0.674582,-2.68341,12.637699,-2.495232,-0.280581,32.410753,-7.718675,-7.864141,50.0,2,0,0.0,0.0,2.68341,0.0,0.0,273,-2.68341,273,-9.820701,-11.124694,0
013403,华夏恒生科技ETF发起式联接(QDII)C,INDEX,2023-02-21,20,-3.120741,-6.04018,11.304212,-5.560242,-0.361929,34.475801,-9.749905,-9.749905,55.0,0,2,0.0,0.0,6.04018,0.0,0.0,274,-6.04018,274,-4.234069,-9.552115,0
013403,华夏恒生科技ETF发起式联接(QDII)C,INDEX,2023-02-22,20,-3.42174,-7.938171,9.624084,-6.258962,-0.43616,34.303523,-10.778215,-10.778215,60.0,0,3,0.0,0.0,7.938171,0.0,0.0,275,-7.938171,275,-2.262379,-9.552115,0
013403,华夏恒生科技ETF发起式联接(QDII)C,INDEX,2023-02-23,20,-4.101668,-5.122406,10.506741,-4.640278,-0.503291,34.622318,-10.778215,-10.778215,55.0,2,0,0.0,0.0,5.122406,0.0,0.0,276,-5.122406,276,0.743234,-9.552115,0
013403,华夏恒生科技ETF发起式联接(QDII)C,INDEX,2023-02-24,20,-5.145137,-10.466173,8.960177,-7.296611,-0.570655,34.71039,-12.466675,-12.466675,60.0,0,2,0.0,0.0,10.466173,0.0,0.0,277,-10.466173,277,4.292966,-9.552115,0
013403,华夏恒生科技ETF发起式联接(QDII)C,INDEX,2023-02-27,20,-6.03097,-10.342146,10.918711,-6.485712,-0.614692,34.752216,-12.466675,-12.466675,60.0,2,0,0.0,0.0,10.342146,0.0,0.0,278,-10.342146,278,1.60451,-9.552115,0
013403,华夏恒生科技ETF发起式联接(QDII)C,INDEX,2023-02-28,20,-4.248136,-11.007975,1.309719,-7.459521,-0.679029,34.947368,-13.583852,-13.583852,60.0,0,2,0.0,0.0,11.007975,0.0,0.0,279,-11.007975,279,4.26032,-9.552115,0
013403,华夏恒生科技ETF发起式联接(QDII)C,INDEX,2023-03-01,20,2.774616,-8.302653,5.046539,-1.365561,-0.595549,40.480843,-13.187093,-13.583852,60.0,2,0,0.0,0.0,8.302653,0.0,0.0,280,-8.302653,280,0.567631,-9.552115,0
013403,华夏恒生科技ETF发起式联接(QDII)C,INDEX,2023-03-02,20,-0.883467,-9.858436,2.4051,-2.970066,-0.536437,40.952586,-12.235688,-13.583852,60.0,0,2,0.0,0.0,9.858436,0.0,0.0,281,-9.858436,281,3.494624,-9.552115,0
013403,华夏恒生科技ETF发起式联接(QDII)C,INDEX,2023-03-03,20,4.916606,-6.730273,4.28139,-0.334103,-0.445674,42.084979,-11.574435,-13.583852,55.0,2,0,0.0,0.0,6.730273,0.0,0.0,282,-6.730273,282,1.64501,-9.552115,0
013403,华夏恒生科技ETF发起式联接(QDII)C,INDEX,2023-03-06,20,3.527031,-4.697272,-4.747972,-1.085545,-0.409761,40.876547,-11.574435,-13.583852,55.0,0,2,0.0,0.0,4.697272,0.0,0.0,283,-4.697272,283,2.708741,-8.642837,0
013403,华夏恒生科技ETF发起式联接(QDII)C,INDEX,2023-03-07,20,4.186866,-6.965762,-3.391908,-1.691837,-0.357,40.483559,-11.574435,-13.583852,60.0,0,3,0.0,0.0,6.965762,0.0,0.0,284,-6.965762,284,2.072758,-7.741117,1
013403,华夏恒生科技ETF发起式联接(QDII)C,INDEX,2023-03-08,20,-4.374913,-7.38804,-2.608573,-3.889237,-0.365807,40.780098,-11.574435,-13.583852,60.0,0,4,0.0,0.0,7.38804,0.0,0.0,285,-7.38804,285,4.93702,-5.270016,1
013403,华夏恒生科技ETF发起式联接(QDII)C,INDEX,2023-03-09,20,-3.466327,-11.366589,-8.880876,-4.476567,-0.327679,38.611571,-8.458849,-13.583852,65.0,0,5,0.0,0.0,11.366589,0.0,0.0,286,-11.366589,286,6.346182,-4.103767,1
013403,华夏恒生科技ETF发起式联接(QDII)C,INDEX,2023-03-10,20,-9.012994,-10.619229,-14.016982,-7.343408,-0.393073,37.662838,-11.484669,-16.440269,65.0,0,6,0.0,0.0,10.619229,0.0,0.0,287,-10.619229,287,10.103312,-3.023663,1
013403,华夏恒生科技ETF发起式联接(QDII)C,INDEX,2023-03-13,20,-5.962022,-9.133837,-8.329931,-4.735636,-0.400581,38.81143,-11.484669,-16.440269,65.0,2,0,0.0,0.0,9.133837,0.0,0.0,288,-9.133837,288,8.062361,-3.023663,1
013403,华夏恒生科技ETF发起式联接(QDII)C,INDEX,2023-03-14,20,-7.741117,-10.834015,-11.961787,-6.928116,-0.449659,39.705487,-12.009145,-16.935381,65.0,0,2,0.0,0.0,10.834015,0.0,0.0,289,-10.834015,289,9.185389,-3.023663,1
013403,华夏恒生科技ETF发起式联接(QDII)C,INDEX,2023-03-15,20,-3.981468,-8.863543,-10.716209,-5.227357,-0.477271,40.252192,-12.009145,-16.935381,60.0,2,0,0.0,0.0,8.863543,0.0,0.0,290,-8.863543,290,7.267793,-3.289831,1
013403,华夏恒生科技ETF发起式联接(QDII)C,INDEX,2023-03-16,20,-3.517514,-11.471221,-9.036894,-5.350711,-0.465918,39.050377,-11.124694,-16.935381,65.0,0,2,0.0,0.0,11.471221,0.0,0.0,291,-11.471221,291,8.051041,-3.303426,1
013403,华夏恒生科技ETF发起式联接(QDII)C,INDEX,2023-03-17,20,4.010939,-5.819232,-6.270537,-1.269109,-0.418359,41.710132,-11.124694,-16.935381,60.0,2,0,0.0,0.0,5.819232,0.0,0.0,292,-5.819232,292,6.134969,-3.303426,1
013403,华夏恒生科技ETF发起式联接(QDII)C,INDEX,2023-03-20,20,-1.42539,-9.820701,-8.490696,-3.752619,-0.383676,42.385692,-9.552115,-16.935381,65.0,0,2,0.0,0.0,9.820701,0.0,0.0,293,-9.820701,293,8.40488,-3.303426,1
013403,华夏恒生科技ETF发起式联接(QDII)C,INDEX,2023-03-21,20,4.05013,-4.234069,-3.473699,-1.086767,-0.354725,42.173511,-9.552115,-16.935381,60.0,2,0,0.0,0.0,4.234069,0.0,0.0,294,-4.234069,294,3.231492,-4.458945,1
013403,华夏恒生科技ETF发起式联接(QDII)C,INDEX,2023-03-22,20,3.573583,-2.262379,-2.897936,-0.085093,-0.324655,42.180103,-9.552115,-16.935381,55.0,3,0,0.0,0.0,2.262379,0.0,0.0,295,-2.262379,295,2.576794,-4.458945,1
013403,华夏恒生科技ETF发起式联接(QDII)C,INDEX,2023-03-23,20,9.129576,0.743234,-2.761234,4.456561,-0.201507,45.05387,-9.552115,-16.935381,55.0,4,0,0.0,0.743234,0.0,0.0,0.0,296,0.743234,296,-5.108575,-7.327352,0
013403,华夏恒生科技ETF发起式联接(QDII)C,INDEX,2023-03-24,20,5.039439,4.292966,-0.704225,4.333822,-0.132086,43.246301,-9.552115,-16.935381,50.0,5,0,0.0,4.292966,0.0,0.0,0.0,297,4.292966,297,-5.326102,-7.449701,0
013403,华夏恒生科技ETF发起式联接(QDII)C,INDEX,2023-03-27,20,5.874379,1.60451,-2.84727,1.901317,-0.097786,44.14147,-9.552115,-16.935381,55.0,0,2,0.0,1.60451,0.0,0.0,0.0,298,1.60451,298,-6.373595,-10.535617,0
013403,华夏恒生科技ETF发起式联接(QDII)C,INDEX,2023-03-28,20,4.245006,4.26032,-1.594565,2.671306,-0.077175,43.754328,-9.552115,-16.935381,50.0,2,0,0.0,4.26032,0.0,0.0,0.0,299,4.26032,299,-5.678456,-10.535617,0
013403,华夏恒生科技ETF发起式联接(QDII)C,INDEX,2023-03-29,20,5.750473,0.567631,-1.558477,5.056115,0.066441,38.826925,-9.552115,-16.935381,50.0,3,0,0.0,0.567631,0.0,0.0,0.0,300,0.567631,300,-8.122247,-10.535617,0
013403,华夏恒生科技ETF发起式联接(QDII)C,INDEX,2023-03-30,20,1.823497,3.494624,1.315789,5.605082,0.183955,37.991254,-9.552115,-16.935381,45.0,4,0,0.0,3.494624,0.0,0.0,0.0,301,3.494624,301,-7.84689,-10.535617,0
013403,华夏恒生科技ETF发起式联接(QDII)C,INDEX,2023-03-31,20,2.252816,1.64501,1.616915,6.062573,0.341609,37.1644,-8.642837,-16.935381,45.0,5,0,0.0,1.64501,0.0,0.0,0.0,302,1.64501,302,-9.547124,-10.535617,0
013403,华夏恒生科技ETF发起式联接(QDII)C,INDEX,2023-04-03,20,4.652155,2.708741,1.658375,5.957594,0.480387,36.937893,-7.741117,-16.935381,40.0,6,0,0.0,2.708741,0.0,0.0,0.0,303,2.708741,303,-8.632409,-10.535617,0
013403,华夏恒生科技ETF发起式联接(QDII)C,INDEX,2023-04-04,20,2.000845,2.072758,-1.883979,4.16202,0.574835,37.250959,-5.270016,-16.935381,40.0,0,2,0.0,2.072758,0.0,0.0,0.0,304,2.072758,304,-6.686006,-9.576807,0
013403,华夏恒生科技ETF发起式联接(QDII)C,INDEX,2023-04-06,20,-0.220264,4.93702,-5.304416,4.036286,0.624897,35.823241,-4.103767,-16.935381,35.0,2,0,0.0,4.93702,0.0,0.0,0.0,305,4.93702,305,-9.326711,-9.700467,0
013403,华夏恒生科技ETF发起式联接(QDII)C,INDEX,2023-04-07,20,-0.806562,6.346182,-6.362111,3.82846,0.64959,35.402618,-3.023663,-16.935381,30.0,3,0,0.0,6.346182,0.0,0.0,0.0,306,6.346182,306,-8.985667,-9.700467,0
013403,华夏恒生科技ETF发起式联接(QDII)C,INDEX,2023-04-10,20,-1.441588,10.103312,-5.131562,3.208625,0.607719,32.409677,-3.023663,-16.935381,30.0,0,2,0.0,10.103312,0.0,0.0,0.0,307,10.103312,307,-7.837726,-9.700467,0
013403,华夏恒生科技ETF发起式联接(QDII)C,INDEX,2023-04-11,20,-1.060359,8.062361,-6.740133,3.250885,0.593101,31.686336,-3.023663,-16.935381,30.0,2,0,0.0,8.062361,0.0,0.0,0.0,308,8.062361,308,-7.653201,-9.700467,0
013403,华夏恒生科技ETF发起式联接(QDII)C,INDEX,2023-04-12,20,-1.312336,9.185389,-7.401167,0.919634,0.496955,30.489556,-3.023663,-16.935381,30.0,0,2,0.0,9.185389,0.0,0.0,0.0,309,9.185389,309,-4.535274,-9.551335,0
013403,华夏恒生科技ETF发起式联接(QDII)C,INDEX,2023-04-13,20,-1.848786,7.267793,-7.718251,0.154864,0.402986,30.44544,-3.289831,-16.935381,35.0,0,3,0.0,7.267793,0.0,0.0,0.0,310,7.267793,310,-3.500141,-9.551335,0
013403,华夏恒生科技ETF发起式联接(QDII)C,INDEX,2023-04-14,20,-1.970783,8.051041,-6.370936,-0.231433,0.288329,30.203476,-3.303426,-16.935381,35.0,0,4,0.0,8.051041,0.0,0.0,0.0,311,8.051041,311,-5.24392,-9.551335,0
013403,华夏恒生科技ETF发起式联接(QDII)C,INDEX,2023-04-17,20,0.262177,6.134969,-5.205479,1.615272,0.252151,27.919078,-3.303426,-16.935381,35.0,2,0,0.0,6.134969,0.0,0.0,0.0,312,6.134969,312,-5.835398,-9.551335,0
013403,华夏恒生科技ETF发起式联接(QDII)C,INDEX,2023-04-18,20,-1.112943,8.40488,-4.864508,0.259111,0.147917,25.497403,-3.303426,-16.935381,35.0,0,2,0.0,8.40488,0.0,0.0,0.0,313,8.40488,313,-6.488815,-8.684174,0
013403,华夏恒生科技ETF发起式联接(QDII)C,INDEX,2023-04-19,20,-1.62374,3.231492,-7.110759,-2.244972,0.036457,25.99012,-4.458945,-16.935381,40.0,0,3,0.0,3.231492,0.0,0.0,0.0,314,3.231492,314,-2.546955,-6.727221,0
013403,华夏恒生科技ETF发起式联接(QDII)C,INDEX,2023-04-20,20,-0.955862,2.576794,-7.702384,-2.115097,-0.062327,25.852511,-4.458945,-16.935381,40.0,2,0,0.0,2.576794,0.0,0.0,0.0,315,2.576794,315,-3.902924,-6.727221,0
013403,华夏恒生科技ETF发起式联接(QDII)C,INDEX,2023-04-21,20,-4.161395,-5.108575,-9.30016,-5.054388,-0.141477,22.756599,-7.327352,-16.935381,45.0,0,2,0.0,0.0,5.108575,0.0,0.0,316,-5.108575,316,-2.361743,-3.593956,0
013403,华夏恒生科技ETF发起式联接(QDII)C,INDEX,2023-04-24,20,-6.303331,-5.326102,-11.595897,-4.92616,-0.213602,22.724416,-7.449701,-16.935381,50.0,0,3,0.0,0.0,5.326102,0.0,0.0,317,-5.326102,317,-4.318449,-5.112891,0
013403,华夏恒生科技ETF发起式联接(QDII)C,INDEX,2023-04-25,20,-8.559122,-6.373595,-14.709694,-7.807827,-0.359437,24.252963,-10.535617,-16.935381,50.0,0,4,0.0,0.0,6.373595,0.0,0.0,318,-6.373595,318,-0.805349,-5.112891,0
013403,华夏恒生科技ETF发起式联接(QDII)C,INDEX,2023-04-26,20,-4.752419,-5.678456,-12.485292,-5.959372,-0.458805,24.916651,-10.535617,-16.935381,50.0,2,0,0.0,0.0,5.678456,0.0,0.0,319,-5.678456,319,-3.779504,-6.176256,0
013403,华夏恒生科技ETF发起式联接(QDII)C,INDEX,2023-04-27,20,-5.279591,-8.122247,-15.272312,-5.850156,-0.517757,22.89579,-10.535617,-16.554011,55.0,0,2,0.0,0.0,8.122247,0.0,0.0,320,-8.122247,320,-1.753072,-6.176256,0
013403,华夏恒生科技ETF发起式联接(QDII)C,INDEX,2023-04-28,20,-1.11486,-7.84689,-14.028823,-4.518414,-0.539607,23.114703,-10.535617,-15.639505,55.0,2,0,0.0,0.0,7.84689,0.0,0.0,321,-7.84689,321,-4.687732,-6.409323,0
013403,华夏恒生科技ETF发起式联接(QDII)C,INDEX,2023-05-04,20,-2.30611,-9.547124,-14.247035,-5.322496,-0.559621,23.076208,-10.535617,-15.003897,60.0,0,2,0.0,0.0,9.547124,0.0,0.0,322,-9.547124,322,-3.082243,-6.409323,0
013403,华夏恒生科技ETF发起式联接(QDII)C,INDEX,2023-05-05,20,2.127336,-8.632409,-10.565536,-3.891665,-0.549485,23.657145,-9.576807,-15.003897,60.0,2,0,0.0,0.0,8.632409,0.0,0.0,323,-8.632409,323,0.714179,-6.409323,0
013403,华夏恒生科技ETF发起式联接(QDII)C,INDEX,2023-05-08,20,0.911264,-6.686006,-11.386593,-3.070046,-0.54451,23.474263,-9.576807,-15.003897,55.0,3,0,0.0,0.0,6.686006,0.0,0.0,324,-6.686006,324,0.488527,-6.409323,0
013403,华夏恒生科技ETF发起式联接(QDII)C,INDEX,2023-05-09,20,-1.528319,-9.326711,-11.879861,-5.236368,-0.565399,24.853182,-9.700467,-15.003897,60.0,0,2,0.0,0.0,9.326711,0.0,0.0,325,-9.326711,325,3.286671,-6.409323,1
013403,华夏恒生科技ETF发起式联接(QDII)C,INDEX,2023-05-10,20,-2.032339,-8.985667,-14.211484,-4.325213,-0.563211,25.006597,-9.700467,-12.009145,60.0,2,0,0.0,0.0,8.985667,0.0,0.0,326,-8.985667,326,5.148395,-6.409323,1
013403,华夏恒生科技ETF发起式联接(QDII)C,INDEX,2023-05-11,20,0.420989,-7.837726,-9.30201,-2.838896,-0.532878,25.621792,-9.700467,-12.009145,55.0,3,0,0.0,0.0,7.837726,0.0,0.0,327,-7.837726,327,3.413685,-6.409323,1
013403,华夏恒生科技ETF发起式联接(QDII)C,INDEX,2023-05-12,20,0.0,-7.653201,-9.32272,-1.830186,-0.473863,25.717171,-9.551335,-12.009145,55.0,4,0,0.0,0.0,7.653201,0.0,0.0,328,-7.653201,328,3.630412,-6.409323,1
013403,华夏恒生科技ETF发起式联接(QDII)C,INDEX,2023-05-15,20,0.96225,-4.535274,-7.059144,-0.147875,-0.411667,25.917714,-9.551335,-12.009145,50.0,5,0,0.0,0.0,4.535274,0.0,0.0,329,-4.535274,329,2.536657,-6.409323,1
013403,华夏恒生科技ETF发起式联接(QDII)C,INDEX,2023-05-16,20,4.458308,-3.500141,-5.661674,0.694521,-0.339356,26.089526,-9.551335,-12.009145,45.0,6,0,0.0,0.0,3.500141,0.0,0.0,330,-3.500141,330,4.530226,-6.409323,1
013403,华夏恒生科技ETF发起式联接(QDII)C,INDEX,2023-05-17,20,2.059358,-5.24392,-9.359871,-0.867775,-0.288012,26.731244,-9.551335,-11.124694,45.0,0,2,0.0,0.0,5.24392,0.0,0.0,331,-5.24392,331,6.94362,-6.190685,1
013403,华夏恒生科技ETF发起式联接(QDII)C,INDEX,2023-05-18,20,2.440485,-5.835398,-5.874261,0.94721,-0.171058,26.057258,-8.684174,-11.124694,45.0,2,0,0.0,0.0,5.835398,0.0,0.0,332,-5.835398,332,8.886291,-6.190685,1
013403,华夏恒生科技ETF发起式联接(QDII)C,INDEX,2023-05-19,20,0.133909,-6.488815,-8.584624,-0.361984,-0.083765,26.400939,-6.727221,-10.657966,45.0,0,2,0.0,0.0,6.488815,0.0,0.0,333,-6.488815,333,11.485884,-6.190685,1
013403,华夏恒生科技ETF发起式联接(QDII)C,INDEX,2023-05-22,20,0.42522,-2.546955,-3.657336,1.534356,0.000178,26.253095,-6.727221,-10.657966,40.0,2,0,0.0,0.0,2.546955,0.0,0.0,334,-2.546955,334,7.913564,-6.190685,1
013403,华夏恒生科技ETF发起式联接(QDII)C,INDEX,2023-05-23,20,-1.369264,-3.902924,-3.656801,0.583058,0.076073,26.457168,-3.593956,-10.657966,45.0,0,2,0.0,0.0,3.902924,0.0,0.0,335,-3.902924,335,7.192438,-5.110028,1
013403,华夏恒生科技ETF发起式联接(QDII)C,INDEX,2023-05-24,20,-1.246291,-2.361743,-6.661057,-1.006886,0.080089,24.580138,-3.46651,-10.657966,45.0,0,3,0.0,0.0,2.361743,0.0,0.0,336,-2.361743,336,6.32512,-5.677729,1
013403,华夏恒生科技ETF发起式联接(QDII)C,INDEX,2023-05-25,20,-4.79392,-4.318449,-5.525743,-2.906543,0.055452,25.611142,-5.112891,-11.446438,45.0,0,4,0.0,0.0,4.318449,0.0,0.0,337,-4.318449,337,6.555112,-7.490337,1
013403,华夏恒生科技ETF发起式联接(QDII)C,INDEX,2023-05-26,20,-3.001486,-0.805349,-5.637467,-2.65942,-0.013218,22.81053,-5.112891,-11.446438,40.0,2,0,0.0,0.0,0.805349,0.0,0.0,338,-0.805349,338,8.992034,-7.490337,1
013403,华夏恒生科技ETF发起式联接(QDII)C,INDEX,2023-05-29,20,-5.957074,-3.779504,-5.376818,-3.775192,-0.072788,22.274027,-6.176256,-12.438825,45.0,0,2,0.0,0.0,3.779504,0.0,0.0,339,-3.779504,339,11.224965,-7.490337,1
013403,华夏恒生科技ETF发起式联接(QDII)C,INDEX,2023-05-30,20,-3.160538,-1.753072,-9.220545,-1.956533,-0.106702,23.35036,-6.176256,-12.438825,40.0,2,0,0.0,0.0,1.753072,0.0,0.0,340,-1.753072,340,7.625438,-7.490337,1
013403,华夏恒生科技ETF发起式联接(QDII)C,INDEX,2023-05-31,20,-3.470553,-4.687732,-9.09734,-3.70276,-0.150657,23.944494,-6.409323,-12.656335,45.0,0,2,0.0,0.0,4.687732,0.0,0.0,341,-4.687732,341,9.229572,-7.490337,1
013403,华夏恒生科技ETF发起式联接(QDII)C,INDEX,2023-06-01,20,-1.043905,-3.082243,-10.893005,-3.239365,-0.204352,23.651096,-6.409323,-12.656335,40.0,2,0,0.0,0.0,3.082243,0.0,0.0,342,-3.082243,342,12.565932,-7.490337,1
013403,华夏恒生科技ETF发起式联接(QDII)C,INDEX,2023-06-02,20,3.691789,0.714179,-5.487294,1.572582,-0.167272,29.708998,-6.409323,-12.656335,40.0,3,0,0.0,0.714179,0.0,0.0,0.0,343,0.714179,343,7.578667,-7.490337,1
013403,华夏恒生科技ETF发起式联接(QDII)C,INDEX,2023-06-05,20,5.387362,0.488527,-4.28652,1.832474,-0.119191,29.674112,-6.409323,-12.656335,40.0,4,0,0.0,0.488527,0.0,0.0,0.0,344,0.488527,344,5.730701,-7.490337,1
013403,华夏恒生科技ETF发起式联接(QDII)C,INDEX,2023-06-06,20,3.522953,3.286671,-1.72289,1.667753,-0.115057,27.846181,-6.409323,-12.656335,35.0,0,0,0.0,3.286671,0.0,0.0,0.0,345,3.286671,345,4.316441,-7.490337,1
013403,华夏恒生科技ETF发起式联接(QDII)C,INDEX,2023-06-07,20,8.077821,5.148395,1.773413,3.740112,-0.074844,28.838696,-6.409323,-12.656335,35.0,2,0,0.0,5.148395,0.0,0.0,0.0,346,5.148395,346,0.662442,-7.490337,0
013403,华夏恒生科技ETF发起式联接(QDII)C,INDEX,2023-06-08,20,7.151722,3.413685,4.937709,3.011909,-0.03271,28.780101,-6.409323,-12.656335,40.0,0,2,0.0,3.413685,0.0,0.0,0.0,347,3.413685,347,2.084841,-7.490337,1
013403,华夏恒生科技ETF发起式联接(QDII)C,INDEX,2023-06-09,20,2.895553,3.630412,3.414996,3.688265,0.026383,28.833077,-6.409323,-12.656335,40.0,2,0,0.0,3.630412,0.0,0.0,0.0,348,3.630412,348,2.569993,-7.490337,1
013403,华夏恒生科技ETF发起式联接(QDII)C,INDEX,2023-06-12,20,3.020035,2.536657,6.877579,3.971216,0.109039,28.451054,-6.409323,-12.656335,40.0,3,0,0.0,2.536657,0.0,0.0,0.0,349,2.536657,349,3.903904,-7.490337,1
013403,华夏恒生科技ETF发起式联接(QDII)C,INDEX,2023-06-13,20,5.715969,4.530226,8.202654,6.445943,0.236747,29.743684,-6.190685,-12.656335,40.0,4,0,0.0,4.530226,0.0,0.0,0.0,350,4.530226,350,4.69621,-7.490337,1
013403,华夏恒生科技ETF发起式联接(QDII)C,INDEX,2023-06-14,20,3.801843,6.94362,9.494152,6.550773,0.334113,28.733543,-6.190685,-12.656335,35.0,5,0,0.0,6.94362,0.0,0.0,0.0,351,6.94362,351,3.815205,-7.490337,1
013403,华夏恒生科技ETF发起式联接(QDII)C,INDEX,2023-06-15,20,7.86159,8.886291,8.82267,9.635407,0.494585,30.41856,-6.190685,-12.656335,35.0,6,0,0.0,8.886291,0.0,0.0,0.0,352,8.886291,352,0.510067,-7.490337,0
013403,华夏恒生科技ETF发起式联接(QDII)C,INDEX,2023-06-16,20,7.724336,11.485884,13.014008,9.790895,0.624661,29.41356,-6.190685,-12.656335,30.0,7,0,0.0,11.485884,0.0,0.0,0.0,353,11.485884,353,-2.3324,-7.490337,0
013403,华夏恒生科技ETF发起式联接(QDII)C,INDEX,2023-06-19,20,5.691406,7.913564,8.563455,7.724821,0.741666,29.912183,-5.110028,-12.656335,35.0,0,2,0.0,7.913564,0.0,0.0,0.0,354,7.913564,354,-1.150047,-6.088486,0
013403,华夏恒生科技ETF发起式联接(QDII)C,INDEX,2023-06-20,20,1.142698,7.192438,5.663124,5.412216,0.800774,30.449518,-3.470553,-12.656335,35.0,0,3,0.0,7.192438,0.0,0.0,0.0,355,7.192438,355,-0.496004,-4.367594,0
013403,华夏恒生科技ETF发起式联接(QDII)C,INDEX,2023-06-21,20,-1.817425,6.32512,-1.489421,2.470173,0.785541,31.283903,-5.677729,-12.656335,35.0,0,4,0.0,6.32512,0.0,0.0,0.0,356,6.32512,356,2.939098,-4.009887,1
013403,华夏恒生科技ETF发起式联接(QDII)C,INDEX,2023-06-26,20,-6.832215,6.555112,-3.476568,0.19126,0.700821,31.071529,-7.490337,-12.656335,35.0,0,5,0.0,6.555112,0.0,0.0,0.0,357,6.555112,357,2.780579,-5.044589,1
013403,华夏恒生科技ETF发起式联接(QDII)C,INDEX,2023-06-27,20,-5.171265,8.992034,1.223503,2.269624,0.645589,32.004175,-7.490337,-12.656335,35.0,2,0,0.0,8.992034,0.0,0.0,0.0,358,8.992034,358,6.029515,-5.044589,1
013403,华夏恒生科技ETF发起式联接(QDII)C,INDEX,2023-06-28,20,-3.071303,11.224965,0.944061,2.44164,0.567991,31.307047,-7.490337,-12.656335,30.0,3,0,0.0,11.224965,0.0,0.0,0.0,359,11.224965,359,4.34115,-5.044589,1
013403,华夏恒生科技ETF发起式联接(QDII)C,INDEX,2023-06-29,20,-2.769358,7.625438,-2.84967,0.552132,0.480798,31.744456,-7.490337,-12.656335,35.0,0,2,0.0,7.625438,0.0,0.0,0.0,360,7.625438,360,8.998158,-5.044589,1
013403,华夏恒生科技ETF发起式联接(QDII)C,INDEX,2023-06-30,20,-0.833687,9.229572,-4.06015,-0.42424,0.345818,30.685611,-7.490337,-12.656335,35.0,0,3,0.0,9.229572,0.0,0.0,0.0,361,9.229572,361,12.624679,-5.044589,1
013403,华夏恒生科技ETF发起式联接(QDII)C,INDEX,2023-07-03,20,4.538251,12.565932,-1.319189,2.364426,0.251708,32.389996,-7.490337,-12.656335,35.0,2,0,0.0,12.565932,0.0,0.0,0.0,362,12.565932,362,10.970232,-5.044589,1
013403,华夏恒生科技ETF发起式联接(QDII)C,INDEX,2023-07-04,20,2.347154,7.578667,-1.005982,2.360821,0.218788,27.912568,-7.490337,-11.720253,35.0,3,0,0.0,7.578667,0.0,0.0,0.0,363,7.578667,363,10.258171,-5.044589,1
013403,华夏恒生科技ETF发起式联接(QDII)C,INDEX,2023-07-05,20,0.181463,5.730701,-0.856472,0.609799,0.158629,28.654183,-7.490337,-11.720253,40.0,0,2,0.0,5.730701,0.0,0.0,0.0,364,5.730701,364,8.48544,-5.044589,1
013403,华夏恒生科技ETF发起式联接(QDII)C,INDEX,2023-07-06,20,0.340088,4.316441,-2.304084,-0.939404,0.071494,29.224164,-7.490337,-11.720253,45.0,0,3,0.0,4.316441,0.0,0.0,0.0,365,4.316441,365,10.464624,-5.044589,1
013403,华夏恒生科技ETF发起式联接(QDII)C,INDEX,2023-07-07,20,-0.398974,0.662442,-3.665932,-2.243915,-0.005205,28.618471,-7.490337,-11.720253,50.0,0,4,0.0,0.662442,0.0,0.0,0.0,366,0.662442,366,13.862661,-5.044589,1
013403,华夏恒生科技ETF发起式联接(QDII)C,INDEX,2023-07-10,20,-2.825248,2.084841,-2.704567,-1.490014,-0.078753,28.674715,-7.490337,-11.720253,45.0,2,0,0.0,2.084841,0.0,0.0,0.0,367,2.084841,367,12.835059,-5.044589,1
013403,华夏恒生科技ETF发起式联接(QDII)C,INDEX,2023-07-11,20,-1.895084,2.569993,-1.841165,-0.315352,-0.12382,28.88425,-7.490337,-11.574456,45.0,3,0,0.0,2.569993,0.0,0.0,0.0,368,2.569993,368,8.706607,-5.044589,1
013403,华夏恒生科技ETF发起式联接(QDII)C,INDEX,2023-07-12,20,1.240072,3.903904,1.707727,1.194248,-0.141983,29.406918,-7.490337,-11.574456,45.0,4,0,0.0,3.903904,0.0,0.0,0.0,369,3.903904,369,6.840077,-5.044589,1
013403,华夏恒生科技ETF发起式联接(QDII)C,INDEX,2023-07-13,20,6.100833,4.69621,5.608659,4.389268,-0.076535,30.372438,-7.490337,-11.574456,45.0,5,0,0.0,4.69621,0.0,0.0,0.0,370,4.69621,370,3.354186,-5.044589,1
013403,华夏恒生科技ETF发起式联接(QDII)C,INDEX,2023-07-14,20,7.052933,3.815205,5.201743,3.774174,-0.017361,30.447111,-7.490337,-11.574456,50.0,0,2,0.0,3.815205,0.0,0.0,0.0,371,3.815205,371,1.376453,-5.787382,0
013403,华夏恒生科技ETF发起式联接(QDII)C,INDEX,2023-07-17,20,6.197702,0.510067,3.055326,3.816159,0.089889,28.076213,-7.490337,-10.726692,50.0,2,0,0.0,0.510067,0.0,0.0,0.0,372,0.510067,372,-0.013355,-7.01689,0
013403,华夏恒生科技ETF发起式联接(QDII)C,INDEX,2023-07-18,20,2.575588,-2.3324,1.820203,1.721266,0.176468,28.978877,-6.088486,-8.813511,55.0,0,2,0.0,0.0,2.3324,0.0,0.0,373,-2.3324,373,1.542031,-7.588177,0
013403,华夏恒生科技ETF发起式联接(QDII)C,INDEX,2023-07-19,20,0.550509,-1.150047,3.955606,1.475746,0.237822,28.525545,-4.367594,-8.813511,55.0,0,3,0.0,0.0,1.150047,0.0,0.0,374,-1.150047,374,0.875992,-8.469945,0
013403,华夏恒生科技ETF发起式联接(QDII)C,INDEX,2023-07-20,20,-3.873286,-0.496004,2.497871,0.334123,0.255075,28.084604,-4.009887,-7.490337,55.0,0,4,0.0,0.0,0.496004,0.0,0.0,375,-0.496004,375,2.810856,-8.469945,0
013403,华夏恒生科技ETF发起式联接(QDII)C,INDEX,2023-07-21,20,-2.645998,2.939098,6.86519,1.06335,0.245465,26.640947,-4.009887,-7.490337,50.0,2,0,0.0,2.939098,0.0,0.0,0.0,376,2.939098,376,-1.578586,-10.9538,0
013403,华夏恒生科技ETF发起式联接(QDII)C,INDEX,2023-07-24,20,-4.727564,2.780579,4.788484,-1.163757,0.171939,26.802248,-5.044589,-7.490337,50.0,0,2,0.0,2.780579,0.0,0.0,0.0,377,2.780579,377,-1.569947,-12.791853,0
013403,华夏恒生科技ETF发起式联接(QDII)C,INDEX,2023-07-25,20,2.947598,6.029515,14.633034,4.206811,0.213295,32.452627,-5.044589,-7.490337,50.0,2,0,0.0,6.029515,0.0,0.0,0.0,378,6.029515,378,-5.249205,-12.791853,0
013403,华夏恒生科技ETF发起式联接(QDII)C,INDEX,2023-07-26,20,2.313167,4.34115,11.667165,3.032391,0.242799,32.704306,-5.044589,-7.490337,55.0,0,2,0.0,4.34115,0.0,0.0,0.0,379,4.34115,379,-4.200669,-12.791853,0
013403,华夏恒生科技ETF发起式联接(QDII)C,INDEX,2023-07-27,20,6.507893,8.998158,15.253221,5.561464,0.284511,33.344008,-5.044589,-7.490337,50.0,2,0,0.0,8.998158,0.0,0.0,0.0,380,8.998158,380,-3.783151,-12.791853,0
013403,华夏恒生科技ETF发起式联接(QDII)C,INDEX,2023-07-28,20,8.496911,12.624679,17.252633,7.815388,0.34519,34.081648,-5.044589,-7.490337,45.0,3,0,0.0,12.624679,0.0,0.0,0.0,381,12.624679,381,-8.527328,-12.791853,0
013403,华夏恒生科技ETF发起式联接(QDII)C,INDEX,2023-07-31,20,12.867956,10.970232,21.064502,9.241132,0.466979,32.846377,-5.044589,-7.490337,45.0,4,0,0.0,10.970232,0.0,0.0,0.0,382,10.970232,382,-8.830104,-12.791853,0
013403,华夏恒生科技ETF发起式联接(QDII)C,INDEX,2023-08-01,20,6.42895,10.258171,19.46139,8.379903,0.572603,32.973391,-5.044589,-7.490337,50.0,0,2,0.0,10.258171,0.0,0.0,0.0,383,10.258171,383,-6.389339,-12.542035,0
013403,华夏恒生科技ETF发起式联接(QDII)C,INDEX,2023-08-02,20,4.160535,8.48544,15.262768,4.66953,0.593739,34.654223,-5.044589,-7.490337,50.0,0,3,0.0,8.48544,0.0,0.0,0.0,384,8.48544,384,-4.392499,-11.772836,0
013403,华夏恒生科技ETF发起式联接(QDII)C,INDEX,2023-08-03,20,1.690068,10.464624,19.020085,4.632342,0.588513,34.019418,-5.044589,-7.490337,45.0,2,0,0.0,10.464624,0.0,0.0,0.0,385,10.464624,385,-5.164919,-11.772836,0
013403,华夏恒生科技ETF发起式联接(QDII)C,INDEX,2023-08-04,20,0.69585,13.862661,20.517868,5.77939,0.574561,33.58673,-5.044589,-7.490337,40.0,3,0,0.0,13.862661,0.0,0.0,0.0,386,13.862661,386,-6.784772,-11.772836,0
013403,华夏恒生科技ETF发起式联接(QDII)C,INDEX,2023-08-07,20,-1.19225,12.835059,19.119629,5.107406,0.553932,33.670028,-5.044589,-7.490337,45.0,0,2,0.0,12.835059,0.0,0.0,0.0,387,12.835059,387,-4.147813,-11.739568,0
013403,华夏恒生科技ETF发起式联接(QDII)C,INDEX,2023-08-08,20,-3.275626,8.706607,15.548282,2.177488,0.500244,35.195961,-5.044589,-7.490337,50.0,0,3,0.0,8.706607,0.0,0.0,0.0,388,8.706607,388,-4.133402,-9.580221,0
013403,华夏恒生科技ETF发起式联接(QDII)C,INDEX,2023-08-09,20,-0.295402,6.840077,13.826979,1.805163,0.459794,34.907299,-5.044589,-7.490337,55.0,0,4,0.0,6.840077,0.0,0.0,0.0,389,6.840077,389,-4.289579,-9.568577,0
013403,华夏恒生科技ETF发起式联接(QDII)C,INDEX,2023-08-10,20,-0.728714,3.354186,13.109978,1.663404,0.46193,33.006021,-4.727564,-7.490337,55.0,2,0,0.0,3.354186,0.0,0.0,0.0,390,3.354186,390,-6.155827,-9.568577,0
013403,华夏恒生科技ETF发起式联接(QDII)C,INDEX,2023-08-11,20,-4.686518,1.376453,12.551929,-0.747079,0.419898,34.128085,-5.787382,-7.490337,55.0,0,2,0.0,1.376453,0.0,0.0,0.0,391,1.376453,391,-3.69101,-7.434748,0
013403,华夏恒生科技ETF发起式联接(QDII)C,INDEX,2023-08-14,20,-5.894922,-0.013355,9.427068,-2.041724,0.358683,34.48602,-7.01689,-7.490337,60.0,0,3,0.0,0.0,0.013355,0.0,0.0,392,-0.013355,392,-2.644584,-6.210765,0
013403,华夏恒生科技ETF发起式联接(QDII)C,INDEX,2023-08-15,20,-4.184909,1.542031,10.564636,-2.715494,0.255643,33.635279,-7.588177,-7.588177,60.0,0,4,0.0,1.542031,0.0,0.0,0.0,393,1.542031,393,-2.607176,-5.630964,0
013403,华夏恒生科技ETF发起式联接(QDII)C,INDEX,2023-08-16,20,-5.062476,0.875992,7.60695,-3.684052,0.132789,33.817473,-8.469945,-8.469945,60.0,0,5,0.0,0.875992,0.0,0.0,0.0,394,0.875992,394,-2.238806,-5.520587,0
013403,华夏恒生科技ETF发起式联接(QDII)C,INDEX,2023-08-17,20,-4.378622,2.810856,9.658839,-3.09382,0.001717,33.583137,-8.469945,-8.469945,55.0,2,0,0.0,2.810856,0.0,0.0,0.0,395,2.810856,395,-2.599327,-5.520587,0
013403,华夏恒生科技ETF发起式联接(QDII)C,INDEX,2023-08-18,20,-5.483786,-1.578586,7.722356,-6.351632,-0.16785,35.778683,-10.9538,-10.9538,60.0,0,2,0.0,0.0,1.578586,0.0,0.0,396,-1.578586,396,1.185495,-5.520587,0
013403,华夏恒生科技ETF发起式联接(QDII)C,INDEX,2023-08-21,20,-6.210765,-1.569947,7.798588,-8.217549,-0.394204,35.772268,-12.791853,-12.791853,60.0,0,3,0.0,0.0,1.569947,0.0,0.0,397,-1.569947,397,1.082313,-6.923682,0
013403,华夏恒生科技ETF发起式联接(QDII)C,INDEX,2023-08-22,20,-3.937643,-5.249205,9.497549,-6.328218,-0.511415,29.464126,-12.791853,-12.791853,60.0,2,0,0.0,0.0,5.249205,0.0,0.0,398,-5.249205,398,-0.643537,-6.923682,0
013403,华夏恒生科技ETF发起式联接(QDII)C,INDEX,2023-08-23,20,-2.835821,-4.200669,11.178388,-5.964387,-0.632945,29.394469,-12.791853,-12.791853,55.0,3,0,0.0,0.0,4.200669,0.0,0.0,399,-4.200669,399,-2.387935,-8.33989,0
013403,华夏恒生科技ETF发起式联接(QDII)C,INDEX,2023-08-24,20,-0.323232,-3.783151,12.87174,-2.626749,-0.658462,30.057615,-12.791853,-12.791853,55.0,4,0,0.0,0.0,3.783151,0.0,0.0,400,-3.783151,400,-7.242265,-9.979019,0
013403,华夏恒生科技ETF发起式联接(QDII)C,INDEX,2023-08-25,20,0.83682,-8.527328,12.529183,-4.452917,-0.668071,28.859885,-12.791853,-12.791853,60.0,0,2,0.0,0.0,8.527328,0.0,0.0,401,-8.527328,401,-1.673582,-9.979019,0
013403,华夏恒生科技ETF发起式联接(QDII)C,INDEX,2023-08-28,20,4.542865,-8.830104,13.88458,-2.528082,-0.612394,28.526136,-12.542035,-12.791853,60.0,2,0,0.0,0.0,8.830104,0.0,0.0,402,-8.830104,402,-5.694047,-9.979019,0
013403,华夏恒生科技ETF发起式联接(QDII)C,INDEX,2023-08-29,20,5.148293,-6.389339,11.035603,0.136562,-0.51274,30.246844,-11.772836,-12.791853,55.0,3,0,0.0,0.0,6.389339,0.0,0.0,403,-6.389339,403,-9.32677,-10.634671,0
013403,华夏恒生科技ETF发起式联接(QDII)C,INDEX,2023-08-30,20,3.951962,-4.392499,9.664113,-0.596236,-0.466601,28.633075,-11.772836,-12.791853,55.0,0,2,0.0,0.0,4.392499,0.0,0.0,404,-4.392499,404,-8.167652,-10.634671,0
013403,华夏恒生科技ETF发起式联接(QDII)C,INDEX,2023-08-31,20,0.229699,-5.164919,9.281084,-0.675508,-0.410901,28.525455,-11.772836,-12.791853,60.0,0,3,0.0,0.0,5.164919,0.0,0.0,405,-5.164919,405,-9.072526,-11.552583,0
013403,华夏恒生科技ETF发起式联接(QDII)C,INDEX,2023-09-01,20,2.614108,-6.784772,6.840438,-0.301689,-0.317799,27.559274,-11.739568,-12.791853,60.0,2,0,0.0,0.0,6.784772,0.0,0.0,406,-6.784772,406,-8.12778,-11.552583,0
013403,华夏恒生科技ETF发起式联接(QDII)C,INDEX,2023-09-04,20,3.882305,-4.147813,10.409729,2.707762,-0.173577,29.709832,-9.580221,-12.791853,55.0,3,0,0.0,0.0,4.147813,0.0,0.0,407,-4.147813,407,-9.480724,-11.552583,0
013403,华夏恒生科技ETF发起式联接(QDII)C,INDEX,2023-09-05,20,-0.944651,-4.133402,6.891601,0.487252,-0.097404,29.695505,-9.568577,-12.791853,55.0,0,2,0.0,0.0,4.133402,0.0,0.0,408,-4.133402,408,-5.480188,-9.402283,0
013403,华夏恒生科技ETF发起式联接(QDII)C,INDEX,2023-09-06,20,-0.188071,-4.289579,6.249106,0.51067,-0.017911,29.689813,-9.568577,-12.791853,55.0,0,3,0.0,0.0,4.289579,0.0,0.0,409,-4.289579,409,-3.808883,-9.219381,0
013403,华夏恒生科技ETF发起式联接(QDII)C,INDEX,2023-09-07,20,-1.765975,-6.155827,1.546823,-1.104046,0.0415,30.292124,-7.434748,-12.791853,60.0,0,4,0.0,0.0,6.155827,0.0,0.0,410,-6.155827,410,-5.214766,-7.67862,0
013403,华夏恒生科技ETF发起式联接(QDII)C,INDEX,2023-09-08,20,-1.523116,-3.69101,1.3596,-0.657434,0.076197,29.395235,-6.210765,-12.791853,55.0,2,0,0.0,0.0,3.69101,0.0,0.0,411,-3.69101,411,-7.007939,-7.67862,0
013403,华夏恒生科技ETF发起式联接(QDII)C,INDEX,2023-09-11,20,-4.419093,-2.644584,-2.161074,-0.754992,0.092106,29.091713,-5.630964,-12.791853,55.0,0,2,0.0,0.0,2.644584,0.0,0.0,412,-2.644584,412,-6.187406,-7.463301,0
013403,华夏恒生科技ETF发起式联接(QDII)C,INDEX,2023-09-12,20,-2.659503,-2.607176,-3.411969,-1.19636,0.094032,29.083385,-5.427609,-12.791853,55.0,0,3,0.0,0.0,2.607176,0.0,0.0,413,-2.607176,413,-7.258176,-7.360441,0
013403,华夏恒生科技ETF发起式联接(QDII)C,INDEX,2023-09-13,20,-3.028264,-2.238806,-2.516574,-1.658363,0.076435,28.970382,-5.520587,-12.791853,55.0,0,4,0.0,0.0,2.238806,0.0,0.0,414,-2.238806,414,-8.438584,-9.069607,0
013403,华夏恒生科技ETF发起式联接(QDII)C,INDEX,2023-09-14,20,-0.754769,-2.599327,-0.358225,-1.159652,0.079341,28.856685,-5.520587,-12.791853,55.0,2,0,0.0,0.0,2.599327,0.0,0.0,415,-2.599327,415,-9.623894,-9.910407,0
013403,华夏恒生科技ETF发起式联接(QDII)C,INDEX,2023-09-15,20,-0.698056,1.185495,2.51519,-0.90287,0.035555,26.07326,-5.520587,-12.791853,50.0,3,0,0.0,1.185495,0.0,0.0,0.0,416,1.185495,416,-9.951757,-9.951757,0
013403,华夏恒生科技ETF发起式联接(QDII)C,INDEX,2023-09-18,20,-2.620387,1.082313,2.261922,-3.097653,-0.072448,26.183941,-6.923682,-12.791853,50.0,0,2,0.0,1.082313,0.0,0.0,0.0,417,1.082313,417,-8.946182,-9.570449,0
013403,华夏恒生科技ETF发起式联接(QDII)C,INDEX,2023-09-19,20,-2.000828,-0.643537,-0.182713,-3.012591,-0.154101,25.377341,-6.923682,-12.791853,50.0,2,0,0.0,0.0,0.643537,0.0,0.0,418,-0.643537,418,-7.181076,-9.570449,0
013403,华夏恒生科技ETF发起式联接(QDII)C,INDEX,2023-09-20,20,-2.984039,-2.387935,-2.428811,-4.430514,-0.25413,25.953084,-8.33989,-13.18927,55.0,0,2,0.0,0.0,2.387935,0.0,0.0,419,-2.387935,419,-5.436338,-9.570449,0
013403,华夏恒生科技ETF发起式联接(QDII)C,INDEX,2023-09-21,20,-5.074668,-7.242265,-2.720703,-5.794367,-0.324256,23.124388,-9.979019,-14.741679,60.0,0,3,0.0,0.0,7.242265,0.0,0.0,420,-7.242265,420,-1.412964,-9.570449,0
013403,华夏恒生科技ETF发起式联接(QDII)C,INDEX,2023-09-22,20,-2.012405,-1.673582,1.296666,-2.364995,-0.371913,25.796827,-9.979019,-14.741679,55.0,2,0,0.0,0.0,1.673582,0.0,0.0,421,-1.673582,421,-3.699536,-9.570449,0
013403,华夏恒生科技ETF发起式联接(QDII)C,INDEX,2023-09-25,20,-2.465483,-5.694047,-4.589305,-4.645814,-0.430459,26.564282,-9.979019,-14.741679,60.0,0,2,0.0,0.0,5.694047,0.0,0.0,422,-5.694047,422,-3.423371,-9.570449,0
013403,华夏恒生科技ETF发起式联接(QDII)C,INDEX,2023-09-26,20,-4.041115,-9.32677,-6.413073,-5.678004,-0.464713,24.960261,-10.634671,-15.362643,65.0,0,3,0.0,0.0,9.32677,0.0,0.0,423,-9.32677,423,-2.12766,-9.570449,0
013403,华夏恒生科技ETF发起式联接(QDII)C,INDEX,2023-09-27,20,-2.203147,-8.167652,-4.751289,-4.987595,-0.495958,25.040933,-10.634671,-15.362643,60.0,2,0,0.0,0.0,8.167652,0.0,0.0,424,-8.167652,424,-0.833821,-9.570449,0
013403,华夏恒生科技ETF发起式联接(QDII)C,INDEX,2023-09-28,20,-1.747997,-9.072526,-4.745093,-5.811875,-0.538827,25.249307,-11.552583,-16.231992,60.0,0,2,0.0,0.0,9.072526,0.0,0.0,425,-9.072526,425,3.543365,-9.570449,0
013403,华夏恒生科技ETF发起式联接(QDII)C,INDEX,2023-10-09,20,-4.121536,-8.12778,-2.48927,-4.418003,-0.553178,25.773096,-11.552583,-16.231992,60.0,2,0,0.0,0.0,8.12778,0.0,0.0,426,-8.12778,426,6.499413,-9.570449,0
013403,华夏恒生科技ETF发起式联接(QDII)C,INDEX,2023-10-10,20,-0.288892,-9.480724,-2.098993,-2.70476,-0.491765,23.761462,-9.402283,-16.231992,60.0,3,0,0.0,0.0,9.480724,0.0,0.0,427,-9.480724,427,4.12864,-9.570449,0
013403,华夏恒生科技ETF发起式联接(QDII)C,INDEX,2023-10-11,20,3.25752,-5.480188,-1.49776,-0.530073,-0.426736,24.148884,-9.219381,-16.231992,55.0,4,0,0.0,0.0,5.480188,0.0,0.0,428,-5.480188,428,1.321586,-9.570449,0
013403,华夏恒生科技ETF发起式联接(QDII)C,INDEX,2023-10-12,20,4.549444,-3.808883,-1.637765,1.227276,-0.33342,25.012659,-7.67862,-16.231992,50.0,5,0,0.0,0.0,3.808883,0.0,0.0,429,-3.808883,429,-0.125927,-9.570449,0
013403,华夏恒生科技ETF发起式联接(QDII)C,INDEX,2023-10-13,20,2.401779,-5.214766,-8.066019,-1.908015,-0.314608,26.79132,-7.67862,-16.231992,50.0,0,2,0.0,0.0,5.214766,0.0,0.0,430,-5.214766,430,0.188215,-6.428261,0
013403,华夏恒生科技ETF发起式联接(QDII)C,INDEX,2023-10-16,20,-0.32277,-7.007939,-9.207537,-3.160745,-0.306561,27.151664,-7.463301,-16.231992,55.0,0,3,0.0,0.0,7.007939,0.0,0.0,431,-7.007939,431,3.988814,-5.48406,1
013403,华夏恒生科技ETF发起式联接(QDII)C,INDEX,2023-10-17,20,-0.94162,-6.187406,-8.680556,-2.219299,-0.282165,27.380414,-7.029635,-16.231992,50.0,2,0,0.0,0.0,6.187406,0.0,0.0,432,-6.187406,432,2.573852,-5.48406,1
013403,华夏恒生科技ETF发起式联接(QDII)C,INDEX,2023-10-18,20,-4.49055,-7.258176,-8.283297,-3.529547,-0.281525,27.822406,-7.360441,-16.530055,50.0,0,2,0.0,0.0,7.258176,0.0,0.0,433,-7.258176,433,8.778456,-4.670065,1
013403,华夏恒生科技ETF发起式联接(QDII)C,INDEX,2023-10-19,20,-7.695537,-8.438584,-9.704353,-4.894399,-0.304741,28.312244,-9.069607,-18.070045,50.0,0,3,0.0,0.0,8.438584,0.0,0.0,434,-8.438584,434,8.791875,-4.670065,1
013403,华夏恒生科技ETF发起式联接(QDII)C,INDEX,2023-10-20,20,-5.371362,-9.623894,-9.498754,-5.298695,-0.321573,28.20109,-9.910407,-18.82762,55.0,0,4,0.0,0.0,9.623894,0.0,0.0,435,-9.623894,435,8.200734,-4.670065,1
013403,华夏恒生科技ETF发起式联接(QDII)C,INDEX,2023-10-23,20,-3.841625,-9.951757,-10.322581,-4.844442,-0.31873,28.092218,-8.591017,-18.864878,60.0,0,5,0.0,0.0,9.951757,0.0,0.0,436,-9.951757,436,10.57707,-4.670065,1
013403,华夏恒生科技ETF发起式联接(QDII)C,INDEX,2023-10-24,20,-5.48406,-8.946182,-9.405663,-5.426663,-0.350676,27.499382,-9.570449,-19.734228,60.0,0,6,0.0,0.0,8.946182,0.0,0.0,437,-8.946182,437,10.428594,-4.670065,1
013403,华夏恒生科技ETF发起式联接(QDII)C,INDEX,2023-10-25,20,-1.919357,-7.181076,-12.6193,-3.177716,-0.340548,28.80693,-9.570449,-19.734228,60.0,2,0,0.0,0.0,7.181076,0.0,0.0,438,-7.181076,438,7.84284,-4.670065,1
013403,华夏恒生科技ETF发起式联接(QDII)C,INDEX,2023-10-26,20,0.197059,-5.436338,-11.571906,-2.641637,-0.340992,28.514165,-9.570449,-19.734228,55.0,3,0,0.0,0.0,5.436338,0.0,0.0,439,-5.436338,439,9.6823,-4.670065,1
013403,华夏恒生科技ETF发起式联接(QDII)C,INDEX,2023-10-27,20,3.549572,-1.412964,-12.01248,-0.243201,-0.328125,29.395278,-9.570449,-19.734228,50.0,4,0,0.0,0.0,1.412964,0.0,0.0,440,-1.412964,440,4.698582,-4.670065,1
013403,华夏恒生科技ETF发起式联接(QDII)C,INDEX,2023-10-30,20,4.791061,-3.699536,-13.385628,1.102439,-0.24012,26.586247,-9.570449,-19.734228,50.0,5,0,0.0,0.0,3.699536,0.0,0.0,441,-3.699536,441,3.783231,-4.670065,1
013403,华夏恒生科技ETF发起式联接(QDII)C,INDEX,2023-10-31,20,3.45041,-3.423371,-16.964729,-1.087359,-0.223156,26.262612,-9.570449,-19.504297,50.0,0,2,0.0,0.0,3.423371,0.0,0.0,442,-3.423371,442,5.429255,-4.670065,1
013403,华夏恒生科技ETF发起式联接(QDII)C,INDEX,2023-11-01,20,1.183252,-2.12766,-16.926143,-1.218112,-0.229353,25.742749,-9.570449,-18.796331,50.0,0,3,0.0,0.0,2.12766,0.0,0.0,443,-2.12766,443,3.193403,-5.854192,1
013403,华夏恒生科技ETF发起式联接(QDII)C,INDEX,2023-11-02,20,2.556732,-0.833821,-12.93347,0.438558,-0.204195,26.439044,-9.570449,-18.796331,50.0,2,0,0.0,0.0,0.833821,0.0,0.0,444,-0.833821,444,1.165364,-6.196143,0
013403,华夏恒生科技ETF发起式联接(QDII)C,INDEX,2023-11-03,20,3.191489,3.543365,-10.713373,3.292981,-0.155294,28.063121,-9.570449,-18.796331,45.0,3,0,0.0,3.543365,0.0,0.0,0.0,445,3.543365,445,-3.422108,-7.741759,0
013403,华夏恒生科技ETF发起式联接(QDII)C,INDEX,2023-11-06,20,6.03272,6.499413,-8.795075,7.009656,-0.037264,30.959463,-9.570449,-18.765711,45.0,4,0,0.0,6.499413,0.0,0.0,0.0,446,6.499413,446,-8.830417,-9.478867,0
013403,华夏恒生科技ETF发起式联接(QDII)C,INDEX,2023-11-07,20,7.508226,4.12864,-9.653092,5.74087,0.075578,31.082705,-9.570449,-16.778264,50.0,0,2,0.0,4.12864,0.0,0.0,0.0,447,4.12864,447,-9.613244,-11.133908,0
013403,华夏恒生科技ETF发起式联接(QDII)C,INDEX,2023-11-08,20,6.896552,1.321586,-8.189544,4.815947,0.200836,30.591963,-9.570449,-16.767547,55.0,0,3,0.0,1.321586,0.0,0.0,0.0,448,1.321586,448,-7.363254,-11.133908,0
013403,华夏恒生科技ETF发起式联接(QDII)C,INDEX,2023-11-09,20,5.295766,-0.125927,-8.051011,4.940495,0.351326,30.09044,-6.428261,-16.767547,55.0,2,0,0.0,0.0,0.125927,0.0,0.0,449,-0.125927,449,-8.013449,-11.133908,0
013403,华夏恒生科技ETF发起式联接(QDII)C,INDEX,2023-11-10,20,-0.91638,0.188215,-10.882164,1.725811,0.400466,29.655277,-5.48406,-15.250459,55.0,0,2,0.0,0.188215,0.0,0.0,0.0,450,0.188215,450,-5.592486,-11.133908,0
013403,华夏恒生科技ETF发起式联接(QDII)C,INDEX,2023-11-13,20,-2.672544,3.988814,-6.867915,3.650888,0.452673,29.83911,-5.48406,-15.250459,50.0,2,0,0.0,3.988814,0.0,0.0,0.0,451,3.988814,451,-8.379335,-11.46218,0
013403,华夏恒生科技ETF发起式联接(QDII)C,INDEX,2023-11-14,20,-2.420701,2.573852,-6.317617,2.769984,0.498558,29.969911,-4.670065,-15.250459,55.0,0,2,0.0,2.573852,0.0,0.0,0.0,452,2.573852,452,-6.116339,-11.46218,0
013403,华夏恒生科技ETF发起式联接(QDII)C,INDEX,2023-11-15,20,2.538569,8.778456,-1.747077,6.660637,0.573767,32.41952,-4.670065,-15.250459,50.0,2,0,0.0,8.778456,0.0,0.0,0.0,453,8.778456,453,-10.997128,-11.46218,0
013403,华夏恒生科技ETF发起式联接(QDII)C,INDEX,2023-11-16,20,0.546372,8.791875,-2.618725,4.264577,0.579236,32.408221,-4.670065,-15.250459,50.0,0,2,0.0,8.791875,0.0,0.0,0.0,454,8.791875,454,-9.056709,-10.717241,0
013403,华夏恒生科技ETF发起式联接(QDII)C,INDEX,2023-11-17,20,2.196532,8.200734,-4.754209,2.340726,0.536579,32.763682,-4.670065,-15.250459,50.0,0,3,0.0,8.200734,0.0,0.0,0.0,455,8.200734,455,-6.023756,-10.717241,0
013403,华夏恒生科技ETF发起式联接(QDII)C,INDEX,2023-11-20,20,2.250531,10.57707,0.753138,4.020274,0.512679,33.276756,-4.670065,-15.250459,45.0,2,0,0.0,10.57707,0.0,0.0,0.0,456,10.57707,456,-9.177741,-10.717241,0
013403,华夏恒生科技ETF发起式联接(QDII)C,INDEX,2023-11-21,20,1.753636,10.428594,1.63771,2.271262,0.440537,33.36449,-4.670065,-15.250459,45.0,0,2,0.0,10.428594,0.0,0.0,0.0,457,10.428594,457,-8.448928,-10.717241,0
013403,华夏恒生科技ETF发起式联接(QDII)C,INDEX,2023-11-22,20,-2.76296,7.84284,-0.545607,1.494072,0.378401,33.036792,-4.670065,-15.250459,50.0,0,3,0.0,7.84284,0.0,0.0,0.0,458,7.84284,458,-7.722605,-10.717241,0
013403,华夏恒生科技ETF发起式联接(QDII)C,INDEX,2023-11-23,20,1.017138,9.6823,1.242843,3.036375,0.338062,33.505073,-4.670065,-15.250459,50.0,2,0,0.0,9.6823,0.0,0.0,0.0,459,9.6823,459,-9.958621,-10.717241,0
013403,华夏恒生科技ETF发起式联接(QDII)C,INDEX,2023-11-24,20,0.197964,4.698582,-4.256182,0.478571,0.287276,34.059863,-4.670065,-15.250459,55.0,0,2,0.0,4.698582,0.0,0.0,0.0,460,4.698582,460,-11.939035,-12.174525,0
013403,华夏恒生科技ETF发起式联接(QDII)C,INDEX,2023-11-27,20,-1.647287,3.783231,-1.728907,0.563324,0.251322,33.893861,-4.670065,-15.250459,55.0,2,0,0.0,3.783231,0.0,0.0,0.0,461,3.783231,461,-12.1886,-12.1886,0
013403,华夏恒生科技ETF发起式联接(QDII)C,INDEX,2023-11-28,20,-1.233011,5.429255,-3.97766,-0.48494,0.162883,32.779222,-4.670065,-15.250459,55.0,0,2,0.0,5.429255,0.0,0.0,0.0,462,5.429255,462,-11.490992,-11.490992,0
013403,华夏恒生科技ETF发起式联接(QDII)C,INDEX,2023-11-29,20,-3.179069,3.193403,-8.422033,-2.974345,0.030291,34.062969,-5.854192,-15.250459,55.0,0,3,0.0,3.193403,0.0,0.0,0.0,463,3.193403,463,-7.060875,-9.356385,0
013403,华夏恒生科技ETF发起式联接(QDII)C,INDEX,2023-11-30,20,-5.406897,1.165364,-7.872112,-3.380554,-0.087296,33.666808,-6.196143,-15.250459,60.0,0,4,0.0,1.165364,0.0,0.0,0.0,464,1.165364,464,-3.776611,-9.025955,0
013403,华夏恒生科技ETF发起式联接(QDII)C,INDEX,2023-12-01,20,-4.812306,-3.422108,-9.072526,-4.812306,-0.183991,32.303339,-7.741759,-15.250459,65.0,0,5,0.0,0.0,3.422108,0.0,0.0,465,-3.422108,465,-2.372128,-7.501853,0
013403,华夏恒生科技ETF发起式联接(QDII)C,INDEX,2023-12-04,20,-6.854328,-8.830417,-10.796603,-6.180225,-0.240882,28.958151,-9.478867,-15.250459,70.0,0,6,0.0,0.0,8.830417,0.0,0.0,466,-8.830417,466,-0.528861,-6.123984,0
013403,华夏恒生科技ETF发起式联接(QDII)C,INDEX,2023-12-05,20,-7.830898,-9.613244,-14.804616,-7.442232,-0.325264,29.320573,-11.133908,-13.19006,70.0,0,7,0.0,0.0,9.613244,0.0,0.0,467,-9.613244,467,0.0,-6.123984,0
013403,华夏恒生科技ETF发起式联接(QDII)C,INDEX,2023-12-06,20,-4.038937,-7.363254,-11.28274,-5.550431,-0.386167,30.259376,-11.133908,-13.014805,65.0,2,0,0.0,0.0,7.363254,0.0,0.0,468,-7.363254,468,-3.028009,-6.123984,0
013403,华夏恒生科技ETF发起式联接(QDII)C,INDEX,2023-12-07,20,-4.257801,-8.013449,-11.628533,-5.722552,-0.442531,30.215311,-11.133908,-11.538462,70.0,0,2,0.0,0.0,8.013449,0.0,0.0,469,-8.013449,469,-2.193116,-6.123984,0
013403,华夏恒生科技ETF发起式联接(QDII)C,INDEX,2023-12-08,20,-3.143069,-5.592486,-10.347194,-5.935034,-0.542659,28.554115,-11.133908,-11.538462,70.0,0,3,0.0,0.0,5.592486,0.0,0.0,470,-5.592486,470,-3.275677,-6.123984,0
013403,华夏恒生科技ETF发起式联接(QDII)C,INDEX,2023-12-11,20,-2.190994,-8.379335,-11.401588,-6.400023,-0.615172,27.21242,-11.46218,-11.46218,75.0,0,4,0.0,0.0,8.379335,0.0,0.0,471,-8.379335,471,-5.206241,-7.673789,0
013403,华夏恒生科技ETF发起式联接(QDII)C,INDEX,2023-12-12,20,1.354471,-6.116339,-9.658389,-4.484237,-0.663055,28.228082,-11.46218,-11.46218,70.0,2,0,0.0,0.0,6.116339,0.0,0.0,472,-6.116339,472,-7.547456,-8.396028,0
013403,华夏恒生科技ETF发起式联接(QDII)C,INDEX,2023-12-13,20,-1.483724,-10.997128,-10.211122,-5.062045,-0.651608,22.693683,-10.717241,-11.46218,75.0,0,2,0.0,0.0,10.997128,0.0,0.0,473,-10.997128,473,-7.161518,-9.10322,0
013403,华夏恒生科技ETF发起式联接(QDII)C,INDEX,2023-12-14,20,-0.593969,-9.056709,-9.410132,-4.316531,-0.648408,22.384963,-10.717241,-11.46218,70.0,2,0,0.0,0.0,9.056709,0.0,0.0,474,-9.056709,474,-5.484909,-9.10322,0
013403,华夏恒生科技ETF发起式联接(QDII)C,INDEX,2023-12-15,20,1.72968,-6.023756,-8.102876,-2.266862,-0.629121,23.453801,-10.717241,-11.46218,65.0,3,0,0.0,0.0,6.023756,0.0,0.0,475,-6.023756,475,-8.034908,-9.10322,0
013403,华夏恒生科技ETF发起式联接(QDII)C,INDEX,2023-12-18,20,1.359493,-9.177741,-9.565817,-3.044185,-0.583793,21.80477,-10.717241,-11.46218,70.0,0,2,0.0,0.0,9.177741,0.0,0.0,476,-9.177741,476,-8.550526,-9.077133,0
013403,华夏恒生科技ETF发起式联接(QDII)C,INDEX,2023-12-19,20,-0.774487,-8.448928,-7.9459,-3.011051,-0.549095,21.632157,-10.717241,-11.46218,70.0,0,3,0.0,0.0,8.448928,0.0,0.0,477,-8.448928,477,-10.131619,-11.016821,0
013403,华夏恒生科技ETF发起式联接(QDII)C,INDEX,2023-12-20,20,0.814507,-7.722605,-7.631653,-2.226727,-0.501417,21.832119,-10.717241,-11.46218,65.0,2,0,0.0,0.0,7.722605,0.0,0.0,478,-7.722605,478,-14.72561,-15.22958,0
013403,华夏恒生科技ETF发起式联接(QDII)C,INDEX,2023-12-21,20,0.015321,-9.958621,-6.609442,-2.177334,-0.415053,19.946719,-8.895144,-11.46218,70.0,0,2,0.0,0.0,9.958621,0.0,0.0,479,-9.958621,479,-13.817402,-15.22958,0
013403,华夏恒生科技ETF发起式联接(QDII)C,INDEX,2023-12-22,20,-6.108938,-11.939035,-9.104151,-5.896547,-0.41278,23.573018,-12.174525,-14.649159,70.0,0,3,0.0,0.0,11.939035,0.0,0.0,480,-11.939035,480,-11.105769,-15.941809,0
013403,华夏恒生科技ETF发起式联接(QDII)C,INDEX,2023-12-25,20,-4.907788,-12.1886,-12.238008,-5.293198,-0.386891,23.451795,-11.490992,-14.662837,75.0,0,4,0.0,0.0,12.1886,0.0,0.0,481,-12.1886,481,-13.720147,-18.427034,0
013403,华夏恒生科技ETF发起式联接(QDII)C,INDEX,2023-12-26,20,-4.514845,-11.490992,-9.88011,-4.707356,-0.35412,23.551219,-9.356385,-14.662837,70.0,0,0,0.0,0.0,11.490992,0.0,0.0,482,-11.490992,482,-10.722872,-18.427034,0
013403,华夏恒生科技ETF发起式联接(QDII)C,INDEX,2023-12-27,20,-2.484756,-7.060875,-6.133529,-1.930123,-0.30705,25.056763,-9.025955,-14.662837,65.0,2,0,0.0,0.0,7.060875,0.0,0.0,483,-7.060875,483,-9.53572,-18.427034,0
013403,华夏恒生科技ETF发起式联接(QDII)C,INDEX,2023-12-28,20,1.087623,-3.776611,-3.46694,1.367906,-0.209685,27.984642,-7.501853,-14.662837,60.0,3,0,0.0,0.0,3.776611,0.0,0.0,484,-3.776611,484,-11.577512,-18.427034,0
013403,华夏恒生科技ETF发起式联接(QDII)C,INDEX,2023-12-29,20,5.528846,-2.372128,-2.372128,1.277309,-0.136373,27.44304,-6.123984,-14.662837,60.0,0,2,0.0,0.0,2.372128,0.0,0.0,485,-2.372128,485,-14.593774,-18.253607,0
013403,华夏恒生科技ETF发起式联接(QDII)C,INDEX,2023-12-31,20,5.513704,-0.528861,-3.418427,1.273807,-0.090408,26.627629,-6.123984,-14.662837,60.0,0,3,0.0,0.0,0.528861,0.0,0.0,486,-0.528861,486,-14.142488,-18.228771,0
013403,华夏恒生科技ETF发起式联接(QDII)C,INDEX,2024-01-02,20,4.135278,0.0,-5.881501,-0.049229,-0.091888,26.216982,-6.123984,-14.662837,60.0,0,4,0.0,0.0,0.0,0.0,0.0,487,0.0,487,-15.699554,-17.146375,0
013403,华夏恒生科技ETF发起式联接(QDII)C,INDEX,2024-01-03,20,0.125059,-3.028009,-8.9811,-1.312748,-0.087489,25.924,-6.123984,-14.662837,65.0,0,5,0.0,0.0,3.028009,0.0,0.0,488,-3.028009,488,-16.971116,-17.190906,0
013403,华夏恒生科技ETF发起式联接(QDII)C,INDEX,2024-01-04,20,-2.682225,-2.193116,-10.144116,-0.940922,-0.084153,25.905157,-6.123984,-14.662837,60.0,2,0,0.0,0.0,2.193116,0.0,0.0,489,-2.193116,489,-15.633759,-17.190906,0
013403,华夏恒生科技ETF发起式联接(QDII)C,INDEX,2024-01-05,20,-4.039484,-3.275677,-8.513103,-2.368555,-0.108293,26.42299,-6.123984,-14.662837,60.0,0,2,0.0,0.0,3.275677,0.0,0.0,490,-3.275677,490,-14.875771,-15.841114,0
013403,华夏恒生科技ETF发起式联接(QDII)C,INDEX,2024-01-08,20,-6.790217,-5.206241,-9.685016,-4.948532,-0.182826,28.064141,-7.673789,-16.071673,60.0,0,3,0.0,0.0,5.206241,0.0,0.0,491,-5.206241,491,-12.402216,-13.79478,0
013403,华夏恒生科技ETF发起式联接(QDII)C,INDEX,2024-01-09,20,-6.295213,-7.547456,-10.968119,-5.327652,-0.233353,27.111243,-8.396028,-16.728218,65.0,0,4,0.0,0.0,7.547456,0.0,0.0,492,-7.547456,492,-6.093955,-13.79478,0
013403,华夏恒生科技ETF发起式联接(QDII)C,INDEX,2024-01-10,20,-5.68306,-7.161518,-10.117542,-5.716917,-0.30224,26.987683,-9.10322,-17.371085,65.0,0,5,0.0,0.0,7.161518,0.0,0.0,493,-7.161518,493,-6.820063,-13.79478,0
013403,华夏恒生科技ETF发起式联接(QDII)C,INDEX,2024-01-11,20,-3.939583,-5.484909,-6.487797,-3.449463,-0.326787,28.312697,-9.10322,-17.371085,65.0,2,0,0.0,0.0,5.484909,0.0,0.0,494,-5.484909,494,-9.255957,-13.79478,0
013403,华夏恒生科技ETF发起式联接(QDII)C,INDEX,2024-01-12,20,-3.275835,-8.034908,-6.487148,-3.940151,-0.326763,27.284074,-8.455827,-17.371085,70.0,0,2,0.0,0.0,8.034908,0.0,0.0,495,-8.034908,495,-6.168194,-12.990838,0
013403,华夏恒生科技ETF发起式联接(QDII)C,INDEX,2024-01-15,20,-2.216428,-8.550526,-8.15858,-5.282849,-0.360578,27.588576,-9.077133,-17.931883,70.0,0,3,0.0,0.0,8.550526,0.0,0.0,496,-8.550526,496,-4.05,-11.366667,0
013403,华夏恒生科技ETF发起式联接(QDII)C,INDEX,2024-01-16,20,-3.547963,-10.131619,-9.14436,-6.816577,-0.417405,28.241296,-11.016821,-19.68267,70.0,0,4,0.0,0.0,10.131619,0.0,0.0,497,-10.131619,497,0.510899,-9.434605,0
013403,华夏恒生科技ETF发起式联接(QDII)C,INDEX,2024-01-17,20,-7.399437,-14.72561,-15.139563,-10.542518,-0.517012,31.698826,-15.22958,-23.485159,75.0,0,5,0.0,0.0,14.72561,0.0,0.0,498,-14.72561,498,7.311405,-8.860326,0
013403,华夏恒生科技ETF发起式联接(QDII)C,INDEX,2024-01-18,20,-8.802075,-13.817402,-14.886536,-9.37719,-0.595228,32.047169,-15.22958,-23.485159,70.0,2,0,0.0,0.0,13.817402,0.0,0.0,499,-13.817402,499,6.452186,-8.860326,0
013403,华夏恒生科技ETF发起式联接(QDII)C,INDEX,2024-01-19,20,-9.24411,-11.105769,-18.04078,-10.148214,-0.743415,29.095769,-15.941809,-24.128026,70.0,0,2,0.0,0.0,11.105769,0.0,0.0,500,-11.105769,500,7.769966,-8.860326,0
013403,华夏恒生科技ETF发起式联接(QDII)C,INDEX,2024-01-22,20,-10.283333,-13.720147,-21.370143,-12.195997,-0.915938,30.203234,-18.427034,-26.371221,70.0,0,3,0.0,0.0,13.720147,0.0,0.0,501,-13.720147,501,14.471484,-8.860326,0
013403,华夏恒生科技ETF发起式联接(QDII)C,INDEX,2024-01-23,20,-5.143052,-10.722872,-16.691594,-8.647341,-1.024288,33.622072,-18.427034,-26.371221,70.0,2,0,0.0,0.0,10.722872,0.0,0.0,502,-10.722872,502,8.240575,-8.860326,0
013403,华夏恒生科技ETF发起式联接(QDII)C,INDEX,2024-01-24,20,3.450125,-9.53572,-13.238381,-4.6112,-1.02448,35.568757,-18.427034,-26.371221,70.0,3,0,0.0,0.0,9.53572,0.0,0.0,503,-9.53572,503,4.302748,-8.860326,0
013403,华夏恒生科技ETF发起式联接(QDII)C,INDEX,2024-01-25,20,3.714895,-11.577512,-13.925358,-3.210556,-0.946486,33.301912,-18.253607,-26.371221,70.0,4,0,0.0,0.0,11.577512,0.0,0.0,504,-11.577512,504,5.158526,-8.860326,0
013403,华夏恒生科技ETF发起式联接(QDII)C,INDEX,2024-01-26,20,1.388138,-14.593774,-19.473081,-5.96104,-0.903815,34.938179,-18.228771,-26.371221,70.0,0,2,0.0,0.0,14.593774,0.0,0.0,505,-14.593774,505,8.588193,-5.909413,1
013403,华夏恒生科技ETF发起式联接(QDII)C,INDEX,2024-01-29,20,4.997213,-14.142488,-22.138036,-4.751472,-0.829672,35.134778,-17.146375,-26.371221,65.0,2,0,0.0,0.0,14.142488,0.0,0.0,506,-14.142488,506,3.609342,-5.909413,1
013403,华夏恒生科技ETF发起式联接(QDII)C,INDEX,2024-01-30,20,-1.669659,-15.699554,-23.803561,-6.90045,-0.796708,36.081701,-16.178761,-26.371221,65.0,0,2,0.0,0.0,15.699554,0.0,0.0,507,-15.699554,507,9.640314,-4.96592,1
013403,华夏恒生科技ETF发起式联接(QDII)C,INDEX,2024-01-31,20,-8.104372,-16.971116,-25.413745,-8.760251,-0.801183,36.783639,-17.190906,-27.260293,65.0,0,3,0.0,0.0,16.971116,0.0,0.0,508,-16.971116,508,11.188417,-4.96592,1
013403,华夏恒生科技ETF发起式联接(QDII)C,INDEX,2024-02-01,20,-7.14653,-15.633759,-24.096386,-6.237021,-0.747508,37.892316,-15.841114,-27.260293,65.0,2,0,0.0,0.0,15.633759,0.0,0.0,509,-15.633759,509,9.966777,-4.96592,1
013403,华夏恒生科技ETF发起式联接(QDII)C,INDEX,2024-02-02,20,-4.35633,-14.875771,-22.268786,-6.148585,-0.704259,37.779315,-13.79478,-27.260293,65.0,0,2,0.0,0.0,14.875771,0.0,0.0,510,-14.875771,510,13.775795,-4.96592,1
013403,华夏恒生科技ETF发起式联接(QDII)C,INDEX,2024-02-05,20,-4.90092,-12.402216,-23.920736,-5.591611,-0.686185,36.997936,-13.79478,-27.260293,65.0,0,3,0.0,0.0,12.402216,0.0,0.0,511,-12.402216,511,18.865116,-4.96592,1
013403,华夏恒生科技ETF发起式联接(QDII)C,INDEX,2024-02-06,20,4.381961,-6.093955,-18.491588,0.743639,-0.572668,44.542142,-13.79478,-27.260293,60.0,2,0,0.0,0.0,6.093955,0.0,0.0,512,-6.093955,512,12.069267,-4.96592,1
013403,华夏恒生科技ETF发起式联接(QDII)C,INDEX,2024-02-07,20,5.848063,-6.820063,-23.006429,-0.445686,-0.484064,44.73812,-13.79478,-26.648276,60.0,0,2,0.0,0.0,6.820063,0.0,0.0,513,-6.820063,513,12.32901,-4.96592,1
013403,华夏恒生科技ETF发起式联接(QDII)C,INDEX,2024-02-08,20,3.322259,-9.255957,-22.000836,-0.491499,-0.356303,43.80565,-12.990838,-26.648276,65.0,0,3,0.0,0.0,9.255957,0.0,0.0,514,-9.255957,514,11.289746,-4.96592,1
013403,华夏恒生科技ETF发起式联接(QDII)C,INDEX,2024-02-19,20,6.618331,-6.168194,-18.905543,2.286509,-0.192677,44.940286,-11.366667,-26.648276,60.0,2,0,0.0,0.0,6.168194,0.0,0.0,515,-6.168194,515,9.904098,-4.96592,1
013403,华夏恒生科技ETF发起式联接(QDII)C,INDEX,2024-02-20,20,7.106977,-4.05,-20.307309,2.901879,-0.043772,44.612216,-9.434605,-26.648276,55.0,3,0,0.0,0.0,4.05,0.0,0.0,516,-4.05,516,7.608129,-4.96592,1
013403,华夏恒生科技ETF发起式联接(QDII)C,INDEX,2024-02-21,20,3.235963,0.510899,-17.304189,5.465365,0.112954,44.950617,-8.860326,-26.648276,50.0,4,0,0.0,0.510899,0.0,0.0,0.0,517,0.510899,517,5.557438,-4.96592,1
013403,华夏恒生科技ETF发起式联接(QDII)C,INDEX,2024-02-22,20,6.644164,7.311405,-15.557744,6.879607,0.215419,41.517885,-8.860326,-26.648276,45.0,5,0,0.0,7.311405,0.0,0.0,0.0,518,7.311405,518,4.614359,-4.96592,1
013403,华夏恒生科技ETF发起式联接(QDII)C,INDEX,2024-02-23,20,6.984637,6.452186,-17.393103,6.286881,0.311774,41.5683,-8.860326,-25.151302,50.0,0,2,0.0,6.452186,0.0,0.0,0.0,519,6.452186,519,1.402571,-5.213048,0
013403,华夏恒生科技ETF发起式联接(QDII)C,INDEX,2024-02-26,20,4.23714,7.769966,-15.636466,5.687464,0.372783,41.110209,-8.860326,-25.151302,50.0,0,3,0.0,7.769966,0.0,0.0,0.0,520,7.769966,520,1.053864,-5.712502,0
013403,华夏恒生科技ETF发起式联接(QDII)C,INDEX,2024-02-27,20,7.034914,14.471484,-13.272343,8.195426,0.421311,40.131806,-8.860326,-24.556675,45.0,2,0,0.0,14.471484,0.0,0.0,0.0,521,14.471484,521,-1.054852,-5.712502,0
013403,华夏恒生科技ETF发起式联接(QDII)C,INDEX,2024-02-28,20,2.151813,8.240575,-14.470138,5.435277,0.468416,39.963123,-8.860326,-22.737179,50.0,0,2,0.0,8.240575,0.0,0.0,0.0,522,8.240575,522,-1.044949,-6.883097,0
013403,华夏恒生科技ETF发起式联接(QDII)C,INDEX,2024-02-29,20,0.549725,4.302748,-12.305681,5.328366,0.565578,37.804947,-8.860326,-22.455526,50.0,2,0,0.0,4.302748,0.0,0.0,0.0,523,4.302748,523,1.143141,-6.883097,0
013403,华夏恒生科技ETF发起式联接(QDII)C,INDEX,2024-03-01,20,2.4545,5.158526,-10.527851,6.792906,0.693556,38.089721,-5.909413,-21.156412,50.0,3,0,0.0,5.158526,0.0,0.0,0.0,524,5.158526,524,-0.521512,-6.883097,0
013403,华夏恒生科技ETF发起式联接(QDII)C,INDEX,2024-03-04,20,2.157912,8.588193,-9.458858,5.843306,0.746804,35.363095,-5.909413,-19.981944,50.0,0,2,0.0,8.588193,0.0,0.0,0.0,525,8.588193,525,-0.081873,-6.883097,0
013403,华夏恒生科技ETF发起式联接(QDII)C,INDEX,2024-03-05,20,-4.96592,3.609342,-11.514053,1.314002,0.734585,38.865509,-4.96592,-19.981944,55.0,0,3,0.0,3.609342,0.0,0.0,0.0,526,3.609342,526,6.096311,-6.883097,1
013403,华夏恒生科技ETF发起式联接(QDII)C,INDEX,2024-03-06,20,-0.398076,9.640314,-7.572726,3.419473,0.704182,37.64796,-4.96592,-19.981944,50.0,2,0,0.0,9.640314,0.0,0.0,0.0,527,9.640314,527,1.382182,-6.883097,0
013403,华夏恒生科技ETF发起式联接(QDII)C,INDEX,2024-03-07,20,-2.037773,11.188417,-10.476911,1.315925,0.594526,36.300679,-4.96592,-19.981944,50.0,0,2,0.0,11.188417,0.0,0.0,0.0,528,11.188417,528,2.536783,-6.883097,1
013403,华夏恒生科技ETF发起式联接(QDII)C,INDEX,2024-03-08,20,-2.900913,9.966777,-9.259823,1.616865,0.508845,35.975119,-4.96592,-19.981944,50.0,2,0,0.0,9.966777,0.0,0.0,0.0,529,9.966777,529,2.668681,-6.883097,1
013403,华夏恒生科技ETF发起式联接(QDII)C,INDEX,2024-03-11,20,0.21287,13.775795,-6.321751,3.724418,0.438251,36.495409,-4.96592,-19.981944,45.0,3,0,0.0,13.775795,0.0,0.0,0.0,530,13.775795,530,2.009804,-6.883097,1
013403,华夏恒生科技ETF发起式联接(QDII)C,INDEX,2024-03-12,20,9.101776,18.865116,-1.297698,7.36101,0.412482,38.666901,-4.96592,-19.981944,40.0,4,0,0.0,18.865116,0.0,0.0,0.0,531,18.865116,531,-2.676475,-6.883097,0
013403,华夏恒生科技ETF发起式联接(QDII)C,INDEX,2024-03-13,20,6.694421,12.069267,-2.703113,7.042912,0.457237,32.850952,-4.96592,-19.981944,40.0,5,0,0.0,12.069267,0.0,0.0,0.0,532,12.069267,532,-4.651163,-6.883097,0
013403,华夏恒生科技ETF发起式联接(QDII)C,INDEX,2024-03-14,20,6.933875,12.32901,-2.827724,5.030606,0.441212,32.664076,-4.96592,-19.981944,40.0,0,2,0.0,12.32901,0.0,0.0,0.0,533,12.32901,533,-4.222679,-5.646054,0
013403,华夏恒生科技ETF发起式联接(QDII)C,INDEX,2024-03-15,20,4.56529,11.289746,-4.550329,2.945429,0.378304,33.253111,-4.96592,-19.981944,40.0,0,3,0.0,11.289746,0.0,0.0,0.0,534,11.289746,534,-5.457464,-6.552435,0
013403,华夏恒生科技ETF发起式联接(QDII)C,INDEX,2024-03-18,20,2.990196,9.904098,-5.160999,3.665206,0.353313,32.593138,-4.96592,-19.412032,40.0,2,0,0.0,9.904098,0.0,0.0,0.0,535,9.904098,535,-6.504839,-6.552435,0
013403,华夏恒生科技ETF发起式联接(QDII)C,INDEX,2024-03-19,20,-3.036469,7.608129,-5.578418,1.523259,0.295316,33.523508,-4.96592,-19.412032,45.0,0,2,0.0,7.608129,0.0,0.0,0.0,536,7.608129,536,-4.422922,-6.210191,0
013403,华夏恒生科技ETF发起式联接(QDII)C,INDEX,2024-03-20,20,-2.762603,5.557438,-4.652586,1.823174,0.272773,32.580989,-4.96592,-19.412032,45.0,2,0,0.0,5.557438,0.0,0.0,0.0,537,5.557438,537,-7.046549,-7.786624,0
013403,华夏恒生科技ETF发起式联接(QDII)C,INDEX,2024-03-21,20,-0.680057,4.614359,-4.268293,2.408558,0.280065,32.213098,-4.96592,-19.412032,45.0,3,0,0.0,4.614359,0.0,0.0,0.0,538,4.614359,538,-6.242038,-7.786624,0
013403,华夏恒生科技ETF发起式联接(QDII)C,INDEX,2024-03-22,20,-2.520064,1.402571,-6.969975,-1.034792,0.229197,34.565504,-5.213048,-19.412032,45.0,0,2,0.0,1.402571,0.0,0.0,0.0,539,1.402571,539,0.098798,-7.240109,0
013403,华夏恒生科技ETF发起式联接(QDII)C,INDEX,2024-03-25,20,-4.156751,1.053864,-3.189103,-1.606769,0.166097,34.623261,-5.712502,-19.412032,45.0,0,3,0.0,1.053864,0.0,0.0,0.0,540,1.053864,540,4.088727,-7.240109,1
013403,华夏恒生科技ETF发起式联接(QDII)C,INDEX,2024-03-26,20,-1.581921,-1.054852,-2.276006,-0.64207,0.162006,32.950367,-5.712502,-19.412032,45.0,2,0,0.0,0.0,1.054852,0.0,0.0,541,-1.054852,541,2.706249,-7.240109,1
013403,华夏恒生科技ETF发起式联接(QDII)C,INDEX,2024-03-27,20,-4.23756,-1.044949,-4.375701,-2.726939,0.09475,32.942005,-6.883097,-19.412032,45.0,0,2,0.0,0.0,1.044949,0.0,0.0,542,-1.044949,542,9.604425,-7.240109,1
013403,华夏恒生科技ETF发起式联接(QDII)C,INDEX,2024-03-28,20,-2.786624,1.143141,-4.56464,-0.516564,0.063099,33.99449,-6.883097,-19.412032,45.0,2,0,0.0,1.143141,0.0,0.0,0.0,543,1.143141,543,6.977887,-7.240109,1
013403,华夏恒生科技ETF发起式联接(QDII)C,INDEX,2024-03-29,20,0.510456,-0.521512,-7.501137,-0.506919,0.055321,33.479226,-6.883097,-19.240699,50.0,0,2,0.0,0.0,0.521512,0.0,0.0,544,-0.521512,544,6.684142,-7.240109,1
013403,华夏恒生科技ETF发起式联接(QDII)C,INDEX,2024-04-01,20,1.009767,-0.081873,-7.334852,-0.535465,0.040383,33.434121,-6.883097,-19.216163,50.0,0,3,0.0,0.0,0.081873,0.0,0.0,545,-0.081873,545,15.257293,-7.240109,1
013403,华夏恒生科技ETF发起式联接(QDII)C,INDEX,2024-04-02,20,1.902575,6.096311,-5.620538,0.980058,-0.013149,30.194361,-6.883097,-18.146837,45.0,2,0,0.0,6.096311,0.0,0.0,0.0,546,6.096311,546,10.75165,-7.240109,1
013403,华夏恒生科技ETF发起式联接(QDII)C,INDEX,2024-04-03,20,2.044921,1.382182,-6.295213,-1.118267,-0.066031,30.060527,-6.883097,-17.190906,50.0,0,2,0.0,1.382182,0.0,0.0,0.0,547,1.382182,547,11.613009,-7.240109,1
013403,华夏恒生科技ETF发起式联接(QDII)C,INDEX,2024-04-08,20,-0.687961,2.536783,-5.339578,-1.644131,-0.15016,29.518805,-6.883097,-17.190906,50.0,0,3,0.0,2.536783,0.0,0.0,0.0,548,2.536783,548,14.250371,-7.240109,1
013403,华夏恒生科技ETF发起式联接(QDII)C,INDEX,2024-04-09,20,0.212975,2.668681,-4.749299,-0.895938,-0.213713,29.558433,-6.883097,-15.841114,50.0,2,0,0.0,2.668681,0.0,0.0,0.0,549,2.668681,549,13.650482,-7.240109,1
013403,华夏恒生科技ETF发起式联接(QDII)C,INDEX,2024-04-10,20,2.310718,2.009804,-1.202722,1.04476,-0.210518,28.882896,-6.883097,-13.79478,50.0,3,0,0.0,2.009804,0.0,0.0,0.0,550,2.009804,550,12.91046,-7.240109,1
013403,华夏恒生科技ETF发起式联接(QDII)C,INDEX,2024-04-11,20,0.080476,-2.676475,1.336375,0.779591,-0.147771,24.073029,-6.883097,-13.79478,55.0,0,2,0.0,0.0,2.676475,0.0,0.0,551,-2.676475,551,14.055967,-6.86716,1
013403,华夏恒生科技ETF发起式联接(QDII)C,INDEX,2024-04-12,20,0.344941,-4.651163,0.344941,-0.74736,-0.10144,24.69301,-5.646054,-13.79478,60.0,0,3,0.0,0.0,4.651163,0.0,0.0,552,-4.651163,552,16.091013,-5.205435,1
013403,华夏恒生科技ETF发起式联接(QDII)C,INDEX,2024-04-15,20,-0.115454,-4.222679,0.248303,-1.394576,-0.081497,24.483909,-5.34666,-13.79478,60.0,0,4,0.0,0.0,4.222679,0.0,0.0,553,-4.222679,553,18.015192,-4.375826,1
013403,华夏恒生科技ETF发起式联接(QDII)C,INDEX,2024-04-16,20,-3.710969,-5.457464,-4.522613,-3.831239,-0.117644,25.738565,-6.552435,-12.990838,60.0,0,5,0.0,0.0,5.457464,0.0,0.0,554,-5.457464,554,22.682513,-3.384047,1
013403,华夏恒生科技ETF发起式联接(QDII)C,INDEX,2024-04-17,20,-5.606279,-6.504839,-3.583115,-3.459122,-0.126119,25.209262,-6.210191,-11.366667,60.0,2,0,0.0,0.0,6.504839,0.0,0.0,555,-6.504839,555,23.230952,-3.384047,1
013403,华夏恒生科技ETF发起式联接(QDII)C,INDEX,2024-04-18,20,-4.776455,-4.422922,-1.316667,-2.782225,-0.145809,24.802763,-6.210191,-9.434605,55.0,3,0,0.0,0.0,4.422922,0.0,0.0,556,-4.422922,556,18.392163,-3.470118,1
013403,华夏恒生科技ETF发起式联接(QDII)C,INDEX,2024-04-19,20,-5.205435,-7.046549,-1.379428,-4.572794,-0.180521,25.576065,-7.786624,-9.614484,60.0,0,2,0.0,0.0,7.046549,0.0,0.0,557,-7.046549,557,21.343464,-3.470118,1
013403,华夏恒生科技ETF发起式联接(QDII)C,INDEX,2024-04-22,20,-2.774108,-6.242038,5.255631,-2.659988,-0.168526,26.276463,-7.240109,-9.614484,60.0,2,0,0.0,0.0,6.242038,0.0,0.0,558,-6.242038,558,16.661005,-5.411732,1
013403,华夏恒生科技ETF发起式联接(QDII)C,INDEX,2024-04-23,20,3.208829,0.098798,8.051902,0.492627,-0.155119,26.666499,-7.240109,-9.614484,55.0,3,0,0.0,0.098798,0.0,0.0,0.0,559,0.098798,559,10.231946,-7.725145,1
013403,华夏恒生科技ETF发起式联接(QDII)C,INDEX,2024-04-24,20,6.702868,4.088727,13.358572,3.735843,-0.100659,29.186316,-7.240109,-9.614484,50.0,4,0,0.0,4.088727,0.0,0.0,0.0,560,4.088727,560,8.22201,-7.725145,1
013403,华夏恒生科技ETF发起式联接(QDII)C,INDEX,2024-04-25,20,5.759162,2.706249,16.329184,3.166496,-0.044123,29.14139,-7.240109,-9.614484,55.0,0,2,0.0,2.706249,0.0,0.0,0.0,561,2.706249,561,8.511658,-7.725145,1
013403,华夏恒生科技ETF发起式联接(QDII)C,INDEX,2024-04-26,20,12.916595,9.604425,17.396768,7.223967,0.03912,31.508761,-7.240109,-9.614484,50.0,2,0,0.0,9.604425,0.0,0.0,0.0,562,9.604425,562,1.60575,-8.510052,0
013403,华夏恒生科技ETF发起式联接(QDII)C,INDEX,2024-04-29,20,10.920516,6.977887,12.856402,6.720046,0.141647,30.791552,-7.240109,-9.614484,55.0,0,2,0.0,6.977887,0.0,0.0,0.0,563,6.977887,563,1.378043,-8.826769,0
013403,华夏恒生科技ETF发起式联接(QDII)C,INDEX,2024-04-30,20,7.122882,6.684142,11.602399,6.056041,0.228387,30.850898,-7.240109,-9.614484,55.0,0,3,0.0,6.684142,0.0,0.0,0.0,564,6.684142,564,0.092138,-10.245112,0
013403,华夏恒生科技ETF发起式联接(QDII)C,INDEX,2024-05-06,20,11.847964,15.257293,25.053343,13.679344,0.4231,41.049956,-7.240109,-9.614484,50.0,2,0,0.0,15.257293,0.0,0.0,0.0,565,15.257293,565,-5.118726,-10.245112,0
013403,华夏恒生科技ETF发起式联接(QDII)C,INDEX,2024-05-07,20,9.885021,10.75165,21.744515,10.625231,0.586964,42.0851,-7.240109,-9.614484,55.0,0,2,0.0,10.75165,0.0,0.0,0.0,566,10.75165,566,-2.819358,-10.245112,0
013403,华夏恒生科技ETF发起式联接(QDII)C,INDEX,2024-05-08,20,3.914972,11.613009,24.064269,8.625279,0.681595,41.554723,-7.240109,-9.614484,55.0,0,3,0.0,11.613009,0.0,0.0,0.0,567,11.613009,567,-1.20677,-10.245112,0
013403,华夏恒生科技ETF发起式联接(QDII)C,INDEX,2024-05-09,20,6.06339,14.250371,30.255735,9.975947,0.780988,41.648184,-7.240109,-9.614484,50.0,2,0,0.0,14.250371,0.0,0.0,0.0,568,14.250371,568,-2.237621,-10.245112,0
013403,华夏恒生科技ETF发起式联接(QDII)C,INDEX,2024-05-10,20,6.756757,13.650482,28.313031,9.646079,0.877818,41.65851,-7.240109,-9.614484,50.0,3,0,0.0,13.650482,0.0,0.0,0.0,569,13.650482,569,-4.243383,-10.245112,0
013403,华夏恒生科技ETF发起式联接(QDII)C,INDEX,2024-05-13,20,0.227499,12.91046,31.046663,10.473772,1.006819,41.431413,-6.86716,-9.614484,50.0,4,0,0.0,12.91046,0.0,0.0,0.0,570,12.91046,570,-5.929919,-10.245112,0
013403,华夏恒生科技ETF发起式联接(QDII)C,INDEX,2024-05-14,20,3.066415,14.055967,31.944186,10.391632,1.118152,41.249545,-5.205435,-9.614484,45.0,5,0,0.0,14.055967,0.0,0.0,0.0,571,14.055967,571,-7.85392,-10.245112,0
013403,华夏恒生科技ETF发起式联接(QDII)C,INDEX,2024-05-15,20,4.370861,16.091013,24.051076,9.553491,1.180059,40.331089,-4.375826,-9.614484,40.0,0,0,0.0,16.091013,0.0,0.0,0.0,572,16.091013,572,-6.697688,-10.245112,0
013403,华夏恒生科技ETF发起式联接(QDII)C,INDEX,2024-05-16,20,3.175978,18.015192,26.96749,9.480553,1.21658,39.860515,-3.384047,-9.614484,35.0,2,0,0.0,18.015192,0.0,0.0,0.0,573,18.015192,573,-8.157269,-10.245112,0
013403,华夏恒生科技ETF发起式联接(QDII)C,INDEX,2024-05-17,20,3.941312,22.682513,29.081815,9.569516,1.202661,37.520219,-3.384047,-9.614484,30.0,3,0,0.0,22.682513,0.0,0.0,0.0,574,22.682513,574,-9.119845,-10.245112,0
013403,华夏恒生科技ETF发起式联接(QDII)C,INDEX,2024-05-20,20,3.021705,23.230952,26.625981,8.98422,1.167005,37.39514,-3.384047,-9.614484,30.0,4,0,0.0,23.230952,0.0,0.0,0.0,575,23.230952,575,-9.859543,-10.245112,0
013403,华夏恒生科技ETF发起式联接(QDII)C,INDEX,2024-05-21,20,-1.156232,18.392163,21.764808,4.349638,1.056782,40.71056,-3.470118,-9.614484,35.0,0,2,0.0,18.392163,0.0,0.0,0.0,576,18.392163,576,-3.338088,-7.243489,0
013403,华夏恒生科技ETF发起式联接(QDII)C,INDEX,2024-05-22,20,-0.916526,21.343464,19.061335,3.649183,0.896453,39.159304,-3.470118,-9.614484,30.0,2,0,0.0,21.343464,0.0,0.0,0.0,577,21.343464,577,-5.051943,-7.243489,0
013403,华夏恒生科技ETF发起式联接(QDII)C,INDEX,2024-05-23,20,-3.889744,16.661005,14.42612,0.590893,0.702557,40.708453,-5.411732,-9.614484,35.0,0,2,0.0,16.661005,0.0,0.0,0.0,578,16.661005,578,-4.454797,-5.109914,0
013403,华夏恒生科技ETF发起式联接(QDII)C,INDEX,2024-05-24,20,-7.26543,10.231946,11.888462,-2.314224,0.500237,41.19256,-7.725145,-9.614484,40.0,0,3,0.0,10.231946,0.0,0.0,0.0,579,10.231946,579,-2.65632,-4.217487,0
013403,华夏恒生科技ETF发起式联接(QDII)C,INDEX,2024-05-27,20,-6.293032,8.22201,13.834058,-1.170559,0.355891,39.945371,-7.725145,-9.614484,40.0,2,0,0.0,8.22201,0.0,0.0,0.0,580,8.22201,580,-4.71712,-4.71712,0
013403,华夏恒生科技ETF发起式联接(QDII)C,INDEX,2024-05-28,20,-3.067047,8.511658,10.272639,-1.696264,0.193347,39.882301,-7.725145,-9.614484,40.0,0,2,0.0,8.511658,0.0,0.0,0.0,581,8.511658,581,-3.738043,-4.576895,0
013403,华夏恒生科技ETF发起式联接(QDII)C,INDEX,2024-05-29,20,-5.450406,1.60575,10.200697,-3.953741,0.052607,38.007764,-8.510052,-9.614484,45.0,0,3,0.0,1.60575,0.0,0.0,0.0,582,1.60575,582,-4.063817,-5.932704,0
013403,华夏恒生科技ETF发起式联接(QDII)C,INDEX,2024-05-30,20,-3.610424,1.378043,9.691849,-4.348454,-0.096782,38.033916,-8.826769,-9.614484,45.0,0,4,0.0,1.378043,0.0,0.0,0.0,583,1.378043,583,-4.591451,-6.773908,0
013403,华夏恒生科技ETF发起式联接(QDII)C,INDEX,2024-05-31,20,-2.730936,0.092138,6.225554,-5.840544,-0.273671,38.466642,-10.245112,-10.245112,45.0,0,5,0.0,0.092138,0.0,0.0,0.0,584,0.092138,584,-3.09911,-6.788666,0
013403,华夏恒生科技ETF发起式联接(QDII)C,INDEX,2024-06-03,20,-1.93975,-5.118726,9.268053,-3.350086,-0.300652,26.25826,-10.245112,-10.245112,45.0,2,0,0.0,0.0,5.118726,0.0,0.0,585,-5.118726,585,-5.364903,-6.803424,0
013403,华夏恒生科技ETF发起式联接(QDII)C,INDEX,2024-06-04,20,-1.589404,-2.819358,14.190574,-3.011052,-0.351436,25.2998,-10.245112,-10.245112,40.0,3,0,0.0,0.0,2.819358,0.0,0.0,586,-2.819358,586,-5.936892,-7.172373,0
013403,华夏恒生科技ETF发起式联接(QDII)C,INDEX,2024-06-05,20,1.038531,-1.20677,11.790175,-2.57601,-0.412118,25.005396,-10.245112,-10.245112,35.0,4,0,0.0,0.0,1.20677,0.0,0.0,587,-1.20677,587,-4.111426,-7.172373,0
013403,华夏恒生科技ETF发起式联接(QDII)C,INDEX,2024-06-06,20,2.280622,-2.237621,14.527313,-1.609095,-0.428804,24.152346,-10.245112,-10.245112,35.0,5,0,0.0,0.0,2.237621,0.0,0.0,588,-2.237621,588,-4.356172,-7.172373,0
013403,华夏恒生科技ETF发起式联接(QDII)C,INDEX,2024-06-07,20,2.132556,-4.243383,11.732125,-3.072219,-0.460762,24.727987,-10.245112,-10.245112,40.0,0,2,0.0,0.0,4.243383,0.0,0.0,589,-4.243383,589,-4.040859,-7.172373,0
013403,华夏恒生科技ETF发起式联接(QDII)C,INDEX,2024-06-11,20,-0.629402,-5.929919,8.349673,-3.156081,-0.469877,23.996907,-10.245112,-10.245112,45.0,0,3,0.0,0.0,5.929919,0.0,0.0,590,-5.929919,590,-4.494043,-7.172373,0
013403,华夏恒生科技ETF发起式联接(QDII)C,INDEX,2024-06-12,20,-2.273067,-7.85392,2.285178,-4.168347,-0.480473,24.079985,-10.245112,-10.245112,50.0,0,4,0.0,0.0,7.85392,0.0,0.0,591,-7.85392,591,-2.188217,-7.172373,0
013403,华夏恒生科技ETF发起式联接(QDII)C,INDEX,2024-06-13,20,-1.430061,-6.697688,3.277665,-2.626738,-0.461296,24.756871,-10.245112,-10.245112,50.0,2,0,0.0,0.0,6.697688,0.0,0.0,592,-6.697688,592,-3.370107,-7.172373,0
013403,华夏恒生科技ETF发起式联接(QDII)C,INDEX,2024-06-14,20,-3.071471,-8.157269,3.811482,-2.990534,-0.430136,24.450002,-10.245112,-10.245112,55.0,0,2,0.0,0.0,8.157269,0.0,0.0,593,-8.157269,593,-0.106642,-7.172373,0
013403,华夏恒生科技ETF发起式联接(QDII)C,INDEX,2024-06-17,20,-1.35196,-9.119845,5.40931,-2.471263,-0.36675,23.859283,-10.245112,-10.245112,55.0,2,0,0.0,0.0,9.119845,0.0,0.0,594,-9.119845,594,2.055733,-7.172373,1
013403,华夏恒生科技ETF发起式联接(QDII)C,INDEX,2024-06-18,20,-1.281858,-9.859543,3.855307,-2.263497,-0.284065,23.59598,-7.243489,-10.245112,60.0,0,2,0.0,0.0,9.859543,0.0,0.0,595,-9.859543,595,-0.336083,-7.172373,0
013403,华夏恒生科技ETF发起式联接(QDII)C,INDEX,2024-06-19,20,3.687835,-3.338088,9.378531,1.347612,-0.194034,24.947859,-7.243489,-10.245112,55.0,2,0,0.0,0.0,3.338088,0.0,0.0,596,-3.338088,596,-4.929162,-7.172373,0
013403,华夏恒生科技ETF发起式联接(QDII)C,INDEX,2024-06-20,20,0.831192,-5.051943,7.094703,0.057737,-0.11676,25.363745,-5.109914,-10.245112,60.0,0,2,0.0,0.0,5.051943,0.0,0.0,597,-5.051943,597,-2.997602,-5.72542,0
013403,华夏恒生科技ETF发起式联接(QDII)C,INDEX,2024-06-21,20,-0.015235,-4.454797,4.506369,-1.350549,-0.091939,24.808037,-4.217487,-10.245112,60.0,0,3,0.0,0.0,4.454797,0.0,0.0,598,-4.454797,598,-2.148408,-4.177857,0
013403,华夏恒生科技ETF发起式联接(QDII)C,INDEX,2024-06-24,20,-0.670017,-2.65632,7.409847,-1.820453,-0.108539,23.437479,-4.217487,-10.245112,60.0,0,4,0.0,0.0,2.65632,0.0,0.0,599,-2.65632,599,-3.541315,-6.117577,0
013403,华夏恒生科技ETF发起式联接(QDII)C,INDEX,2024-06-25,20,-0.947143,-4.71712,7.333223,-2.171125,-0.104911,22.626519,-4.576895,-10.713302,65.0,0,5,0.0,0.0,4.71712,0.0,0.0,600,-4.71712,600,-1.01789,-6.117577,0
013403,华夏恒生科技ETF发起式联接(QDII)C,INDEX,2024-06-26,20,-3.468123,-3.738043,7.28227,-1.121659,-0.083994,22.968051,-4.309327,-10.713302,60.0,2,0,0.0,0.0,3.738043,0.0,0.0,601,-3.738043,601,-3.53157,-6.117577,0
013403,华夏恒生科技ETF发起式联接(QDII)C,INDEX,2024-06-27,20,-4.466427,-4.063817,6.838753,-3.449112,-0.129472,23.384467,-5.932704,-12.228036,60.0,0,2,0.0,0.0,4.063817,0.0,0.0,602,-4.063817,602,-2.431754,-7.206804,0
013403,华夏恒生科技ETF发起式联接(QDII)C,INDEX,2024-06-28,20,-3.748286,-4.591451,3.472563,-4.091703,-0.186894,23.511433,-6.773908,-13.012944,60.0,0,3,0.0,0.0,4.591451,0.0,0.0,603,-4.591451,603,-3.466836,-9.012235,0
013403,华夏恒生科技ETF发起式联接(QDII)C,INDEX,2024-06-30,20,-3.173386,-3.09911,3.473132,-3.959613,-0.262387,22.98446,-6.788666,-13.026714,60.0,0,4,0.0,0.0,3.09911,0.0,0.0,604,-3.09911,604,-2.913236,-9.012235,0
013403,华夏恒生科技ETF发起式联接(QDII)C,INDEX,2024-07-01,20,-2.606416,-5.364903,3.490659,-3.712739,-0.296785,20.979185,-6.803424,-13.040485,65.0,0,5,0.0,0.0,5.364903,0.0,0.0,605,-5.364903,605,-2.26445,-9.012235,0
013403,华夏恒生科技ETF发起式联接(QDII)C,INDEX,2024-07-02,20,-3.837334,-5.936892,1.239337,-3.802773,-0.325318,20.906621,-7.172373,-13.384742,70.0,0,6,0.0,0.0,5.936892,0.0,0.0,606,-5.936892,606,-3.27504,-9.221128,0
013403,华夏恒生科技ETF发起式联接(QDII)C,INDEX,2024-07-03,20,0.98839,-4.111426,5.732589,-1.346391,-0.306071,22.811669,-7.172373,-13.384742,70.0,2,0,0.0,0.0,4.111426,0.0,0.0,607,-4.111426,607,-2.718658,-9.221128,0
013403,华夏恒生科技ETF发起式联接(QDII)C,INDEX,2024-07-04,20,2.532848,-4.356172,6.828303,-0.508441,-0.257321,22.668017,-7.172373,-13.384742,70.0,3,0,0.0,0.0,4.356172,0.0,0.0,608,-4.356172,608,-4.415625,-9.221128,0
013403,华夏恒生科技ETF发起式联接(QDII)C,INDEX,2024-07-05,20,1.139962,-4.040859,4.430276,-1.6724,-0.249001,22.414136,-7.172373,-13.384742,70.0,0,2,0.0,0.0,4.040859,0.0,0.0,609,-4.040859,609,-5.447714,-9.877648,0
013403,华夏恒生科技ETF发起式联接(QDII)C,INDEX,2024-07-08,20,0.285036,-4.494043,1.441615,-2.294905,-0.252914,22.530025,-7.172373,-13.384742,70.0,0,3,0.0,0.0,4.494043,0.0,0.0,610,-4.494043,610,-5.447655,-10.653536,0
013403,华夏恒生科技ETF发起式联接(QDII)C,INDEX,2024-07-09,20,1.621622,-2.188217,2.798327,-1.275754,-0.26001,22.393174,-7.172373,-13.384742,65.0,2,0,0.0,0.0,2.188217,0.0,0.0,611,-2.188217,611,-6.461202,-10.787825,0
013403,华夏恒生科技ETF发起式联接(QDII)C,INDEX,2024-07-10,20,-0.668013,-3.370107,4.665248,-1.074504,-0.243486,21.824494,-7.172373,-13.384742,65.0,3,0,0.0,0.0,3.370107,0.0,0.0,612,-3.370107,612,-5.411323,-10.787825,0
013403,华夏恒生科技ETF发起式联接(QDII)C,INDEX,2024-07-11,20,1.23514,-0.106642,8.272787,1.452863,-0.198257,23.684967,-7.172373,-13.384742,60.0,4,0,0.0,0.0,0.106642,0.0,0.0,613,-0.106642,613,-8.021961,-10.787825,0
013403,华夏恒生科技ETF发起式联接(QDII)C,INDEX,2024-07-12,20,4.915466,2.055733,13.786078,3.588182,-0.119943,24.947989,-7.172373,-13.384742,60.0,5,0,0.0,2.055733,0.0,0.0,0.0,614,2.055733,614,-8.310952,-10.787825,0
013403,华夏恒生科技ETF发起式联接(QDII)C,INDEX,2024-07-15,20,3.015948,-0.336083,10.707619,0.854106,-0.089418,26.795793,-7.172373,-13.384742,60.0,0,2,0.0,0.0,0.336083,0.0,0.0,615,-0.336083,615,-6.054568,-8.353771,0
013403,华夏恒生科技ETF发起式联接(QDII)C,INDEX,2024-07-16,20,0.782228,-4.929162,8.799189,-0.155764,-0.020382,23.658244,-5.72542,-13.384742,65.0,0,3,0.0,0.0,4.929162,0.0,0.0,616,-4.929162,616,-4.734554,-7.617429,0
013403,华夏恒生科技ETF发起式联接(QDII)C,INDEX,2024-07-17,20,1.219894,-2.997602,11.759627,0.464914,0.03792,23.270725,-4.159683,-13.384742,60.0,2,0,0.0,0.0,2.997602,0.0,0.0,617,-2.997602,617,-6.103214,-7.617429,0
013403,华夏恒生科技ETF发起式联接(QDII)C,INDEX,2024-07-18,20,-2.058868,-2.148408,9.069293,-0.20202,0.063188,22.733072,-4.177857,-13.384742,60.0,0,2,0.0,0.0,2.148408,0.0,0.0,618,-2.148408,618,-5.745874,-6.898163,0
013403,华夏恒生科技ETF发起式联接(QDII)C,INDEX,2024-07-19,20,-6.117577,-3.541315,3.503866,-2.046408,0.05313,23.689231,-6.117577,-13.384742,60.0,0,3,0.0,0.0,3.541315,0.0,0.0,619,-3.541315,619,-1.780038,-6.840137,0
013403,华夏恒生科技ETF发起式联接(QDII)C,INDEX,2024-07-22,20,-1.62477,-1.01789,2.06743,-0.033488,0.066836,24.836193,-6.117577,-13.384742,55.0,2,0,0.0,0.0,1.01789,0.0,0.0,620,-1.01789,620,-2.212527,-6.840137,0
013403,华夏恒生科技ETF发起式联接(QDII)C,INDEX,2024-07-23,20,-2.049053,-3.53157,0.766528,-1.538558,0.072177,25.240965,-6.117577,-13.384742,60.0,0,2,0.0,0.0,3.53157,0.0,0.0,621,-3.53157,621,-1.061807,-5.245642,0
013403,华夏恒生科技ETF发起式联接(QDII)C,INDEX,2024-07-24,20,-3.909147,-2.431754,-4.893715,-2.841029,0.021414,24.132071,-7.206804,-14.362435,60.0,0,3,0.0,0.0,2.431754,0.0,0.0,622,-2.431754,622,-1.415018,-4.519323,0
013403,华夏恒生科技ETF发起式联接(QDII)C,INDEX,2024-07-25,20,-5.045157,-3.466836,-6.629919,-4.568147,-0.066976,24.861624,-9.012235,-16.028642,60.0,0,4,0.0,0.0,3.466836,0.0,0.0,623,-3.466836,623,2.459823,-4.519323,1
013403,华夏恒生科技ETF发起式联接(QDII)C,INDEX,2024-07-26,20,-2.542912,-2.913236,-5.835381,-3.897691,-0.143101,24.990121,-9.012235,-16.028642,55.0,2,0,0.0,0.0,2.913236,0.0,0.0,624,-2.913236,624,0.913242,-4.519323,0
013403,华夏恒生科技ETF发起式联接(QDII)C,INDEX,2024-07-29,20,-3.83297,-2.26445,-12.242286,-3.162288,-0.206316,25.144785,-9.012235,-16.028642,50.0,3,0,0.0,0.0,2.26445,0.0,0.0,625,-2.26445,625,0.907323,-4.519323,0
013403,华夏恒生科技ETF发起式联接(QDII)C,INDEX,2024-07-30,20,-3.581616,-3.27504,-11.582619,-4.388481,-0.292386,25.566363,-9.221128,-16.221427,50.0,0,2,0.0,0.0,3.27504,0.0,0.0,626,-3.27504,626,2.43261,-4.519323,1
013403,华夏恒生科技ETF发起式联接(QDII)C,INDEX,2024-07-31,20,0.691429,-2.718658,-7.844003,-1.455661,-0.297226,26.398934,-9.221128,-16.221427,50.0,2,0,0.0,0.0,2.718658,0.0,0.0,627,-2.718658,627,-2.060045,-4.519323,0
013403,华夏恒生科技ETF发起式联接(QDII)C,INDEX,2024-08-01,20,1.52509,-4.415625,-10.62509,-2.353238,-0.304229,26.476169,-9.221128,-16.221427,55.0,0,2,0.0,0.0,4.415625,0.0,0.0,628,-4.415625,628,-0.355355,-3.424326,0
013403,华夏恒生科技ETF发起式联接(QDII)C,INDEX,2024-08-02,20,-1.500326,-5.447714,-13.118527,-4.472702,-0.360956,27.351304,-9.877648,-16.82732,55.0,0,3,0.0,0.0,5.447714,0.0,0.0,629,-5.447714,629,4.701987,-2.310389,1
013403,华夏恒生科技ETF发起式联接(QDII)C,INDEX,2024-08-05,20,-2.981205,-5.447655,-15.05178,-5.03604,-0.435241,27.351286,-10.653536,-17.543376,55.0,0,4,0.0,0.0,5.447655,0.0,0.0,630,-5.447655,630,3.373413,-2.310389,1
013403,华夏恒生科技ETF发起式联接(QDII)C,INDEX,2024-08-06,20,-1.725838,-6.461202,-15.693739,-4.867221,-0.489178,26.990396,-10.787825,-17.667309,60.0,0,5,0.0,0.0,6.461202,0.0,0.0,631,-6.461202,631,3.913698,-2.310389,1
013403,华夏恒生科技ETF发起式联接(QDII)C,INDEX,2024-08-07,20,-3.417439,-5.411323,-14.720812,-3.503733,-0.51704,27.47396,-10.787825,-17.667309,60.0,2,0,0.0,0.0,5.411323,0.0,0.0,632,-5.411323,632,2.397487,-2.310389,1
013403,华夏恒生科技ETF发起式联接(QDII)C,INDEX,2024-08-08,20,-2.584397,-8.021961,-15.614943,-3.36949,-0.500161,25.388395,-10.787825,-17.667309,65.0,0,2,0.0,0.0,8.021961,0.0,0.0,633,-8.021961,633,2.65296,-2.310389,1
013403,华夏恒生科技ETF发起式联接(QDII)C,INDEX,2024-08-09,20,1.738411,-8.310952,-14.959867,-1.101642,-0.407472,24.971604,-8.353771,-17.667309,65.0,2,0,0.0,0.0,8.310952,0.0,0.0,634,-8.310952,634,0.667209,-2.310389,0
013403,华夏恒生科技ETF发起式联接(QDII)C,INDEX,2024-08-12,20,2.354709,-6.054568,-15.601763,-1.04461,-0.349081,23.534645,-7.617429,-14.913904,65.0,0,2,0.0,0.0,6.054568,0.0,0.0,635,-6.054568,635,-0.55474,-3.621126,0
013403,华夏恒生科技ETF发起式联接(QDII)C,INDEX,2024-08-13,20,2.642582,-4.734554,-12.453638,-0.67088,-0.299598,23.301665,-7.617429,-14.913904,60.0,2,0,0.0,0.0,4.734554,0.0,0.0,636,-4.734554,636,-0.146651,-3.621126,0
013403,华夏恒生科技ETF发起式联接(QDII)C,INDEX,2024-08-14,20,0.479497,-6.103214,-13.519283,-1.326579,-0.248832,23.291722,-6.898163,-12.956762,65.0,0,2,0.0,0.0,6.103214,0.0,0.0,637,-6.103214,637,0.905052,-3.621126,0
013403,华夏恒生科技ETF发起式联接(QDII)C,INDEX,2024-08-15,20,0.364782,-5.745874,-11.879458,-1.420952,-0.206465,23.229492,-6.840137,-12.138134,65.0,0,3,0.0,0.0,5.745874,0.0,0.0,638,-5.745874,638,2.03205,-3.621126,1
013403,华夏恒生科技ETF发起式联接(QDII)C,INDEX,2024-08-16,20,0.569569,-1.780038,-7.774959,0.739243,-0.158339,23.739721,-6.840137,-12.138134,60.0,2,0,0.0,0.0,1.780038,0.0,0.0,639,-1.780038,639,-0.210356,-3.621126,0
013403,华夏恒生科技ETF发起式联接(QDII)C,INDEX,2024-08-19,20,2.398434,-2.212527,-7.773696,2.422665,-0.052554,23.266162,-5.245642,-12.00883,60.0,3,0,0.0,0.0,2.212527,0.0,0.0,640,-2.212527,640,-0.350542,-3.621126,0
013403,华夏恒生科技ETF发起式联接(QDII)C,INDEX,2024-08-20,20,1.727228,-1.061807,-8.12362,1.939845,0.021387,22.575545,-4.519323,-11.762102,60.0,0,2,0.0,0.0,1.061807,0.0,0.0,641,-1.061807,641,3.395803,-3.621126,1
013403,华夏恒生科技ETF发起式联接(QDII)C,INDEX,2024-08-21,20,0.888596,-1.415018,-7.721252,0.183013,0.047449,22.896871,-4.519323,-11.762102,60.0,0,3,0.0,0.0,1.415018,0.0,0.0,642,-1.415018,642,6.263252,-3.621126,1
013403,华夏恒生科技ETF发起式联接(QDII)C,INDEX,2024-08-22,20,3.221543,2.459823,-5.63359,1.969873,0.071663,22.776824,-4.519323,-11.762102,55.0,2,0,0.0,2.459823,0.0,0.0,0.0,643,2.459823,643,3.985275,-3.621126,1
013403,华夏恒生科技ETF发起式联接(QDII)C,INDEX,2024-08-23,20,0.12945,0.913242,-5.062903,0.94452,0.086986,23.035873,-4.519323,-11.762102,60.0,0,2,0.0,0.913242,0.0,0.0,0.0,644,0.913242,644,10.908209,-3.621126,1
013403,华夏恒生科技ETF发起式联接(QDII)C,INDEX,2024-08-26,20,-0.764818,0.907323,-6.668665,1.550653,0.120538,23.033853,-4.519323,-11.762102,60.0,2,0,0.0,0.907323,0.0,0.0,0.0,645,0.907323,645,10.051381,-3.621126,1
013403,华夏恒生科技ETF发起式联接(QDII)C,INDEX,2024-08-27,20,-0.176197,2.43261,-6.804247,1.493412,0.130875,22.360658,-4.519323,-11.762102,55.0,3,0,0.0,2.43261,0.0,0.0,0.0,646,2.43261,646,17.79525,-3.621126,1
013403,华夏恒生科技ETF发起式联接(QDII)C,INDEX,2024-08-28,20,0.032621,-2.060045,-8.639952,-0.013858,0.160639,20.541409,-3.424326,-11.762102,60.0,0,2,0.0,0.0,2.060045,0.0,0.0,647,-2.060045,647,26.006848,-3.621126,1
013403,华夏恒生科技ETF发起式联接(QDII)C,INDEX,2024-08-29,20,-1.264405,-0.355355,-8.904312,0.591089,0.18357,20.295091,-2.310389,-11.762102,55.0,2,0,0.0,0.0,0.355355,0.0,0.0,648,-0.355355,648,33.165829,-3.621126,1
013403,华夏恒生科技ETF发起式联接(QDII)C,INDEX,2024-08-30,20,2.197802,4.701987,-5.002253,2.88029,0.203769,20.044428,-2.310389,-11.762102,50.0,3,0,0.0,4.701987,0.0,0.0,0.0,649,4.701987,649,29.253637,-3.621126,1
013403,华夏恒生科技ETF发起式联接(QDII)C,INDEX,2024-09-02,20,-0.610148,3.373413,-6.650581,0.535159,0.172661,21.409683,-2.310389,-11.762102,50.0,0,2,0.0,3.373413,0.0,0.0,0.0,650,3.373413,650,30.290792,-1.899244,1
013403,华夏恒生科技ETF发起式联接(QDII)C,INDEX,2024-09-03,20,-0.304878,3.913698,-4.927314,0.717325,0.139717,21.384756,-2.310389,-11.762102,45.0,2,0,0.0,3.913698,0.0,0.0,0.0,651,3.913698,651,32.737808,-1.899244,1
013403,华夏恒生科技ETF发起式联接(QDII)C,INDEX,2024-09-04,20,0.978314,2.397487,-6.407738,0.275259,0.114292,21.152605,-2.310389,-11.762102,50.0,0,2,0.0,2.397487,0.0,0.0,0.0,652,2.397487,652,33.182626,-1.825928,1
013403,华夏恒生科技ETF发起式联接(QDII)C,INDEX,2024-09-05,20,0.356622,2.65296,-5.682511,0.113195,0.080586,21.107341,-2.310389,-11.762102,50.0,0,3,0.0,2.65296,0.0,0.0,0.0,653,2.65296,653,31.33581,-1.825928,1
013403,华夏恒生科技ETF发起式联接(QDII)C,INDEX,2024-09-06,20,-2.182163,0.667209,-5.801736,-0.000808,0.071067,20.073073,-2.310389,-11.762102,55.0,0,4,0.0,0.667209,0.0,0.0,0.0,654,0.667209,654,25.913353,-5.564985,1
013403,华夏恒生科技ETF发起式联接(QDII)C,INDEX,2024-09-09,20,-1.534733,-0.55474,-6.889704,-1.444776,0.035489,20.762229,-3.621126,-11.762102,55.0,0,5,0.0,0.0,0.55474,0.0,0.0,655,-0.55474,655,27.022149,-6.134821,1
013403,华夏恒生科技ETF发起式联接(QDII)C,INDEX,2024-09-10,20,-1.368099,-0.146651,-9.563164,-0.90396,0.010384,20.852698,-3.621126,-10.787825,55.0,2,0,0.0,0.0,0.146651,0.0,0.0,656,-0.146651,656,24.787859,-7.286615,1
013403,华夏恒生科技ETF发起式联接(QDII)C,INDEX,2024-09-11,20,-0.984983,0.905052,-8.093525,-0.883354,-0.028888,20.529718,-3.621126,-10.787825,50.0,3,0,0.0,0.905052,0.0,0.0,0.0,657,0.905052,657,31.669928,-7.286615,1
013403,华夏恒生科技ETF发起式联接(QDII)C,INDEX,2024-09-12,20,-0.242287,2.03205,-5.896694,-0.271283,-0.065392,20.587499,-3.621126,-10.787825,45.0,4,0,0.0,2.03205,0.0,0.0,0.0,658,2.03205,658,27.347798,-7.286615,1
013403,华夏恒生科技ETF发起式联接(QDII)C,INDEX,2024-09-13,20,-0.307145,-0.210356,-5.457612,-0.406159,-0.074615,19.205884,-3.621126,-10.787825,50.0,0,2,0.0,0.0,0.210356,0.0,0.0,659,-0.210356,659,28.63629,-7.286615,1
013403,华夏恒生科技ETF发起式联接(QDII)C,INDEX,2024-09-18,20,2.608696,-0.350542,-3.547193,1.01679,-0.038972,19.058601,-3.621126,-10.787825,50.0,2,0,0.0,0.0,0.350542,0.0,0.0,660,-0.350542,660,29.165334,-7.286615,1
013403,华夏恒生科技ETF发起式联接(QDII)C,INDEX,2024-09-19,20,5.336162,3.395803,-1.314784,4.085203,0.035123,22.098694,-3.621126,-10.787825,45.0,3,0,0.0,3.395803,0.0,0.0,0.0,661,3.395803,661,22.106894,-7.286615,1
013403,华夏恒生科技ETF发起式联接(QDII)C,INDEX,2024-09-20,20,6.245923,6.263252,2.212112,4.728454,0.089041,20.963555,-3.621126,-10.787825,40.0,4,0,0.0,6.263252,0.0,0.0,0.0,662,6.263252,662,22.056792,-7.286615,1
013403,华夏恒生科技ETF发起式联接(QDII)C,INDEX,2024-09-23,20,5.197539,3.985275,2.849454,4.230504,0.159029,20.177302,-3.621126,-10.787825,45.0,0,2,0.0,3.985275,0.0,0.0,0.0,663,3.985275,663,23.595506,-7.286615,1
013403,华夏恒生科技ETF发起式联接(QDII)C,INDEX,2024-09-24,20,11.285876,10.908209,8.660545,9.509259,0.2903,27.412055,-3.621126,-10.787825,40.0,2,0,0.0,10.908209,0.0,0.0,0.0,664,10.908209,664,18.22818,-7.286615,1
013403,华夏恒生科技ETF发起式联接(QDII)C,INDEX,2024-09-25,20,9.59386,10.051381,8.535234,8.822152,0.412198,27.508132,-3.621126,-10.787825,45.0,0,2,0.0,10.051381,0.0,0.0,0.0,665,10.051381,665,15.844762,-7.286615,1
013403,华夏恒生科技ETF发起式联接(QDII)C,INDEX,2024-09-26,20,13.725794,17.79525,16.709062,15.537159,0.626539,36.070703,-3.621126,-10.787825,45.0,2,0,0.0,17.79525,0.0,0.0,0.0,666,17.79525,666,7.601144,-7.286615,1
013403,华夏恒生科技ETF发起式联接(QDII)C,INDEX,2024-09-27,20,18.618573,26.006848,20.055927,20.120307,0.869724,38.092617,-3.621126,-10.787825,40.0,3,0,0.0,26.006848,0.0,0.0,0.0,667,26.006848,667,1.695135,-7.286615,0
013403,华夏恒生科技ETF发起式联接(QDII)C,INDEX,2024-09-30,20,26.442974,33.165829,26.833411,25.691379,1.18158,42.086474,-3.621126,-10.787825,40.0,4,0,0.0,33.165829,0.0,0.0,0.0,668,33.165829,668,-3.286671,-7.286615,0
013403,华夏恒生科技ETF发起式联接(QDII)C,INDEX,2024-10-08,20,19.102433,29.253637,27.958673,23.318775,1.467687,42.457647,-1.899244,-10.787825,45.0,0,2,0.0,29.253637,0.0,0.0,0.0,669,29.253637,669,0.28138,-7.286615,0
013403,华夏恒生科技ETF发起式联接(QDII)C,INDEX,2024-10-09,20,17.668515,30.290792,27.348808,19.977388,1.64957,41.697589,-1.899244,-10.787825,45.0,0,3,0.0,30.290792,0.0,0.0,0.0,670,30.290792,670,-0.855549,-7.286615,0
013403,华夏恒生科技ETF发起式联接(QDII)C,INDEX,2024-10-10,20,12.341643,32.737808,29.020651,20.856414,1.826425,41.639665,-1.825928,-10.787825,45.0,2,0,0.0,32.737808,0.0,0.0,0.0,671,32.737808,671,-0.097005,-7.286615,0
013403,华夏恒生科技ETF发起式联接(QDII)C,INDEX,2024-10-11,20,6.728778,33.182626,28.995934,19.07804,1.949272,41.466835,-1.825928,-10.787825,40.0,3,0,0.0,33.182626,0.0,0.0,0.0,672,33.182626,672,-0.64258,-7.286615,0
013403,华夏恒生科技ETF发起式联接(QDII)C,INDEX,2024-10-14,20,-1.02252,31.33581,24.00488,15.767667,2.001976,42.416006,-1.825928,-10.787825,40.0,0,2,0.0,31.33581,0.0,0.0,0.0,673,31.33581,673,0.897799,-5.952527,0
013403,华夏恒生科技ETF发起式联接(QDII)C,INDEX,2024-10-15,20,-4.710056,25.913353,16.219039,9.647085,1.947159,46.649315,-5.564985,-8.353771,40.0,0,3,0.0,25.913353,0.0,0.0,0.0,674,25.913353,674,1.322378,-4.211676,0
013403,华夏恒生科技ETF发起式联接(QDII)C,INDEX,2024-10-16,20,-4.00496,27.022149,18.669528,7.736517,1.830102,46.088973,-6.134821,-7.617429,40.0,0,4,0.0,27.022149,0.0,0.0,0.0,675,27.022149,675,1.963317,-4.211676,0
013403,华夏恒生科技ETF发起式联接(QDII)C,INDEX,2024-10-17,20,-7.275373,24.787859,18.705371,5.30157,1.671592,46.866614,-7.286615,-7.617429,45.0,0,5,0.0,24.787859,0.0,0.0,0.0,676,24.787859,676,0.143847,-7.051827,0
013403,华夏恒生科技ETF发起式联接(QDII)C,INDEX,2024-10-18,20,-2.109602,31.669928,24.752781,9.714503,1.564714,49.202212,-7.286615,-7.286615,45.0,2,0,0.0,31.669928,0.0,0.0,0.0,677,31.669928,677,-4.978945,-7.051827,0
013403,华夏恒生科技ETF发起式联接(QDII)C,INDEX,2024-10-21,20,-3.27143,27.347798,22.469636,5.661949,1.393092,51.196117,-7.286615,-7.286615,50.0,0,2,0.0,27.347798,0.0,0.0,0.0,678,27.347798,678,-2.275906,-7.051827,0
013403,华夏恒生科技ETF发起式联接(QDII)C,INDEX,2024-10-22,20,1.848761,28.63629,26.080737,5.326049,1.201983,50.952038,-7.286615,-7.286615,45.0,2,0,0.0,28.63629,0.0,0.0,0.0,679,28.63629,679,-1.953864,-7.051827,0
013403,华夏恒生科技ETF发起式联接(QDII)C,INDEX,2024-10-23,20,4.339964,29.165334,25.864755,5.968084,1.025274,50.98393,-7.286615,-7.286615,45.0,3,0,0.0,29.165334,0.0,0.0,0.0,680,29.165334,680,-3.317653,-7.051827,0
013403,华夏恒生科技ETF发起式联接(QDII)C,INDEX,2024-10-24,20,3.073101,22.106894,24.912837,2.438137,0.824152,52.146048,-7.286615,-7.286615,50.0,0,2,0.0,22.106894,0.0,0.0,0.0,681,22.106894,681,-2.093377,-7.051827,0
013403,华夏恒生科技ETF发起式联接(QDII)C,INDEX,2024-10-25,20,-1.511023,22.056792,27.866216,2.391759,0.624129,52.147565,-7.286615,-7.286615,50.0,2,0,0.0,22.056792,0.0,0.0,0.0,682,22.056792,682,-5.319416,-8.617551,0
013403,华夏恒生科技ETF发起式联接(QDII)C,INDEX,2024-10-28,20,2.097902,23.595506,31.682519,2.385597,0.410543,51.913336,-7.286615,-7.286615,45.0,3,0,0.0,23.595506,0.0,0.0,0.0,683,23.595506,683,-6.513076,-8.884573,0
013403,华夏恒生科技ETF发起式联接(QDII)C,INDEX,2024-10-29,20,2.281608,18.22818,32.322244,2.638053,0.26057,49.094612,-7.286615,-7.286615,45.0,4,0,0.0,18.22818,0.0,0.0,0.0,684,18.22818,684,-7.752034,-9.151596,0
013403,华夏恒生科技ETF发起式联接(QDII)C,INDEX,2024-10-30,20,-1.708344,15.844762,28.645496,-0.248123,0.056421,50.156107,-7.286615,-7.286615,45.0,0,2,0.0,15.844762,0.0,0.0,0.0,685,15.844762,685,-2.380353,-9.151596,0
013403,华夏恒生科技ETF发起式联接(QDII)C,INDEX,2024-10-31,20,0.215681,7.601144,29.832347,-1.109838,-0.076952,44.381,-7.286615,-7.286615,50.0,0,3,0.0,7.601144,0.0,0.0,0.0,686,7.601144,686,-3.380175,-9.151596,0
013403,华夏恒生科技ETF发起式联接(QDII)C,INDEX,2024-11-01,20,-1.169517,1.695135,25.503034,-1.691226,-0.151162,40.548467,-7.286615,-7.286615,55.0,0,4,0.0,1.695135,0.0,0.0,0.0,687,1.695135,687,-1.946813,-9.151596,0
013403,华夏恒生科技ETF发起式联接(QDII)C,INDEX,2024-11-04,20,-1.058531,-3.286671,28.331449,-0.447329,-0.116541,33.6333,-7.286615,-7.286615,55.0,2,0,0.0,0.0,3.286671,0.0,0.0,688,-3.286671,688,-1.925739,-9.151596,0
013403,华夏恒生科技ETF发起式联接(QDII)C,INDEX,2024-11-05,20,1.022923,0.28138,35.711921,2.69549,-0.039573,35.589118,-7.286615,-7.286615,50.0,3,0,0.0,0.28138,0.0,0.0,0.0,689,0.28138,689,-4.501647,-9.151596,0
013403,华夏恒生科技ETF发起式联接(QDII)C,INDEX,2024-11-06,20,0.70529,-0.855549,33.533734,0.220596,-0.020601,36.373635,-7.286615,-7.286615,50.0,0,2,0.0,0.0,0.855549,0.0,0.0,690,-0.855549,690,-2.513757,-9.151596,0
013403,华夏恒生科技ETF发起式联接(QDII)C,INDEX,2024-11-07,20,4.304342,-0.097005,37.798963,3.271497,0.079222,37.120923,-7.286615,-7.286615,50.0,2,0,0.0,0.0,0.097005,0.0,0.0,691,-0.097005,691,-6.153659,-9.151596,0
013403,华夏恒生科技ETF发起式联接(QDII)C,INDEX,2024-11-08,20,4.275353,-0.64258,35.499339,2.754111,0.171572,37.173237,-5.952527,-7.286615,55.0,0,2,0.0,0.0,0.64258,0.0,0.0,692,-0.64258,692,-3.746187,-8.764018,0
013403,华夏恒生科技ETF发起式联接(QDII)C,INDEX,2024-11-11,20,3.259912,0.897799,36.030509,2.819902,0.243232,36.797139,-3.142716,-7.286615,50.0,2,0,0.0,0.897799,0.0,0.0,0.0,693,0.897799,693,0.195027,-8.764018,0
013403,华夏恒生科技ETF发起式联接(QDII)C,INDEX,2024-11-12,20,-3.720873,1.322378,28.429618,-1.154162,0.189935,36.198789,-4.211676,-7.286615,50.0,0,2,0.0,1.322378,0.0,0.0,0.0,694,1.322378,694,2.863659,-5.18115,1
013403,华夏恒生科技ETF发起式联接(QDII)C,INDEX,2024-11-13,20,-1.275638,1.963317,28.79752,-1.223136,0.125797,36.107681,-4.211676,-7.286615,45.0,2,0,0.0,1.963317,0.0,0.0,0.0,695,1.963317,695,1.431467,-5.18115,0
013403,华夏恒生科技ETF发起式联接(QDII)C,INDEX,2024-11-14,20,-7.051827,0.143847,24.784096,-4.182776,-0.001976,37.496206,-7.051827,-7.286615,45.0,0,2,0.0,0.143847,0.0,0.0,0.0,696,0.143847,696,6.111256,-4.161332,1
013403,华夏恒生科技ETF发起式联接(QDII)C,INDEX,2024-11-15,20,-6.38194,-4.978945,26.246503,-3.765585,-0.043195,31.278191,-7.051827,-7.286615,45.0,2,0,0.0,0.0,4.978945,0.0,0.0,697,-4.978945,697,3.245568,-4.161332,1
013403,华夏恒生科技ETF发起式联接(QDII)C,INDEX,2024-11-18,20,-6.313993,-2.275906,26.978358,-3.481619,-0.115842,30.036455,-7.051827,-7.286615,40.0,3,0,0.0,0.0,2.275906,0.0,0.0,698,-2.275906,698,1.652355,-4.951338,0
013403,华夏恒生科技ETF发起式联接(QDII)C,INDEX,2024-11-19,20,-1.444501,-1.953864,25.857605,-2.231161,-0.155224,30.200459,-7.051827,-7.286615,40.0,4,0,0.0,0.0,1.953864,0.0,0.0,699,-1.953864,699,-0.064284,-5.437956,0
013403,华夏恒生科技ETF发起式联接(QDII)C,INDEX,2024-11-20,20,-1.064099,-3.317653,24.44232,-1.663288,-0.157304,29.421342,-7.051827,-7.286615,40.0,5,0,0.0,0.0,3.317653,0.0,0.0,700,-3.317653,700,1.254802,-5.437956,0
013403,华夏恒生科技ETF发起式联接(QDII)C,INDEX,2024-11-21,20,0.770436,-2.093377,23.610444,-2.733225,-0.20996,28.466027,-7.051827,-7.286615,40.0,0,2,0.0,0.0,2.093377,0.0,0.0,701,-2.093377,701,1.840093,-5.437956,0
013403,华夏恒生科技ETF发起式联接(QDII)C,INDEX,2024-11-22,20,-1.863921,-5.319416,22.802153,-4.849167,-0.279991,29.38148,-8.617551,-8.717265,45.0,0,3,0.0,0.0,5.319416,0.0,0.0,702,-5.319416,702,4.489308,-5.437956,1
013403,华夏恒生科技ETF发起式联接(QDII)C,INDEX,2024-11-25,20,-2.32891,-6.513076,20.150448,-4.812624,-0.330924,29.015556,-8.884573,-8.983996,50.0,0,4,0.0,0.0,6.513076,0.0,0.0,703,-6.513076,703,5.0353,-5.437956,1
013403,华夏恒生科技ETF发起式联接(QDII)C,INDEX,2024-11-26,20,-3.767035,-7.752034,20.959922,-4.711589,-0.359558,28.565058,-9.151596,-9.250727,55.0,0,5,0.0,0.0,7.752034,0.0,0.0,704,-7.752034,704,6.519706,-5.437956,1
013403,华夏恒生科技ETF发起式联接(QDII)C,INDEX,2024-11-27,20,-0.755442,-2.380353,24.454078,-1.206401,-0.361859,30.97532,-9.151596,-9.250727,50.0,2,0,0.0,0.0,2.380353,0.0,0.0,705,-2.380353,705,2.88995,-5.437956,1
013403,华夏恒生科技ETF发起式联接(QDII)C,INDEX,2024-11-28,20,-1.101464,-3.380175,22.464698,-2.557359,-0.39069,31.364679,-9.151596,-9.250727,50.0,0,2,0.0,0.0,3.380175,0.0,0.0,706,-3.380175,706,4.533543,-5.437956,1
013403,华夏恒生科技ETF发起式联接(QDII)C,INDEX,2024-11-29,20,2.35091,-1.946813,25.648133,-1.516362,-0.408743,31.581108,-9.151596,-9.250727,45.0,2,0,0.0,0.0,1.946813,0.0,0.0,707,-1.946813,707,4.152608,-5.437956,1
013403,华夏恒生科技ETF发起式联接(QDII)C,INDEX,2024-12-02,20,3.796457,-1.925739,26.308964,-0.319816,-0.3908,31.59191,-9.151596,-9.250727,45.0,3,0,0.0,0.0,1.925739,0.0,0.0,708,-1.925739,708,2.194559,-5.437956,1
013403,华夏恒生科技ETF发起式联接(QDII)C,INDEX,2024-12-03,20,4.582498,-4.501647,23.782416,0.377634,-0.312773,29.273632,-9.151596,-9.250727,45.0,4,0,0.0,0.0,4.501647,0.0,0.0,709,-4.501647,709,1.073071,-5.437956,0
013403,华夏恒生科技ETF发起式联接(QDII)C,INDEX,2024-12-04,20,0.567669,-2.513757,25.928918,0.083456,-0.273799,28.077344,-9.151596,-9.250727,45.0,0,2,0.0,0.0,2.513757,0.0,0.0,710,-2.513757,710,-1.026299,-6.143552,0
013403,华夏恒生科技ETF发起式联接(QDII)C,INDEX,2024-12-05,20,1.310273,-6.153659,24.448737,-0.401255,-0.193463,25.558337,-8.764018,-9.250727,50.0,0,3,0.0,0.0,6.153659,0.0,0.0,711,-6.153659,711,0.71133,-6.143552,0
013403,华夏恒生科技ETF发起式联接(QDII)C,INDEX,2024-12-06,20,2.361796,-3.746187,27.369611,1.809546,-0.082818,26.827986,-8.764018,-9.250727,45.0,2,0,0.0,0.0,3.746187,0.0,0.0,712,-3.746187,712,-1.457911,-6.143552,0
013403,华夏恒生科技ETF发起式联接(QDII)C,INDEX,2024-12-09,20,5.492813,0.195027,32.773381,6.08368,0.097209,31.026645,-5.18115,-9.250727,45.0,3,0,0.0,0.195027,0.0,0.0,0.0,713,0.195027,713,-6.20438,-6.20438,0
013403,华夏恒生科技ETF发起式联接(QDII)C,INDEX,2024-12-10,20,3.70465,2.863659,31.231814,4.61475,0.194251,28.01792,-5.18115,-9.250727,45.0,0,2,0.0,2.863659,0.0,0.0,0.0,714,2.863659,714,-6.023651,-6.11617,0
013403,华夏恒生科技ETF发起式联接(QDII)C,INDEX,2024-12-11,20,2.719692,1.431467,31.369975,3.109245,0.266833,28.535371,-4.161332,-9.250727,50.0,0,3,0.0,1.431467,0.0,0.0,0.0,715,1.431467,715,-4.670913,-6.11617,0
013403,华夏恒生科技ETF发起式联接(QDII)C,INDEX,2024-12-12,20,5.095706,6.111256,32.604439,4.327284,0.310339,26.485573,-4.161332,-9.250727,45.0,2,0,0.0,6.111256,0.0,0.0,0.0,716,6.111256,716,-7.112971,-7.112971,0
013403,华夏恒生科技ETF发起式联接(QDII)C,INDEX,2024-12-13,20,0.418357,3.245568,29.174821,1.533058,0.310355,28.334714,-4.161332,-9.250727,50.0,0,2,0.0,3.245568,0.0,0.0,0.0,717,3.245568,717,-5.655852,-6.890107,0
013403,华夏恒生科技ETF发起式联接(QDII)C,INDEX,2024-12-16,20,-4.951338,1.652355,26.505829,0.067241,0.288888,28.855777,-4.951338,-9.250727,55.0,0,3,0.0,1.652355,0.0,0.0,0.0,718,1.652355,718,-1.510303,-6.890107,0
013403,华夏恒生科技ETF发起式联接(QDII)C,INDEX,2024-12-17,20,-4.249815,-0.064284,26.041836,-0.441883,0.276522,28.628905,-5.437956,-9.250727,60.0,0,4,0.0,0.0,0.064284,0.0,0.0,719,-0.064284,719,-0.771903,-6.890107,0
013403,华夏恒生科技ETF发起式联接(QDII)C,INDEX,2024-12-18,20,-1.236418,1.254802,26.447074,1.223696,0.295231,29.253826,-5.437956,-9.250727,60.0,2,0,0.0,1.254802,0.0,0.0,0.0,720,1.254802,720,-1.315124,-6.890107,0
013403,华夏恒生科技ETF发起式联接(QDII)C,INDEX,2024-12-19,20,-3.285749,1.840093,21.750581,0.505147,0.284213,28.994282,-5.437956,-9.250727,60.0,0,2,0.0,1.840093,0.0,0.0,0.0,721,1.840093,721,0.585316,-6.890107,0
013403,华夏恒生科技ETF发起式联接(QDII)C,INDEX,2024-12-20,20,-0.681732,4.489308,20.752111,0.390485,0.233727,27.397439,-5.437956,-9.250727,55.0,2,0,0.0,4.489308,0.0,0.0,0.0,722,4.489308,722,2.999873,-6.890107,1
013403,华夏恒生科技ETF发起式联接(QDII)C,INDEX,2024-12-23,20,0.921541,5.0353,21.363706,0.378089,0.175792,27.327095,-5.437956,-9.250727,50.0,3,0,0.0,5.0353,0.0,0.0,0.0,723,5.0353,723,4.667089,-6.890107,1
013403,华夏恒生科技ETF发起式联接(QDII)C,INDEX,2024-12-24,20,2.573009,6.519706,16.173685,1.184055,0.122385,27.406584,-5.437956,-9.250727,45.0,4,0,0.0,6.519706,0.0,0.0,0.0,724,6.519706,724,1.053556,-6.890107,0
013403,华夏恒生科技ETF发起式联接(QDII)C,INDEX,2024-12-25,20,0.847243,2.88995,16.355413,1.065785,0.113712,24.622884,-5.437956,-9.250727,45.0,5,0,0.0,2.88995,0.0,0.0,0.0,725,2.88995,725,-0.30094,-6.890107,0
013403,华夏恒生科技ETF发起式联接(QDII)C,INDEX,2024-12-26,20,1.514188,4.533543,8.677292,0.882628,0.077506,23.811367,-5.437956,-9.250727,40.0,6,0,0.0,4.533543,0.0,0.0,0.0,726,4.533543,726,2.557032,-6.890107,1
013403,华夏恒生科技ETF发起式联接(QDII)C,INDEX,2024-12-27,20,2.021101,4.152608,3.856108,1.284672,0.058297,23.695844,-5.437956,-9.250727,40.0,7,0,0.0,4.152608,0.0,0.0,0.0,727,4.152608,727,2.566658,-6.890107,1
013403,华夏恒生科技ETF发起式联接(QDII)C,INDEX,2024-12-30,20,0.98922,2.194559,-3.067559,0.381331,0.038908,23.696993,-5.437956,-9.250727,45.0,0,2,0.0,2.194559,0.0,0.0,0.0,728,2.194559,728,8.564611,-6.15346,1
013403,华夏恒生科技ETF发起式联接(QDII)C,INDEX,2024-12-31,20,-0.765082,1.073071,-3.205285,-0.314352,0.014314,23.808264,-5.437956,-9.250727,50.0,0,3,0.0,1.073071,0.0,0.0,0.0,729,1.073071,729,11.9818,-5.548534,1
013403,华夏恒生科技ETF发起式联接(QDII)C,INDEX,2025-01-02,20,-3.260188,-1.026299,-4.33974,-2.747402,-0.053901,25.443552,-6.143552,-9.250727,50.0,0,4,0.0,0.0,1.026299,0.0,0.0,730,-1.026299,730,16.850292,-4.032362,1
013403,华夏恒生科技ETF发起式联接(QDII)C,INDEX,2025-01-03,20,-2.394084,0.71133,-5.577786,-1.873811,-0.120139,25.496542,-6.143552,-9.250727,45.0,2,0,0.0,0.71133,0.0,0.0,0.0,731,0.71133,731,18.659304,-4.032362,1
013403,华夏恒生科技ETF发起式联接(QDII)C,INDEX,2025-01-06,20,-3.152255,-1.457911,-5.758972,-1.979205,-0.159034,24.414876,-6.143552,-9.151596,50.0,0,2,0.0,0.0,1.457911,0.0,0.0,732,-1.457911,732,15.824006,-3.859514,1
013403,华夏恒生科技ETF发起式联接(QDII)C,INDEX,2025-01-07,20,-3.177195,-6.20438,-5.177715,-2.460007,-0.141359,18.570007,-5.11937,-9.151596,55.0,0,3,0.0,0.0,6.20438,0.0,0.0,733,-6.20438,733,19.714656,-3.659275,1
013403,华夏恒生科技ETF发起式联接(QDII)C,INDEX,2025-01-08,20,-3.576845,-6.023651,-2.054179,-3.185279,-0.148945,18.455862,-6.11617,-9.151596,55.0,0,4,0.0,0.0,6.023651,0.0,0.0,734,-6.023651,734,20.055053,-3.659275,1
013403,华夏恒生科技ETF发起式联接(QDII)C,INDEX,2025-01-09,20,-1.062865,-4.670913,-1.407905,-2.9041,-0.168676,18.054353,-6.11617,-9.151596,50.0,2,0,0.0,0.0,4.670913,0.0,0.0,735,-4.670913,735,26.411634,-3.659275,1
013403,华夏恒生科技ETF发起式联接(QDII)C,INDEX,2025-01-10,20,-3.069218,-7.112971,-1.294625,-3.631071,-0.173081,17.104983,-5.955644,-9.151596,55.0,0,2,0.0,0.0,7.112971,0.0,0.0,736,-7.112971,736,27.265501,-3.659275,1
013403,华夏恒生科技ETF发起式联接(QDII)C,INDEX,2025-01-13,20,-3.859514,-5.655852,-7.443646,-4.314981,-0.221405,15.310962,-6.890107,-9.297245,55.0,0,3,0.0,0.0,5.655852,0.0,0.0,737,-5.655852,737,31.674026,-3.659275,1
013403,华夏恒生科技ETF发起式联接(QDII)C,INDEX,2025-01-14,20,-0.194553,-1.510303,-2.161475,-1.397983,-0.242017,18.635159,-6.890107,-9.297245,50.0,2,0,0.0,0.0,1.510303,0.0,0.0,738,-1.510303,738,28.693957,-3.659275,1
013403,华夏恒生科技ETF发起式联接(QDII)C,INDEX,2025-01-15,20,1.101062,-0.771903,-2.773226,-1.129328,-0.265087,18.588315,-6.890107,-9.297245,45.0,3,0,0.0,0.0,0.771903,0.0,0.0,739,-0.771903,739,24.672631,-3.659275,1
013403,华夏恒生科技ETF发起式联接(QDII)C,INDEX,2025-01-16,20,2.240273,-1.315124,-3.391929,0.103901,-0.243081,17.9805,-6.890107,-9.297245,45.0,4,0,0.0,0.0,1.315124,0.0,0.0,740,-1.315124,740,30.791902,-3.659275,1
013403,华夏恒生科技ETF发起式联接(QDII)C,INDEX,2025-01-17,20,4.72973,0.585316,0.291804,1.369547,-0.210247,18.467363,-6.890107,-9.297245,40.0,5,0,0.0,0.585316,0.0,0.0,0.0,741,0.585316,741,27.729285,-3.659275,1
013403,华夏恒生科技ETF发起式联接(QDII)C,INDEX,2025-01-20,20,8.430349,2.999873,1.898893,3.751601,-0.140267,20.445477,-6.890107,-9.297245,40.0,6,0,0.0,2.999873,0.0,0.0,0.0,742,2.999873,742,22.71998,-3.659275,1
013403,华夏恒生科技ETF发起式联接(QDII)C,INDEX,2025-01-21,20,7.251462,4.667089,2.777086,5.423841,-0.043969,21.314916,-6.890107,-9.297245,40.0,7,0,0.0,4.667089,0.0,0.0,0.0,743,4.667089,743,25.663395,-3.659275,1
013403,华夏恒生科技ETF发起式联接(QDII)C,INDEX,2025-01-22,20,4.460003,1.053556,-0.70249,2.864949,0.026897,22.944796,-6.890107,-9.297245,45.0,0,2,0.0,1.053556,0.0,0.0,0.0,744,1.053556,744,27.193745,-2.898112,1
013403,华夏恒生科技ETF发起式联接(QDII)C,INDEX,2025-01-23,20,1.883649,-0.30094,0.138539,1.527185,0.07721,23.461379,-6.890107,-9.297245,50.0,0,3,0.0,0.0,0.30094,0.0,0.0,745,-0.30094,745,22.324236,-6.219265,1
013403,华夏恒生科技ETF发起式联接(QDII)C,INDEX,2025-01-24,20,3.504111,2.557032,3.582732,4.340951,0.1705,25.637354,-6.890107,-9.297245,50.0,2,0,0.0,2.557032,0.0,0.0,0.0,746,2.557032,746,18.149597,-6.788159,1
013403,华夏恒生科技ETF发起式联接(QDII)C,INDEX,2025-01-27,20,1.592003,2.566658,4.746151,4.840867,0.278387,25.639638,-6.15346,-9.297245,50.0,3,0,0.0,2.566658,0.0,0.0,0.0,747,2.566658,747,17.431973,-6.788159,1
013403,华夏恒生科技ETF发起式联接(QDII)C,INDEX,2025-02-05,20,4.749788,8.564611,8.810573,9.624651,0.4431,30.64833,-5.548534,-9.297245,45.0,4,0,0.0,8.564611,0.0,0.0,0.0,748,8.564611,748,16.148062,-6.788159,1
013403,华夏恒生科技ETF发起式联接(QDII)C,INDEX,2025-02-06,20,9.966489,11.9818,8.088325,11.679734,0.621016,31.206062,-4.032362,-9.297245,40.0,5,0,0.0,11.9818,0.0,0.0,0.0,749,11.9818,749,19.164786,-6.788159,1
013403,华夏恒生科技ETF发起式联接(QDII)C,INDEX,2025-02-07,20,13.381965,16.850292,12.743872,12.710042,0.766037,29.230349,-4.032362,-9.297245,35.0,6,0,0.0,16.850292,0.0,0.0,0.0,750,16.850292,750,16.528009,-6.788159,1
013403,华夏恒生科技ETF发起式联接(QDII)C,INDEX,2025-02-10,20,12.930824,18.659304,12.149533,14.483246,0.937547,29.846313,-3.859514,-9.087591,35.0,7,0,0.0,18.659304,0.0,0.0,0.0,751,18.659304,751,11.006494,-6.788159,1
013403,华夏恒生科技ETF发起式联接(QDII)C,INDEX,2025-02-11,20,9.365889,15.824006,9.859671,10.703285,1.036298,32.082126,-3.659275,-9.087591,35.0,0,2,0.0,15.824006,0.0,0.0,0.0,752,15.824006,752,15.56148,-6.788159,1
013403,华夏恒生科技ETF发起式联接(QDII)C,INDEX,2025-02-12,20,6.766917,19.714656,12.506095,12.443732,1.136418,32.103746,-3.659275,-9.087591,30.0,2,0,0.0,19.714656,0.0,0.0,0.0,753,19.714656,753,10.400867,-6.788159,1
013403,华夏恒生科技ETF发起式联接(QDII)C,INDEX,2025-02-13,20,3.374718,20.055053,16.054232,10.548518,1.17936,31.889156,-3.659275,-9.087591,30.0,0,2,0.0,20.055053,0.0,0.0,0.0,754,20.055053,754,9.509772,-6.788159,1
013403,华夏恒生科技ETF发起式联接(QDII)C,INDEX,2025-02-14,20,7.032723,26.411634,22.232075,15.062874,1.274766,35.301571,-3.659275,-9.087591,30.0,2,0,0.0,26.411634,0.0,0.0,0.0,755,26.411634,755,6.27008,-6.788159,1
013403,华夏恒生科技ETF发起式联接(QDII)C,INDEX,2025-02-17,20,3.961039,27.265501,25.437451,13.161537,1.308809,34.796479,-3.659275,-9.087591,30.0,0,2,0.0,27.265501,0.0,0.0,0.0,756,27.265501,756,6.48553,-6.788159,1
013403,华夏恒生科技ETF发起式联接(QDII)C,INDEX,2025-02-18,20,9.296901,31.674026,28.258603,14.324221,1.328751,34.003153,-3.659275,-9.087591,25.0,2,0,0.0,31.674026,0.0,0.0,0.0,757,31.674026,757,7.96748,-6.788159,1
013403,华夏恒生科技ETF发起式联接(QDII)C,INDEX,2025-02-19,20,7.291441,28.693957,28.844653,13.599082,1.359085,33.585286,-3.659275,-9.087591,25.0,3,0,0.0,28.693957,0.0,0.0,0.0,758,28.693957,758,6.129456,-6.788159,1
013403,华夏恒生科技ETF发起式联接(QDII)C,INDEX,2025-02-20,20,4.989628,24.672631,23.630753,9.115873,1.310087,36.597009,-3.659275,-9.087591,30.0,0,2,0.0,24.672631,0.0,0.0,0.0,759,24.672631,759,5.844426,-6.788159,1
013403,华夏恒生科技ETF发起式联接(QDII)C,INDEX,2025-02-21,20,5.782983,30.791902,30.691421,14.264284,1.337169,40.696019,-3.659275,-9.087591,30.0,2,0,0.0,30.791902,0.0,0.0,0.0,760,30.791902,760,-3.517194,-7.304217,0
013403,华夏恒生科技ETF发起式联接(QDII)C,INDEX,2025-02-24,20,5.111389,27.729285,30.841,11.662833,1.325418,41.624258,-3.659275,-9.087591,35.0,0,2,0.0,27.729285,0.0,0.0,0.0,761,27.729285,761,-0.822026,-7.304217,0
013403,华夏恒生科技ETF发起式联接(QDII)C,INDEX,2025-02-25,20,1.056911,22.71998,32.075973,8.862603,1.290685,42.471597,-3.659275,-9.087591,40.0,0,3,0.0,22.71998,0.0,0.0,0.0,762,22.71998,762,-2.996782,-9.205572,0
013403,华夏恒生科技ETF发起式联接(QDII)C,INDEX,2025-02-26,20,4.725841,25.663395,38.151059,12.236008,1.316448,43.933343,-2.898112,-9.087591,40.0,2,0,0.0,25.663395,0.0,0.0,0.0,763,25.663395,763,-6.171054,-9.205572,0
013403,华夏恒生科技ETF发起式联接(QDII)C,INDEX,2025-02-27,20,6.572379,27.193745,36.913828,9.60545,1.255146,42.844987,-2.898112,-9.087591,40.0,0,2,0.0,27.193745,0.0,0.0,0.0,764,27.193745,764,-4.742389,-9.205572,0
013403,华夏恒生科技ETF发起式联接(QDII)C,INDEX,2025-02-28,20,-4.712452,22.324236,25.480583,3.044397,1.066253,47.66618,-6.219265,-9.087591,40.0,0,3,0.0,22.324236,0.0,0.0,0.0,765,22.324236,765,-1.120707,-9.478539,0
013403,华夏恒生科技ETF发起式联接(QDII)C,INDEX,2025-03-03,20,-4.258691,18.149597,26.664046,1.619906,0.883644,47.487996,-6.788159,-9.087591,45.0,0,4,0.0,18.149597,0.0,0.0,0.0,766,18.149597,766,-2.399917,-11.191642,0
013403,华夏恒生科技ETF发起式联接(QDII)C,INDEX,2025-03-04,20,-2.785599,17.431973,25.447703,0.859186,0.688985,47.583259,-6.788159,-9.087591,45.0,0,0,0.0,17.431973,0.0,0.0,0.0,767,17.431973,767,-2.24475,-11.191642,0
013403,华夏恒生科技ETF发起式联接(QDII)C,INDEX,2025-03-05,20,-3.18195,16.148062,28.862936,4.003853,0.597854,46.409399,-6.788159,-9.087591,45.0,2,0,0.0,16.148062,0.0,0.0,0.0,768,16.148062,768,-5.557215,-11.191642,0
013403,华夏恒生科技ETF发起式联接(QDII)C,INDEX,2025-03-06,20,3.02498,19.164786,34.874808,8.405592,0.596379,48.608913,-6.788159,-9.087591,45.0,3,0,0.0,19.164786,0.0,0.0,0.0,769,19.164786,769,-11.896192,-12.443524,0
013403,华夏恒生科技ETF发起式联接(QDII)C,INDEX,2025-03-07,20,8.009459,16.528009,34.765876,7.042598,0.586765,48.758978,-6.788159,-9.087591,50.0,0,2,0.0,16.528009,0.0,0.0,0.0,770,16.528009,770,-25.483103,-26.317771,0
013403,华夏恒生科技ETF发起式联接(QDII)C,INDEX,2025-03-10,20,6.103238,11.006494,32.656492,3.976806,0.556065,49.575373,-6.788159,-9.087591,55.0,0,3,0.0,11.006494,0.0,0.0,0.0,771,11.006494,771,-21.019791,-26.317771,0
013403,华夏恒生科技ETF发起式联接(QDII)C,INDEX,2025-03-11,20,7.623875,15.56148,31.896552,4.72332,0.492741,48.236178,-6.788159,-9.087591,50.0,2,0,0.0,15.56148,0.0,0.0,0.0,772,15.56148,772,-20.059592,-26.317771,0
013403,华夏恒生科技ETF发起式联接(QDII)C,INDEX,2025-03-12,20,1.483916,10.400867,23.965937,2.076081,0.415431,48.765112,-6.788159,-8.035934,55.0,0,2,0.0,10.400867,0.0,0.0,0.0,773,10.400867,773,-16.359176,-26.317771,0
013403,华夏恒生科技ETF发起式联接(QDII)C,INDEX,2025-03-13,20,-5.000947,9.509772,23.552599,0.036903,0.290634,49.131867,-6.788159,-8.035934,55.0,0,3,0.0,9.509772,0.0,0.0,0.0,774,9.509772,774,-13.589232,-26.317771,0
013403,华夏恒生科技ETF发起式联接(QDII)C,INDEX,2025-03-14,20,-2.389338,6.27008,28.062945,1.963397,0.262867,46.210276,-6.788159,-8.035934,55.0,2,0,0.0,6.27008,0.0,0.0,0.0,775,6.27008,775,-13.614199,-26.317771,0
013403,华夏恒生科技ETF发起式联接(QDII)C,INDEX,2025-03-17,20,-0.272984,6.48553,25.879892,1.400716,0.215956,46.170046,-6.788159,-6.890107,55.0,0,2,0.0,6.48553,0.0,0.0,0.0,776,6.48553,776,-13.950533,-26.317771,0
013403,华夏恒生科技ETF发起式联接(QDII)C,INDEX,2025-03-18,20,2.114571,7.96748,34.124479,4.908708,0.252154,47.286298,-6.788159,-6.890107,55.0,2,0,0.0,7.96748,0.0,0.0,0.0,777,7.96748,777,-20.001883,-26.317771,0
013403,华夏恒生科技ETF发起式联接(QDII)C,INDEX,2025-03-19,20,3.140334,6.129456,34.519391,3.472889,0.270476,47.57343,-6.788159,-6.890107,60.0,0,2,0.0,6.129456,0.0,0.0,0.0,778,6.129456,778,-17.840152,-25.518554,0
013403,华夏恒生科技ETF发起式联接(QDII)C,INDEX,2025-03-20,20,1.475573,5.844426,30.940435,-0.072162,0.188735,47.817245,-6.788159,-6.890107,60.0,0,3,0.0,5.844426,0.0,0.0,0.0,779,5.844426,779,-15.209275,-23.089016,0
013403,华夏恒生科技ETF发起式联接(QDII)C,INDEX,2025-03-21,20,-3.95943,-3.517194,24.532119,-3.141413,0.145031,44.135228,-7.304217,-7.304217,65.0,0,4,0.0,0.0,3.517194,0.0,0.0,780,-3.517194,780,-12.357839,-21.829439,0
013403,华夏恒生科技ETF发起式联接(QDII)C,INDEX,2025-03-24,20,-2.101867,-0.822026,27.420791,-1.468526,0.112591,44.447395,-7.304217,-7.304217,60.0,2,0,0.0,0.0,0.822026,0.0,0.0,781,-0.822026,781,-13.600959,-21.829439,0
013403,华夏恒生科技ETF发起式联接(QDII)C,INDEX,2025-03-25,20,-9.205572,-2.996782,22.613449,-4.950066,0.005831,46.053192,-9.205572,-9.205572,60.0,0,2,0.0,0.0,2.996782,0.0,0.0,782,-2.996782,782,-7.630106,-19.811514,0
013403,华夏恒生科技ETF发起式联接(QDII)C,INDEX,2025-03-26,20,-7.411989,-6.171054,23.411541,-3.80918,-0.018336,43.229138,-9.205572,-9.205572,60.0,2,0,0.0,0.0,6.171054,0.0,0.0,783,-6.171054,783,-9.762614,-19.811514,0
013403,华夏恒生科技ETF发起式联接(QDII)C,INDEX,2025-03-27,20,-4.087247,-4.742389,22.438229,-3.270396,-0.047942,43.142032,-9.205572,-9.205572,55.0,3,0,0.0,0.0,4.742389,0.0,0.0,784,-4.742389,784,-10.028683,-19.811514,0
013403,华夏恒生科技ETF发起式联接(QDII)C,INDEX,2025-03-28,20,-2.345654,-1.120707,20.589342,-4.655682,-0.172551,39.466604,-9.478539,-9.478539,55.0,0,2,0.0,0.0,1.120707,0.0,0.0,785,-1.120707,785,-8.568161,-18.602475,0
013403,华夏恒生科技ETF发起式联接(QDII)C,INDEX,2025-03-31,20,-5.781905,-2.399917,18.262722,-6.352357,-0.330902,39.977625,-11.191642,-11.191642,55.0,0,3,0.0,0.0,2.399917,0.0,0.0,786,-2.399917,786,-6.285109,-17.452283,0
013403,华夏恒生科技ETF发起式联接(QDII)C,INDEX,2025-04-01,20,-2.03193,-2.24475,17.742337,-6.102353,-0.483985,39.986431,-11.191642,-11.191642,55.0,2,0,0.0,0.0,2.24475,0.0,0.0,787,-2.24475,787,-5.280423,-17.452283,0
013403,华夏恒生科技ETF发起式联接(QDII)C,INDEX,2025-04-02,20,-2.548556,-5.557215,19.088283,-5.512517,-0.571695,37.228995,-11.191642,-11.191642,55.0,3,0,0.0,0.0,5.557215,0.0,0.0,788,-5.557215,788,-2.910471,-17.452283,0
013403,华夏恒生科技ETF发起式联接(QDII)C,INDEX,2025-04-03,20,-4.712149,-11.896192,17.568251,-6.732374,-0.597866,31.639893,-12.443524,-12.443524,60.0,0,2,0.0,0.0,11.896192,0.0,0.0,789,-11.896192,789,-1.730811,-15.846055,0
013403,华夏恒生科技ETF发起式联接(QDII)C,INDEX,2025-04-07,20,-18.602475,-25.483103,1.464679,-20.44392,-0.83219,62.631455,-26.317771,-26.317771,60.0,0,3,0.0,0.0,25.483103,0.0,0.0,790,-25.483103,790,17.373531,-4.052834,1
013403,华夏恒生科技ETF发起式联接(QDII)C,INDEX,2025-04-08,20,-14.138845,-21.019791,4.032362,-16.757434,-1.028903,64.818444,-26.317771,-26.317771,55.0,2,0,0.0,0.0,21.019791,0.0,0.0,791,-21.019791,791,12.282434,-4.052834,1
013403,华夏恒生科技ETF发起式联接(QDII)C,INDEX,2025-04-09,20,-11.989418,-20.059592,6.998585,-13.6116,-1.139747,65.597527,-26.317771,-26.317771,55.0,3,0,0.0,0.0,20.059592,0.0,0.0,792,-20.059592,792,14.548515,-4.052834,1
013403,华夏恒生科技ETF发起式联接(QDII)C,INDEX,2025-04-10,20,-10.123379,-16.359176,10.544747,-10.698756,-1.221949,66.618234,-26.317771,-26.317771,50.0,4,0,0.0,0.0,16.359176,0.0,0.0,793,-16.359176,793,8.048809,-4.052834,1
013403,华夏恒生科技ETF发起式联接(QDII)C,INDEX,2025-04-11,20,-6.826489,-13.589232,13.605977,-8.536875,-1.282003,67.120614,-26.317771,-26.317771,45.0,5,0,0.0,0.0,13.589232,0.0,0.0,794,-13.589232,794,8.261221,-4.052834,1
013403,华夏恒生科技ETF发起式联接(QDII)C,INDEX,2025-04-14,20,13.157895,-13.614199,16.048736,-5.82757,-1.254762,67.103947,-26.317771,-26.317771,45.0,6,0,0.0,0.0,13.614199,0.0,0.0,795,-13.614199,795,4.267329,-4.052834,1
013403,华夏恒生科技ETF发起式联接(QDII)C,INDEX,2025-04-15,20,8.653253,-13.950533,16.613672,-5.707675,-1.217628,67.087899,-26.317771,-26.317771,45.0,0,2,0.0,0.0,13.950533,0.0,0.0,796,-13.950533,796,4.612588,-3.442399,1
013403,华夏恒生科技ETF发起式联接(QDII)C,INDEX,2025-04-16,20,2.188289,-20.001883,13.729426,-7.905359,-1.140454,65.555782,-25.518554,-26.317771,50.0,0,3,0.0,0.0,20.001883,0.0,0.0,797,-20.001883,797,7.659725,-3.957174,1
013403,华夏恒生科技ETF发起式联接(QDII)C,INDEX,2025-04-17,20,1.314091,-17.840152,12.215724,-5.471384,-1.023484,66.211616,-23.089016,-26.317771,45.0,2,0,0.0,0.0,17.840152,0.0,0.0,798,-17.840152,798,7.075854,-3.957174,1
013403,华夏恒生科技ETF发起式联接(QDII)C,INDEX,2025-04-18,20,-0.426907,-15.209275,11.889019,-4.718793,-0.929992,65.714267,-21.829439,-26.317771,45.0,0,2,0.0,0.0,15.209275,0.0,0.0,799,-15.209275,799,7.589803,-3.957174,1
013403,华夏恒生科技ETF发起式联接(QDII)C,INDEX,2025-04-21,20,-2.562655,-12.357839,10.59713,-4.063224,-0.865236,65.078448,-21.829439,-26.317771,40.0,2,0,0.0,0.0,12.357839,0.0,0.0,800,-12.357839,800,5.793071,-4.156608,1
013403,华夏恒生科技ETF发起式联接(QDII)C,INDEX,2025-04-22,20,-1.704158,-13.600959,9.449715,-3.096282,-0.747033,64.614991,-19.811514,-26.317771,40.0,3,0,0.0,0.0,13.600959,0.0,0.0,801,-13.600959,801,5.43227,-4.251076,1
013403,华夏恒生科技ETF发起式联接(QDII)C,INDEX,2025-04-23,20,4.835863,-7.630106,9.959274,0.206373,-0.625669,64.792083,-19.811514,-26.317771,35.0,4,0,0.0,0.0,7.630106,0.0,0.0,802,-7.630106,802,0.527497,-5.982996,0
013403,华夏恒生科技ETF发起式联接(QDII)C,INDEX,2025-04-24,20,1.690793,-9.762614,6.397674,-0.714031,-0.497053,64.75168,-19.811514,-26.317771,40.0,0,2,0.0,0.0,9.762614,0.0,0.0,803,-9.762614,803,2.516798,-5.982996,1
013403,华夏恒生科技ETF发起式联接(QDII)C,INDEX,2025-04-25,20,1.772885,-10.028683,9.010798,-0.138712,-0.344976,64.715055,-18.602475,-26.317771,40.0,2,0,0.0,0.0,10.028683,0.0,0.0,804,-10.028683,804,2.34544,-5.982996,1
013403,华夏恒生科技ETF发起式联接(QDII)C,INDEX,2025-04-28,20,1.876955,-8.568161,10.589863,0.445511,-0.198732,64.621682,-17.452283,-26.317771,35.0,3,0,0.0,0.0,8.568161,0.0,0.0,805,-8.568161,805,4.651427,-5.982996,1
013403,华夏恒生科技ETF发起式联接(QDII)C,INDEX,2025-04-29,20,2.196024,-6.285109,8.066487,1.348525,-0.061749,64.436504,-17.452283,-26.317771,30.0,4,0,0.0,0.0,6.285109,0.0,0.0,806,-6.285109,806,1.538114,-5.982996,0
013403,华夏恒生科技ETF发起式联接(QDII)C,INDEX,2025-04-30,20,0.460157,-5.280423,8.734208,2.892153,0.106999,64.636792,-17.452283,-26.317771,30.0,5,0,0.0,0.0,5.280423,0.0,0.0,807,-5.280423,807,0.670316,-5.982996,0
013403,华夏恒生科技ETF发起式联接(QDII)C,INDEX,2025-05-06,20,4.851384,-2.910471,6.500868,6.00304,0.333107,65.520384,-15.846055,-26.317771,30.0,6,0,0.0,0.0,2.910471,0.0,0.0,808,-2.910471,808,-1.58575,-5.982996,0
013403,华夏恒生科技ETF发起式联接(QDII)C,INDEX,2025-05-07,20,4.076056,-1.730811,3.171558,5.340793,0.520546,65.210066,-4.052834,-26.317771,30.0,0,2,0.0,0.0,1.730811,0.0,0.0,809,-1.730811,809,0.918937,-5.982996,0
013403,华夏恒生科技ETF发起式联接(QDII)C,INDEX,2025-05-08,20,4.49221,17.373531,1.919024,5.059144,0.4465,27.348088,-4.052834,-26.317771,25.0,2,0,0.0,17.373531,0.0,0.0,0.0,810,17.373531,810,-0.43535,-5.982996,0
013403,华夏恒生科技ETF发起式联接(QDII)C,INDEX,2025-05-09,20,2.872653,12.282434,-1.558442,3.418871,0.385185,26.152787,-4.052834,-26.317771,30.0,0,2,0.0,12.282434,0.0,0.0,0.0,811,12.282434,811,3.199208,-5.982996,1
013403,华夏恒生科技ETF发起式联接(QDII)C,INDEX,2025-05-12,20,6.435035,14.548515,5.820282,7.579214,0.415309,29.188619,-4.052834,-26.317771,30.0,2,0,0.0,14.548515,0.0,0.0,0.0,812,14.548515,812,-2.130786,-5.982996,0
013403,华夏恒生科技ETF发起式联接(QDII)C,INDEX,2025-05-13,20,0.021723,8.048809,-0.227519,3.587136,0.411356,31.678481,-4.052834,-26.317771,35.0,0,2,0.0,8.048809,0.0,0.0,0.0,813,8.048809,813,2.367249,-4.540126,1
013403,华夏恒生科技ETF发起式联接(QDII)C,INDEX,2025-05-14,20,2.647413,8.261221,2.445682,5.121052,0.449128,31.793595,-4.052834,-26.317771,35.0,2,0,0.0,8.261221,0.0,0.0,0.0,814,8.261221,814,-1.651924,-4.540126,0
013403,华夏恒生科技ETF发起式联接(QDII)C,INDEX,2025-05-15,20,0.522421,4.267329,-4.280236,3.255523,0.485719,31.799643,-3.442399,-26.317771,40.0,0,2,0.0,4.267329,0.0,0.0,0.0,815,4.267329,815,-1.754006,-3.744563,0
013403,华夏恒生科技ETF发起式联接(QDII)C,INDEX,2025-05-16,20,1.23131,4.612588,-4.143244,2.709395,0.50141,31.702877,-3.348378,-26.317771,40.0,0,3,0.0,4.612588,0.0,0.0,0.0,816,4.612588,816,-0.358384,-3.744563,0
013403,华夏恒生科技ETF发起式联接(QDII)C,INDEX,2025-05-19,20,-3.957174,7.659725,-7.012195,1.69322,0.447159,28.804019,-3.957174,-26.317771,40.0,0,4,0.0,7.659725,0.0,0.0,0.0,817,7.659725,817,0.065574,-3.744563,0
013403,华夏恒生科技ETF发起式联接(QDII)C,INDEX,2025-05-20,20,0.401781,7.075854,-6.634353,2.412441,0.42152,28.561139,-3.957174,-26.317771,40.0,2,0,0.0,7.075854,0.0,0.0,0.0,818,7.075854,818,-2.357776,-4.232524,0
013403,华夏恒生科技ETF发起式联接(QDII)C,INDEX,2025-05-21,20,-1.044442,7.589803,-3.44218,2.472699,0.391094,28.519294,-3.957174,-26.317771,35.0,3,0,0.0,7.589803,0.0,0.0,0.0,819,7.589803,819,-5.018848,-6.44956,0
013403,华夏恒生科技ETF发起式联接(QDII)C,INDEX,2025-05-22,20,-1.136856,5.793071,-10.541785,0.49582,0.326316,29.409058,-4.156608,-26.317771,40.0,0,2,0.0,5.793071,0.0,0.0,0.0,820,5.793071,820,-2.683167,-6.44956,0
013403,华夏恒生科技ETF发起式联接(QDII)C,INDEX,2025-05-23,20,-0.93397,5.43227,-9.656334,0.137769,0.25591,29.44253,-4.251076,-26.317771,45.0,0,3,0.0,5.43227,0.0,0.0,0.0,821,5.43227,821,-1.600526,-6.44956,0
013403,华夏恒生科技ETF发起式联接(QDII)C,INDEX,2025-05-26,20,-2.10929,0.527497,-9.925583,-1.698896,0.197381,28.509896,-5.982996,-26.317771,50.0,0,4,0.0,0.527497,0.0,0.0,0.0,822,0.527497,822,2.177068,-6.44956,1
013403,华夏恒生科技ETF发起式联接(QDII)C,INDEX,2025-05-27,20,-2.638979,2.516798,-13.20027,-1.324696,0.122694,27.99448,-5.982996,-26.317771,45.0,2,0,0.0,2.516798,0.0,0.0,0.0,823,2.516798,823,2.810487,-6.44956,1
013403,华夏恒生科技ETF发起式联接(QDII)C,INDEX,2025-05-28,20,-3.187938,2.34544,-12.285324,-1.578316,0.042866,28.009973,-5.982996,-26.317771,50.0,0,2,0.0,2.34544,0.0,0.0,0.0,824,2.34544,824,2.636556,-6.44956,1
013403,华夏恒生科技ETF发起式联接(QDII)C,INDEX,2025-05-29,20,0.777571,4.651427,-5.387621,0.528754,-0.005158,29.114685,-5.982996,-26.317771,50.0,2,0,0.0,4.651427,0.0,0.0,0.0,825,4.651427,825,0.249946,-6.44956,0
013403,华夏恒生科技ETF发起式联接(QDII)C,INDEX,2025-05-30,20,-1.578601,1.538114,-7.12734,-1.991179,-0.086249,30.586295,-5.982996,-26.317771,55.0,0,2,0.0,1.538114,0.0,0.0,0.0,826,1.538114,826,1.993763,-6.44956,0
013403,华夏恒生科技ETF发起式联接(QDII)C,INDEX,2025-06-03,20,0.60288,0.670316,-6.785973,-1.663138,-0.145594,30.311968,-5.982996,-26.317771,55.0,2,0,0.0,0.670316,0.0,0.0,0.0,827,0.670316,827,1.542559,-6.44956,0
013403,华夏恒生科技ETF发起式联接(QDII)C,INDEX,2025-06-04,20,0.65541,-1.58575,-9.759984,-1.038652,-0.154168,28.530354,-5.982996,-26.317771,55.0,3,0,0.0,0.0,1.58575,0.0,0.0,828,-1.58575,828,0.375235,-6.44956,0
013403,华夏恒生科技ETF发起式联接(QDII)C,INDEX,2025-06-05,20,2.625431,0.918937,-12.625497,0.706309,-0.145955,29.167003,-5.982996,-26.317771,50.0,4,0,0.0,0.918937,0.0,0.0,0.0,829,0.918937,829,-2.092141,-6.44956,0
013403,华夏恒生科技ETF发起式联接(QDII)C,INDEX,2025-06-06,20,-0.586829,-0.43535,-12.917658,-0.112466,-0.14313,29.282229,-5.982996,-26.317771,55.0,0,2,0.0,0.0,0.43535,0.0,0.0,830,-0.43535,830,-1.530389,-6.44956,0
013403,华夏恒生科技ETF发起式联接(QDII)C,INDEX,2025-06-09,20,4.55558,3.199208,-8.482012,2.334607,-0.118009,30.439632,-5.982996,-26.317771,50.0,2,0,0.0,3.199208,0.0,0.0,0.0,831,3.199208,831,-3.86705,-6.44956,0
013403,华夏恒生科技ETF发起式联接(QDII)C,INDEX,2025-06-10,20,3.473532,-2.130786,-10.380623,1.760398,-0.033546,25.307295,-4.540126,-26.317771,55.0,0,2,0.0,0.0,2.130786,0.0,0.0,832,-2.130786,832,-1.501502,-6.44956,0
013403,华夏恒生科技ETF发起式联接(QDII)C,INDEX,2025-06-11,20,4.039289,2.367249,-7.487733,2.762274,0.015622,22.51762,-4.540126,-26.317771,50.0,2,0,0.0,2.367249,0.0,0.0,0.0,833,2.367249,833,-4.2007,-6.44956,0
013403,华夏恒生科技ETF发起式联接(QDII)C,INDEX,2025-06-12,20,0.03252,-1.651924,-7.996012,0.67806,0.060186,22.83893,-3.532579,-26.317771,55.0,0,2,0.0,0.0,1.651924,0.0,0.0,834,-1.651924,834,-2.427395,-4.432163,0
013403,华夏恒生科技ETF发起式联接(QDII)C,INDEX,2025-06-13,20,-0.80892,-1.754006,-11.507704,-0.914526,0.058006,22.930226,-3.744563,-26.317771,55.0,0,3,0.0,0.0,1.754006,0.0,0.0,835,-1.754006,835,-0.264492,-3.880109,0
013403,华夏恒生科技ETF发起式联接(QDII)C,INDEX,2025-06-16,20,-2.258443,-0.358384,-10.304038,0.20642,0.069373,23.29439,-3.744563,-26.317771,50.0,2,0,0.0,0.0,0.358384,0.0,0.0,836,-0.358384,836,-0.730245,-3.880109,0
013403,华夏恒生科技ETF发起式联接(QDII)C,INDEX,2025-06-17,20,-1.801802,0.065574,-13.817771,-0.004369,0.068303,23.19274,-3.744563,-25.518554,50.0,0,2,0.0,0.065574,0.0,0.0,0.0,837,0.065574,837,2.107907,-3.680647,1
013403,华夏恒生科技ETF发起式联接(QDII)C,INDEX,2025-06-18,20,-4.232524,-2.357776,-14.100856,-1.284785,0.063797,23.369299,-4.232524,-23.089016,55.0,0,3,0.0,0.0,2.357776,0.0,0.0,838,-2.357776,838,3.378378,-2.712048,1
013403,华夏恒生科技ETF发起式联接(QDII)C,INDEX,2025-06-19,20,-4.432163,-5.018848,-13.352329,-3.32376,0.036975,24.535072,-6.44956,-21.829439,60.0,0,4,0.0,0.0,5.018848,0.0,0.0,839,-5.018848,839,6.281891,-2.712048,1
013403,华夏恒生科技ETF发起式联接(QDII)C,INDEX,2025-06-20,20,-2.071854,-2.683167,-9.768481,-2.458301,0.00151,24.187341,-6.44956,-21.829439,55.0,2,0,0.0,0.0,2.683167,0.0,0.0,840,-2.683167,840,7.191087,-2.712048,1
013403,华夏恒生科技ETF发起式联接(QDII)C,INDEX,2025-06-23,20,-2.168937,-1.600526,-10.365488,-1.391353,-0.01742,24.522773,-6.44956,-19.811514,50.0,3,0,0.0,0.0,1.600526,0.0,0.0,841,-1.600526,841,6.951872,-2.712048,1
013403,华夏恒生科技ETF发起式联接(QDII)C,INDEX,2025-06-24,20,-0.043687,2.177068,-5.121294,0.434573,-0.034902,24.626618,-6.44956,-19.811514,45.0,4,0,0.0,2.177068,0.0,0.0,0.0,842,2.177068,842,5.168269,-2.712048,1
013403,华夏恒生科技ETF发起式联接(QDII)C,INDEX,2025-06-25,20,2.5144,2.810487,-4.891584,1.424102,-0.031632,24.853464,-6.44956,-19.811514,45.0,5,0,0.0,2.810487,0.0,0.0,0.0,843,2.810487,843,6.396542,-2.712048,1
013403,华夏恒生科技ETF发起式联接(QDII)C,INDEX,2025-06-26,20,4.615036,2.636556,-5.490678,0.975167,-0.039318,24.887247,-6.44956,-18.602475,45.0,0,2,0.0,2.636556,0.0,0.0,0.0,844,2.636556,844,6.633427,-2.406243,1
013403,华夏恒生科技ETF发起式联接(QDII)C,INDEX,2025-06-27,20,3.81499,0.249946,-4.076115,0.951516,-0.014292,23.454379,-6.44956,-17.452283,50.0,0,3,0.0,0.249946,0.0,0.0,0.0,845,0.249946,845,5.528455,-2.395664,1
013403,华夏恒生科技ETF发起式联接(QDII)C,INDEX,2025-06-30,20,2.016488,1.993763,-2.946476,0.109325,-0.038946,21.812449,-6.44956,-17.452283,50.0,0,4,0.0,1.993763,0.0,0.0,0.0,846,1.993763,846,6.11554,-1.95993,1
013403,华夏恒生科技ETF发起式联接(QDII)C,INDEX,2025-07-01,20,-0.021853,1.542559,-3.174603,-0.043151,-0.061907,21.799233,-6.44956,-17.452283,55.0,0,5,0.0,1.542559,0.0,0.0,0.0,847,1.542559,847,5.89071,-1.95993,1
013403,华夏恒生科技ETF发起式联接(QDII)C,INDEX,2025-07-02,20,-1.728795,0.375235,-4.091532,-0.662432,-0.087123,21.855239,-6.44956,-15.846055,60.0,0,6,0.0,0.375235,0.0,0.0,0.0,848,0.375235,848,3.771303,-4.153549,1
013403,华夏恒生科技ETF发起式联接(QDII)C,INDEX,2025-07-03,20,-2.102753,-2.092141,-2.902602,-1.246447,-0.094556,20.934497,-6.44956,-7.43151,65.0,0,7,0.0,0.0,2.092141,0.0,0.0,849,-2.092141,849,3.864039,-4.732406,1
013403,华夏恒生科技ETF发起式联接(QDII)C,INDEX,2025-07-04,20,-2.352304,-1.530389,15.074093,-1.433417,-0.115855,20.765466,-6.44956,-7.43151,65.0,0,8,0.0,0.0,1.530389,0.0,0.0,850,-1.530389,850,3.097247,-5.687011,1
013403,华夏恒生科技ETF发起式联接(QDII)C,INDEX,2025-07-07,20,-1.452441,-3.86705,11.393655,-1.061853,-0.091165,18.240269,-6.44956,-7.43151,65.0,2,0,0.0,0.0,3.86705,0.0,0.0,851,-3.86705,851,4.310727,-5.687011,1
013403,华夏恒生科技ETF发起式联接(QDII)C,INDEX,2025-07-08,20,0.371585,-1.501502,10.424432,0.769708,-0.046141,19.41215,-6.44956,-7.43151,60.0,3,0,0.0,0.0,1.501502,0.0,0.0,852,-1.501502,852,3.135889,-5.687011,1
013403,华夏恒生科技ETF发起式联接(QDII)C,INDEX,2025-07-09,20,-0.703683,-4.2007,5.960343,-0.69331,-0.004886,19.680743,-4.432163,-7.43151,65.0,0,2,0.0,0.0,4.2007,0.0,0.0,853,-4.2007,853,5.126786,-5.687011,1
013403,华夏恒生科技ETF发起式联接(QDII)C,INDEX,2025-07-10,20,-0.310009,-2.427395,3.888312,-0.86812,0.00423,18.362684,-3.880109,-7.43151,65.0,0,3,0.0,0.0,2.427395,0.0,0.0,854,-2.427395,854,5.619725,-5.687011,1
013403,华夏恒生科技ETF发起式联接(QDII)C,INDEX,2025-07-11,20,0.466252,-0.264492,2.167532,-0.348505,-0.002475,17.529776,-3.880109,-7.43151,60.0,2,0,0.0,0.0,0.264492,0.0,0.0,855,-0.264492,855,3.58011,-5.687011,1
013403,华夏恒生科技ETF发起式联接(QDII)C,INDEX,2025-07-14,20,0.930851,-0.730245,3.476483,0.327154,0.017906,17.206612,-3.680647,-7.43151,60.0,3,0,0.0,0.0,0.730245,0.0,0.0,856,-0.730245,856,2.931489,-5.687011,1
013403,华夏恒生科技ETF发起式联接(QDII)C,INDEX,2025-07-15,20,1.796603,2.107907,10.001177,2.872485,0.073939,19.629365,-2.712048,-7.43151,55.0,4,0,0.0,2.107907,0.0,0.0,0.0,857,2.107907,857,-0.074874,-5.687011,0
013403,华夏恒生科技ETF发起式联接(QDII)C,INDEX,2025-07-16,20,3.344037,3.378378,8.083382,2.524387,0.101873,18.845399,-2.712048,-7.43151,55.0,0,2,0.0,3.378378,0.0,0.0,0.0,858,3.378378,858,3.364406,-5.687011,1
013403,华夏恒生科技ETF发起式联接(QDII)C,INDEX,2025-07-17,20,4.098179,6.281891,8.609502,2.651436,0.09463,16.398947,-2.712048,-7.43151,50.0,2,0,0.0,6.281891,0.0,0.0,0.0,859,6.281891,859,1.963085,-5.687011,0
013403,华夏恒生科技ETF发起式联接(QDII)C,INDEX,2025-07-18,20,5.248619,7.191087,10.358012,3.952373,0.113543,16.98725,-2.712048,-7.43151,50.0,3,0,0.0,7.191087,0.0,0.0,0.0,860,7.191087,860,-0.073491,-5.687011,0
013403,华夏恒生科技ETF发起式联接(QDII)C,INDEX,2025-07-21,20,5.401845,6.951872,10.957004,4.415356,0.148993,16.889722,-2.712048,-7.43151,50.0,4,0,0.0,6.951872,0.0,0.0,0.0,861,6.951872,861,-0.21875,-5.687011,0
013403,华夏恒生科技ETF发起式联接(QDII)C,INDEX,2025-07-22,20,2.952187,5.168269,8.024691,4.418673,0.208197,15.769459,-2.712048,-7.43151,50.0,5,0,0.0,5.168269,0.0,0.0,0.0,862,5.168269,862,-0.987013,-5.687011,0
013403,华夏恒生科技ETF发起式联接(QDII)C,INDEX,2025-07-23,20,5.50734,6.396542,12.139847,6.485136,0.311117,17.130701,-2.406243,-7.43151,50.0,6,0,0.0,6.396542,0.0,0.0,0.0,863,6.396542,863,-3.005992,-5.687011,0
013403,华夏恒生科技ETF发起式联接(QDII)C,INDEX,2025-07-24,20,4.961058,6.633427,12.011841,6.036926,0.397419,17.040436,-2.395664,-7.43151,50.0,0,2,0.0,6.633427,0.0,0.0,0.0,864,6.633427,864,-3.842244,-5.600732,0
013403,华夏恒生科技ETF发起式联接(QDII)C,INDEX,2025-07-25,20,2.204724,5.528455,10.713067,4.639164,0.457542,17.697198,-1.95993,-7.43151,50.0,0,3,0.0,5.528455,0.0,0.0,0.0,865,5.528455,865,-0.318439,-4.601952,0
013403,华夏恒生科技ETF发起式联接(QDII)C,INDEX,2025-07-28,20,1.21875,6.11554,9.895951,4.132285,0.494716,17.383986,-1.95993,-7.43151,50.0,0,4,0.0,6.11554,0.0,0.0,0.0,866,6.11554,866,2.644849,-4.425234,1
013403,华夏恒生科技ETF发起式联接(QDII)C,INDEX,2025-07-29,20,0.664935,5.89071,8.244889,3.533208,0.517274,17.461329,-1.95993,-7.43151,50.0,0,5,0.0,5.89071,0.0,0.0,0.0,867,5.89071,867,2.322221,-4.149035,1
013403,华夏恒生科技ETF发起式联接(QDII)C,INDEX,2025-07-30,20,-4.153549,3.771303,2.508961,0.666631,0.484113,20.047855,-4.153549,-7.43151,50.0,0,6,0.0,3.771303,0.0,0.0,0.0,868,3.771303,868,3.708413,-1.938426,1
013403,华夏恒生科技ETF发起式联接(QDII)C,INDEX,2025-07-31,20,-4.645253,3.864039,2.625533,-0.127223,0.426308,19.998277,-4.732406,-7.43151,50.0,0,7,0.0,3.864039,0.0,0.0,0.0,869,3.864039,869,3.379171,-2.767195,1
013403,华夏恒生科技ETF发起式联接(QDII)C,INDEX,2025-08-01,20,-4.601952,3.097247,1.077492,-1.274596,0.344972,20.391295,-5.687011,-7.43151,50.0,0,8,0.0,3.097247,0.0,0.0,0.0,870,3.097247,870,4.834715,-2.767195,1
013403,华夏恒生科技ETF发起式联接(QDII)C,INDEX,2025-08-04,20,-3.128538,4.310727,3.485048,-0.141624,0.281047,20.829302,-5.687011,-7.43151,50.0,2,0,0.0,4.310727,0.0,0.0,0.0,871,4.310727,871,5.588017,-2.767195,1
013403,华夏恒生科技ETF发起式联接(QDII)C,INDEX,2025-08-05,20,-2.239653,3.135889,-0.577307,0.331012,0.246994,20.079219,-5.687011,-6.44956,50.0,3,0,0.0,3.135889,0.0,0.0,0.0,872,3.135889,872,3.716216,-2.767195,1
013403,华夏恒生科技ETF发起式联接(QDII)C,INDEX,2025-08-06,20,0.593346,5.126786,3.094799,0.318051,0.186065,18.88198,-5.687011,-6.44956,45.0,4,0,0.0,5.126786,0.0,0.0,0.0,873,5.126786,873,2.59111,-2.767195,1
013403,华夏恒生科技ETF发起式联接(QDII)C,INDEX,2025-08-07,20,1.37512,5.619725,1.353512,0.219197,0.115985,18.772009,-5.687011,-6.44956,40.0,5,0,0.0,5.619725,0.0,0.0,0.0,874,5.619725,874,0.630915,-4.050531,0
013403,华夏恒生科技ETF发起式联接(QDII)C,INDEX,2025-08-08,20,0.936793,3.58011,1.494153,-1.382372,0.025518,19.697428,-5.687011,-6.44956,45.0,0,2,0.0,3.58011,0.0,0.0,0.0,875,3.58011,875,3.947088,-4.050531,1
013403,华夏恒生科技ETF发起式联接(QDII)C,INDEX,2025-08-11,20,-0.403697,2.931489,1.81364,-1.510177,-0.060008,19.630181,-5.687011,-6.44956,45.0,2,0,0.0,2.931489,0.0,0.0,0.0,876,2.931489,876,5.066667,-4.050531,1
013403,华夏恒生科技ETF发起式联接(QDII)C,INDEX,2025-08-12,20,-1.372466,-0.074874,2.098361,-1.853253,-0.114697,17.327414,-5.687011,-6.44956,50.0,0,2,0.0,0.0,0.074874,0.0,0.0,877,-0.074874,877,6.775851,-4.050531,1
013403,华夏恒生科技ETF发起式联接(QDII)C,INDEX,2025-08-13,20,1.611544,3.364406,4.337011,1.184171,-0.125943,20.813933,-5.687011,-6.44956,45.0,2,0,0.0,3.364406,0.0,0.0,0.0,878,3.364406,878,4.757956,-4.050531,1
013403,华夏恒生科技ETF发起式联接(QDII)C,INDEX,2025-08-14,20,0.494217,1.963085,2.929456,0.143556,-0.149048,21.15117,-5.687011,-6.44956,50.0,0,2,0.0,1.963085,0.0,0.0,0.0,879,1.963085,879,5.472429,-4.050531,1
013403,华夏恒生科技ETF发起式联接(QDII)C,INDEX,2025-08-15,20,1.536164,-0.073491,4.238309,-0.26145,-0.155868,20.436646,-5.687011,-6.44956,55.0,0,3,0.0,0.0,0.073491,0.0,0.0,880,-0.073491,880,7.543602,-4.050531,1
013403,华夏恒生科技ETF发起式联接(QDII)C,INDEX,2025-08-18,20,2.176,-0.21875,5.009866,0.388811,-0.141048,20.368676,-5.687011,-6.44956,55.0,2,0,0.0,0.0,0.21875,0.0,0.0,881,-0.21875,881,7.923583,-4.050531,1
013403,华夏恒生科技ETF发起式联接(QDII)C,INDEX,2025-08-19,20,2.012417,-0.987013,6.397231,-0.07497,-0.129143,20.42043,-5.687011,-6.44956,60.0,0,2,0.0,0.0,0.987013,0.0,0.0,882,-0.987013,882,9.034627,-4.050531,1
013403,华夏恒生科技ETF发起式联接(QDII)C,INDEX,2025-08-20,20,-0.995128,-3.005992,6.098645,0.300871,-0.075888,18.490044,-5.600732,-6.44956,60.0,2,0,0.0,0.0,3.005992,0.0,0.0,883,-3.005992,883,13.087635,-4.050531,1
013403,华夏恒生科技ETF发起式联接(QDII)C,INDEX,2025-08-21,20,-1.014963,-3.842244,5.239737,-0.457202,-0.032968,18.707787,-4.601952,-6.44956,60.0,0,2,0.0,0.0,3.842244,0.0,0.0,884,-3.842244,884,13.255814,-4.050531,1
013403,华夏恒生科技ETF发起式联接(QDII)C,INDEX,2025-08-22,20,1.954192,-0.318439,5.455336,2.126943,0.035656,20.812318,-4.425234,-6.44956,55.0,2,0,0.0,0.0,0.318439,0.0,0.0,885,-0.318439,885,10.84089,-4.050531,1
013403,华夏恒生科技ETF发起式联接(QDII)C,INDEX,2025-08-25,20,4.123604,2.644849,11.093785,4.826716,0.142185,23.025067,-4.149035,-6.44956,50.0,3,0,0.0,2.644849,0.0,0.0,0.0,886,2.644849,886,7.298977,-4.050531,1
013403,华夏恒生科技ETF发起式联接(QDII)C,INDEX,2025-08-26,20,4.029381,2.322221,10.021085,4.073063,0.230773,23.1291,-1.938426,-6.44956,50.0,0,2,0.0,2.322221,0.0,0.0,0.0,887,2.322221,887,6.394997,-3.712647,1
013403,华夏恒生科技ETF发起式联接(QDII)C,INDEX,2025-08-27,20,2.481416,3.708413,8.023397,2.561953,0.25501,21.490548,-1.938426,-6.44956,50.0,0,3,0.0,3.708413,0.0,0.0,0.0,888,3.708413,888,10.288108,-3.712647,1
013403,华夏恒生科技ETF发起式联接(QDII)C,INDEX,2025-08-28,20,2.515856,3.379171,5.127371,1.450412,0.250835,21.673738,-2.767195,-6.44956,50.0,0,4,0.0,3.379171,0.0,0.0,0.0,889,3.379171,889,12.270571,-3.712647,1
013403,华夏恒生科技ETF发起式联接(QDII)C,INDEX,2025-08-29,20,0.329761,4.834715,6.427634,1.609301,0.231705,21.229911,-2.767195,-6.44956,45.0,2,0,0.0,4.834715,0.0,0.0,0.0,890,4.834715,890,8.740756,-3.712647,1
013403,华夏恒生科技ETF发起式联接(QDII)C,INDEX,2025-09-01,20,-0.350912,5.588017,5.880473,3.443969,0.256441,21.88322,-2.767195,-6.44956,45.0,3,0,0.0,5.588017,0.0,0.0,0.0,891,5.588017,891,8.542107,-3.712647,1
013403,华夏恒生科技ETF发起式联接(QDII)C,INDEX,2025-09-02,20,-0.907807,3.716216,5.362505,2.06011,0.265689,22.419092,-2.767195,-6.44956,50.0,0,2,0.0,3.716216,0.0,0.0,0.0,892,3.716216,892,12.052117,-2.764511,1
013403,华夏恒生科技ETF发起式联接(QDII)C,INDEX,2025-09-03,20,-0.490396,2.59111,3.32025,1.058311,0.260716,22.723339,-2.767195,-5.687011,55.0,0,3,0.0,2.59111,0.0,0.0,0.0,893,2.59111,893,13.162218,-2.764511,1
013403,华夏恒生科技ETF发起式联接(QDII)C,INDEX,2025-09-04,20,-1.31986,0.630915,3.706112,-0.736438,0.229596,23.684068,-4.050531,-5.687011,60.0,0,4,0.0,0.630915,0.0,0.0,0.0,894,0.630915,894,11.473354,-3.211758,1
013403,华夏恒生科技ETF发起式联接(QDII)C,INDEX,2025-09-05,20,0.082169,3.947088,7.383734,0.874786,0.200745,23.812739,-4.050531,-5.687011,55.0,2,0,0.0,3.947088,0.0,0.0,0.0,895,3.947088,895,7.553366,-4.917438,1
013403,华夏恒生科技ETF发起式联接(QDII)C,INDEX,2025-09-08,20,-0.895462,5.066667,7.356948,1.722046,0.181967,24.002768,-4.050531,-5.687011,55.0,3,0,0.0,5.066667,0.0,0.0,0.0,896,5.066667,896,2.791878,-8.138269,0
013403,华夏恒生科技ETF发起式联接(QDII)C,INDEX,2025-09-09,20,1.537052,6.775851,8.944954,2.677331,0.168813,24.145483,-4.050531,-5.687011,50.0,4,0,0.0,6.775851,0.0,0.0,0.0,897,6.775851,897,3.969925,-8.138269,0
013403,华夏恒生科技ETF发起式联接(QDII)C,INDEX,2025-09-10,20,3.7577,4.757956,11.940629,3.780609,0.214781,21.898455,-4.050531,-5.687011,50.0,5,0,0.0,4.757956,0.0,0.0,0.0,898,4.757956,898,1.434791,-8.138269,0
013403,华夏恒生科技ETF发起式联接(QDII)C,INDEX,2025-09-11,20,5.329154,5.472429,14.298673,3.236379,0.23502,21.546285,-4.050531,-5.687011,50.0,0,2,0.0,5.472429,0.0,0.0,0.0,899,5.472429,899,-2.232143,-10.587915,0
013403,华夏恒生科技ETF发起式联接(QDII)C,INDEX,2025-09-12,20,5.049261,7.543602,15.192438,4.450045,0.263329,21.83975,-4.050531,-5.687011,45.0,2,0,0.0,7.543602,0.0,0.0,0.0,900,7.543602,900,-0.957405,-10.587915,0
013403,华夏恒生科技ETF发起式联接(QDII)C,INDEX,2025-09-15,20,4.954315,7.923583,15.173797,5.083936,0.304998,21.933822,-4.050531,-5.687011,45.0,3,0,0.0,7.923583,0.0,0.0,0.0,901,7.923583,901,-0.841555,-10.587915,0
013403,华夏恒生科技ETF发起式联接(QDII)C,INDEX,2025-09-16,20,4.170426,9.034627,13.538024,5.162485,0.334449,21.674619,-4.050531,-5.687011,40.0,4,0,0.0,9.034627,0.0,0.0,0.0,902,9.034627,902,-2.665768,-10.587915,0
013403,华夏恒生科技ETF发起式联接(QDII)C,INDEX,2025-09-17,20,6.877103,13.087635,16.704484,8.624816,0.412152,24.954587,-4.050531,-5.687011,40.0,5,0,0.0,13.087635,0.0,0.0,0.0,903,13.087635,903,-5.980928,-10.587915,0
013403,华夏恒生科技ETF发起式联接(QDII)C,INDEX,2025-09-18,20,6.289683,13.255814,16.128333,7.074684,0.443309,24.835987,-4.050531,-5.687011,40.0,0,2,0.0,13.255814,0.0,0.0,0.0,904,13.255814,904,-3.584096,-10.587915,0
013403,华夏恒生科技ETF发起式联接(QDII)C,INDEX,2025-09-19,20,5.080109,10.84089,16.596206,6.932307,0.500072,23.756024,-4.050531,-5.687011,40.0,2,0,0.0,10.84089,0.0,0.0,0.0,905,10.84089,905,-2.324284,-10.587915,0
013403,华夏恒生科技ETF发起式联接(QDII)C,INDEX,2025-09-22,20,3.520991,7.298977,16.872338,6.011828,0.576056,22.443947,-3.712647,-5.687011,45.0,0,2,0.0,7.298977,0.0,0.0,0.0,906,7.298977,906,-3.036816,-10.587915,0
013403,华夏恒生科技ETF发起式联接(QDII)C,INDEX,2025-09-23,20,1.510923,6.394997,15.278689,4.159261,0.609905,23.107945,-3.712647,-5.687011,45.0,0,3,0.0,6.394997,0.0,0.0,0.0,907,6.394997,907,-1.659082,-10.587915,0
013403,华夏恒生科技ETF发起式联接(QDII)C,INDEX,2025-09-24,20,-0.05555,10.288108,18.691589,6.070953,0.64812,23.36499,-3.712647,-5.687011,40.0,2,0,0.0,10.288108,0.0,0.0,0.0,908,10.288108,908,-4.529875,-10.587915,0
013403,华夏恒生科技ETF发起式联接(QDII)C,INDEX,2025-09-25,20,1.624043,12.270571,20.549159,6.362921,0.669649,22.776722,-3.712647,-5.687011,35.0,3,0,0.0,12.270571,0.0,0.0,0.0,909,12.270571,909,-7.466936,-10.587915,0
013403,华夏恒生科技ETF发起式联接(QDII)C,INDEX,2025-09-26,20,-1.571216,8.740756,17.528863,2.994396,0.638665,25.70808,-3.712647,-5.687011,40.0,0,2,0.0,8.740756,0.0,0.0,0.0,910,8.740756,910,-4.684991,-10.587915,0
013403,华夏恒生科技ETF发起式联接(QDII)C,INDEX,2025-09-29,20,0.803588,8.542107,19.547872,4.518173,0.654417,25.557141,-2.764511,-5.687011,40.0,2,0,0.0,8.542107,0.0,0.0,0.0,911,8.542107,911,-8.045977,-10.587915,0
013403,华夏恒生科技ETF发起式联接(QDII)C,INDEX,2025-09-30,20,4.361016,12.052117,19.860627,6.041413,0.669444,25.454542,-2.764511,-5.687011,35.0,3,0,0.0,12.052117,0.0,0.0,0.0,912,12.052117,912,-10.337936,-10.587915,0
013403,华夏恒生科技ETF发起式联接(QDII)C,INDEX,2025-10-09,20,2.102825,13.162218,22.046285,5.524679,0.65615,24.952513,-2.764511,-5.687011,30.0,4,0,0.0,13.162218,0.0,0.0,0.0,913,13.162218,913,-8.165487,-10.587915,0
013403,华夏恒生科技ETF发起式联接(QDII)C,INDEX,2025-10-10,20,-2.020573,11.473354,18.480675,1.601451,0.551494,27.243176,-3.211758,-5.687011,30.0,0,2,0.0,11.473354,0.0,0.0,0.0,914,11.473354,914,-6.786652,-7.620922,0
013403,华夏恒生科技ETF发起式联接(QDII)C,INDEX,2025-10-13,20,-1.010673,7.553366,15.801105,-0.537647,0.43361,28.001494,-4.917438,-5.687011,35.0,0,3,0.0,7.553366,0.0,0.0,0.0,915,7.553366,915,-3.912214,-6.053684,0
013403,华夏恒生科技ETF发起式联接(QDII)C,INDEX,2025-10-14,20,-6.145717,2.791878,11.166008,-4.032075,0.274543,30.860152,-8.138269,-8.138269,40.0,0,4,0.0,2.791878,0.0,0.0,0.0,916,2.791878,916,-0.365432,-6.053684,0
013403,华夏恒生科技ETF发起式联接(QDII)C,INDEX,2025-10-15,20,-5.786701,3.969925,10.93165,-1.884543,0.163831,31.679558,-8.138269,-8.138269,40.0,2,0,0.0,3.969925,0.0,0.0,0.0,917,3.969925,917,-2.603413,-6.053684,0
013403,华夏恒生科技ETF发起式联接(QDII)C,INDEX,2025-10-16,20,-6.995101,1.434791,9.836066,-3.086283,0.051315,31.755929,-8.138269,-8.138269,45.0,0,2,0.0,1.434791,0.0,0.0,0.0,918,1.434791,918,-0.653595,-6.053684,0
013403,华夏恒生科技ETF发起式联接(QDII)C,INDEX,2025-10-17,20,-7.620922,-2.232143,5.14243,-6.730897,-0.120643,34.720323,-10.587915,-10.587915,45.0,0,3,0.0,0.0,2.232143,0.0,0.0,919,-2.232143,919,0.49721,-6.053684,0
013403,华夏恒生科技ETF发起式联接(QDII)C,INDEX,2025-10-20,20,-3.263359,-0.957405,6.435696,-4.008029,-0.227985,35.848358,-10.587915,-10.587915,45.0,2,0,0.0,0.0,0.957405,0.0,0.0,920,-0.957405,920,-3.225488,-6.615267,0
013403,华夏恒生科技ETF发起式联接(QDII)C,INDEX,2025-10-21,20,1.244444,-0.841555,6.78125,-2.898091,-0.303467,35.895374,-10.587915,-10.587915,45.0,3,0,0.0,0.0,0.841555,0.0,0.0,921,-0.841555,921,-6.018925,-8.300019,0
013403,华夏恒生科技ETF发起式联接(QDII)C,INDEX,2025-10-22,20,-2.478064,-2.665768,5.080519,-4.06996,-0.388737,36.132198,-10.587915,-10.587915,50.0,0,2,0.0,0.0,2.665768,0.0,0.0,922,-2.665768,922,-5.477556,-9.004378,0
013403,华夏恒生科技ETF发起式联接(QDII)C,INDEX,2025-10-23,20,-0.936494,-5.980928,3.127856,-3.38509,-0.403938,32.902108,-10.587915,-10.587915,50.0,2,0,0.0,0.0,5.980928,0.0,0.0,923,-5.980928,923,-6.351551,-9.480297,0
013403,华夏恒生科技ETF发起式联接(QDII)C,INDEX,2025-10-24,20,4.819888,-3.584096,5.001016,-1.54028,-0.398715,33.591186,-10.587915,-10.587915,45.0,3,0,0.0,0.0,3.584096,0.0,0.0,924,-3.584096,924,-10.784124,-12.278698,0
013403,华夏恒生科技ETF发起式联接(QDII)C,INDEX,2025-10-27,20,3.629907,-2.324284,7.919877,0.256701,-0.357389,34.194875,-10.587915,-10.587915,45.0,4,0,0.0,0.0,2.324284,0.0,0.0,925,-2.324284,925,-9.984771,-12.278698,0
013403,华夏恒生科技ETF发起式联接(QDII)C,INDEX,2025-10-28,20,1.229148,-3.036816,6.79222,-0.820522,-0.338247,34.40578,-10.587915,-10.587915,45.0,0,2,0.0,0.0,3.036816,0.0,0.0,926,-3.036816,926,-7.834634,-11.188205,0
013403,华夏恒生科技ETF发起式联接(QDII)C,INDEX,2025-10-29,20,2.560807,-1.659082,7.059552,-0.775772,-0.337947,34.057355,-10.587915,-10.587915,45.0,0,3,0.0,0.0,1.659082,0.0,0.0,927,-1.659082,927,-7.683409,-11.153957,0
013403,华夏恒生科技ETF发起式联接(QDII)C,INDEX,2025-10-30,20,1.486952,-4.529875,9.196864,-1.185562,-0.307416,32.892347,-10.587915,-10.587915,50.0,0,4,0.0,0.0,4.529875,0.0,0.0,928,-4.529875,928,-7.481079,-10.576363,0
013403,华夏恒生科技ETF发起式联接(QDII)C,INDEX,2025-10-31,20,-2.468538,-7.466936,7.397932,-3.022428,-0.287725,33.390773,-10.587915,-10.587915,55.0,0,5,0.0,0.0,7.466936,0.0,0.0,929,-7.466936,929,-5.33995,-9.505106,0
013403,华夏恒生科技ETF发起式联接(QDII)C,INDEX,2025-11-03,20,-3.950124,-4.684991,8.657263,-2.635997,-0.299324,32.196889,-10.587915,-10.587915,50.0,2,0,0.0,0.0,4.684991,0.0,0.0,930,-4.684991,930,-4.885542,-9.505106,0
013403,华夏恒生科技ETF发起式联接(QDII)C,INDEX,2025-11-04,20,-4.40397,-8.045977,5.386168,-3.88342,-0.297232,31.581489,-10.587915,-10.587915,55.0,0,2,0.0,0.0,8.045977,0.0,0.0,931,-8.045977,931,-3.568548,-9.505106,0
013403,华夏恒生科技ETF发起式联接(QDII)C,INDEX,2025-11-05,20,-4.849128,-10.337936,4.201858,-3.837723,-0.255908,30.23823,-10.587915,-10.587915,60.0,0,3,0.0,0.0,10.337936,0.0,0.0,932,-10.337936,932,-4.528875,-9.505106,0
013403,华夏恒生科技ETF发起式联接(QDII)C,INDEX,2025-11-06,20,-1.785368,-8.165487,6.614704,-0.948243,-0.159736,32.102866,-7.620922,-10.587915,60.0,2,0,0.0,0.0,8.165487,0.0,0.0,933,-8.165487,933,-5.581901,-9.505106,0
013403,华夏恒生科技ETF发起式联接(QDII)C,INDEX,2025-11-07,20,-1.300248,-6.786652,4.563617,-2.344172,-0.129233,30.806272,-6.053684,-10.587915,60.0,0,2,0.0,0.0,6.786652,0.0,0.0,934,-6.786652,934,-3.097345,-9.505106,0
013403,华夏恒生科技ETF发起式联接(QDII)C,INDEX,2025-11-10,20,-0.208106,-3.912214,7.424792,-0.907284,-0.099144,30.818679,-6.053684,-10.587915,55.0,2,0,0.0,0.0,3.912214,0.0,0.0,935,-3.912214,935,-4.319762,-9.505106,0
013403,华夏恒生科技ETF发起式联接(QDII)C,INDEX,2025-11-11,20,1.693548,-0.365432,7.605333,-0.712082,-0.115376,28.403345,-6.053684,-10.587915,50.0,3,0,0.0,0.0,0.365432,0.0,0.0,936,-0.365432,936,-6.165741,-9.505106,0
013403,华夏恒生科技ETF发起式联接(QDII)C,INDEX,2025-11-12,20,2.340426,-2.603413,8.124599,-0.451864,-0.091106,26.925436,-6.053684,-10.587915,50.0,4,0,0.0,0.0,2.603413,0.0,0.0,937,-2.603413,937,-5.890506,-9.505106,0
013403,华夏恒生科技ETF发起式联接(QDII)C,INDEX,2025-11-13,20,0.612527,-0.653595,5.566497,0.39927,-0.069692,26.828713,-6.053684,-10.587915,45.0,5,0,0.0,0.0,0.653595,0.0,0.0,938,-0.653595,938,-7.462687,-9.505106,0
013403,华夏恒生科技ETF发起式联接(QDII)C,INDEX,2025-11-14,20,-0.402253,0.49721,3.630846,-2.384695,-0.148294,24.937046,-6.053684,-10.587915,45.0,0,2,0.0,0.49721,0.0,0.0,0.0,939,0.49721,939,-3.251212,-6.946688,0
013403,华夏恒生科技ETF发起式联接(QDII)C,INDEX,2025-11-17,20,-2.571996,-3.225488,3.078378,-3.145238,-0.197011,22.764895,-6.615267,-10.987117,50.0,0,3,0.0,0.0,3.225488,0.0,0.0,940,-3.225488,940,-4.637652,-6.064621,0
013403,华夏恒生科技ETF发起式联接(QDII)C,INDEX,2025-11-18,20,-4.500397,-6.018925,0.574173,-4.602055,-0.248739,22.964266,-8.300019,-12.592996,55.0,0,4,0.0,0.0,6.018925,0.0,0.0,941,-6.018925,941,-4.556778,-4.576588,0
013403,华夏恒生科技ETF发起式联接(QDII)C,INDEX,2025-11-19,20,-5.355905,-5.477556,0.314795,-5.074446,-0.323454,22.711255,-9.004378,-13.26438,55.0,0,5,0.0,0.0,5.477556,0.0,0.0,942,-5.477556,942,-2.887029,-4.576588,0
013403,华夏恒生科技ETF发起式联接(QDII)C,INDEX,2025-11-20,20,-6.618225,-6.351551,-0.429274,-5.267562,-0.391129,22.58298,-9.480297,-13.718019,60.0,0,6,0.0,0.0,6.351551,0.0,0.0,943,-6.351551,943,-3.028391,-4.576588,0
013403,华夏恒生科技ETF发起式联接(QDII)C,INDEX,2025-11-21,20,-6.946688,-10.784124,-2.579281,-7.683986,-0.464996,23.267592,-12.278698,-16.385411,65.0,0,7,0.0,0.0,10.784124,0.0,0.0,944,-10.784124,944,1.063368,-4.576588,0
013403,华夏恒生科技ETF发起式联接(QDII)C,INDEX,2025-11-24,20,-3.608195,-9.984771,-2.545342,-4.769577,-0.459995,24.62786,-11.188205,-16.385411,65.0,2,0,0.0,0.0,9.984771,0.0,0.0,945,-9.984771,945,-0.687322,-4.576588,0
013403,华夏恒生科技ETF发起式联接(QDII)C,INDEX,2025-11-25,20,-0.726593,-7.834634,-4.110688,-3.296259,-0.443586,25.13834,-11.153957,-16.385411,60.0,3,0,0.0,0.0,7.834634,0.0,0.0,946,-7.834634,946,-2.467587,-4.576588,0
013403,华夏恒生科技ETF发起式联接(QDII)C,INDEX,2025-11-26,20,0.167364,-7.683409,-3.40932,-2.783206,-0.413497,25.175915,-10.576363,-16.385411,55.0,4,0,0.0,0.0,7.683409,0.0,0.0,947,-7.683409,947,-2.464495,-4.576588,0
013403,华夏恒生科技ETF发起式联接(QDII)C,INDEX,2025-11-27,20,0.262881,-7.481079,-2.584798,-2.819112,-0.387649,25.158069,-9.505106,-16.385411,55.0,0,2,0.0,0.0,7.481079,0.0,0.0,948,-7.481079,948,-2.128998,-4.576588,0
013403,华夏恒生科技ETF发起式联接(QDII)C,INDEX,2025-11-28,20,3.483073,-5.33995,-1.660136,-2.531503,-0.386302,24.196614,-9.505106,-16.385411,50.0,2,0,0.0,0.0,5.33995,0.0,0.0,949,-5.33995,949,-2.20195,-4.576588,0
013403,华夏恒生科技ETF发起式联接(QDII)C,INDEX,2025-12-01,20,1.490959,-4.885542,-1.41742,-1.66034,-0.365053,24.367357,-9.505106,-16.385411,50.0,3,0,0.0,0.0,4.885542,0.0,0.0,950,-4.885542,950,-3.115232,-4.576588,0
013403,华夏恒生科技ETF发起式联接(QDII)C,INDEX,2025-12-02,20,0.020912,-3.568548,-3.752893,-1.810138,-0.368247,23.76034,-9.505106,-16.385411,50.0,0,2,0.0,0.0,3.568548,0.0,0.0,951,-3.568548,951,-1.223082,-4.576588,0
013403,华夏恒生科技ETF发起式联接(QDII)C,INDEX,2025-12-03,20,-1.597744,-4.528875,-4.08184,-3.055556,-0.395294,24.20085,-9.505106,-16.385411,50.0,0,3,0.0,0.0,4.528875,0.0,0.0,952,-4.528875,952,-0.923273,-4.576588,0
013403,华夏恒生科技ETF发起式联接(QDII)C,INDEX,2025-12-04,20,0.230729,-5.581901,-1.87885,-1.390358,-0.35498,22.772375,-9.505106,-16.385411,50.0,2,0,0.0,0.0,5.581901,0.0,0.0,953,-5.581901,953,1.287015,-4.576588,0
013403,华夏恒生科技ETF发起式联接(QDII)C,INDEX,2025-12-05,20,1.038062,-3.097345,0.689655,-0.416996,-0.322614,22.387229,-9.505106,-16.385411,45.0,3,0,0.0,0.0,3.097345,0.0,0.0,954,-3.097345,954,1.857617,-4.576588,0
013403,华夏恒生科技ETF发起式联接(QDII)C,INDEX,2025-12-08,20,0.385497,-4.319762,-1.118637,-0.203012,-0.265081,21.767126,-9.505106,-16.385411,50.0,0,2,0.0,0.0,4.319762,0.0,0.0,955,-4.319762,955,0.394395,-4.566684,0
013403,华夏恒生科技ETF发起式联接(QDII)C,INDEX,2025-12-09,20,-1.045369,-6.165741,-3.898477,-1.636619,-0.222825,22.380011,-9.505106,-16.385411,55.0,0,3,0.0,0.0,6.165741,0.0,0.0,956,-6.165741,956,1.193746,-4.038823,0
013403,华夏恒生科技ETF发起式联接(QDII)C,INDEX,2025-12-10,20,0.880824,-5.890506,-4.701754,-0.914658,-0.162426,22.480145,-9.505106,-16.385411,55.0,2,0,0.0,0.0,5.890506,0.0,0.0,957,-5.890506,957,0.725857,-4.038823,0
013403,华夏恒生科技ETF发起式联接(QDII)C,INDEX,2025-12-11,20,-1.39165,-7.462687,-6.748466,-1.378751,-0.090919,22.164729,-6.946688,-16.385411,60.0,0,2,0.0,0.0,7.462687,0.0,0.0,958,-7.462687,958,4.562818,-4.038823,1
013403,华夏恒生科技ETF发起式联接(QDII)C,INDEX,2025-12-12,20,-0.560399,-3.251212,-4.940476,0.443937,-0.029501,21.43956,-6.064621,-16.385411,55.0,2,0,0.0,0.0,3.251212,0.0,0.0,959,-3.251212,959,2.911709,-4.038823,1
013403,华夏恒生科技ETF发起式联接(QDII)C,INDEX,2025-12-15,20,-2.895693,-4.637652,-8.597108,-1.690677,-0.012119,22.682918,-4.3388,-16.385411,55.0,0,2,0.0,0.0,4.637652,0.0,0.0,960,-4.637652,960,6.038906,-2.445237,1
013403,华夏恒生科技ETF发起式联接(QDII)C,INDEX,2025-12-16,20,-2.862878,-4.556778,-11.056297,-3.159048,-0.041106,22.607946,-4.576588,-16.575939,55.0,0,3,0.0,0.0,4.556778,0.0,0.0,961,-4.556778,961,6.503535,-2.445237,1
013403,华夏恒生科技ETF发起式联接(QDII)C,INDEX,2025-12-17,20,-2.335367,-2.887029,-10.65345,-2.079389,-0.062118,22.891095,-4.576588,-16.575939,50.0,2,0,0.0,0.0,2.887029,0.0,0.0,962,-2.887029,962,5.364067,-2.445237,1
013403,华夏恒生科技ETF发起式联接(QDII)C,INDEX,2025-12-18,20,-2.143463,-3.028391,-14.619017,-2.585365,-0.096507,22.929266,-4.576588,-16.575939,50.0,0,2,0.0,0.0,3.028391,0.0,0.0,963,-3.028391,963,4.760356,-2.620704,1
013403,华夏恒生科技ETF发起式联接(QDII)C,INDEX,2025-12-19,20,-2.796911,1.063368,-13.067015,-1.664441,-0.161297,20.412979,-4.576588,-16.575939,45.0,2,0,0.0,1.063368,0.0,0.0,0.0,964,1.063368,964,2.50161,-3.769781,1
013403,华夏恒生科技ETF发起式联接(QDII)C,INDEX,2025-12-22,20,0.38478,-0.687322,-12.681294,-0.806895,-0.175812,18.332029,-4.576588,-16.575939,45.0,3,0,0.0,0.0,0.687322,0.0,0.0,965,-0.687322,965,2.747019,-3.769781,1
013403,华夏恒生科技ETF发起式联接(QDII)C,INDEX,2025-12-23,20,1.446438,-2.467587,-12.838722,-1.359897,-0.181279,17.936318,-4.576588,-16.575939,50.0,0,2,0.0,0.0,2.467587,0.0,0.0,966,-2.467587,966,3.762864,-3.769781,1
013403,华夏恒生科技ETF发起式联接(QDII)C,INDEX,2025-12-24,20,0.603188,-2.464495,-11.452408,-1.109605,-0.179181,17.936894,-4.576588,-16.575939,50.0,2,0,0.0,0.0,2.464495,0.0,0.0,967,-2.464495,967,4.068522,-3.769781,1
013403,华夏恒生科技ETF发起式联接(QDII)C,INDEX,2025-12-25,20,1.1928,-2.128998,-13.552571,-1.088011,-0.181358,17.899662,-4.576588,-16.575939,50.0,0,2,0.0,0.0,2.128998,0.0,0.0,968,-2.128998,968,2.839691,-3.769781,1
013403,华夏恒生科技ETF发起式联接(QDII)C,INDEX,2025-12-26,20,0.139575,-2.20195,-14.336885,-1.030862,-0.180731,17.894853,-4.576588,-16.575939,55.0,0,3,0.0,0.0,2.20195,0.0,0.0,969,-2.20195,969,3.398735,-3.769781,1
013403,华夏恒生科技ETF发起式联接(QDII)C,INDEX,2025-12-29,20,-0.990204,-3.115232,-12.165864,-1.171194,-0.170845,17.685771,-4.576588,-16.575939,60.0,0,4,0.0,0.0,3.115232,0.0,0.0,970,-3.115232,970,6.022153,-3.769781,1
013403,华夏恒生科技ETF发起式联接(QDII)C,INDEX,2025-12-30,20,1.29717,-1.223082,-12.411939,0.485465,-0.138576,18.739504,-4.576588,-16.575939,55.0,2,0,0.0,0.0,1.223082,0.0,0.0,971,-1.223082,971,3.376019,-3.769781,1
013403,华夏恒生科技ETF发起式联接(QDII)C,INDEX,2025-12-31,20,-0.042827,-0.923273,-15.188953,-0.670284,-0.145576,18.462793,-4.576588,-16.575939,55.0,0,2,0.0,0.0,0.923273,0.0,0.0,972,-0.923273,972,2.345758,-3.769781,1
013403,华夏恒生科技ETF发起式联接(QDII)C,INDEX,2026-01-05,20,3.729104,1.287015,-12.175649,2.922335,-0.076274,22.20642,-4.576588,-13.807649,55.0,2,0,0.0,1.287015,0.0,0.0,0.0,973,1.287015,973,-4.452479,-6.773511,0
013403,华夏恒生科技ETF发起式联接(QDII)C,INDEX,2026-01-06,20,5.232122,1.857617,-7.995876,4.258506,0.024711,22.550878,-4.566684,-12.478584,55.0,3,0,0.0,1.857617,0.0,0.0,0.0,974,1.857617,974,-6.897606,-7.89235,0
013403,华夏恒生科技ETF发起式联接(QDII)C,INDEX,2026-01-07,20,4.021938,0.394395,-7.700382,2.729397,0.101028,23.212182,-4.038823,-12.478584,55.0,0,2,0.0,0.394395,0.0,0.0,0.0,975,0.394395,975,-7.298666,-9.615966,0
013403,华夏恒生科技ETF发起式联接(QDII)C,INDEX,2026-01-08,20,1.375807,1.193746,-5.392593,1.67009,0.134062,22.572134,-4.038823,-12.478584,55.0,0,3,0.0,1.193746,0.0,0.0,0.0,976,1.193746,976,-5.647771,-9.615966,0
013403,华夏恒生科技ETF发起式联接(QDII)C,INDEX,2026-01-09,20,2.559983,0.725857,-7.675248,1.590434,0.171387,22.535788,-4.038823,-12.478584,60.0,0,4,0.0,0.725857,0.0,0.0,0.0,977,0.725857,977,-6.569191,-9.827638,0
013403,华夏恒生科技ETF发起式联接(QDII)C,INDEX,2026-01-12,20,1.797521,4.562818,-3.872793,4.312663,0.235674,24.424758,-4.038823,-12.478584,55.0,2,0,0.0,4.562818,0.0,0.0,0.0,978,4.562818,978,-8.169271,-9.827638,0
013403,华夏恒生科技ETF发起式联接(QDII)C,INDEX,2026-01-13,20,0.46867,2.911709,0.060883,4.232841,0.3205,23.825036,-2.445237,-12.478584,55.0,3,0,0.0,2.911709,0.0,0.0,0.0,979,2.911709,979,-7.81868,-9.827638,0
013403,华夏恒生科技ETF发起式联接(QDII)C,INDEX,2026-01-14,20,2.563837,6.038906,-2.140462,4.554844,0.371471,21.926785,-2.445237,-12.478584,50.0,4,0,0.0,6.038906,0.0,0.0,0.0,980,6.038906,980,-7.670598,-9.827638,0
013403,华夏恒生科技ETF发起式联接(QDII)C,INDEX,2026-01-15,20,2.234054,6.503535,-4.467857,2.881696,0.367223,21.447777,-2.445237,-12.478584,50.0,0,2,0.0,6.503535,0.0,0.0,0.0,981,6.503535,981,-7.852548,-9.260574,0
013403,华夏恒生科技ETF发起式联接(QDII)C,INDEX,2026-01-16,20,2.16188,5.364067,-3.282579,2.498009,0.366848,21.360296,-2.445237,-12.478584,55.0,0,3,0.0,5.364067,0.0,0.0,0.0,982,5.364067,982,-8.607647,-9.321432,0
013403,华夏恒生科技ETF发起式联接(QDII)C,INDEX,2026-01-19,20,-1.958595,4.760356,-4.864599,0.997852,0.330454,21.783112,-2.620704,-12.478584,55.0,0,4,0.0,4.760356,0.0,0.0,0.0,983,4.760356,983,-8.984577,-10.812456,0
013403,华夏恒生科技ETF发起式联接(QDII)C,INDEX,2026-01-20,20,-3.184261,2.50161,-7.579864,-0.315332,0.285814,22.14916,-3.769781,-12.478584,60.0,0,5,0.0,2.50161,0.0,0.0,0.0,984,2.50161,984,-8.201529,-11.106603,0
013403,华夏恒生科技ETF发起式联接(QDII)C,INDEX,2026-01-21,20,-2.731579,2.747019,-8.147725,0.624602,0.265782,22.267298,-3.769781,-11.390575,60.0,2,0,0.0,2.747019,0.0,0.0,0.0,985,2.747019,985,-11.73057,-13.601785,0
013403,华夏恒生科技ETF发起式联接(QDII)C,INDEX,2026-01-22,20,-1.164097,3.762864,-6.726414,0.742637,0.235441,22.055831,-3.769781,-11.356406,55.0,3,0,0.0,3.762864,0.0,0.0,0.0,986,3.762864,986,-11.623102,-13.601785,0
013403,华夏恒生科技ETF发起式联接(QDII)C,INDEX,2026-01-23,20,-0.633817,4.068522,-6.295189,0.969704,0.207749,22.069097,-3.769781,-10.780128,55.0,4,0,0.0,4.068522,0.0,0.0,0.0,987,4.068522,987,-14.434156,-15.640531,0
013403,华夏恒生科技ETF发起式联接(QDII)C,INDEX,2026-01-26,20,-0.662457,2.839691,-6.879488,-0.445025,0.154808,22.667022,-3.769781,-9.711312,55.0,0,2,0.0,2.839691,0.0,0.0,0.0,988,2.839691,988,-15.411066,-17.658992,0
013403,华夏恒生科技ETF发起式联接(QDII)C,INDEX,2026-01-27,20,1.016026,3.398735,-4.277916,-0.121689,0.103994,22.684438,-3.769781,-9.711312,50.0,2,0,0.0,3.398735,0.0,0.0,0.0,989,3.398735,989,-16.403982,-18.227001,0
013403,华夏恒生科技ETF发起式联接(QDII)C,INDEX,2026-01-28,20,2.165803,6.022153,-2.299078,1.809733,0.075508,23.731769,-3.769781,-9.711312,45.0,3,0,0.0,6.022153,0.0,0.0,0.0,990,6.022153,990,-19.028299,-19.028299,0
013403,华夏恒生科技ETF发起式联接(QDII)C,INDEX,2026-01-29,20,0.919516,3.376019,-1.532258,0.704145,0.049579,23.582335,-3.769781,-9.711312,50.0,0,2,0.0,3.376019,0.0,0.0,0.0,991,3.376019,991,-15.960278,-18.273956,0
013403,华夏恒生科技ETF发起式联接(QDII)C,INDEX,2026-01-30,20,-1.697531,2.345758,-3.191489,-1.602879,-0.030902,24.580317,-3.769781,-9.711312,50.0,0,3,0.0,2.345758,0.0,0.0,0.0,992,2.345758,992,-13.919414,-16.452119,0
013403,华夏恒生科技ETF发起式联接(QDII)C,INDEX,2026-02-02,20,-3.626133,-4.452479,-8.624778,-4.542218,-0.104031,23.493608,-6.773511,-9.711312,55.0,0,4,0.0,0.0,4.452479,0.0,0.0,993,-4.452479,993,-9.287491,-13.687966,0
013403,华夏恒生科技ETF发起式联接(QDII)C,INDEX,2026-02-03,20,-5.246786,-6.897606,-8.10539,-5.357189,-0.165347,22.931436,-7.89235,-10.271013,60.0,0,5,0.0,0.0,6.897606,0.0,0.0,994,-6.897606,994,-8.382578,-12.849345,0
013403,华夏恒生科技ETF发起式联接(QDII)C,INDEX,2026-02-04,20,-9.047571,-7.298666,-10.953327,-6.787457,-0.265246,23.248849,-9.615966,-11.950118,60.0,0,6,0.0,0.0,7.298666,0.0,0.0,995,-7.298666,995,-7.081521,-12.849345,0
013403,华夏恒生科技ETF发起式联接(QDII)C,INDEX,2026-02-05,20,-7.473382,-5.647771,-10.408406,-5.784486,-0.359398,23.483042,-9.615966,-11.950118,55.0,2,0,0.0,0.0,5.647771,0.0,0.0,996,-5.647771,996,-8.608099,-12.849345,0
013403,华夏恒生科技ETF发起式联接(QDII)C,INDEX,2026-02-06,20,-6.373626,-6.569191,-11.434511,-6.436785,-0.460189,23.607088,-9.827638,-12.156324,55.0,0,2,0.0,0.0,6.569191,0.0,0.0,997,-6.569191,997,-5.242567,-12.849345,0
013403,华夏恒生科技ETF发起式联接(QDII)C,INDEX,2026-02-09,20,-2.162396,-8.169271,-11.144933,-4.959459,-0.490508,21.091246,-9.827638,-9.827638,55.0,2,0,0.0,0.0,8.169271,0.0,0.0,998,-8.169271,998,-6.542159,-12.849345,0
013403,华夏恒生科技ETF发起式联接(QDII)C,INDEX,2026-02-10,20,-0.525279,-7.81868,-8.218901,-4.14072,-0.500883,21.251437,-9.827638,-9.827638,55.0,3,0,0.0,0.0,7.81868,0.0,0.0,999,-7.81868,999,-7.106711,-12.849345,0
013403,华夏恒生科技ETF发起式联接(QDII)C,INDEX,2026-02-11,20,2.152336,-7.670598,-6.635409,-3.013362,-0.478421,21.360388,-9.260574,-9.827638,55.0,4,0,0.0,0.0,7.670598,0.0,0.0,1000,-7.670598,1000,-9.716157,-12.849345,0
013403,华夏恒生科技ETF发起式联接(QDII)C,INDEX,2026-02-12,20,-0.154902,-7.852548,-6.331742,-4.062767,-0.485772,21.479991,-9.260574,-9.827638,55.0,0,2,0.0,0.0,7.852548,0.0,0.0,1001,-7.852548,1001,-10.660461,-11.535904,0
013403,华夏恒生科技ETF发起式联接(QDII)C,INDEX,2026-02-13,20,-0.067069,-8.607647,-6.485356,-4.528489,-0.495697,21.53138,-9.321432,-9.888116,55.0,0,3,0.0,0.0,8.607647,0.0,0.0,1002,-8.607647,1002,-12.416107,-12.416107,0
013403,华夏恒生科技ETF发起式联接(QDII)C,INDEX,2026-02-24,20,-2.829042,-8.984577,-7.539432,-5.661086,-0.535225,21.778415,-10.812456,-11.369822,55.0,0,4,0.0,0.0,8.984577,0.0,0.0,1003,-8.984577,1003,-8.870693,-10.951894,0
013403,华夏恒生科技ETF发起式联接(QDII)C,INDEX,2026-02-25,20,-3.586359,-8.201529,-4.904514,-5.575607,-0.584654,21.614419,-11.106603,-11.662131,55.0,0,5,0.0,0.0,8.201529,0.0,0.0,1004,-8.201529,1004,-6.823368,-10.657234,0
013403,华夏恒生科技ETF发起式联接(QDII)C,INDEX,2026-02-26,20,-7.008734,-11.73057,-9.929153,-7.662956,-0.643404,22.430645,-13.601785,-14.14172,60.0,0,6,0.0,0.0,11.73057,0.0,0.0,1005,-11.73057,1005,-6.949988,-8.463877,0
013403,华夏恒生科技ETF发起式联接(QDII)C,INDEX,2026-02-27,20,-5.208333,-11.623102,-10.560435,-6.703822,-0.673683,22.500643,-13.601785,-14.14172,60.0,2,0,0.0,0.0,11.623102,0.0,0.0,1006,-11.623102,1006,-7.037643,-8.463877,0
013403,华夏恒生科技ETF发起式联接(QDII)C,INDEX,2026-03-02,20,-6.96868,-14.434156,-13.147452,-8.589328,-0.716916,23.400305,-15.640531,-16.167725,65.0,0,2,0.0,0.0,14.434156,0.0,0.0,1007,-14.434156,1007,-6.047854,-7.821163,0
013403,华夏恒生科技ETF发起式联接(QDII)C,INDEX,2026-03-03,20,-7.676561,-15.411066,-14.861038,-10.045376,-0.790784,24.052423,-17.658992,-18.173571,65.0,0,3,0.0,0.0,15.411066,0.0,0.0,1008,-15.411066,1008,-4.631683,-8.67052,0
013403,华夏恒生科技ETF发起式联接(QDII)C,INDEX,2026-03-04,20,-8.010041,-16.403982,-15.466079,-9.87597,-0.842155,23.558338,-18.227001,-18.73803,70.0,0,4,0.0,0.0,16.403982,0.0,0.0,1009,-16.403982,1009,-2.096254,-8.67052,0
013403,华夏恒生科技ETF发起式联接(QDII)C,INDEX,2026-03-05,20,-6.280817,-19.028299,-16.826422,-9.813425,-0.843452,20.492747,-18.273956,-19.534321,75.0,0,5,0.0,0.0,19.028299,0.0,0.0,1010,-19.028299,1010,-2.931229,-8.67052,0
013403,华夏恒生科技ETF发起式联接(QDII)C,INDEX,2026-03-06,20,-4.033201,-15.960278,-14.185658,-6.436281,-0.790675,24.685035,-16.452119,-19.534321,70.0,2,0,0.0,0.0,15.960278,0.0,0.0,1011,-15.960278,1011,-5.530515,-8.67052,0
013403,华夏恒生科技ETF发起式联接(QDII)C,INDEX,2026-03-09,20,-1.106168,-13.919414,-12.713573,-5.537946,-0.745058,24.430857,-13.687966,-19.534321,65.0,3,0,0.0,0.0,13.919414,0.0,0.0,1012,-13.919414,1012,-5.81155,-8.67052,0
013403,华夏恒生科技ETF发起式联接(QDII)C,INDEX,2026-03-10,20,3.350579,-9.287491,-12.210945,-3.165306,-0.702316,24.450366,-12.849345,-19.534321,60.0,4,0,0.0,0.0,9.287491,0.0,0.0,1013,-9.287491,1013,-3.027414,-8.67052,0
013403,华夏恒生科技ETF发起式联接(QDII)C,INDEX,2026-03-11,20,3.8452,-8.382578,-13.117476,-2.944024,-0.667116,24.312538,-12.849345,-19.534321,60.0,0,2,0.0,0.0,8.382578,0.0,0.0,1014,-8.382578,1014,-4.777831,-8.67052,0
013403,华夏恒生科技ETF发起式联接(QDII)C,INDEX,2026-03-12,20,4.37179,-7.081521,-13.523612,-3.050895,-0.655784,23.709235,-12.849345,-19.534321,60.0,0,3,0.0,0.0,7.081521,0.0,0.0,1015,-7.081521,1015,-3.552568,-8.67052,0
013403,华夏恒生科技ETF发起式联接(QDII)C,INDEX,2026-03-13,20,0.621269,-8.608099,-12.740334,-3.451662,-0.632664,23.372271,-12.849345,-19.534321,65.0,0,4,0.0,0.0,8.608099,0.0,0.0,1016,-8.608099,1016,-3.486683,-8.67052,0
013403,华夏恒生科技ETF发起式联接(QDII)C,INDEX,2026-03-16,20,3.06383,-5.242567,-10.824742,-0.642885,-0.575209,25.645083,-12.849345,-19.534321,60.0,2,0,0.0,0.0,5.242567,0.0,0.0,1017,-5.242567,1017,-5.497228,-8.67052,0
013403,华夏恒生科技ETF发起式联接(QDII)C,INDEX,2026-03-17,20,0.79857,-6.542159,-10.261036,-0.532212,-0.493748,25.102025,-12.849345,-19.534321,65.0,0,2,0.0,0.0,6.542159,0.0,0.0,1018,-6.542159,1018,-4.23318,-8.454535,0
013403,华夏恒生科技ETF发起式联接(QDII)C,INDEX,2026-03-18,20,0.86001,-7.106711,-11.876435,-0.306377,-0.395889,24.944197,-12.849345,-19.534321,70.0,0,3,0.0,0.0,7.106711,0.0,0.0,1019,-7.106711,1019,-0.663193,-8.313595,0
013403,华夏恒生科技ETF发起式联接(QDII)C,INDEX,2026-03-19,20,-0.744119,-9.716157,-11.607525,-1.845005,-0.302565,25.270651,-11.535904,-19.534321,75.0,0,4,0.0,0.0,9.716157,0.0,0.0,1020,-9.716157,1020,0.580411,-6.384522,0
013403,华夏恒生科技ETF发起式联接(QDII)C,INDEX,2026-03-20,20,-2.397094,-10.660461,-12.321914,-3.764317,-0.253467,26.056868,-10.704698,-19.534321,75.0,0,5,0.0,0.0,10.660461,0.0,0.0,1021,-10.660461,1021,3.62193,-5.192261,1
013403,华夏恒生科技ETF发起式联接(QDII)C,INDEX,2026-03-23,20,-7.632417,-12.416107,-15.661353,-5.910344,-0.242364,27.320758,-10.951894,-21.076504,75.0,0,6,0.0,0.0,12.416107,0.0,0.0,1022,-12.416107,1022,6.487867,-5.192261,1
013403,华夏恒生科技ETF发起式联接(QDII)C,INDEX,2026-03-24,20,-5.250089,-8.870693,-13.109954,-3.257937,-0.206959,28.996357,-10.657234,-21.076504,70.0,2,0,0.0,0.0,8.870693,0.0,0.0,1023,-8.870693,1023,2.183951,-5.192261,1
013403,华夏恒生科技ETF发起式联接(QDII)C,INDEX,2026-03-25,20,-3.292279,-6.823368,-12.325531,-1.053563,-0.135882,30.182074,-8.463877,-21.076504,65.0,3,0,0.0,0.0,6.823368,0.0,0.0,1024,-6.823368,1024,-1.604213,-5.192261,0
013403,华夏恒生科技ETF发起式联接(QDII)C,INDEX,2026-03-26,20,-4.159613,-6.949988,-15.609029,-3.615923,-0.142278,30.328798,-8.463877,-21.076504,65.0,0,2,0.0,0.0,6.949988,0.0,0.0,1025,-6.949988,1025,2.14484,-4.208393,1
013403,华夏恒生科技ETF发起式联接(QDII)C,INDEX,2026-03-27,20,-1.364426,-7.037643,-14.751286,-2.944497,-0.126392,30.299002,-7.632417,-21.076504,65.0,2,0,0.0,0.0,7.037643,0.0,0.0,1026,-7.037643,1026,2.364185,-4.208393,1
013403,华夏恒生科技ETF发起式联接(QDII)C,INDEX,2026-03-30,20,-0.204342,-6.047854,-16.33833,-4.335158,-0.169189,29.410465,-7.821163,-21.237778,65.0,0,2,0.0,0.0,6.047854,0.0,0.0,1027,-6.047854,1027,1.842846,-5.126371,0
013403,华夏恒生科技ETF发起式联接(QDII)C,INDEX,2026-03-31,20,-3.382004,-4.631683,-17.038148,-4.997975,-0.253982,28.467312,-8.67052,-21.963512,65.0,0,3,0.0,0.0,4.631683,0.0,0.0,1028,-4.631683,1028,4.572462,-5.126371,1
013403,华夏恒生科技ETF发起式联接(QDII)C,INDEX,2026-04-01,20,-3.34313,-2.096254,-15.374719,-3.044522,-0.316154,29.418114,-8.67052,-21.963512,60.0,2,0,0.0,0.0,2.096254,0.0,0.0,1029,-2.096254,1029,1.735715,-5.126371,0
013403,华夏恒生科技ETF发起式联接(QDII)C,INDEX,2026-04-02,20,-2.233157,-2.931229,-16.668459,-4.676381,-0.41613,29.905792,-8.67052,-21.963512,60.0,0,2,0.0,0.0,2.931229,0.0,0.0,1030,-2.931229,1030,5.471674,-5.126371,1
013403,华夏恒生科技ETF发起式联接(QDII)C,INDEX,2026-04-03,20,-2.477364,-5.530515,-17.927823,-4.335437,-0.467677,27.811548,-8.67052,-21.963512,60.0,2,0,0.0,0.0,5.530515,0.0,0.0,1031,-5.530515,1031,8.381689,-5.126371,1
013403,华夏恒生科技ETF发起式联接(QDII)C,INDEX,2026-04-07,20,-0.857435,-5.81155,-17.020137,-4.151536,-0.509433,27.765627,-8.67052,-21.963512,65.0,0,2,0.0,0.0,5.81155,0.0,0.0,1032,-5.81155,1032,8.080547,-5.126371,1
013403,华夏恒生科技ETF发起式联接(QDII)C,INDEX,2026-04-08,20,5.089124,-3.027414,-15.950413,0.819718,-0.440617,32.690665,-8.67052,-21.963512,65.0,2,0,0.0,0.0,3.027414,0.0,0.0,1033,-3.027414,1033,2.999017,-5.126371,1
013403,华夏恒生科技ETF发起式联接(QDII)C,INDEX,2026-04-09,20,1.000887,-4.777831,-18.777382,-0.967099,-0.399811,33.368017,-8.67052,-21.963512,65.0,0,2,0.0,0.0,4.777831,0.0,0.0,1034,-4.777831,1034,4.290015,-5.126371,1
013403,华夏恒生科技ETF发起式联接(QDII)C,INDEX,2026-04-10,20,3.703704,-3.552568,-16.923395,0.011823,-0.347566,33.547807,-8.67052,-21.963512,60.0,2,0,0.0,0.0,3.552568,0.0,0.0,1035,-3.552568,1035,3.832753,-5.126371,1
013403,华夏恒生科技ETF发起式联接(QDII)C,INDEX,2026-04-13,20,2.798195,-3.486683,-16.776281,-0.606559,-0.315136,33.529801,-8.67052,-21.963512,60.0,0,2,0.0,0.0,3.486683,0.0,0.0,1036,-3.486683,1036,4.290015,-5.126371,1
013403,华夏恒生科技ETF发起式联接(QDII)C,INDEX,2026-04-14,20,3.407771,-5.497228,-16.334204,0.170682,-0.227679,31.999854,-8.454535,-21.963512,60.0,2,0,0.0,0.0,5.497228,0.0,0.0,1037,-5.497228,1037,1.185869,-5.126371,0
013403,华夏恒生科技ETF发起式联接(QDII)C,INDEX,2026-04-15,20,-0.454769,-4.23318,-17.810026,1.498224,-0.119037,32.363413,-8.313595,-21.963512,55.0,3,0,0.0,0.0,4.23318,0.0,0.0,1038,-4.23318,1038,-1.691567,-5.270672,0
013403,华夏恒生科技ETF发起式联接(QDII)C,INDEX,2026-04-16,20,5.218264,-0.663193,-14.937633,5.156927,0.046046,35.016625,-6.384522,-21.963512,50.0,4,0,0.0,0.0,0.663193,0.0,0.0,1039,-0.663193,1039,-4.923701,-5.270672,0
013403,华夏恒生科技ETF发起式联接(QDII)C,INDEX,2026-04-17,20,3.509209,0.580411,-16.157645,4.247999,0.165198,34.328143,-5.192261,-21.472766,50.0,0,2,0.0,0.580411,0.0,0.0,0.0,1040,0.580411,1040,-3.847079,-5.270672,0
013403,华夏恒生科技ETF发起式联接(QDII)C,INDEX,2026-04-20,20,4.791771,3.62193,-14.694169,4.507953,0.248289,32.973564,-5.192261,-21.472766,45.0,2,0,0.0,3.62193,0.0,0.0,0.0,1041,3.62193,1041,-6.212593,-6.781678,0
013403,华夏恒生科技ETF发起式联接(QDII)C,INDEX,2026-04-21,20,4.081887,6.487867,-14.761807,3.977404,0.276625,30.967529,-5.192261,-21.472766,45.0,0,2,0.0,6.487867,0.0,0.0,0.0,1042,6.487867,1042,-4.161669,-6.781678,0
013403,华夏恒生科技ETF发起式联接(QDII)C,INDEX,2026-04-22,20,1.098901,2.183951,-15.246869,1.995565,0.305199,30.89694,-5.192261,-21.472766,50.0,0,3,0.0,2.183951,0.0,0.0,0.0,1043,2.183951,1043,-2.479238,-6.781678,0
013403,华夏恒生科技ETF发起式联接(QDII)C,INDEX,2026-04-23,20,-4.208393,-1.604213,-15.837436,0.17142,0.333934,30.914817,-4.208393,-21.472766,55.0,0,4,0.0,0.0,1.604213,0.0,0.0,1044,-1.604213,1044,0.833852,-6.781678,0
013403,华夏恒生科技ETF发起式联接(QDII)C,INDEX,2026-04-24,20,-2.668911,2.14484,-16.103627,0.825057,0.32815,29.084667,-4.208393,-21.472766,50.0,2,0,0.0,2.14484,0.0,0.0,0.0,1045,2.14484,1045,-0.778162,-6.781678,0
013403,华夏恒生科技ETF发起式联接(QDII)C,INDEX,2026-04-27,20,-2.561647,2.364185,-15.900403,1.254486,0.332087,29.114958,-4.208393,-21.472766,50.0,3,0,0.0,2.364185,0.0,0.0,0.0,1046,2.364185,1046,-1.719902,-6.781678,0
013403,华夏恒生科技ETF发起式联接(QDII)C,INDEX,2026-04-28,20,-4.557448,1.842846,-18.127572,-1.098013,0.273201,29.591147,-5.126371,-21.472766,50.0,0,2,0.0,1.842846,0.0,0.0,0.0,1047,1.842846,1047,0.301583,-6.781678,0
013403,华夏恒生科技ETF发起式联接(QDII)C,INDEX,2026-04-29,20,-1.123596,4.572462,-15.640304,0.396203,0.221805,29.866375,-5.126371,-21.472766,45.0,2,0,0.0,4.572462,0.0,0.0,0.0,1048,4.572462,1048,0.13587,-6.781678,0
013403,华夏恒生科技ETF发起式联接(QDII)C,INDEX,2026-04-30,20,-0.062228,1.735715,-16.735794,-0.506759,0.182127,29.375602,-5.126371,-21.472766,50.0,0,2,0.0,1.735715,0.0,0.0,0.0,1049,1.735715,1049,5.641345,-6.781678,1
013403,华夏恒生科技ETF发起式联接(QDII)C,INDEX,2026-05-06,20,0.951087,5.471674,-17.101126,0.99974,0.136864,29.025078,-5.126371,-20.741196,45.0,2,0,0.0,5.471674,0.0,0.0,0.0,1050,5.471674,1050,1.04001,-6.781678,0
013403,华夏恒生科技ETF发起式联接(QDII)C,INDEX,2026-05-07,20,3.255528,8.381689,-13.953726,3.451247,0.125822,30.389254,-5.126371,-18.974359,45.0,3,0,0.0,8.381689,0.0,0.0,0.0,1051,8.381689,1051,-3.224271,-6.781678,0
013403,华夏恒生科技ETF发起式联接(QDII)C,INDEX,2026-05-08,20,5.214878,8.080547,-12.370487,2.661877,0.095747,30.468554,-5.126371,-16.293653,45.0,0,2,0.0,8.080547,0.0,0.0,0.0,1052,8.080547,1052,-4.478681,-6.50358,0
013403,华夏恒生科技ETF发起式联接(QDII)C,INDEX,2026-05-11,20,3.507905,2.999017,-9.39561,2.594239,0.130951,25.121711,-5.126371,-15.480349,45.0,2,0,0.0,2.999017,0.0,0.0,0.0,1053,2.999017,1053,-6.968974,-8.09855,0
013403,华夏恒生科技ETF发起式联接(QDII)C,INDEX,2026-05-12,20,3.536737,4.290015,-9.01729,1.573572,0.118314,24.067284,-5.126371,-15.480349,45.0,0,2,0.0,4.290015,0.0,0.0,0.0,1054,4.290015,1054,-5.977869,-8.09855,0
013403,华夏恒生科技ETF发起式联接(QDII)C,INDEX,2026-05-13,20,2.092255,3.832753,-6.947697,1.748653,0.117028,23.976562,-5.126371,-15.480349,45.0,2,0,0.0,3.832753,0.0,0.0,0.0,1055,3.832753,1055,-7.22675,-8.746906,0
013403,华夏恒生科技ETF发起式联接(QDII)C,INDEX,2026-05-14,20,-1.082689,4.290015,-8.010622,1.171861,0.092575,23.785389,-5.126371,-15.480349,45.0,0,2,0.0,4.290015,0.0,0.0,0.0,1056,4.290015,1056,-8.142892,-9.972887,0
013403,华夏恒生科技ETF发起式联接(QDII)C,INDEX,2026-05-15,20,-3.188821,1.185869,-9.389671,-1.416245,0.033422,25.635409,-5.126371,-15.480349,50.0,0,3,0.0,1.185869,0.0,0.0,0.0,1057,1.185869,1057,-4.897607,-9.972887,0
013403,华夏恒生科技ETF发起式联接(QDII)C,INDEX,2026-05-18,20,-4.988067,-1.691567,-12.012377,-3.08681,-0.035564,26.133919,-5.270672,-15.480349,55.0,0,4,0.0,0.0,1.691567,0.0,0.0,1058,-1.691567,1058,-2.009545,-9.972887,0
013403,华夏恒生科技ETF发起式联接(QDII)C,INDEX,2026-05-19,20,-4.07746,-4.923701,-12.266227,-2.68397,-0.044379,22.36563,-5.270672,-15.480349,55.0,2,0,0.0,0.0,4.923701,0.0,0.0,1059,-4.923701,1059,-4.250784,-9.984675,0
013403,华夏恒生科技ETF发起式联接(QDII)C,INDEX,2026-05-20,20,-4.146692,-3.847079,-12.68559,-2.212387,-0.055111,22.326688,-5.270672,-14.20656,50.0,3,0,0.0,0.0,3.847079,0.0,0.0,1060,-3.847079,1060,-4.351088,-9.984675,0
013403,华夏恒生科技ETF发起式联接(QDII)C,INDEX,2026-05-21,20,-5.761366,-6.212593,-13.175975,-3.900405,-0.081653,23.125938,-6.781678,-13.400447,55.0,0,2,0.0,0.0,6.212593,0.0,0.0,1061,-6.212593,1061,-3.599234,-10.963103,0
013403,华夏恒生科技ETF发起式联接(QDII)C,INDEX,2026-05-22,20,-1.418702,-4.161669,-10.615213,-1.777977,-0.074369,24.529507,-6.781678,-11.95269,50.0,2,0,0.0,0.0,4.161669,0.0,0.0,1062,-4.161669,1062,-6.557377,-11.976895,0
013403,华夏恒生科技ETF发起式联接(QDII)C,INDEX,2026-05-25,20,0.288872,-2.479238,-9.189128,-1.729124,-0.090775,23.792149,-6.781678,-11.661342,50.0,0,2,0.0,0.0,2.479238,0.0,0.0,1063,-2.479238,1063,-9.430182,-14.747141,0
013403,华夏恒生科技ETF发起式联接(QDII)C,INDEX,2026-05-26,20,1.592476,0.833852,-7.553628,-0.330305,-0.112446,23.473628,-6.781678,-9.492635,45.0,2,0,0.0,0.833852,0.0,0.0,0.0,1064,0.833852,1064,-9.121205,-14.747141,0
013403,华夏恒生科技ETF发起式联接(QDII)C,INDEX,2026-05-27,20,0.437609,-0.778162,-5.693825,-1.140825,-0.135725,23.526246,-6.781678,-9.492635,50.0,0,2,0.0,0.0,0.778162,0.0,0.0,1065,-0.778162,1065,-9.660152,-14.747141,0
013403,华夏恒生科技ETF发起式联接(QDII)C,INDEX,2026-05-28,20,2.105935,-1.719902,-6.476502,-1.462057,-0.155179,23.462236,-6.781678,-8.67052,55.0,0,3,0.0,0.0,1.719902,0.0,0.0,1066,-1.719902,1066,-12.3625,-17.352352,0
013403,华夏恒生科技ETF发起式联接(QDII)C,INDEX,2026-05-29,20,-0.112627,0.301583,-4.027895,-1.698297,-0.210455,22.05072,-6.781678,-8.67052,55.0,0,4,0.0,0.301583,0.0,0.0,0.0,1067,0.301583,1067,-9.496367,-17.352352,0
013403,华夏恒生科技ETF发起式联接(QDII)C,INDEX,2026-06-01,20,1.527865,0.13587,-0.135501,-0.165631,-0.217357,21.885304,-6.781678,-8.67052,55.0,2,0,0.0,0.13587,0.0,0.0,0.0,1068,0.13587,1068,-9.399285,-17.352352,0
013403,华夏恒生科技ETF发起式联接(QDII)C,INDEX,2026-06-02,20,4.702543,5.641345,5.222029,4.174086,-0.170687,27.082215,-6.781678,-8.67052,50.0,3,0,0.0,5.641345,0.0,0.0,0.0,1069,5.641345,1069,-13.485795,-17.352352,0
013403,华夏恒生科技ETF发起式联接(QDII)C,INDEX,2026-06-03,20,2.800946,1.04001,3.44482,1.35811,-0.144657,28.38274,-6.781678,-8.67052,55.0,0,2,0.0,1.04001,0.0,0.0,0.0,1070,1.04001,1070,-11.516106,-15.100509,0
016874,广发远见智选混合C,MIXED,2023-02-09,20,-0.010048,0.0,0.0,0.259944,-0.016621,16.474052,-4.309831,-4.309831,45.0,2,0,0.0,0.0,0.0,0.0,0.0,20,0.0,20,-5.687871,-5.687871,0
016874,广发远见智选混合C,MIXED,2023-02-10,20,-0.493504,-1.2,0.0,-0.395193,-0.011234,16.222118,-4.309831,-4.309831,50.0,0,2,0.0,0.0,1.2,0.0,0.0,21,-1.2,21,-6.174089,-6.420351,0
016874,广发远见智选混合C,MIXED,2023-02-13,20,0.364779,-0.811136,0.0,-0.102369,-0.002647,16.254889,-4.309831,-4.309831,45.0,2,0,0.0,0.0,0.811136,0.0,0.0,22,-0.811136,22,-6.673397,-6.682818,0
016874,广发远见智选混合C,MIXED,2023-02-14,20,0.192172,-1.6286,0.0,-0.009589,0.020712,15.924576,-3.74588,-4.309831,45.0,3,0,0.0,0.0,1.6286,0.0,0.0,23,-1.6286,23,-8.005249,-8.005249,0
016874,广发远见智选混合C,MIXED,2023-02-15,20,-0.314179,-1.748077,0.0,-0.628397,0.027088,15.98139,-2.053263,-4.309831,45.0,0,2,0.0,0.0,1.748077,0.0,0.0,24,-1.748077,24,-6.771045,-7.350549,0
016874,广发远见智选混合C,MIXED,2023-02-16,20,-2.050045,-0.924985,0.0,-1.482264,-0.004339,15.10053,-2.685703,-4.309831,45.0,0,3,0.0,0.0,0.924985,0.0,0.0,25,-0.924985,25,-7.048323,-7.048323,0
016874,广发远见智选混合C,MIXED,2023-02-17,20,-2.297571,0.176422,0.0,-2.44075,-0.080199,13.596958,-3.624201,-4.309831,45.0,0,4,0.0,0.176422,0.0,0.0,0.0,26,0.176422,26,-6.215684,-6.486933,0
016874,广发远见智选混合C,MIXED,2023-02-20,20,-2.433115,-2.087133,0.0,-2.227798,-0.117511,10.199845,-3.624201,-4.309831,45.0,2,0,0.0,0.0,2.087133,0.0,0.0,27,-2.087133,27,-6.291391,-6.486933,0
016874,广发远见智选混合C,MIXED,2023-02-21,20,-2.442964,-2.087133,0.0,-2.125806,-0.151763,10.199845,-3.624201,-4.309831,45.0,0,0,0.0,0.0,2.087133,0.0,0.0,28,-2.087133,28,-5.329056,-6.486933,0
016874,广发远见智选混合C,MIXED,2023-02-22,20,-2.379016,-4.018393,0.0,-2.555359,-0.170645,8.769989,-4.133387,-4.647468,50.0,0,2,0.0,0.0,4.018393,0.0,0.0,29,-4.018393,29,-4.56155,-6.486933,0
016874,广发远见智选混合C,MIXED,2023-02-23,20,-0.677131,-2.113246,0.0,-1.649337,-0.190098,8.757957,-4.133387,-4.647468,45.0,2,0,0.0,0.0,2.113246,0.0,0.0,30,-2.113246,30,-5.268051,-6.486933,0
016874,广发远见智选混合C,MIXED,2023-02-24,20,-0.600849,-3.168836,0.0,-2.3673,-0.215955,9.104231,-4.203275,-4.716981,50.0,0,2,0.0,0.0,3.168836,0.0,0.0,31,-3.168836,31,-4.095883,-5.648775,0
016874,广发远见智选混合C,MIXED,2023-02-27,20,-0.972682,-3.906015,0.0,-2.42858,-0.232765,8.762917,-4.452875,-4.965243,55.0,0,3,0.0,0.0,3.906015,0.0,0.0,32,-3.906015,32,-3.657262,-5.402299,0
016874,广发远见智选混合C,MIXED,2023-02-28,20,-1.127897,-4.354354,0.0,-2.365005,-0.240912,8.557535,-4.602636,-5.114201,60.0,0,4,0.0,0.0,4.354354,0.0,0.0,33,-4.354354,33,-3.652538,-5.303347,0
016874,广发远见智选混合C,MIXED,2023-03-01,20,-0.541554,-4.652556,0.0,-2.183209,-0.238961,8.394778,-4.039389,-5.163853,65.0,0,5,0.0,0.0,4.652556,0.0,0.0,34,-4.652556,34,-3.382199,-5.303347,0
016874,广发远见智选混合C,MIXED,2023-03-02,20,-2.427435,-5.084405,0.0,-2.997068,-0.255487,8.82199,-5.074867,-6.196624,65.0,0,6,0.0,0.0,5.084405,0.0,0.0,35,-5.084405,35,-2.403134,-5.303347,0
016874,广发远见智选混合C,MIXED,2023-03-03,20,-1.136008,-4.461678,0.0,-2.364215,-0.262036,9.149435,-5.074867,-6.196624,60.0,2,0,0.0,0.0,4.461678,0.0,0.0,36,-4.461678,36,-2.192705,-5.303347,0
016874,广发远见智选混合C,MIXED,2023-03-06,20,-0.104493,-3.131016,0.0,-1.445839,-0.26043,9.694446,-5.074867,-6.196624,55.0,3,0,0.0,0.0,3.131016,0.0,0.0,37,-3.131016,37,-2.970711,-5.303347,0
016874,广发远见智选混合C,MIXED,2023-03-07,20,-0.868655,-4.197431,0.0,-2.143706,-0.264212,9.9687,-5.074867,-6.196624,60.0,0,2,0.0,0.0,4.197431,0.0,0.0,38,-4.197431,38,-3.557855,-4.423564,0
016874,广发远见智选混合C,MIXED,2023-03-08,20,-1.057592,-4.236343,0.0,-2.170087,-0.268225,9.969198,-5.074867,-6.196624,60.0,0,3,0.0,0.0,4.236343,0.0,0.0,39,-4.236343,39,-3.693513,-4.19092,0
016874,广发远见智选混合C,MIXED,2023-03-09,20,-0.645776,-5.687871,0.0,-2.547169,-0.261658,9.25293,-5.259439,-6.802383,65.0,0,4,0.0,0.0,5.687871,0.0,0.0,40,-5.687871,40,-2.812999,-3.53756,0
016874,广发远见智选混合C,MIXED,2023-03-10,20,-2.27704,-6.174089,0.0,-3.435488,-0.275037,9.729226,-6.420351,-7.944389,65.0,0,5,0.0,0.0,6.174089,0.0,0.0,41,-6.174089,41,-1.316073,-2.340885,0
016874,广发远见智选混合C,MIXED,2023-03-13,20,-3.305439,-6.673397,0.0,-3.373664,-0.278746,9.496642,-6.682818,-8.202582,70.0,0,6,0.0,0.0,6.673397,0.0,0.0,42,-6.673397,42,0.09736,-2.066205,0
016874,广发远见智选混合C,MIXED,2023-03-14,20,-3.790118,-8.005249,0.0,-4.346548,-0.29172,10.123407,-7.350549,-9.503476,75.0,0,7,0.0,0.0,8.005249,0.0,0.0,43,-8.005249,43,1.05344,-1.918517,0
016874,广发远见智选混合C,MIXED,2023-03-15,20,-2.952693,-6.771045,0.0,-3.410647,-0.295104,10.701192,-6.504566,-9.503476,70.0,2,0,0.0,0.0,6.771045,0.0,0.0,44,-6.771045,44,0.40349,-1.918517,0
016874,广发远见智选混合C,MIXED,2023-03-16,20,-3.462973,-7.048323,0.0,-4.222761,-0.319424,10.952854,-6.414627,-10.029791,70.0,0,2,0.0,0.0,7.048323,0.0,0.0,45,-7.048323,45,3.487859,-1.918517,1
016874,广发远见智选混合C,MIXED,2023-03-17,20,-2.340885,-6.215684,0.0,-3.99228,-0.349609,10.757212,-6.486933,-10.099305,70.0,0,3,0.0,0.0,6.215684,0.0,0.0,46,-6.215684,46,3.634154,-1.918517,1
016874,广发远见智选混合C,MIXED,2023-03-20,20,-2.033752,-6.291391,0.0,-3.649837,-0.368098,10.717908,-6.486933,-10.099305,70.0,2,0,0.0,0.0,6.291391,0.0,0.0,47,-6.291391,47,3.125,-1.918517,1
016874,广发远见智选混合C,MIXED,2023-03-21,20,0.39504,-5.329056,0.0,-2.392967,-0.362588,11.702085,-6.486933,-10.099305,70.0,3,0,0.0,0.0,5.329056,0.0,0.0,48,-5.329056,48,1.071155,-1.918517,0
016874,广发远见智选混合C,MIXED,2023-03-22,20,-0.065431,-4.56155,0.0,-2.003978,-0.356796,11.712958,-6.486933,-10.099305,65.0,4,0,0.0,0.0,4.56155,0.0,0.0,49,-4.56155,49,-0.196421,-2.515455,0
016874,广发远见智选混合C,MIXED,2023-03-23,20,1.225166,-5.268051,0.0,-1.660966,-0.329602,11.10668,-5.648775,-10.099305,65.0,5,0,0.0,0.0,5.268051,0.0,0.0,50,-5.268051,50,-1.722822,-3.933063,0
016874,广发远见智选混合C,MIXED,2023-03-24,20,1.645863,-4.095883,0.0,-1.120215,-0.30366,11.051009,-5.402299,-10.099305,60.0,6,0,0.0,0.0,4.095883,0.0,0.0,51,-4.095883,51,-1.923495,-3.933063,0
016874,广发远见智选混合C,MIXED,2023-03-27,20,1.810954,-3.657262,0.0,-0.740143,-0.272664,11.139729,-5.303347,-10.099305,55.0,7,0,0.0,0.0,3.657262,0.0,0.0,52,-3.657262,52,-3.991323,-5.649115,0
016874,广发远见智选混合C,MIXED,2023-03-28,20,0.623019,-3.652538,0.0,-0.704324,-0.240584,11.1399,-5.303347,-10.099305,55.0,0,2,0.0,0.0,3.652538,0.0,0.0,53,-3.652538,53,-0.467087,-5.649115,0
016874,广发远见智选混合C,MIXED,2023-03-29,20,0.687473,-3.382199,0.0,-0.304155,-0.200295,11.227837,-5.303347,-10.099305,50.0,2,0,0.0,0.0,3.382199,0.0,0.0,54,-3.382199,54,-0.43351,-5.649115,0
016874,广发远见智选混合C,MIXED,2023-03-30,20,0.523389,-2.403134,0.0,-0.268288,-0.173528,10.689961,-5.303347,-10.099305,50.0,0,2,0.0,0.0,2.403134,0.0,0.0,55,-2.403134,55,-0.206096,-5.649115,0
016874,广发远见智选混合C,MIXED,2023-03-31,20,0.825907,-2.192705,0.0,0.483029,-0.127015,10.862038,-5.303347,-10.099305,50.0,2,0,0.0,0.0,2.192705,0.0,0.0,56,-2.192705,56,0.582022,-5.649115,0
016874,广发远见智选混合C,MIXED,2023-04-03,20,0.607375,-2.970711,0.0,0.616106,-0.064674,10.352969,-4.423564,-10.099305,55.0,0,2,0.0,0.0,2.970711,0.0,0.0,57,-2.970711,57,-0.43122,-5.649115,0
016874,广发远见智选混合C,MIXED,2023-04-04,20,-0.771236,-3.557855,0.0,-0.731878,-0.034488,11.135019,-4.19092,-10.099305,55.0,0,3,0.0,0.0,3.557855,0.0,0.0,58,-3.557855,58,1.116585,-5.649115,0
016874,广发远见智选混合C,MIXED,2023-04-06,20,-1.376395,-3.693513,0.0,-0.924343,-0.008071,11.156867,-3.53756,-10.099305,55.0,0,4,0.0,0.0,3.693513,0.0,0.0,59,-3.693513,59,-0.252747,-5.649115,0
016874,广发远见智选混合C,MIXED,2023-04-07,20,-1.063022,-2.812999,0.0,-0.552787,0.016412,11.091539,-2.340885,-10.099305,50.0,2,0,0.0,0.0,2.812999,0.0,0.0,60,-2.812999,60,0.745532,-5.649115,0
016874,广发远见智选混合C,MIXED,2023-04-10,20,-1.401164,-1.316073,-8.52,-0.192022,0.029663,10.411254,-2.066205,-10.099305,45.0,3,0,0.0,0.0,1.316073,0.0,0.0,61,-1.316073,61,1.202449,-5.649115,0
016874,广发远见智选混合C,MIXED,2023-04-11,20,-0.247952,0.09736,-7.340276,0.948609,0.056789,11.220619,-1.918517,-10.099305,40.0,4,0,0.0,0.09736,0.0,0.0,0.0,62,0.09736,62,-0.918621,-5.649115,0
016874,广发远见智选混合C,MIXED,2023-04-12,20,0.810071,1.05344,-8.550149,0.415992,0.054316,10.074539,-1.918517,-9.614617,40.0,0,2,0.0,1.05344,0.0,0.0,0.0,63,1.05344,63,0.61896,-5.649115,0
016874,广发远见智选混合C,MIXED,2023-04-13,20,1.175824,0.40349,-8.031166,0.373936,0.059788,9.847265,-1.918517,-9.614617,45.0,0,3,0.0,0.40349,0.0,0.0,0.0,64,0.40349,64,1.08613,-5.649115,0
016874,广发远见智选混合C,MIXED,2023-04-14,20,2.795746,3.487859,-4.696076,2.040594,0.071927,10.70949,-1.918517,-9.614617,40.0,2,0,0.0,3.487859,0.0,0.0,0.0,65,3.487859,65,-1.90913,-5.649115,0
016874,广发远见智选混合C,MIXED,2023-04-17,20,2.557936,3.634154,-2.635949,1.923422,0.078586,10.677272,-1.918517,-9.614617,35.0,3,0,0.0,3.634154,0.0,0.0,0.0,66,3.634154,66,-2.440844,-5.649115,0
016874,广发远见智选混合C,MIXED,2023-04-18,20,0.929428,3.125,-5.379939,1.300561,0.073727,10.907444,-1.918517,-9.614617,40.0,0,2,0.0,3.125,0.0,0.0,0.0,67,3.125,67,-2.334297,-5.214691,0
016874,广发远见智选混合C,MIXED,2023-04-19,20,0.41264,1.071155,-6.312057,0.24935,0.06601,11.113458,-1.918517,-9.614617,45.0,0,3,0.0,1.071155,0.0,0.0,0.0,68,1.071155,68,0.291987,-4.271656,0
016874,广发远见智选混合C,MIXED,2023-04-20,20,-0.662539,-0.196421,-8.576569,-0.835945,0.043663,11.822944,-2.515455,-9.614617,50.0,0,4,0.0,0.0,0.196421,0.0,0.0,69,-0.196421,69,0.404548,-3.21452,0
016874,广发远见智选混合C,MIXED,2023-04-21,20,-3.871587,-1.722822,-8.867543,-2.194201,0.002203,12.880446,-3.933063,-10.013978,55.0,0,5,0.0,0.0,1.722822,0.0,0.0,70,-1.722822,70,1.89726,-2.732533,0
016874,广发远见智选混合C,MIXED,2023-04-24,20,-3.805159,-1.923495,-8.921183,-1.969836,-0.029573,12.811818,-3.933063,-10.013978,55.0,2,0,0.0,0.0,1.923495,0.0,0.0,71,-1.923495,71,1.440443,-2.732533,0
016874,广发远见智选混合C,MIXED,2023-04-25,20,-5.214691,-3.991323,-11.115574,-3.65642,-0.082382,14.287942,-5.649115,-11.621406,60.0,0,2,0.0,0.0,3.991323,0.0,0.0,72,-3.991323,72,3.547221,-2.732533,1
016874,广发远见智选混合C,MIXED,2023-04-26,20,-0.908403,-0.467087,-8.278278,-0.248209,-0.083178,19.443511,-5.649115,-11.621406,55.0,2,0,0.0,0.0,0.467087,0.0,0.0,73,-0.467087,73,-0.643894,-2.732533,0
016874,广发远见智选混合C,MIXED,2023-04-27,20,0.448283,-0.43351,-8.276757,0.034844,-0.075926,19.449518,-5.649115,-11.053055,55.0,3,0,0.0,0.0,0.43351,0.0,0.0,74,-0.43351,74,-1.240884,-2.775396,0
016874,广发远见智选混合C,MIXED,2023-04-28,20,2.074781,-0.206096,-7.55627,0.186761,-0.067362,19.455173,-5.649115,-11.044116,50.0,4,0,0.0,0.0,0.206096,0.0,0.0,75,-0.206096,75,-2.543478,-3.921989,0
016874,广发远见智选混合C,MIXED,2023-05-04,20,3.401662,0.582022,-6.01269,1.594352,-0.02779,20.000609,-5.649115,-11.044116,50.0,5,0,0.0,0.582022,0.0,0.0,0.0,76,0.582022,76,-4.629233,-4.629233,0
016874,广发远见智选混合C,MIXED,2023-05-05,20,4.338003,-0.43122,-6.414024,0.57113,-0.004397,20.355751,-5.649115,-11.044116,50.0,0,2,0.0,0.0,0.43122,0.0,0.0,77,-0.43122,77,-2.273712,-4.373053,0
016874,广发远见智选混合C,MIXED,2023-05-08,20,0.807596,1.116585,-6.574289,0.526193,-0.004427,19.563265,-5.649115,-11.044116,45.0,2,0,0.0,1.116585,0.0,0.0,0.0,78,1.116585,78,-2.663202,-4.373053,0
016874,广发远见智选混合C,MIXED,2023-05-09,20,-1.197344,-0.252747,-8.006486,-1.202721,-0.037023,20.533033,-5.649115,-11.044116,45.0,0,2,0.0,0.0,0.252747,0.0,0.0,79,-0.252747,79,-2.280489,-4.695391,0
016874,广发远见智选混合C,MIXED,2023-05-10,20,-0.119565,0.745532,-7.657522,-0.020673,-0.048201,20.989317,-5.649115,-10.640016,45.0,2,0,0.0,0.745532,0.0,0.0,0.0,80,0.745532,80,-3.972141,-5.189642,0
016874,广发远见智选混合C,MIXED,2023-05-11,20,-0.79297,1.202449,-6.295547,0.669827,-0.045114,21.123037,-5.649115,-10.640016,45.0,3,0,0.0,1.202449,0.0,0.0,0.0,81,1.202449,81,-5.00108,-5.501236,0
016874,广发远见智选混合C,MIXED,2023-05-12,20,-0.736249,-0.918621,-7.440687,-0.262724,-0.039826,21.026055,-5.649115,-10.640016,50.0,0,2,0.0,0.0,0.918621,0.0,0.0,82,-0.918621,82,-2.530541,-5.501236,0
016874,广发远见智选混合C,MIXED,2023-05-15,20,0.313955,0.61896,-6.460731,0.772159,-0.025447,21.312435,-5.649115,-10.004067,45.0,2,0,0.0,0.61896,0.0,0.0,0.0,83,0.61896,83,-3.162098,-5.501236,0
016874,广发远见智选混合C,MIXED,2023-05-16,20,2.533877,1.08613,-5.378203,1.163043,-0.005982,21.358436,-5.649115,-9.182313,40.0,3,0,0.0,1.08613,0.0,0.0,0.0,84,1.08613,84,-3.062211,-5.501236,0
016874,广发远见智选混合C,MIXED,2023-05-17,20,0.087061,-1.90913,-5.642762,0.064737,0.023781,20.712152,-5.649115,-8.563165,45.0,0,2,0.0,0.0,1.90913,0.0,0.0,85,-1.90913,85,-2.576927,-5.164977,0
016874,广发远见智选混合C,MIXED,2023-05-18,20,-1.134154,-2.440844,-5.179737,-0.289773,0.050734,20.748712,-5.214691,-8.563165,50.0,0,3,0.0,0.0,2.440844,0.0,0.0,86,-2.440844,86,-0.14203,-5.164977,0
016874,广发远见智选混合C,MIXED,2023-05-19,20,-0.512653,-2.334297,-5.618791,-0.520248,0.069114,20.728462,-4.271656,-8.563165,50.0,0,4,0.0,0.0,2.334297,0.0,0.0,87,-2.334297,87,1.162153,-5.164977,0
016874,广发远见智选混合C,MIXED,2023-05-22,20,0.086337,0.291987,-4.035596,1.133582,0.09899,21.381881,-3.21452,-8.563165,45.0,2,0,0.0,0.291987,0.0,0.0,0.0,88,0.291987,88,-0.345051,-5.164977,0
016874,广发远见智选混合C,MIXED,2023-05-23,20,-1.332331,0.404548,-4.363674,0.121022,0.096847,21.308582,-2.732533,-8.563165,45.0,0,2,0.0,0.404548,0.0,0.0,0.0,89,0.404548,89,0.794947,-4.235627,0
016874,广发远见智选混合C,MIXED,2023-05-24,20,-0.14135,1.89726,-5.133767,0.038669,0.07131,20.578425,-2.732533,-7.743616,40.0,2,0,0.0,1.89726,0.0,0.0,0.0,90,1.89726,90,-0.337544,-4.235627,0
016874,广发远见智选混合C,MIXED,2023-05-25,20,0.021851,1.440443,-4.585722,-0.347776,0.040586,20.631026,-2.732533,-7.502612,45.0,0,2,0.0,1.440443,0.0,0.0,0.0,91,1.440443,91,-0.305844,-4.047567,0
016874,广发远见智选混合C,MIXED,2023-05-26,20,0.493367,3.547221,-4.221526,-0.398255,-0.020205,19.236619,-2.732533,-7.405858,40.0,2,0,0.0,3.547221,0.0,0.0,0.0,92,3.547221,92,-0.04364,-4.047567,0
016874,广发远见智选混合C,MIXED,2023-05-29,20,-1.833082,-0.643894,-4.720042,-1.040251,-0.042335,14.863267,-2.732533,-7.405858,45.0,0,2,0.0,0.0,0.643894,0.0,0.0,93,-0.643894,93,1.329086,-3.394112,0
016874,广发远见智选混合C,MIXED,2023-05-30,20,-1.197866,-1.240884,-4.994764,-1.316076,-0.06423,14.861171,-2.775396,-7.405858,50.0,0,3,0.0,0.0,1.240884,0.0,0.0,94,-1.240884,94,1.741431,-3.064036,0
016874,广发远见智选混合C,MIXED,2023-05-31,20,-2.373693,-2.543478,-5.081516,-2.355619,-0.098752,15.356996,-3.921989,-7.405858,55.0,0,4,0.0,0.0,2.543478,0.0,0.0,95,-2.543478,95,4.082088,-2.559273,1
016874,广发远见智选混合C,MIXED,2023-06-01,20,-2.785363,-4.629233,-6.177525,-2.845852,-0.117205,14.333095,-4.373053,-7.405858,60.0,0,5,0.0,0.0,4.629233,0.0,0.0,96,-4.629233,96,5.382022,-2.559273,1
016874,广发远见智选混合C,MIXED,2023-06-02,20,-1.527384,-2.273712,-5.585774,-1.357347,-0.125376,15.136719,-4.373053,-6.545608,55.0,2,0,0.0,0.0,2.273712,0.0,0.0,97,-2.273712,97,4.21006,-2.559273,1
016874,广发远见智选混合C,MIXED,2023-06-05,20,-1.241213,-2.663202,-5.078125,-1.60759,-0.135435,15.160411,-4.373053,-6.318129,60.0,0,2,0.0,0.0,2.663202,0.0,0.0,98,-2.663202,98,3.670337,-2.179958,1
016874,广发远见智选混合C,MIXED,2023-06-06,20,-2.237408,-2.280489,-6.127633,-2.821677,-0.188053,14.673239,-4.695391,-5.679275,60.0,0,3,0.0,0.0,2.280489,0.0,0.0,99,-2.280489,99,5.050733,-1.393691,1
016874,广发远见智选混合C,MIXED,2023-06-07,20,-1.583761,-3.972141,-5.977624,-3.131964,-0.225383,13.837296,-5.189642,-5.947559,65.0,0,4,0.0,0.0,3.972141,0.0,0.0,100,-3.972141,100,4.408432,-2.051882,1
016874,广发远见智选混合C,MIXED,2023-06-08,20,-1.179775,-5.00108,-5.124056,-3.204327,-0.249533,13.377505,-5.501236,-6.256662,70.0,0,5,0.0,0.0,5.00108,0.0,0.0,101,-5.00108,101,5.230244,-2.051882,1
016874,广发远见智选混合C,MIXED,2023-06-09,20,-0.997119,-2.530541,-3.331891,-1.526797,-0.259248,14.607733,-5.501236,-6.256662,65.0,2,0,0.0,0.0,2.530541,0.0,0.0,102,-2.530541,102,4.431513,-2.051882,1
016874,广发远见智选混合C,MIXED,2023-06-12,20,-0.2002,-3.162098,-1.536267,-0.959172,-0.242314,14.073569,-5.501236,-6.256662,65.0,3,0,0.0,0.0,3.162098,0.0,0.0,103,-3.162098,103,3.811434,-2.051882,1
016874,广发远见智选混合C,MIXED,2023-06-13,20,1.713641,-3.062211,-1.613959,-0.261452,-0.205549,14.136746,-5.164977,-6.256662,65.0,4,0,0.0,0.0,3.062211,0.0,0.0,104,-3.062211,104,2.892928,-2.051882,1
016874,广发远见智选混合C,MIXED,2023-06-14,20,1.541251,-2.576927,-1.103753,-0.816932,-0.19291,13.762678,-5.164977,-6.256662,65.0,0,2,0.0,0.0,2.576927,0.0,0.0,105,-2.576927,105,2.064732,-2.774825,1
016874,广发远见智选混合C,MIXED,2023-06-15,20,3.922683,-0.14203,0.961007,1.182865,-0.155293,15.626021,-5.164977,-6.256662,60.0,2,0,0.0,0.0,0.14203,0.0,0.0,106,-0.14203,106,-0.984683,-3.784818,0
016874,广发远见智选混合C,MIXED,2023-06-16,20,3.256491,1.162153,1.888251,2.086088,-0.109216,15.922696,-5.164977,-6.256662,55.0,3,0,0.0,1.162153,0.0,0.0,0.0,107,1.162153,107,-1.918283,-3.784818,0
016874,广发远见智选混合C,MIXED,2023-06-19,20,2.997883,-0.345051,1.016505,2.270149,-0.035901,14.749714,-4.235627,-6.256662,55.0,4,0,0.0,0.0,0.345051,0.0,0.0,108,-0.345051,108,-3.083748,-4.773549,0
016874,广发远见智选混合C,MIXED,2023-06-20,20,2.59366,0.794947,1.003928,2.383718,0.024268,14.305031,-4.235627,-6.256662,50.0,5,0,0.0,0.794947,0.0,0.0,0.0,109,0.794947,109,-4.786085,-6.304486,0
016874,广发远见智选混合C,MIXED,2023-06-21,20,2.154018,-0.337544,-0.196271,1.261762,0.06712,14.883335,-4.047567,-6.256662,55.0,0,2,0.0,0.0,0.337544,0.0,0.0,110,-0.337544,110,-4.512182,-7.080587,0
016874,广发远见智选混合C,MIXED,2023-06-26,20,-0.142232,-0.305844,-0.81504,0.989759,0.101323,14.875196,-4.047567,-6.256662,55.0,0,3,0.0,0.0,0.305844,0.0,0.0,111,-0.305844,111,-4.251123,-7.091218,0
016874,广发远见智选混合C,MIXED,2023-06-27,20,-0.704454,-0.04364,-0.629067,1.379276,0.14344,14.935272,-3.394112,-6.256662,55.0,2,0,0.0,0.0,0.04364,0.0,0.0,112,-0.04364,112,-4.060249,-7.091218,0
016874,广发远见智选混合C,MIXED,2023-06-28,20,-0.183943,1.329086,0.206387,2.008094,0.184623,14.898278,-3.064036,-6.256662,50.0,3,0,0.0,1.329086,0.0,0.0,0.0,113,1.329086,113,-5.626016,-7.442058,0
016874,广发远见智选混合C,MIXED,2023-06-29,20,-0.270095,1.741431,0.043351,1.98535,0.219235,14.819332,-2.559273,-6.256662,45.0,4,0,0.0,1.741431,0.0,0.0,0.0,114,1.741431,114,-5.904019,-7.654688,0
016874,广发远见智选混合C,MIXED,2023-06-30,20,1.955643,4.082088,1.225729,2.893182,0.248156,14.427734,-2.559273,-6.256662,40.0,5,0,0.0,4.082088,0.0,0.0,0.0,115,4.082088,115,-6.161595,-7.654688,0
016874,广发远见智选混合C,MIXED,2023-07-03,20,2.761039,5.382022,1.088597,3.139038,0.26666,14.021543,-2.559273,-6.256662,35.0,6,0,0.0,5.382022,0.0,0.0,0.0,116,5.382022,116,-6.205352,-7.654688,0
016874,广发远见智选混合C,MIXED,2023-07-04,20,2.663174,4.21006,1.401466,3.220284,0.303382,13.350601,-2.179958,-6.256662,35.0,7,0,0.0,4.21006,0.0,0.0,0.0,117,4.21006,117,-7.027429,-7.654688,0
016874,广发远见智选混合C,MIXED,2023-07-05,20,1.04065,3.670337,2.036125,2.102628,0.31443,13.775682,-1.393691,-6.256662,35.0,0,2,0.0,3.670337,0.0,0.0,0.0,118,3.670337,118,-6.844759,-6.954565,0
016874,广发远见智选混合C,MIXED,2023-07-06,20,0.942476,5.050733,2.395604,1.81993,0.298461,12.578044,-1.393691,-6.256662,35.0,0,3,0.0,5.050733,0.0,0.0,0.0,119,5.050733,119,-6.94355,-7.083155,0
016874,广发远见智选混合C,MIXED,2023-07-07,20,-1.275182,4.408432,1.008661,0.459061,0.251039,13.238733,-2.051882,-6.256662,35.0,0,4,0.0,4.408432,0.0,0.0,0.0,120,4.408432,120,-5.318572,-7.083155,0
016874,广发远见智选混合C,MIXED,2023-07-10,20,-1.322103,5.230244,1.169655,0.664571,0.198922,13.100286,-2.051882,-6.256662,30.0,2,0,0.0,5.230244,0.0,0.0,0.0,121,5.230244,121,-6.299298,-7.083155,0
016874,广发远见智选混合C,MIXED,2023-07-11,20,-0.786732,4.431513,0.853777,1.283958,0.175711,12.312678,-2.051882,-6.256662,30.0,3,0,0.0,4.431513,0.0,0.0,0.0,122,4.431513,122,-7.726104,-7.726104,0
016874,广发远见智选混合C,MIXED,2023-07-12,20,-0.064371,3.811434,1.151048,0.912164,0.14989,12.369734,-2.051882,-6.256662,35.0,0,2,0.0,3.811434,0.0,0.0,0.0,123,3.811434,123,-8.094471,-8.094471,0
016874,广发远见智选混合C,MIXED,2023-07-13,20,-0.375617,2.892928,0.825459,0.423525,0.122081,12.433067,-2.051882,-6.256662,40.0,0,3,0.0,2.892928,0.0,0.0,0.0,124,2.892928,124,-7.637617,-7.777658,0
016874,广发远见智选混合C,MIXED,2023-07-14,20,-0.738087,2.064732,-2.463737,-1.168257,0.058261,13.427288,-2.774825,-6.256662,40.0,0,4,0.0,2.064732,0.0,0.0,0.0,125,2.064732,125,-7.731001,-7.731001,0
016874,广发远见智选混合C,MIXED,2023-07-17,20,-2.215019,-0.984683,-3.538691,-2.147352,0.007609,11.977375,-3.784818,-5.825035,45.0,0,5,0.0,0.0,0.984683,0.0,0.0,126,-0.984683,126,-7.049724,-7.049724,0
016874,广发远见智选混合C,MIXED,2023-07-18,20,-3.02186,-1.918283,-3.09455,-2.053627,-0.02678,11.3868,-3.784818,-5.754393,45.0,0,0,0.0,0.0,1.918283,0.0,0.0,127,-1.918283,127,-7.856354,-7.856354,0
016874,广发远见智选混合C,MIXED,2023-07-19,20,-3.843264,-3.083748,-3.136152,-2.910411,-0.070221,11.806636,-4.773549,-5.754393,50.0,0,2,0.0,0.0,3.083748,0.0,0.0,128,-3.083748,128,-7.803952,-7.803952,0
016874,广发远见智选混合C,MIXED,2023-07-20,20,-5.063018,-4.786085,-3.640936,-4.24139,-0.129186,12.811748,-6.304486,-6.304486,55.0,0,3,0.0,0.0,4.786085,0.0,0.0,129,-4.786085,129,-5.537274,-6.297515,0
016874,广发远见智选混合C,MIXED,2023-07-21,20,-4.42865,-4.512182,-3.028958,-4.821022,-0.210219,12.59318,-7.080587,-7.080587,55.0,0,4,0.0,0.0,4.512182,0.0,0.0,130,-4.512182,130,-6.144165,-6.752302,0
016874,广发远见智选混合C,MIXED,2023-07-24,20,-3.436464,-4.251123,-3.168975,-4.630428,-0.289435,12.61413,-7.091218,-7.091218,55.0,0,5,0.0,0.0,4.251123,0.0,0.0,131,-4.251123,131,-7.849868,-8.457429,0
016874,广发远见智选混合C,MIXED,2023-07-25,20,-2.872928,-4.060249,-0.700407,-3.878749,-0.348565,12.759005,-7.091218,-7.091218,55.0,2,0,0.0,0.0,4.060249,0.0,0.0,132,-4.060249,132,-7.838453,-8.457429,0
016874,广发远见智选混合C,MIXED,2023-07-26,20,-2.802278,-5.626016,-4.98745,-4.526388,-0.40438,12.567909,-7.442058,-7.442058,60.0,0,2,0.0,0.0,5.626016,0.0,0.0,133,-5.626016,133,-8.683666,-9.628282,0
016874,广发远见智选混合C,MIXED,2023-07-27,20,-1.441053,-5.904019,-5.453358,-4.46021,-0.454097,12.502055,-7.654688,-7.654688,65.0,0,3,0.0,0.0,5.904019,0.0,0.0,134,-5.904019,134,-7.253051,-9.628282,0
016874,广发远见智选混合C,MIXED,2023-07-28,20,0.194508,-6.161595,-4.815217,-3.3737,-0.466364,12.125431,-7.654688,-7.654688,65.0,2,0,0.0,0.0,6.161595,0.0,0.0,135,-6.161595,135,-9.11271,-9.628282,0
016874,广发远见智选混合C,MIXED,2023-07-31,20,0.663691,-6.205352,-5.732962,-2.61965,-0.454616,12.084553,-7.654688,-7.654688,65.0,3,0,0.0,0.0,6.205352,0.0,0.0,136,-6.205352,136,-9.59418,-9.628282,0
016874,广发远见智选混合C,MIXED,2023-08-01,20,-0.511945,-7.027429,-5.316154,-2.839811,-0.43678,11.902397,-6.922417,-7.654688,70.0,0,2,0.0,0.0,7.027429,0.0,0.0,137,-7.027429,137,-6.666667,-9.090909,0
016874,广发远见智选混合C,MIXED,2023-08-02,20,-0.264186,-6.844759,-5.997618,-3.185523,-0.432515,11.804315,-6.954565,-7.686583,70.0,0,3,0.0,0.0,6.844759,0.0,0.0,138,-6.844759,138,-6.115398,-8.86163,0
016874,广发远见智选混合C,MIXED,2023-08-03,20,-0.172692,-6.94355,-4.472843,-2.969333,-0.419954,11.772264,-7.083155,-7.814161,70.0,0,4,0.0,0.0,6.94355,0.0,0.0,139,-6.94355,139,-6.815823,-8.86163,0
016874,广发远见智选混合C,MIXED,2023-08-04,20,-0.388261,-5.318572,-5.071281,-2.119089,-0.406294,11.868764,-7.083155,-7.814161,65.0,2,0,0.0,0.0,5.318572,0.0,0.0,140,-5.318572,140,-7.66938,-8.86163,0
016874,广发远见智选混合C,MIXED,2023-08-07,20,-1.420939,-6.299298,-6.329661,-2.372027,-0.385204,11.596044,-7.083155,-7.814161,70.0,0,2,0.0,0.0,6.299298,0.0,0.0,141,-6.299298,141,-6.619004,-8.325646,0
016874,广发远见智选混合C,MIXED,2023-08-08,20,-1.532304,-7.726104,-6.07548,-2.66372,-0.350458,10.824134,-7.557703,-8.452052,75.0,0,3,0.0,0.0,7.726104,0.0,0.0,142,-7.726104,142,-6.108466,-7.676228,0
016874,广发远见智选混合C,MIXED,2023-08-09,20,-1.405044,-8.094471,-7.608461,-2.814751,-0.314333,10.810663,-7.777658,-8.983627,75.0,0,4,0.0,0.0,8.094471,0.0,0.0,143,-8.094471,143,-5.45497,-7.277817,0
016874,广发远见智选混合C,MIXED,2023-08-10,20,-1.118671,-7.637617,-7.875792,-2.273893,-0.268546,10.997887,-6.386003,-8.983627,70.0,2,0,0.0,0.0,7.637617,0.0,0.0,144,-7.637617,144,-7.406111,-7.406111,0
016874,广发远见智选混合C,MIXED,2023-08-11,20,-3.267225,-7.731001,-8.252691,-3.434938,-0.257354,11.133946,-6.762431,-10.291303,70.0,0,2,0.0,0.0,7.731001,0.0,0.0,145,-7.731001,145,-5.617445,-5.913724,0
016874,广发远见智选混合C,MIXED,2023-08-14,20,-2.998155,-7.049724,-8.095706,-3.379756,-0.255257,10.876292,-7.049724,-10.567723,70.0,0,3,0.0,0.0,7.049724,0.0,0.0,146,-7.049724,146,-4.683785,-5.62292,0
016874,广发远见智选混合C,MIXED,2023-08-15,20,-3.15875,-7.856354,-8.573621,-3.825527,-0.254214,10.928641,-6.899632,-11.343823,75.0,0,4,0.0,0.0,7.856354,0.0,0.0,147,-7.856354,147,-3.933325,-4.796738,0
016874,广发远见智选混合C,MIXED,2023-08-16,20,-3.539306,-7.803952,-10.955359,-4.374258,-0.271167,10.887931,-6.297515,-12.204976,75.0,0,5,0.0,0.0,7.803952,0.0,0.0,148,-7.803952,148,-4.093001,-4.864865,0
016874,广发远见智选混合C,MIXED,2023-08-17,20,-2.904129,-5.537274,-9.343352,-3.325263,-0.290987,10.723287,-6.127089,-12.204976,70.0,2,0,0.0,0.0,5.537274,0.0,0.0,149,-5.537274,149,-5.489489,-5.489489,0
016874,广发远见智选混合C,MIXED,2023-08-18,20,-2.78502,-6.144165,-10.68162,-4.444056,-0.336189,11.372473,-6.752302,-12.789709,70.0,0,2,0.0,0.0,6.144165,0.0,0.0,150,-6.144165,150,-4.827502,-4.827502,0
016874,广发远见智选混合C,MIXED,2023-08-21,20,-4.267713,-7.849868,-12.037138,-5.815069,-0.39781,12.504,-8.457429,-14.384435,70.0,0,3,0.0,0.0,7.849868,0.0,0.0,151,-7.849868,151,-2.781572,-4.349424,0
016874,广发远见智选混合C,MIXED,2023-08-22,20,-2.854059,-7.838453,-11.619027,-4.870387,-0.430313,12.517137,-8.457429,-14.384435,70.0,2,0,0.0,0.0,7.838453,0.0,0.0,152,-7.838453,152,-3.839032,-4.557706,0
016874,广发远见智选混合C,MIXED,2023-08-23,20,-3.729717,-8.683666,-12.675747,-6.227331,-0.49213,13.429741,-9.628282,-15.479481,70.0,0,2,0.0,0.0,8.683666,0.0,0.0,153,-8.683666,153,-2.955975,-5.476599,0
016874,广发远见智选混合C,MIXED,2023-08-24,20,-3.231231,-7.253051,-11.209082,-4.622652,-0.526439,14.841314,-9.628282,-15.479481,65.0,2,0,0.0,0.0,7.253051,0.0,0.0,154,-7.253051,154,-5.436941,-6.665033,0
016874,广发远见智选混合C,MIXED,2023-08-25,20,-2.974522,-9.11271,-11.231318,-5.323825,-0.553444,14.422045,-9.628282,-15.479481,70.0,0,2,0.0,0.0,9.11271,0.0,0.0,155,-9.11271,155,-2.349541,-6.665033,0
016874,广发远见智选混合C,MIXED,2023-08-28,20,-1.241773,-9.59418,-10.640449,-4.917896,-0.559994,14.086986,-9.090909,-15.479481,75.0,0,3,0.0,0.0,9.59418,0.0,0.0,156,-9.59418,156,-2.615365,-6.665033,0
016874,广发远见智选混合C,MIXED,2023-08-29,20,0.752993,-6.666667,-9.572347,-2.077935,-0.524526,17.921133,-8.86163,-15.479481,70.0,2,0,0.0,0.0,6.666667,0.0,0.0,157,-6.666667,157,-5.86866,-6.665033,0
016874,广发远见智选混合C,MIXED,2023-08-30,20,2.540881,-6.115398,-9.331554,-1.885385,-0.491607,17.881124,-8.86163,-15.479481,70.0,0,2,0.0,0.0,6.115398,0.0,0.0,158,-6.115398,158,-5.458783,-6.55054,0
016874,广发远见智选混合C,MIXED,2023-08-31,20,0.297915,-6.815823,-8.906426,-2.404851,-0.46371,17.982009,-8.86163,-15.479481,70.0,0,3,0.0,0.0,6.815823,0.0,0.0,159,-6.815823,159,-4.70297,-5.927389,0
016874,广发远见智选混合C,MIXED,2023-09-01,20,1.193617,-7.66938,-8.726201,-2.324256,-0.419588,17.63318,-8.325646,-15.479481,75.0,0,4,0.0,0.0,7.66938,0.0,0.0,160,-7.66938,160,-4.718152,-5.927389,0
016874,广发远见智选混合C,MIXED,2023-09-04,20,1.823211,-6.619004,-7.924957,-1.447617,-0.364797,17.924169,-7.676228,-15.479481,70.0,2,0,0.0,0.0,6.619004,0.0,0.0,161,-6.619004,161,-5.853297,-5.927389,0
016874,广发远见智选混合C,MIXED,2023-09-05,20,-0.943396,-6.108466,-9.523277,-1.289885,-0.31302,17.880023,-7.277817,-15.479481,70.0,0,2,0.0,0.0,6.108466,0.0,0.0,162,-6.108466,162,-5.528757,-5.880899,0
016874,广发远见智选混合C,MIXED,2023-09-06,20,-0.711482,-5.45497,-9.796055,-0.897481,-0.259222,17.90909,-7.277817,-15.479481,65.0,2,0,0.0,0.0,5.45497,0.0,0.0,163,-5.45497,163,-5.1149,-5.880899,0
016874,广发远见智选混合C,MIXED,2023-09-07,20,-1.74505,-7.406111,-12.00399,-2.41594,-0.22139,18.740624,-5.913724,-15.596428,70.0,0,2,0.0,0.0,7.406111,0.0,0.0,164,-7.406111,164,-4.459,-5.400349,0
016874,广发远见智选混合C,MIXED,2023-09-08,20,-1.117457,-5.617445,-11.116071,-1.822642,-0.193377,18.324588,-5.62292,-15.596428,65.0,2,0,0.0,0.0,5.617445,0.0,0.0,165,-5.617445,165,-5.273732,-5.911699,0
016874,广发远见智选混合C,MIXED,2023-09-11,20,-0.987898,-4.683785,-12.275711,-0.91632,-0.15185,18.637859,-4.796738,-15.596428,60.0,3,0,0.0,0.0,4.683785,0.0,0.0,166,-4.683785,166,-5.774507,-5.911699,0
016874,广发远见智选混合C,MIXED,2023-09-12,20,-0.915275,-3.933325,-13.178715,-0.801783,-0.118251,18.49062,-4.636637,-15.596428,60.0,0,2,0.0,0.0,3.933325,0.0,0.0,167,-3.933325,167,-6.640869,-6.640869,0
016874,广发远见智选混合C,MIXED,2023-09-13,20,-2.149741,-4.093001,-14.304263,-1.722951,-0.1104,18.591353,-4.864865,-15.798427,60.0,0,3,0.0,0.0,4.093001,0.0,0.0,168,-4.093001,168,-6.515152,-6.515152,0
016874,广发远见智选混合C,MIXED,2023-09-14,20,-0.894319,-5.489489,-14.995678,-2.090592,-0.092348,18.257108,-4.083872,-16.351265,65.0,0,4,0.0,0.0,5.489489,0.0,0.0,169,-5.489489,169,-6.532791,-6.532791,0
016874,广发远见智选混合C,MIXED,2023-09-15,20,-1.971371,-4.827502,-14.705561,-2.609715,-0.100492,17.819666,-4.349424,-16.999787,65.0,0,5,0.0,0.0,4.827502,0.0,0.0,170,-4.827502,170,-6.455745,-6.71861,0
016874,广发远见智选混合C,MIXED,2023-09-18,20,-2.357196,-2.781572,-14.22154,-2.198626,-0.126782,16.875691,-4.349424,-16.999787,60.0,2,0,0.0,0.0,2.781572,0.0,0.0,171,-2.781572,171,-6.207689,-6.71861,0
016874,广发远见智选混合C,MIXED,2023-09-19,20,-2.758707,-3.839032,-14.974896,-2.496417,-0.1465,16.692469,-4.557706,-17.180523,65.0,0,2,0.0,0.0,3.839032,0.0,0.0,172,-3.839032,172,-5.147625,-6.251605,0
016874,广发远见智选混合C,MIXED,2023-09-20,20,-2.588384,-2.955975,-16.368564,-3.292929,-0.203669,15.775363,-5.476599,-17.977886,65.0,0,3,0.0,0.0,2.955975,0.0,0.0,173,-2.955975,173,-3.797797,-6.034483,0
016874,广发远见智选混合C,MIXED,2023-09-21,20,-3.177428,-5.436941,-17.47373,-4.245959,-0.253279,15.225554,-6.665033,-19.009143,70.0,0,4,0.0,0.0,5.436941,0.0,0.0,174,-5.436941,174,-1.92964,-6.034483,0
016874,广发远见智选混合C,MIXED,2023-09-22,20,-0.448316,-2.349541,-16.716674,-2.19532,-0.285984,16.834502,-6.665033,-19.009143,65.0,2,0,0.0,0.0,2.349541,0.0,0.0,175,-2.349541,175,-2.251673,-6.034483,0
016874,广发远见智选混合C,MIXED,2023-09-25,20,-1.072934,-2.615365,-17.4219,-2.407369,-0.321319,16.854013,-6.665033,-19.009143,65.0,0,2,0.0,0.0,2.615365,0.0,0.0,176,-2.615365,176,-3.602324,-5.706908,0
016874,广发远见智选混合C,MIXED,2023-09-26,20,-1.373556,-5.86866,-18.318095,-2.895565,-0.32289,13.476176,-6.55054,-18.36691,70.0,0,3,0.0,0.0,5.86866,0.0,0.0,177,-5.86866,177,-3.058701,-5.241988,0
016874,广发远见智选混合C,MIXED,2023-09-27,20,-0.103694,-5.458783,-17.315739,-2.317535,-0.312927,13.638944,-5.927389,-18.36691,65.0,2,0,0.0,0.0,5.458783,0.0,0.0,178,-5.458783,178,-4.048268,-5.241988,0
016874,广发远见智选混合C,MIXED,2023-09-28,20,1.076398,-4.70297,-17.364241,-2.170668,-0.309995,13.460503,-5.927389,-18.36691,65.0,0,2,0.0,0.0,4.70297,0.0,0.0,179,-4.70297,179,-2.779221,-5.155844,0
016874,广发远见智选混合C,MIXED,2023-10-09,20,-1.260937,-4.718152,-16.704656,-2.265071,-0.30973,13.461945,-5.927389,-18.36691,65.0,0,3,0.0,0.0,4.718152,0.0,0.0,180,-4.718152,180,-0.234558,-4.908854,0
016874,广发远见智选混合C,MIXED,2023-10-10,20,-1.562298,-5.853297,-17.622907,-2.607896,-0.3026,13.205439,-5.880899,-18.36691,70.0,0,4,0.0,0.0,5.853297,0.0,0.0,181,-5.853297,181,1.023085,-4.908854,0
016874,广发远见智选混合C,MIXED,2023-10-11,20,-0.585709,-5.528757,-18.152593,-2.149684,-0.286311,13.309005,-5.880899,-18.217928,65.0,2,0,0.0,0.0,5.528757,0.0,0.0,182,-5.528757,182,0.549882,-4.908854,0
016874,广发远见智选混合C,MIXED,2023-10-12,20,-0.350331,-5.1149,-17.552335,-1.350015,-0.251705,13.568819,-4.988775,-17.936012,65.0,3,0,0.0,0.0,5.1149,0.0,0.0,183,-5.1149,183,-0.052083,-4.908854,0
016874,广发远见智选混合C,MIXED,2023-10-13,20,-1.493506,-4.459,-18.291501,-2.348276,-0.257796,12.653701,-5.400349,-17.058502,65.0,0,2,0.0,0.0,4.459,0.0,0.0,184,-4.459,184,0.026368,-3.717864,0
016874,广发远见智选混合C,MIXED,2023-10-16,20,-1.694032,-5.273732,-17.506834,-2.612827,-0.259621,12.533545,-5.911699,-16.640884,70.0,0,3,0.0,0.0,5.273732,0.0,0.0,185,-5.273732,185,1.086957,-3.335539,0
016874,广发远见智选混合C,MIXED,2023-10-17,20,-0.905037,-5.774507,-16.519337,-2.178487,-0.240276,12.137065,-5.829484,-16.640884,70.0,2,0,0.0,0.0,5.774507,0.0,0.0,186,-5.774507,186,1.058901,-3.335539,0
016874,广发远见智选混合C,MIXED,2023-10-18,20,-2.081697,-6.640869,-17.359116,-2.827854,-0.227411,12.365287,-5.568182,-16.501061,70.0,0,2,0.0,0.0,6.640869,0.0,0.0,187,-6.640869,187,2.821233,-2.658944,1
016874,广发远见智选混合C,MIXED,2023-10-19,20,-3.59375,-6.515152,-17.338395,-3.478754,-0.236703,12.26023,-5.897306,-15.987745,70.0,0,3,0.0,0.0,6.515152,0.0,0.0,188,-6.515152,188,3.484603,-2.658944,1
016874,广发远见智选混合C,MIXED,2023-10-20,20,-3.045485,-6.532791,-16.555089,-3.808297,-0.255988,12.266961,-6.067186,-16.403319,70.0,0,4,0.0,0.0,6.532791,0.0,0.0,189,-6.532791,189,4.337775,-2.658944,1
016874,广发远见智选混合C,MIXED,2023-10-23,20,-3.194592,-6.455745,-16.441648,-4.159476,-0.287443,12.231355,-6.71861,-16.983062,70.0,0,5,0.0,0.0,6.455745,0.0,0.0,190,-6.455745,190,5.92907,-2.658944,1
016874,广发远见智选混合C,MIXED,2023-10-24,20,-2.806089,-6.207689,-15.974368,-3.326246,-0.296994,12.442461,-6.251605,-16.983062,70.0,2,0,0.0,0.0,6.207689,0.0,0.0,191,-6.207689,191,4.2898,-2.658944,1
016874,广发远见智选混合C,MIXED,2023-10-25,20,-1.203369,-5.147625,-15.938567,-2.463171,-0.296242,12.858725,-6.034483,-16.983062,65.0,3,0,0.0,0.0,5.147625,0.0,0.0,192,-5.147625,192,2.165381,-2.658944,1
016874,广发远见智选混合C,MIXED,2023-10-26,20,0.243112,-3.797797,-14.748449,-1.837732,-0.296726,12.811348,-6.034483,-16.983062,60.0,4,0,0.0,0.0,3.797797,0.0,0.0,193,-3.797797,193,2.977634,-2.658944,1
016874,广发远见智选混合C,MIXED,2023-10-27,20,1.590971,-1.92964,-13.988027,-1.093518,-0.302102,12.497496,-6.034483,-16.983062,55.0,5,0,0.0,0.0,1.92964,0.0,0.0,194,-1.92964,194,1.097577,-2.658944,0
016874,广发远见智选混合C,MIXED,2023-10-30,20,4.025743,-2.251673,-13.246546,0.6912,-0.248529,11.781254,-5.706908,-16.983062,55.0,6,0,0.0,0.0,2.251673,0.0,0.0,195,-2.251673,195,-0.72397,-2.658944,0
016874,广发远见智选混合C,MIXED,2023-10-31,20,1.675065,-3.602324,-15.130158,-0.861783,-0.221983,13.088759,-5.241988,-16.489423,55.0,0,2,0.0,0.0,3.602324,0.0,0.0,196,-3.602324,196,1.218859,-2.507756,0
016874,广发远见智选混合C,MIXED,2023-11-01,20,0.798484,-3.058701,-14.831332,-0.946251,-0.20614,12.88609,-5.241988,-16.278803,55.0,0,3,0.0,0.0,3.058701,0.0,0.0,197,-3.058701,197,0.778733,-2.973113,0
016874,广发远见智选混合C,MIXED,2023-11-02,20,-0.363783,-4.048268,-14.833583,-1.446649,-0.190677,12.909195,-5.155844,-16.278803,60.0,0,4,0.0,0.0,4.048268,0.0,0.0,198,-4.048268,198,1.473969,-2.998966,0
016874,广发远见智选混合C,MIXED,2023-11-03,20,0.200776,-2.779221,-13.666244,-0.09142,-0.152898,13.877644,-4.908854,-16.278803,55.0,2,0,0.0,0.0,2.779221,0.0,0.0,199,-2.779221,199,0.08015,-3.154085,0
016874,广发远见智选混合C,MIXED,2023-11-06,20,0.776622,-0.234558,-12.23203,2.189684,-0.083629,16.262107,-4.908854,-15.786439,50.0,3,0,0.0,0.0,0.234558,0.0,0.0,200,-0.234558,200,-2.573145,-3.580662,0
016874,广发远见智选混合C,MIXED,2023-11-07,20,3.160997,1.023085,-11.185424,2.750188,-0.015738,16.211061,-4.908854,-15.189873,45.0,4,0,0.0,1.023085,0.0,0.0,0.0,201,1.023085,201,-4.440405,-4.860393,0
016874,广发远见智选混合C,MIXED,2023-11-08,20,3.11493,0.549882,-10.811752,2.427997,0.049287,16.247541,-4.908854,-14.823886,50.0,0,2,0.0,0.549882,0.0,0.0,0.0,202,0.549882,202,-2.486979,-4.860393,0
016874,广发远见智选混合C,MIXED,2023-11-09,20,3.799865,-0.052083,-10.337577,2.37738,0.12155,16.13335,-3.717864,-14.823886,55.0,0,3,0.0,0.0,0.052083,0.0,0.0,203,-0.052083,203,-3.256905,-4.860393,0
016874,广发远见智选混合C,MIXED,2023-11-10,20,1.349185,0.026368,-11.511547,1.189008,0.156927,16.056536,-3.335539,-13.451055,55.0,0,4,0.0,0.026368,0.0,0.0,0.0,204,0.026368,204,-2.70199,-4.860393,0
016874,广发远见智选混合C,MIXED,2023-11-13,20,-0.39185,1.086957,-9.623133,1.65357,0.190958,16.016608,-3.335539,-13.183547,50.0,2,0,0.0,1.086957,0.0,0.0,0.0,205,1.086957,205,-2.76685,-4.860393,0
016874,广发远见智选混合C,MIXED,2023-11-14,20,-0.869904,1.058901,-9.236805,1.719303,0.227338,16.014911,-2.658944,-12.423552,50.0,3,0,0.0,1.058901,0.0,0.0,0.0,206,1.058901,206,-2.737394,-4.860393,0
016874,广发远见智选混合C,MIXED,2023-11-15,20,0.130208,2.821233,-7.782708,2.308255,0.256338,15.662977,-2.658944,-12.276276,45.0,4,0,0.0,2.821233,0.0,0.0,0.0,207,2.821233,207,-4.49935,-5.067218,0
016874,广发远见智选混合C,MIXED,2023-11-16,20,-0.182387,3.484603,-7.217244,1.761097,0.259913,15.200077,-2.658944,-12.276276,45.0,0,2,0.0,3.484603,0.0,0.0,0.0,208,3.484603,208,-4.306969,-5.222337,0
016874,广发远见智选混合C,MIXED,2023-11-17,20,1.133518,4.337775,-7.831832,1.69177,0.249848,14.866229,-2.658944,-10.971596,40.0,2,0,0.0,4.337775,0.0,0.0,0.0,209,4.337775,209,-4.626613,-5.403309,0
016874,广发远见智选混合C,MIXED,2023-11-20,20,1.442434,5.92907,-5.693039,2.233382,0.234556,14.606164,-2.658944,-10.524381,35.0,3,0,0.0,5.92907,0.0,0.0,0.0,210,5.92907,210,-6.411582,-6.411582,0
016874,广发远见智选混合C,MIXED,2023-11-21,20,0.301244,4.2898,-4.905004,0.992384,0.20457,15.27445,-2.658944,-10.524381,40.0,0,2,0.0,4.2898,0.0,0.0,0.0,211,4.2898,211,-5.236354,-5.458344,0
016874,广发远见智选混合C,MIXED,2023-11-22,20,-1.83355,2.165381,-6.813974,-0.550012,0.157701,16.243692,-2.658944,-10.524381,45.0,0,3,0.0,2.165381,0.0,0.0,0.0,212,2.165381,212,-4.795337,-5.966244,0
016874,广发远见智选混合C,MIXED,2023-11-23,20,-0.247977,2.977634,-3.861635,0.541977,0.13224,16.702649,-2.658944,-10.524381,45.0,2,0,0.0,2.977634,0.0,0.0,0.0,213,2.977634,213,-5.351302,-5.966244,0
016874,广发远见智选混合C,MIXED,2023-11-24,20,-1.563925,1.097577,-6.243793,-0.695513,0.09585,17.226775,-2.658944,-10.524381,50.0,0,2,0.0,1.097577,0.0,0.0,0.0,214,1.097577,214,-4.435324,-4.896123,0
016874,广发远见智选混合C,MIXED,2023-11-27,20,-2.507756,-0.72397,-5.239352,-0.804272,0.08203,16.125028,-2.507756,-10.524381,55.0,0,3,0.0,0.0,0.72397,0.0,0.0,215,-0.72397,215,-4.123575,-4.896123,0
016874,广发远见智选混合C,MIXED,2023-11-28,20,-1.318882,1.218859,-4.979253,-0.66643,0.04485,14.840976,-2.507756,-10.524381,50.0,2,0,0.0,1.218859,0.0,0.0,0.0,216,1.218859,216,-4.578536,-4.896123,0
016874,广发远见智选混合C,MIXED,2023-11-29,20,-0.569612,0.778733,-8.037246,-1.374399,-0.00739,15.038099,-2.973113,-10.414622,50.0,0,2,0.0,0.778733,0.0,0.0,0.0,217,0.778733,217,-3.410605,-4.249933,0
016874,广发远见智选混合C,MIXED,2023-11-30,20,-1.818658,1.473969,-7.94897,-1.471235,-0.072078,14.776485,-2.998966,-9.817239,50.0,0,3,0.0,1.473969,0.0,0.0,0.0,218,1.473969,218,-0.879531,-4.224414,0
016874,广发远见智选混合C,MIXED,2023-12-01,20,-0.807626,0.08015,-7.277228,-1.632672,-0.122303,14.14808,-3.154085,-9.817239,55.0,0,4,0.0,0.08015,0.0,0.0,0.0,219,0.08015,219,-0.413775,-4.071009,0
016874,广发远见智选混合C,MIXED,2023-12-04,20,-1.100504,-2.573145,-7.387633,-1.939131,-0.143783,11.402918,-3.580662,-9.817239,60.0,0,5,0.0,0.0,2.573145,0.0,0.0,220,-2.573145,220,0.013407,-4.032581,0
016874,广发远见智选混合C,MIXED,2023-12-05,20,-2.606855,-4.440405,-9.113361,-3.022637,-0.170638,11.815296,-4.860393,-9.772671,65.0,0,6,0.0,0.0,4.440405,0.0,0.0,221,-4.440405,221,0.394022,-4.032581,0
016874,广发远见智选混合C,MIXED,2023-12-06,20,-0.226485,-2.486979,-7.371676,-1.198573,-0.170902,13.734309,-4.860393,-9.772671,60.0,2,0,0.0,0.0,2.486979,0.0,0.0,222,-2.486979,222,-2.029643,-4.032581,0
016874,广发远见智选混合C,MIXED,2023-12-07,20,-1.039446,-3.256905,-8.253027,-1.867893,-0.180167,13.96454,-4.860393,-8.917436,60.0,0,2,0.0,0.0,3.256905,0.0,0.0,223,-3.256905,223,-2.343119,-3.218422,0
016874,广发远见智选混合C,MIXED,2023-12-08,20,-1.468233,-2.70199,-7.015997,-2.317026,-0.211343,13.566643,-4.860393,-8.917436,60.0,0,3,0.0,0.0,2.70199,0.0,0.0,224,-2.70199,224,-2.655107,-3.685833,0
016874,广发远见智选混合C,MIXED,2023-12-11,20,-0.589891,-2.76685,-6.893521,-1.743181,-0.224123,13.526257,-4.860393,-8.917436,60.0,2,0,0.0,0.0,2.76685,0.0,0.0,225,-2.76685,225,-4.329063,-4.918912,0
016874,广发远见智选混合C,MIXED,2023-12-12,20,0.896739,-2.737394,-7.383387,-1.460968,-0.228754,13.53426,-4.860393,-8.837848,60.0,3,0,0.0,0.0,2.737394,0.0,0.0,226,-2.737394,226,-3.501212,-4.918912,0
016874,广发远见智选混合C,MIXED,2023-12-13,20,-1.936173,-4.49935,-8.326052,-2.324839,-0.23346,13.554064,-5.067218,-7.790404,65.0,0,2,0.0,0.0,4.49935,0.0,0.0,227,-4.49935,227,-2.614379,-4.918912,0
016874,广发远见智选混合C,MIXED,2023-12-14,20,-1.265823,-4.306969,-7.424242,-2.269971,-0.239405,13.545752,-5.222337,-7.180986,65.0,0,3,0.0,0.0,4.306969,0.0,0.0,228,-4.306969,228,-0.409165,-4.918912,0
016874,广发远见智选混合C,MIXED,2023-12-15,20,-0.866974,-4.626613,-6.990341,-2.225251,-0.239139,13.479724,-5.403309,-6.71861,70.0,0,4,0.0,0.0,4.626613,0.0,0.0,229,-4.626613,229,-0.491938,-4.918912,0
016874,广发远见智选混合C,MIXED,2023-12-18,20,-2.360081,-6.411582,-7.262713,-2.945809,-0.233544,13.183263,-5.458344,-7.523311,75.0,0,5,0.0,0.0,6.411582,0.0,0.0,230,-6.411582,230,-0.566298,-4.918912,0
016874,广发远见智选混合C,MIXED,2023-12-19,20,-2.275788,-5.236354,-7.306169,-2.455744,-0.23103,13.06983,-5.272799,-7.060334,70.0,2,0,0.0,0.0,5.236354,0.0,0.0,231,-5.236354,231,-0.854348,-4.918912,0
016874,广发远见智选混合C,MIXED,2023-12-20,20,-2.1378,-4.795337,-7.740693,-3.161043,-0.256982,12.624588,-5.966244,-7.52702,70.0,0,2,0.0,0.0,4.795337,0.0,0.0,232,-4.795337,232,-2.39321,-5.977751,0
016874,广发远见智选混合C,MIXED,2023-12-21,20,-1.336607,-5.351302,-6.234608,-2.258433,-0.24667,11.85133,-4.896123,-7.52702,70.0,2,0,0.0,0.0,5.351302,0.0,0.0,233,-5.351302,233,-1.410008,-5.977751,0
016874,广发远见智选混合C,MIXED,2023-12-22,20,-1.366494,-4.435324,-5.250722,-2.253399,-0.250192,11.358032,-4.896123,-7.52702,70.0,0,2,0.0,0.0,4.435324,0.0,0.0,234,-4.435324,234,-2.438349,-5.977751,0
016874,广发远见智选混合C,MIXED,2023-12-25,20,-0.124309,-4.123575,-6.960885,-1.870713,-0.24669,11.446408,-4.896123,-7.204648,65.0,2,0,0.0,0.0,4.123575,0.0,0.0,235,-4.123575,235,-5.69769,-8.604745,0
016874,广发远见智选混合C,MIXED,2023-12-26,20,-0.633871,-4.578536,-6.894771,-1.911842,-0.237534,11.346306,-4.249933,-7.096691,70.0,0,2,0.0,0.0,4.578536,0.0,0.0,236,-4.578536,236,-4.146443,-8.604745,0
016874,广发远见智选混合C,MIXED,2023-12-27,20,0.876583,-3.410605,-5.635819,-1.209334,-0.224486,11.53548,-4.224414,-7.096691,65.0,2,0,0.0,0.0,3.410605,0.0,0.0,237,-3.410605,237,-5.268966,-8.604745,0
016874,广发远见智选混合C,MIXED,2023-12-28,20,2.820017,-0.879531,-3.490333,1.398006,-0.169688,15.151346,-4.071009,-7.096691,60.0,3,0,0.0,0.0,0.879531,0.0,0.0,238,-0.879531,238,-7.179349,-8.604745,0
016874,广发远见智选混合C,MIXED,2023-12-29,20,3.366584,-0.413775,-3.103896,1.733048,-0.111563,15.1935,-4.032581,-7.096691,55.0,4,0,0.0,0.0,0.413775,0.0,0.0,239,-0.413775,239,-8.752178,-8.752178,0
016874,广发远见智选混合C,MIXED,2023-12-31,20,3.16692,0.013407,-2.788637,1.718719,-0.060067,15.110807,-4.032581,-7.096691,55.0,0,2,0.0,0.013407,0.0,0.0,0.0,240,0.013407,240,-11.983914,-11.983914,0
016874,广发远见智选混合C,MIXED,2024-01-02,20,2.468451,0.394022,-3.082371,0.730703,-0.043727,14.725596,-4.032581,-7.096691,55.0,0,3,0.0,0.394022,0.0,0.0,0.0,241,0.394022,241,-12.735147,-12.735147,0
016874,广发远见智选混合C,MIXED,2024-01-03,20,1.2,-2.029643,-3.940822,0.125549,-0.010363,13.424285,-3.218422,-7.096691,60.0,0,4,0.0,0.0,2.029643,0.0,0.0,242,-2.029643,242,-14.283767,-14.283767,0
016874,广发远见智选混合C,MIXED,2024-01-04,20,-2.500672,-2.343119,-5.572917,-0.916779,-0.003986,13.701305,-3.218422,-7.096691,60.0,0,5,0.0,0.0,2.343119,0.0,0.0,243,-2.343119,243,-12.534473,-13.872912,0
016874,广发远见智选混合C,MIXED,2024-01-05,20,-3.685833,-2.655107,-5.260382,-1.686892,-0.016417,13.893148,-3.685833,-7.109617,60.0,0,6,0.0,0.0,2.655107,0.0,0.0,244,-2.655107,244,-13.540217,-14.913722,0
016874,广发远见智选混合C,MIXED,2024-01-08,20,-4.906166,-4.329063,-5.965005,-2.731978,-0.035742,14.287575,-4.918912,-8.298862,65.0,0,7,0.0,0.0,4.329063,0.0,0.0,245,-4.329063,245,-14.392444,-16.831005,0
016874,广发远见智选混合C,MIXED,2024-01-09,20,-3.018,-3.501212,-5.148908,-1.569314,-0.031985,14.89968,-4.918912,-8.298862,65.0,2,0,0.0,0.0,3.501212,0.0,0.0,246,-3.501212,246,-12.41976,-16.831005,0
016874,广发远见智选混合C,MIXED,2024-01-10,20,-2.521467,-2.614379,-4.372242,-1.631904,-0.043382,14.490648,-4.918912,-8.298862,65.0,0,2,0.0,0.0,2.614379,0.0,0.0,247,-2.614379,247,-11.395414,-16.831005,0
016874,广发远见智选混合C,MIXED,2024-01-11,20,0.689465,-0.409165,-1.377634,0.45191,-0.023904,16.500868,-4.918912,-8.298862,60.0,2,0,0.0,0.0,0.409165,0.0,0.0,248,-0.409165,248,-12.256916,-16.831005,0
016874,广发远见智选混合C,MIXED,2024-01-12,20,1.335931,-0.491938,-0.979059,0.201587,-0.01077,16.515194,-4.918912,-8.298862,60.0,0,2,0.0,0.0,0.491938,0.0,0.0,249,-0.491938,249,-10.683878,-16.602582,0
016874,广发远见智选混合C,MIXED,2024-01-15,20,1.480124,-0.566298,-1.424072,-0.912557,-0.030157,16.579278,-4.918912,-8.298862,60.0,0,3,0.0,0.0,0.566298,0.0,0.0,250,-0.566298,250,-9.737464,-15.641061,0
016874,广发远见智选混合C,MIXED,2024-01-16,20,0.404689,-0.854348,-2.015525,-0.925339,-0.045803,16.551351,-4.918912,-8.298862,65.0,0,4,0.0,0.0,0.854348,0.0,0.0,251,-0.854348,251,-9.548297,-15.594163,0
016874,广发远见智选混合C,MIXED,2024-01-17,20,-1.915548,-2.39321,-5.061578,-3.289401,-0.110912,18.479992,-5.977751,-9.320062,65.0,0,5,0.0,0.0,2.39321,0.0,0.0,252,-2.39321,252,-6.40057,-14.84857,0
016874,广发远见智选混合C,MIXED,2024-01-18,20,-2.328129,-1.410008,-3.907303,-1.607229,-0.139225,19.368366,-5.977751,-9.320062,65.0,2,0,0.0,0.0,1.410008,0.0,0.0,253,-1.410008,253,-7.627594,-14.84857,0
016874,广发远见智选混合C,MIXED,2024-01-19,20,-3.295798,-2.438349,-5.742203,-2.730776,-0.186794,19.827315,-5.977751,-9.320062,65.0,0,2,0.0,0.0,2.438349,0.0,0.0,254,-2.438349,254,-6.475433,-13.760295,0
016874,广发远见智选混合C,MIXED,2024-01-22,20,-5.278511,-5.69769,-10.240885,-5.542242,-0.272481,22.538256,-8.604745,-11.853671,70.0,0,3,0.0,0.0,5.69769,0.0,0.0,255,-5.69769,255,-1.671799,-12.13831,0
016874,广发远见智选混合C,MIXED,2024-01-23,20,-3.933287,-4.146443,-7.420305,-4.055301,-0.335719,23.284581,-8.604745,-11.853671,65.0,2,0,0.0,0.0,4.146443,0.0,0.0,256,-4.146443,256,-5.700231,-12.13831,0
016874,广发远见智选混合C,MIXED,2024-01-24,20,-2.09551,-5.268966,-7.787325,-4.412635,-0.393371,23.161624,-8.604745,-11.853671,70.0,0,2,0.0,0.0,5.268966,0.0,0.0,257,-5.268966,257,-1.907397,-12.036501,0
016874,广发远见智选混合C,MIXED,2024-01-25,20,-3.196859,-7.179349,-6.639621,-3.553193,-0.395132,20.827983,-8.604745,-11.853671,70.0,2,0,0.0,0.0,7.179349,0.0,0.0,258,-7.179349,258,-1.578795,-12.036501,0
016874,广发远见智选混合C,MIXED,2024-01-26,20,-3.32292,-8.752178,-9.056906,-4.458509,-0.400119,20.973105,-8.739946,-11.995863,75.0,0,2,0.0,0.0,8.752178,0.0,0.0,259,-8.752178,259,0.558167,-10.796122,0
016874,广发远见智选混合C,MIXED,2024-01-29,20,-3.710221,-11.983914,-14.2372,-7.272984,-0.441019,23.600858,-11.138178,-15.124095,75.0,0,3,0.0,0.0,11.983914,0.0,0.0,260,-11.983914,260,3.502894,-7.508376,1
016874,广发远见智选混合C,MIXED,2024-01-30,20,-6.712963,-12.735147,-16.281485,-8.330312,-0.503391,23.944067,-12.116669,-16.649431,75.0,0,4,0.0,0.0,12.735147,0.0,0.0,261,-12.735147,261,6.048387,-5.815757,1
016874,广发远见智选混合C,MIXED,2024-01-31,20,-8.430402,-14.283767,-18.111979,-9.919717,-0.591064,24.781396,-13.872912,-18.704757,75.0,0,5,0.0,0.0,14.283767,0.0,0.0,262,-14.283767,262,7.568771,-4.256661,1
016874,广发远见智选混合C,MIXED,2024-02-01,20,-8.125724,-12.534473,-17.365816,-8.550915,-0.664888,25.374193,-13.872912,-18.704757,70.0,2,0,0.0,0.0,12.534473,0.0,0.0,263,-12.534473,263,8.938988,-4.256661,1
016874,广发远见智选混合C,MIXED,2024-02-02,20,-8.739718,-13.540217,-18.109925,-9.792449,-0.762278,25.844007,-14.913722,-19.687177,70.0,0,2,0.0,0.0,13.540217,0.0,0.0,264,-13.540217,264,13.487848,-2.788963,1
016874,广发远见智选混合C,MIXED,2024-02-05,20,-7.508376,-14.392444,-20.364542,-11.166696,-0.890457,26.353517,-16.831005,-21.496898,70.0,0,3,0.0,0.0,14.392444,0.0,0.0,265,-14.392444,265,16.318129,-2.788963,1
016874,广发远见智选混合C,MIXED,2024-02-06,20,-2.667494,-12.41976,-17.799607,-7.595813,-0.937539,29.536799,-16.831005,-21.496898,70.0,2,0,0.0,0.0,12.41976,0.0,0.0,266,-12.41976,266,12.253027,-2.788963,1
016874,广发远见智选混合C,MIXED,2024-02-07,20,0.763237,-11.395414,-17.594278,-6.13451,-0.955237,30.058213,-16.831005,-21.496898,65.0,3,0,0.0,0.0,11.395414,0.0,0.0,267,-11.395414,267,10.557046,-2.788963,1
016874,广发远见智选混合C,MIXED,2024-02-08,20,1.008986,-12.256916,-16.379535,-4.464392,-0.905229,29.073242,-16.602582,-21.496898,65.0,4,0,0.0,0.0,12.256916,0.0,0.0,268,-12.256916,268,10.426096,-2.788963,1
016874,广发远见智选混合C,MIXED,2024-02-19,20,4.683728,-10.683878,-15.23524,-2.452193,-0.817567,30.044737,-15.641061,-21.496898,60.0,5,0,0.0,0.0,10.683878,0.0,0.0,269,-10.683878,269,10.424354,-2.788963,1
016874,广发远见智选混合C,MIXED,2024-02-20,20,6.998189,-9.737464,-16.003102,-2.027154,-0.731865,30.000342,-15.594163,-20.69731,60.0,0,2,0.0,0.0,9.737464,0.0,0.0,270,-9.737464,270,9.864574,-2.788963,1
016874,广发远见智选混合C,MIXED,2024-02-21,20,3.696622,-9.548297,-15.016976,-1.365545,-0.628,30.050104,-14.84857,-20.541672,55.0,2,0,0.0,0.0,9.548297,0.0,0.0,271,-9.548297,271,9.987707,-2.788963,1
016874,广发远见智选混合C,MIXED,2024-02-22,20,3.613697,-6.40057,-13.021592,-0.146754,-0.537012,29.434819,-14.84857,-20.541672,50.0,3,0,0.0,0.0,6.40057,0.0,0.0,272,-6.40057,272,8.924764,-2.788963,1
016874,广发远见智选混合C,MIXED,2024-02-23,20,2.825035,-7.627594,-13.80348,0.60396,-0.402403,28.613483,-13.760295,-19.637422,50.0,4,0,0.0,0.0,7.627594,0.0,0.0,273,-7.627594,273,7.316333,-2.788963,1
016874,广发远见智选混合C,MIXED,2024-02-26,20,1.260763,-6.475433,-12.80286,0.924812,-0.276169,28.443716,-12.13831,-19.637422,50.0,0,2,0.0,0.0,6.475433,0.0,0.0,274,-6.475433,274,5.450957,-3.299916,1
016874,广发远见智选混合C,MIXED,2024-02-27,20,3.185596,-1.671799,-11.097852,2.838212,-0.166072,27.294743,-12.13831,-19.637422,45.0,2,0,0.0,0.0,1.671799,0.0,0.0,275,-1.671799,275,3.44519,-3.42523,1
016874,广发远见智选混合C,MIXED,2024-02-28,20,0.153657,-5.700231,-13.748842,0.273066,-0.071773,28.360748,-12.036501,-19.091394,50.0,0,2,0.0,0.0,5.700231,0.0,0.0,276,-5.700231,276,3.866217,-5.736564,1
016874,广发远见智选混合C,MIXED,2024-02-29,20,2.604325,-1.907397,-10.245137,3.746708,0.069657,31.105392,-12.036501,-19.069829,45.0,2,0,0.0,0.0,1.907397,0.0,0.0,277,-1.907397,277,1.083568,-5.736564,0
016874,广发远见智选混合C,MIXED,2024-03-01,20,3.142077,-1.578795,-9.448294,4.727777,0.235904,31.214629,-10.796122,-18.940203,45.0,3,0,0.0,0.0,1.578795,0.0,0.0,278,-1.578795,278,1.192053,-5.736564,0
016874,广发远见智选混合C,MIXED,2024-03-04,20,3.947768,0.558167,-8.622531,5.482924,0.39237,30.929161,-7.508376,-18.907731,40.0,4,0,0.0,0.558167,0.0,0.0,0.0,279,0.558167,279,2.453988,-5.736564,1
016874,广发远见智选混合C,MIXED,2024-03-05,20,1.357196,3.502894,-8.888591,4.527312,0.477299,28.060153,-5.815757,-18.907731,40.0,0,2,0.0,3.502894,0.0,0.0,0.0,280,3.502894,280,2.663331,-5.736564,1
016874,广发远见智选混合C,MIXED,2024-03-06,20,4.909481,6.048387,-7.092391,4.858806,0.536565,27.087738,-4.256661,-18.907731,35.0,2,0,0.0,6.048387,0.0,0.0,0.0,281,6.048387,281,1.330798,-5.736564,0
016874,广发远见智选混合C,MIXED,2024-03-07,20,0.415615,7.568771,-9.667512,3.362134,0.531834,25.602681,-4.256661,-18.603404,35.0,0,2,0.0,7.568771,0.0,0.0,0.0,282,7.568771,282,1.374723,-5.736564,0
016874,广发远见智选混合C,MIXED,2024-03-08,20,1.692421,8.938988,-6.948559,5.122237,0.560367,26.318839,-2.788963,-18.603404,35.0,2,0,0.0,8.938988,0.0,0.0,0.0,283,8.938988,283,-0.622287,-5.736564,0
016874,广发远见智选混合C,MIXED,2024-03-11,20,2.994449,13.487848,-4.48388,6.587858,0.57398,25.162327,-2.788963,-18.603404,30.0,3,0,0.0,13.487848,0.0,0.0,0.0,284,13.487848,284,-4.112892,-5.861877,0
016874,广发远见智选混合C,MIXED,2024-03-12,20,3.943496,16.318129,-4.733648,5.990472,0.537459,22.814497,-2.788963,-18.603404,25.0,4,0,0.0,16.318129,0.0,0.0,0.0,285,16.318129,285,-3.737259,-5.861877,0
016874,广发远见智选混合C,MIXED,2024-03-13,20,3.027201,12.253027,-5.130622,5.099057,0.523844,20.934024,-2.788963,-18.603404,30.0,0,2,0.0,12.253027,0.0,0.0,0.0,286,12.253027,286,-3.491838,-5.861877,0
016874,广发远见智选混合C,MIXED,2024-03-14,20,3.562454,10.557046,-4.602397,3.998278,0.499624,21.260597,-2.788963,-18.603404,35.0,0,3,0.0,10.557046,0.0,0.0,0.0,287,10.557046,287,-2.769055,-5.861877,0
016874,广发远见智选混合C,MIXED,2024-03-15,20,2.387844,10.426096,-3.505183,4.504398,0.491672,21.220504,-2.788963,-18.603404,35.0,2,0,0.0,10.426096,0.0,0.0,0.0,288,10.426096,288,-6.24735,-7.64411,0
016874,广发远见智选混合C,MIXED,2024-03-18,20,1.857892,10.424354,-1.858431,5.556331,0.513976,21.219495,-2.788963,-18.603404,35.0,3,0,0.0,10.424354,0.0,0.0,0.0,289,10.424354,289,-5.736564,-7.64411,0
016874,广发远见智选混合C,MIXED,2024-03-19,20,1.061721,9.864574,-1.395028,4.432417,0.510917,21.483239,-2.788963,-18.603404,35.0,0,2,0.0,9.864574,0.0,0.0,0.0,290,9.864574,290,-5.042723,-7.334451,0
016874,广发远见智选混合C,MIXED,2024-03-20,20,1.603974,9.987707,-1.3642,4.214894,0.500071,21.464314,-2.788963,-18.603404,35.0,2,0,0.0,9.987707,0.0,0.0,0.0,291,9.987707,291,-6.077117,-7.334451,0
016874,广发远见智选混合C,MIXED,2024-03-21,20,2.083928,8.924764,-0.48699,3.685233,0.487417,21.499058,-2.788963,-18.603404,40.0,0,2,0.0,8.924764,0.0,0.0,0.0,292,8.924764,292,-6.263982,-7.256711,0
016874,广发远见智选混合C,MIXED,2024-03-22,20,-0.070671,7.316333,-2.267072,2.139586,0.450591,22.223313,-2.788963,-18.603404,45.0,0,3,0.0,7.316333,0.0,0.0,0.0,293,7.316333,293,-5.898161,-6.181047,0
016874,广发远见智选混合C,MIXED,2024-03-25,20,-3.299916,5.450957,-3.782211,0.074209,0.377757,23.453163,-3.299916,-18.603404,45.0,0,4,0.0,5.450957,0.0,0.0,0.0,294,5.450957,294,-3.12455,-5.431993,0
016874,广发远见智选混合C,MIXED,2024-03-26,20,-2.843536,3.44519,-4.079657,-0.221538,0.322994,22.774256,-3.42523,-18.603404,50.0,0,5,0.0,3.44519,0.0,0.0,0.0,295,3.44519,295,-3.070934,-5.431993,0
016874,广发远见智选混合C,MIXED,2024-03-27,20,-5.420509,3.866217,-6.115657,-2.785755,0.186933,22.124357,-5.736564,-18.603404,50.0,0,6,0.0,3.866217,0.0,0.0,0.0,296,3.866217,296,0.738552,-5.431993,0
016874,广发远见智选混合C,MIXED,2024-03-28,20,-4.781879,1.083568,-6.068966,-2.262599,0.10382,18.812828,-5.736564,-18.603404,50.0,2,0,0.0,1.083568,0.0,0.0,0.0,297,1.083568,297,1.703377,-5.431993,0
016874,广发远见智选混合C,MIXED,2024-03-29,20,-2.743989,1.192053,-7.555795,-1.372692,0.045878,18.877717,-5.736564,-18.603404,50.0,3,0,0.0,1.192053,0.0,0.0,0.0,298,1.192053,298,0.378127,-5.431993,0
016874,广发远见智选混合C,MIXED,2024-04-01,20,0.993521,2.453988,-5.991154,0.485666,0.026046,19.976842,-5.736564,-18.592493,50.0,4,0,0.0,2.453988,0.0,0.0,0.0,299,2.453988,299,0.570288,-5.431993,0
016874,广发远见智选混合C,MIXED,2024-04-02,20,0.591119,2.663331,-6.474531,-0.173841,-0.016212,19.873849,-5.736564,-17.810258,50.0,0,2,0.0,2.663331,0.0,0.0,0.0,300,2.663331,300,1.074961,-4.930486,0
016874,广发远见智选混合C,MIXED,2024-04-03,20,2.348597,1.330798,-6.22547,-0.925118,-0.062613,19.996608,-5.736564,-17.22775,55.0,0,3,0.0,1.330798,0.0,0.0,0.0,301,1.330798,301,0.678309,-4.271901,0
016874,广发远见智选混合C,MIXED,2024-04-08,20,0.704846,1.374723,-6.528554,-2.005473,-0.14187,19.964701,-5.736564,-16.831005,55.0,0,4,0.0,1.374723,0.0,0.0,0.0,302,1.374723,302,3.368329,-3.407602,1
016874,广发远见智选混合C,MIXED,2024-04-09,20,-0.13089,-0.622287,-5.30888,-1.846717,-0.188674,18.418634,-5.736564,-16.831005,55.0,2,0,0.0,0.0,0.622287,0.0,0.0,303,-0.622287,303,3.189166,-3.407602,1
016874,广发远见智选混合C,MIXED,2024-04-10,20,-3.607072,-4.112892,-5.914278,-3.161121,-0.224798,17.456997,-5.861877,-16.831005,60.0,0,2,0.0,0.0,4.112892,0.0,0.0,304,-4.112892,304,5.043633,-2.627716,1
016874,广发远见智选混合C,MIXED,2024-04-11,20,-2.536907,-3.737259,-4.144347,-2.418024,-0.243825,17.627561,-5.861877,-16.831005,60.0,2,0,0.0,0.0,3.737259,0.0,0.0,305,-3.737259,305,3.985294,-2.627716,1
016874,广发远见智选混合C,MIXED,2024-04-12,20,-1.876173,-3.491838,-5.121407,-2.259855,-0.261702,17.634486,-5.861877,-16.831005,60.0,0,2,0.0,0.0,3.491838,0.0,0.0,306,-3.491838,306,3.897632,-2.627716,1
016874,广发远见智选混合C,MIXED,2024-04-15,20,-0.670749,-2.769055,-4.753915,-1.936227,-0.280403,17.618723,-5.861877,-16.831005,55.0,2,0,0.0,0.0,2.769055,0.0,0.0,307,-2.769055,307,4.139753,-2.627716,1
016874,广发远见智选混合C,MIXED,2024-04-16,20,-3.407602,-6.24735,-9.161873,-4.208307,-0.316675,19.172819,-7.64411,-16.602582,60.0,0,2,0.0,0.0,6.24735,0.0,0.0,308,-6.24735,308,7.266697,-1.858681,1
016874,广发远见智选混合C,MIXED,2024-04-17,20,0.133116,-5.736564,-7.031035,-1.938063,-0.290654,19.956476,-7.334451,-15.641061,60.0,2,0,0.0,0.0,5.736564,0.0,0.0,309,-5.736564,309,6.218612,-1.858681,1
016874,广发远见智选混合C,MIXED,2024-04-18,20,-0.308824,-5.042723,-5.834144,-1.551018,-0.263373,19.974089,-7.334451,-15.594163,55.0,3,0,0.0,0.0,5.042723,0.0,0.0,310,-5.042723,310,5.089246,-1.858681,1
016874,广发远见智选混合C,MIXED,2024-04-19,20,-1.117811,-6.077117,-6.560111,-2.054909,-0.235476,19.975414,-7.256711,-14.84857,60.0,0,2,0.0,0.0,6.077117,0.0,0.0,311,-6.077117,311,5.741484,-1.140314,1
016874,广发远见智选混合C,MIXED,2024-04-22,20,-1.585437,-6.263982,-4.433357,-2.011942,-0.203211,19.958618,-6.181047,-14.84857,60.0,0,3,0.0,0.0,6.263982,0.0,0.0,312,-6.263982,312,4.788186,-2.308441,1
016874,广发远见智选混合C,MIXED,2024-04-23,20,0.301523,-5.898161,-6.716209,-2.460122,-0.190483,19.791819,-5.431993,-13.760295,60.0,0,4,0.0,0.0,5.898161,0.0,0.0,313,-5.898161,313,4.99023,-2.864692,1
016874,广发远见智选混合C,MIXED,2024-04-24,20,-0.620384,-3.12455,-4.458961,-1.203386,-0.181457,19.603399,-5.431993,-12.13831,55.0,2,0,0.0,0.0,3.12455,0.0,0.0,314,-3.12455,314,4.444114,-2.864692,1
016874,广发远见智选混合C,MIXED,2024-04-25,20,-0.826081,-3.070934,-1.407831,-1.122174,-0.170738,19.605194,-5.431993,-12.13831,55.0,0,2,0.0,0.0,3.070934,0.0,0.0,315,-3.070934,315,3.703704,-3.045474,1
016874,广发远见智选混合C,MIXED,2024-04-26,20,1.442808,0.738552,-1.331019,0.267576,-0.17313,18.475981,-5.431993,-12.036501,50.0,2,0,0.0,0.738552,0.0,0.0,0.0,316,0.738552,316,2.140762,-3.128911,1
016874,广发远见智选混合C,MIXED,2024-04-29,20,3.311456,1.703377,0.844496,1.739233,-0.145017,19.158577,-5.431993,-12.036501,50.0,3,0,0.0,1.703377,0.0,0.0,0.0,317,1.703377,317,-0.014438,-3.699068,0
016874,广发远见智选混合C,MIXED,2024-04-30,20,3.742672,0.378127,-0.028969,1.367328,-0.109322,18.926917,-5.431993,-10.796122,55.0,0,2,0.0,0.378127,0.0,0.0,0.0,318,0.378127,318,0.492611,-3.699068,0
016874,广发远见智选混合C,MIXED,2024-05-06,20,4.845422,0.570288,3.613396,3.569279,-0.010333,19.208648,-4.930486,-7.64411,55.0,2,0,0.0,0.570288,0.0,0.0,0.0,319,0.570288,319,-1.67281,-3.699068,0
016874,广发远见智选混合C,MIXED,2024-05-07,20,4.893649,1.074961,7.401767,3.482937,0.0787,19.096026,-4.271901,-7.64411,55.0,0,2,0.0,1.074961,0.0,0.0,0.0,320,1.074961,320,-0.680658,-3.699068,0
016874,广发远见智选混合C,MIXED,2024-05-08,20,2.28739,0.678309,8.188586,2.332404,0.138971,19.347051,-3.407602,-7.64411,55.0,0,3,0.0,0.678309,0.0,0.0,0.0,321,0.678309,321,-0.616399,-3.699068,0
016874,广发远见智选混合C,MIXED,2024-05-09,20,2.353451,3.368329,12.720623,3.814133,0.205121,19.689572,-3.407602,-7.64411,50.0,2,0,0.0,3.368329,0.0,0.0,0.0,322,3.368329,322,-2.835379,-4.2136,0
016874,广发远见智选混合C,MIXED,2024-05-10,20,2.665894,3.189166,11.7137,3.604065,0.267442,19.704097,-2.627716,-7.64411,55.0,0,2,0.0,3.189166,0.0,0.0,0.0,323,3.189166,323,-2.850692,-4.269225,0
016874,广发远见智选混合C,MIXED,2024-05-13,20,0.680465,5.043633,14.308708,3.579789,0.303392,18.642209,-2.627716,-7.64411,50.0,2,0,0.0,5.043633,0.0,0.0,0.0,324,5.043633,324,-3.604618,-4.797664,0
016874,广发远见智选混合C,MIXED,2024-05-14,20,0.269427,3.985294,16.433394,2.924266,0.33439,18.755326,-2.627716,-7.64411,55.0,0,2,0.0,3.985294,0.0,0.0,0.0,325,3.985294,325,-3.182011,-4.797664,0
016874,广发远见智选混合C,MIXED,2024-05-15,20,1.261468,3.897632,12.555768,2.624449,0.357679,18.770636,-2.627716,-7.64411,55.0,0,3,0.0,3.897632,0.0,0.0,0.0,326,3.897632,326,-3.907135,-5.604228,0
016874,广发远见智选混合C,MIXED,2024-05-16,20,0.070532,4.139753,11.945716,2.849604,0.384244,18.787804,-1.858681,-7.64411,55.0,2,0,0.0,4.139753,0.0,0.0,0.0,327,4.139753,327,-4.228926,-5.604228,0
016874,广发远见智选混合C,MIXED,2024-05-17,20,0.409258,7.266697,11.050414,2.794894,0.36748,15.512346,-1.858681,-7.64411,50.0,3,0,0.0,7.266697,0.0,0.0,0.0,328,7.266697,328,-4.624034,-5.63204,0
016874,广发远见智选混合C,MIXED,2024-05-20,20,1.253168,6.218612,10.562731,3.57791,0.387344,14.420108,-1.858681,-7.64411,50.0,4,0,0.0,6.218612,0.0,0.0,0.0,329,6.218612,329,-4.714226,-5.63204,0
016874,广发远见智选混合C,MIXED,2024-05-21,20,0.74954,5.089246,9.633733,2.358528,0.386503,15.070137,-1.105756,-7.64411,55.0,0,2,0.0,5.089246,0.0,0.0,0.0,330,5.089246,330,-4.29534,-4.744526,0
016874,广发远见智选混合C,MIXED,2024-05-22,20,0.637033,5.741484,9.234788,1.860542,0.362379,14.637891,-1.140314,-7.64411,55.0,0,3,0.0,5.741484,0.0,0.0,0.0,331,5.741484,331,-5.514137,-5.514137,0
016874,广发远见智选混合C,MIXED,2024-05-23,20,-0.972653,4.788186,6.990557,0.426006,0.308805,15.425689,-2.308441,-7.64411,55.0,0,4,0.0,4.788186,0.0,0.0,0.0,332,4.788186,332,-4.540925,-4.568094,0
016874,广发远见智选混合C,MIXED,2024-05-24,20,-1.827126,4.99023,6.026108,-0.382213,0.228937,15.275501,-2.864692,-7.64411,55.0,0,5,0.0,4.99023,0.0,0.0,0.0,333,4.99023,333,-5.75519,-6.318486,0
016874,广发远见智选混合C,MIXED,2024-05-27,20,-2.280629,4.444114,6.696022,0.003558,0.167769,14.985331,-2.864692,-7.64411,55.0,2,0,0.0,4.444114,0.0,0.0,0.0,334,4.444114,334,-6.546179,-6.546179,0
016874,广发远见智选混合C,MIXED,2024-05-28,20,-2.133633,3.703704,3.982103,-0.954654,0.088228,15.37687,-3.045474,-7.64411,55.0,0,2,0.0,3.703704,0.0,0.0,0.0,335,3.703704,335,-4.503729,-6.239292,0
016874,广发远见智选混合C,MIXED,2024-05-29,20,-2.011535,2.140762,6.873274,-1.142411,0.024179,14.661086,-3.128911,-7.64411,60.0,0,3,0.0,2.140762,0.0,0.0,0.0,336,2.140762,336,-5.742176,-6.253569,0
016874,广发远见智选混合C,MIXED,2024-05-30,20,-1.423488,-0.014438,2.79056,-1.723563,-0.027455,13.80976,-3.699068,-7.64411,65.0,0,4,0.0,0.0,0.014438,0.0,0.0,337,-0.014438,337,-3.98556,-6.253569,0
016874,广发远见智选混合C,MIXED,2024-05-31,20,-0.701503,0.492611,2.075055,-1.591198,-0.082195,13.756595,-3.699068,-7.64411,60.0,2,0,0.0,0.492611,0.0,0.0,0.0,338,0.492611,338,-4.137832,-6.253569,0
016874,广发远见智选混合C,MIXED,2024-06-03,20,-1.295005,-1.67281,1.314636,-1.508751,-0.103703,11.10607,-3.699068,-7.64411,60.0,0,0,0.0,0.0,1.67281,0.0,0.0,339,-1.67281,339,-3.27278,-6.253569,0
016874,广发远见智选混合C,MIXED,2024-06-04,20,0.458979,-0.680658,3.060624,-0.509244,-0.109313,11.730362,-3.699068,-7.64411,55.0,2,0,0.0,0.0,0.680658,0.0,0.0,340,-0.680658,340,-5.354083,-6.253569,0
016874,广发远见智选混合C,MIXED,2024-06-05,20,-0.47373,-0.616399,1.389295,-1.487702,-0.145361,11.656625,-3.699068,-7.64411,55.0,0,2,0.0,0.0,0.616399,0.0,0.0,341,-0.616399,341,-4.990625,-5.293524,0
016874,广发远见智选混合C,MIXED,2024-06-06,20,-0.534296,-2.835379,1.818182,-1.987151,-0.164474,10.076867,-4.2136,-7.64411,60.0,0,3,0.0,0.0,2.835379,0.0,0.0,342,-2.835379,342,-5.458769,-5.458769,0
016874,广发远见智选混合C,MIXED,2024-06-07,20,-0.749712,-2.850692,-0.376266,-1.903086,-0.180825,10.074959,-4.269225,-7.64411,60.0,0,4,0.0,0.0,2.850692,0.0,0.0,343,-2.850692,343,-5.331203,-5.403835,0
016874,广发远见智选混合C,MIXED,2024-06-11,20,-1.297578,-3.604618,-2.907389,-2.266319,-0.197106,10.076056,-4.797664,-7.64411,65.0,0,5,0.0,0.0,3.604618,0.0,0.0,344,-3.604618,344,-6.076541,-6.158786,0
016874,广发远见智选混合C,MIXED,2024-06-12,20,-2.255854,-3.182011,-3.08607,-2.109101,-0.214893,10.048622,-4.797664,-7.64411,60.0,0,0,0.0,0.0,3.182011,0.0,0.0,345,-3.182011,345,-4.645048,-6.158786,0
016874,广发远见智选混合C,MIXED,2024-06-13,20,-2.091447,-3.907135,-3.647977,-2.746536,-0.241431,10.335604,-5.604228,-7.64411,60.0,0,2,0.0,0.0,3.907135,0.0,0.0,346,-3.907135,346,-4.3901,-6.158786,0
016874,广发远见智选混合C,MIXED,2024-06-14,20,-1.364692,-4.228926,-3.025978,-2.450931,-0.254128,10.134261,-5.604228,-7.64411,60.0,2,0,0.0,0.0,4.228926,0.0,0.0,347,-4.228926,347,-2.090079,-6.158786,0
016874,广发远见智选混合C,MIXED,2024-06-17,20,-1.423591,-4.624034,-4.084806,-2.33512,-0.257316,9.963124,-5.63204,-7.64411,65.0,0,2,0.0,0.0,4.624034,0.0,0.0,348,-4.624034,348,-2.564103,-6.158786,0
016874,广发远见智选混合C,MIXED,2024-06-18,20,0.087642,-4.714226,-4.59482,-1.144086,-0.222484,9.801845,-4.744526,-7.334451,65.0,2,0,0.0,0.0,4.714226,0.0,0.0,349,-4.714226,349,-4.086398,-6.158786,0
016874,广发远见智选混合C,MIXED,2024-06-19,20,-0.408998,-4.29534,-4.496428,-1.417004,-0.202386,9.511431,-4.543536,-7.334451,65.0,0,2,0.0,0.0,4.29534,0.0,0.0,350,-4.29534,350,-2.830742,-5.690818,0
016874,广发远见智选混合C,MIXED,2024-06-20,20,-1.045963,-5.514137,-6.160939,-2.601357,-0.199995,10.515683,-4.411555,-7.256711,65.0,0,3,0.0,0.0,5.514137,0.0,0.0,351,-5.514137,351,-2.545779,-4.272741,0
016874,广发远见智选混合C,MIXED,2024-06-21,20,-1.295261,-4.540925,-6.236018,-2.535445,-0.21048,9.965958,-4.568094,-6.744542,65.0,0,4,0.0,0.0,4.540925,0.0,0.0,352,-4.540925,352,-1.62541,-4.158593,0
016874,广发远见智选混合C,MIXED,2024-06-24,20,-2.991453,-5.75519,-6.88826,-4.042797,-0.248973,11.439215,-6.318486,-8.455013,65.0,0,5,0.0,0.0,5.75519,0.0,0.0,353,-5.75519,353,-0.455719,-4.158593,0
016874,广发远见智选混合C,MIXED,2024-06-25,20,-4.15937,-6.546179,-5.442765,-3.954017,-0.272618,10.945249,-6.239292,-8.677514,70.0,0,6,0.0,0.0,6.546179,0.0,0.0,354,-6.546179,354,-0.121821,-4.158593,0
016874,广发远见智选混合C,MIXED,2024-06-26,20,-2.346729,-4.503729,-4.008074,-2.39898,-0.279638,12.382697,-6.239292,-8.677514,65.0,2,0,0.0,0.0,4.503729,0.0,0.0,355,-4.503729,355,-3.499549,-4.23312,0
016874,广发远见智选混合C,MIXED,2024-06-27,20,-2.248027,-5.742176,-3.013294,-3.464601,-0.300646,13.024313,-6.253569,-8.69142,65.0,0,2,0.0,0.0,5.742176,0.0,0.0,356,-5.742176,356,-2.573865,-4.65047,0
016874,广发远见智选混合C,MIXED,2024-06-28,20,-0.849985,-3.98556,-2.36417,-2.045567,-0.304691,14.08217,-6.253569,-8.69142,60.0,2,0,0.0,0.0,3.98556,0.0,0.0,357,-3.98556,357,-3.744924,-4.65047,0
016874,广发远见智选混合C,MIXED,2024-06-30,20,1.002582,-4.137832,-3.301338,-1.838045,-0.300086,14.039797,-6.253569,-8.69142,60.0,0,0,0.0,0.0,4.137832,0.0,0.0,358,-4.137832,358,-1.278388,-4.65047,0
016874,广发远见智选混合C,MIXED,2024-07-01,20,2.162327,-3.27278,-4.348446,-0.785993,-0.276272,14.571876,-6.253569,-8.69142,60.0,2,0,0.0,0.0,3.27278,0.0,0.0,359,-3.27278,359,-3.383515,-4.65047,0
016874,广发远见智选混合C,MIXED,2024-07-02,20,-0.435566,-5.354083,-4.987817,-1.696474,-0.24862,14.351613,-5.293524,-8.69142,65.0,0,2,0.0,0.0,5.354083,0.0,0.0,360,-5.354083,360,-2.820938,-3.833434,0
016874,广发远见智选混合C,MIXED,2024-07-03,20,0.319829,-4.990625,-4.935777,-2.068063,-0.237969,14.152709,-4.674797,-8.69142,65.0,0,3,0.0,0.0,4.990625,0.0,0.0,361,-4.990625,361,0.151814,-3.833434,0
016874,广发远见智选混合C,MIXED,2024-07-04,20,-2.06046,-5.458769,-5.045203,-2.911753,-0.246124,14.43872,-5.403835,-9.442359,65.0,0,4,0.0,0.0,5.458769,0.0,0.0,362,-5.458769,362,0.752457,-3.833434,0
016874,广发远见智选混合C,MIXED,2024-07-05,20,-1.985261,-5.331203,-5.09684,-2.570658,-0.245731,14.473651,-4.962055,-9.442359,60.0,2,0,0.0,0.0,5.331203,0.0,0.0,363,-5.331203,363,-0.705846,-3.833434,0
016874,广发远见智选混合C,MIXED,2024-07-08,20,-4.158593,-6.076541,-4.895725,-3.571455,-0.264787,14.935734,-6.158786,-10.582673,60.0,0,2,0.0,0.0,6.076541,0.0,0.0,364,-6.076541,364,-1.695179,-4.975947,0
016874,广发远见智选混合C,MIXED,2024-07-09,20,-1.523608,-4.645048,-4.0,-1.867789,-0.253303,16.273506,-6.158786,-10.582673,60.0,2,0,0.0,0.0,4.645048,0.0,0.0,365,-4.645048,365,-1.393995,-4.975947,0
016874,广发远见智选混合C,MIXED,2024-07-10,20,-1.472598,-4.3901,-4.544786,-2.220013,-0.2565,16.167562,-6.158786,-10.582673,60.0,0,2,0.0,0.0,4.3901,0.0,0.0,366,-4.3901,366,-0.231125,-4.975947,0
016874,广发远见智选混合C,MIXED,2024-07-11,20,2.149877,-2.090079,-2.348796,0.328042,-0.216313,18.8172,-6.158786,-10.582673,60.0,2,0,0.0,0.0,2.090079,0.0,0.0,367,-2.090079,367,-3.502706,-4.975947,0
016874,广发远见智选混合C,MIXED,2024-07-12,20,1.457726,-2.564103,-0.316599,-0.144226,-0.183395,18.901726,-6.158786,-10.582673,60.0,0,2,0.0,0.0,2.564103,0.0,0.0,368,-2.564103,368,-2.918935,-4.588679,0
016874,广发远见智选混合C,MIXED,2024-07-15,20,2.208398,-4.086398,-2.924668,-0.538021,-0.139428,18.514384,-5.690818,-10.582673,65.0,0,3,0.0,0.0,4.086398,0.0,0.0,369,-4.086398,369,-2.647596,-4.588679,0
016874,广发远见智选混合C,MIXED,2024-07-16,20,1.485907,-2.830742,-2.271721,0.410737,-0.085491,18.814778,-4.272741,-10.582673,60.0,2,0,0.0,0.0,2.830742,0.0,0.0,370,-2.830742,370,-3.109434,-4.588679,0
016874,广发远见智选混合C,MIXED,2024-07-17,20,0.862866,-2.545779,-2.632753,-0.65788,-0.068315,18.567257,-4.158593,-10.582673,60.0,0,2,0.0,0.0,2.545779,0.0,0.0,371,-2.545779,371,-3.406661,-4.18372,0
016874,广发远见智选混合C,MIXED,2024-07-18,20,-0.826819,-1.62541,-1.596062,0.19897,-0.038737,18.839035,-4.158593,-10.582673,55.0,2,0,0.0,0.0,1.62541,0.0,0.0,372,-1.62541,372,-4.107928,-4.18372,0
016874,广发远见智选混合C,MIXED,2024-07-19,20,-0.892317,-0.455719,-1.503081,-0.446646,-0.045667,17.821762,-4.158593,-10.582673,55.0,0,2,0.0,0.0,0.455719,0.0,0.0,373,-0.455719,373,-4.303373,-4.94164,0
016874,广发远见智选混合C,MIXED,2024-07-22,20,-0.197809,-0.121821,-2.511891,-0.349438,-0.054443,17.80501,-4.158593,-10.582673,50.0,2,0,0.0,0.0,0.121821,0.0,0.0,374,-0.121821,374,-4.28419,-4.94164,0
016874,广发远见智选混合C,MIXED,2024-07-23,20,-3.018868,-3.499549,-4.432545,-2.212211,-0.070412,18.414651,-4.23312,-10.652204,55.0,0,2,0.0,0.0,3.499549,0.0,0.0,375,-3.499549,375,-4.0,-6.502956,0
016874,广发远见智选混合C,MIXED,2024-07-24,20,-2.276199,-2.573865,-6.202346,-2.512992,-0.109289,17.888718,-4.65047,-11.04158,55.0,0,3,0.0,0.0,2.573865,0.0,0.0,376,-2.573865,376,-3.501641,-6.502956,0
016874,广发远见智选混合C,MIXED,2024-07-25,20,-2.986206,-3.744924,-7.594571,-2.281871,-0.123812,17.141961,-4.65047,-11.04158,55.0,2,0,0.0,0.0,3.744924,0.0,0.0,377,-3.744924,377,-4.03125,-6.897074,0
016874,广发远见智选混合C,MIXED,2024-07-26,20,0.167862,-1.278388,-4.897131,0.287233,-0.096702,19.727342,-4.65047,-11.04158,55.0,3,0,0.0,0.0,1.278388,0.0,0.0,378,-1.278388,378,-6.596587,-7.063817,0
016874,广发远见智选混合C,MIXED,2024-07-29,20,-1.173959,-3.383515,-8.108874,-0.79356,-0.071105,19.817721,-3.833434,-11.04158,60.0,0,2,0.0,0.0,3.383515,0.0,0.0,379,-3.383515,379,-4.211663,-7.063817,0
016874,广发远见智选混合C,MIXED,2024-07-30,20,0.264591,-2.820938,-8.650028,-1.264465,-0.068291,19.525022,-3.833434,-11.04158,60.0,0,3,0.0,0.0,2.820938,0.0,0.0,380,-2.820938,380,-4.31543,-7.063817,0
016874,广发远见智选混合C,MIXED,2024-07-31,20,3.126466,0.151814,-5.432913,1.103448,-0.037289,21.389499,-3.833434,-11.04158,55.0,2,0,0.0,0.151814,0.0,0.0,0.0,381,0.151814,381,-6.093679,-7.063817,0
016874,广发远见智选混合C,MIXED,2024-08-01,20,2.515625,0.752457,-7.448159,0.513983,-0.03254,21.066049,-3.833434,-11.04158,55.0,0,2,0.0,0.752457,0.0,0.0,0.0,382,0.752457,382,-4.389575,-6.553879,0
016874,广发远见智选混合C,MIXED,2024-08-02,20,-1.416819,-0.705846,-8.679086,-0.829866,-0.047439,21.656999,-3.833434,-11.04158,60.0,0,3,0.0,0.0,0.705846,0.0,0.0,383,-0.705846,383,-1.251739,-5.312741,0
016874,广发远见智选混合C,MIXED,2024-08-05,20,-2.483801,-1.695179,-10.996902,-3.047686,-0.115255,22.700666,-4.975947,-12.098456,60.0,0,4,0.0,0.0,1.695179,0.0,0.0,384,-1.695179,384,-1.439646,-5.312741,0
016874,广发远见智选混合C,MIXED,2024-08-06,20,-0.077616,-1.393995,-8.9662,-1.199512,-0.131458,23.016077,-4.975947,-12.098456,60.0,2,0,0.0,0.0,1.393995,0.0,0.0,385,-1.393995,385,-2.283673,-5.312741,0
016874,广发远见智选混合C,MIXED,2024-08-07,20,-1.849325,-0.231125,-8.338052,-0.604814,-0.146373,23.039732,-4.975947,-12.098456,55.0,3,0,0.0,0.0,0.231125,0.0,0.0,386,-0.231125,386,-3.567568,-5.312741,0
016874,广发远见智选混合C,MIXED,2024-08-08,20,-2.164304,-3.502706,-9.515083,-1.287917,-0.134183,21.224425,-4.588679,-12.098456,60.0,0,2,0.0,0.0,3.502706,0.0,0.0,387,-3.502706,387,-2.290076,-4.48668,0
016874,广发远见智选混合C,MIXED,2024-08-09,20,-0.803585,-2.918935,-9.78215,-1.141211,-0.126242,21.169477,-4.588679,-12.098456,55.0,0,0,0.0,0.0,2.918935,0.0,0.0,388,-2.918935,388,-3.442904,-4.48668,0
016874,广发远见智选混合C,MIXED,2024-08-12,20,1.218162,-2.647596,-11.027673,-1.332429,-0.12815,21.111365,-4.588679,-11.271757,55.0,0,2,0.0,0.0,2.647596,0.0,0.0,389,-2.647596,389,-4.345108,-4.658046,0
016874,广发远见智选混合C,MIXED,2024-08-13,20,-0.279633,-3.109434,-9.896126,-0.851084,-0.108495,20.898482,-4.18372,-11.084541,55.0,2,0,0.0,0.0,3.109434,0.0,0.0,390,-3.109434,390,-5.047515,-5.047515,0
016874,广发远见智选混合C,MIXED,2024-08-14,20,-2.34749,-3.406661,-11.056407,-2.16542,-0.124515,21.125552,-4.18372,-10.046962,55.0,0,2,0.0,0.0,3.406661,0.0,0.0,391,-3.406661,391,-3.68496,-4.694836,0
016874,广发远见智选混合C,MIXED,2024-08-15,20,-1.448824,-4.107928,-9.950178,-1.913356,-0.122294,20.849828,-4.18372,-10.046962,55.0,2,0,0.0,0.0,4.107928,0.0,0.0,392,-4.107928,392,-4.189061,-5.14867,0
016874,广发远见智选混合C,MIXED,2024-08-16,20,-2.305655,-4.303373,-10.221904,-2.553106,-0.136746,20.922055,-4.94164,-10.758503,55.0,0,2,0.0,0.0,4.303373,0.0,0.0,393,-4.303373,393,-3.715516,-5.508607,0
016874,广发远见智选混合C,MIXED,2024-08-19,20,-1.875586,-4.28419,-10.658887,-2.230874,-0.141623,20.92603,-4.94164,-10.465448,55.0,2,0,0.0,0.0,4.28419,0.0,0.0,394,-4.28419,394,-4.157375,-5.837246,0
016874,广发远见智选混合C,MIXED,2024-08-20,20,-3.910266,-4.0,-11.531842,-3.751326,-0.197438,20.611322,-6.502956,-11.936037,55.0,0,2,0.0,0.0,4.0,0.0,0.0,395,-4.0,395,-2.075227,-5.837246,0
016874,广发远见智选混合C,MIXED,2024-08-21,20,-2.372292,-3.501641,-11.383864,-3.504658,-0.253165,20.613196,-6.502956,-11.936037,50.0,2,0,0.0,0.0,3.501641,0.0,0.0,396,-3.501641,396,-2.284141,-5.837246,0
016874,广发远见智选混合C,MIXED,2024-08-22,20,-2.908631,-4.03125,-11.306859,-3.795248,-0.310089,20.628678,-6.897074,-12.307253,55.0,0,2,0.0,0.0,4.03125,0.0,0.0,397,-4.03125,397,-1.807229,-5.837246,0
016874,广发远见智选混合C,MIXED,2024-08-23,20,-2.232499,-6.596587,-11.606113,-3.640779,-0.323422,17.875298,-7.063817,-12.464306,60.0,0,3,0.0,0.0,6.596587,0.0,0.0,398,-6.596587,398,2.05513,-5.837246,1
016874,广发远见智选混合C,MIXED,2024-08-26,20,-1.099076,-4.211663,-10.481546,-2.205072,-0.329008,18.39727,-7.063817,-12.464306,55.0,2,0,0.0,0.0,4.211663,0.0,0.0,399,-4.211663,399,1.127396,-5.837246,0
016874,广发远见智选混合C,MIXED,2024-08-27,20,-0.064851,-4.31543,-11.993147,-2.700826,-0.348269,18.432914,-7.063817,-11.567864,55.0,0,2,0.0,0.0,4.31543,0.0,0.0,400,-4.31543,400,4.964309,-5.837246,1
016874,广发远见智选混合C,MIXED,2024-08-28,20,0.356391,-6.093679,-10.644743,-1.900238,-0.315587,15.910421,-6.553879,-10.990128,55.0,2,0,0.0,0.0,6.093679,0.0,0.0,401,-6.093679,401,8.587571,-5.837246,1
016874,广发远见智选混合C,MIXED,2024-08-29,20,2.132856,-4.389575,-8.928571,-0.438054,-0.264183,16.818287,-5.312741,-10.938408,50.0,3,0,0.0,0.0,4.389575,0.0,0.0,402,-4.389575,402,15.112386,-5.837246,1
016874,广发远见智选混合C,MIXED,2024-08-30,20,4.224433,-1.251739,-7.17606,1.484146,-0.20134,17.77299,-5.312741,-10.522475,45.0,4,0,0.0,0.0,1.251739,0.0,0.0,403,-1.251739,403,19.107981,-5.837246,1
016874,广发远见智选混合C,MIXED,2024-09-02,20,0.338219,-1.439646,-8.997955,-0.985378,-0.210459,18.095936,-5.312741,-10.522475,45.0,0,2,0.0,0.0,1.439646,0.0,0.0,404,-1.439646,404,12.712681,-7.738799,1
016874,广发远见智选混合C,MIXED,2024-09-03,20,2.044127,-2.283673,-8.121531,0.085128,-0.174731,17.11898,-5.312741,-10.522475,45.0,2,0,0.0,0.0,2.283673,0.0,0.0,405,-2.283673,405,12.559618,-7.738799,1
016874,广发远见智选混合C,MIXED,2024-09-04,20,0.79096,-3.567568,-8.014143,-0.463885,-0.136398,17.044633,-4.48668,-10.522475,50.0,0,2,0.0,0.0,3.567568,0.0,0.0,406,-3.567568,406,9.657271,-10.038103,0
016874,广发远见智选混合C,MIXED,2024-09-05,20,-0.015941,-2.290076,-7.68325,0.099749,-0.100043,16.978007,-4.48668,-10.522475,45.0,2,0,0.0,0.0,2.290076,0.0,0.0,407,-2.290076,407,13.042092,-10.038103,0
016874,广发远见智选混合C,MIXED,2024-09-06,20,-3.004695,-3.442904,-8.664898,-0.906518,-0.077007,17.387923,-4.48668,-10.522475,50.0,0,2,0.0,0.0,3.442904,0.0,0.0,408,-3.442904,408,11.858664,-10.038103,0
016874,广发远见智选混合C,MIXED,2024-09-09,20,-1.76565,-4.345108,-10.683012,-1.935649,-0.071757,17.809209,-4.658046,-10.237606,50.0,0,3,0.0,0.0,4.345108,0.0,0.0,409,-4.345108,409,13.660131,-10.038103,0
016874,广发远见智选混合C,MIXED,2024-09-10,20,-3.100159,-5.047515,-10.604283,-2.082061,-0.060203,17.702361,-4.616588,-9.260086,55.0,0,4,0.0,0.0,5.047515,0.0,0.0,410,-5.047515,410,13.88023,-10.038103,0
016874,广发远见智选混合C,MIXED,2024-09-11,20,-2.466368,-3.68496,-9.334524,-1.978931,-0.066257,17.086476,-4.694836,-9.226412,55.0,0,5,0.0,0.0,3.68496,0.0,0.0,411,-3.68496,411,18.357964,-10.038103,0
016874,广发远见智选混合C,MIXED,2024-09-12,20,-3.364158,-4.189061,-9.618252,-2.237205,-0.072621,17.094297,-5.14867,-9.658667,60.0,0,6,0.0,0.0,4.189061,0.0,0.0,412,-4.189061,412,20.871143,-10.038103,0
016874,广发远见智选混合C,MIXED,2024-09-13,20,-2.581478,-3.715516,-8.2789,-2.424835,-0.091894,16.930628,-5.508607,-10.001491,60.0,0,7,0.0,0.0,3.715516,0.0,0.0,413,-3.715516,413,21.994038,-10.038103,0
016874,广发远见智选混合C,MIXED,2024-09-18,20,-1.683007,-4.157375,-8.375209,-2.558704,-0.10866,16.90285,-5.837246,-10.314503,65.0,0,8,0.0,0.0,4.157375,0.0,0.0,414,-4.157375,414,22.619245,-10.038103,0
016874,广发远见智选混合C,MIXED,2024-09-19,20,-0.902379,-2.075227,-9.282067,-2.084752,-0.141829,15.987719,-5.837246,-10.314503,60.0,2,0,0.0,0.0,2.075227,0.0,0.0,415,-2.075227,415,20.927152,-10.038103,0
016874,广发远见智选混合C,MIXED,2024-09-20,20,-0.952381,-2.284141,-8.132805,-2.102555,-0.172535,15.973611,-5.837246,-10.314503,65.0,0,2,0.0,0.0,2.284141,0.0,0.0,416,-2.284141,416,22.894562,-10.038103,0
016874,广发远见智选混合C,MIXED,2024-09-23,20,-0.494968,-1.807229,-9.294631,-2.030539,-0.208001,15.908612,-5.837246,-10.314503,65.0,0,3,0.0,0.0,1.807229,0.0,0.0,417,-1.807229,417,24.224838,-10.038103,0
016874,广发远见智选混合C,MIXED,2024-09-24,20,3.627029,2.05513,-5.895623,1.536764,-0.190779,20.92069,-5.837246,-10.314503,60.0,2,0,0.0,2.05513,0.0,0.0,0.0,418,2.05513,418,17.372543,-10.038103,0
016874,广发远见智选混合C,MIXED,2024-09-25,20,4.354329,1.127396,-6.409301,1.835934,-0.151673,20.493193,-5.837246,-9.546001,60.0,3,0,0.0,1.127396,0.0,0.0,0.0,419,1.127396,419,16.881669,-10.038103,0
016874,广发远见智选混合C,MIXED,2024-09-26,20,7.119205,4.964309,-2.398552,4.673925,-0.081451,22.802051,-5.837246,-9.546001,55.0,4,0,0.0,4.964309,0.0,0.0,0.0,420,4.964309,420,13.972179,-10.038103,0
016874,广发远见智选混合C,MIXED,2024-09-27,20,11.521883,8.587571,2.125399,8.365417,0.048061,26.356249,-5.837246,-9.546001,55.0,5,0,0.0,8.587571,0.0,0.0,0.0,421,8.587571,421,7.046232,-10.038103,0
016874,广发远见智选混合C,MIXED,2024-09-30,20,19.731388,15.112386,10.887592,15.441799,0.295602,35.994656,-5.837246,-9.546001,55.0,6,0,0.0,15.112386,0.0,0.0,0.0,422,15.112386,422,1.38485,-10.038103,0
016874,广发远见智选混合C,MIXED,2024-10-08,20,21.639763,19.107981,16.786865,20.500621,0.633142,39.491875,-4.340223,-9.546001,55.0,7,0,0.0,19.107981,0.0,0.0,0.0,423,19.107981,423,-0.748916,-10.038103,0
016874,广发远见智选混合C,MIXED,2024-10-09,20,11.833094,12.712681,9.206843,10.482634,0.766448,48.769957,-7.738799,-9.546001,55.0,0,2,0.0,12.712681,0.0,0.0,0.0,424,12.712681,424,6.892623,-3.884143,1
016874,广发远见智选混合C,MIXED,2024-10-10,20,9.42813,12.559618,8.455882,10.707165,0.907264,48.760524,-7.738799,-9.546001,55.0,2,0,0.0,12.559618,0.0,0.0,0.0,425,12.559618,425,6.864407,-3.884143,1
016874,广发远见智选混合C,MIXED,2024-10-11,20,1.783856,9.657271,5.50077,6.561459,0.966278,50.528444,-10.038103,-10.038103,55.0,0,2,0.0,9.657271,0.0,0.0,0.0,426,9.657271,426,9.551628,-3.884143,1
016874,广发远见智选混合C,MIXED,2024-10-14,20,-1.814153,13.042092,6.584486,9.645392,1.069536,51.664088,-10.038103,-10.038103,55.0,2,0,0.0,13.042092,0.0,0.0,0.0,427,13.042092,427,8.434415,-3.884143,1
016874,广发远见智选混合C,MIXED,2024-10-15,20,-8.908159,11.858664,4.854809,6.611513,1.100872,52.280929,-10.038103,-10.038103,55.0,0,2,0.0,11.858664,0.0,0.0,0.0,428,11.858664,428,9.44757,-3.884143,1
016874,广发远见智选混合C,MIXED,2024-10-16,20,-0.939903,13.660131,5.84297,6.282039,1.100297,51.828523,-10.038103,-10.038103,50.0,2,0,0.0,13.660131,0.0,0.0,0.0,429,13.660131,429,8.941921,-3.884143,1
016874,广发远见智选混合C,MIXED,2024-10-17,20,-1.963277,13.88023,4.769811,5.371822,1.071316,51.77866,-10.038103,-10.038103,50.0,0,2,0.0,13.88023,0.0,0.0,0.0,430,13.88023,430,5.964558,-4.331426,1
016874,广发远见智选混合C,MIXED,2024-10-18,20,5.272382,18.357964,10.113046,8.504377,1.077648,52.855838,-10.038103,-10.038103,45.0,2,0,0.0,18.357964,0.0,0.0,0.0,431,18.357964,431,-0.388457,-6.6077,0
016874,广发远见智选混合C,MIXED,2024-10-21,20,3.328632,20.871143,11.050477,9.240565,1.075927,52.658505,-10.038103,-10.038103,40.0,3,0,0.0,20.871143,0.0,0.0,0.0,432,20.871143,432,-4.108654,-8.623829,0
016874,广发远见智选混合C,MIXED,2024-10-22,20,6.245493,21.994038,12.406531,8.76017,1.048726,52.437861,-10.038103,-10.038103,35.0,4,0,0.0,21.994038,0.0,0.0,0.0,433,21.994038,433,-2.14499,-8.623829,0
016874,广发远见智选混合C,MIXED,2024-10-23,20,6.066705,22.619245,12.48666,7.853671,0.990273,52.288298,-10.038103,-10.038103,30.0,5,0,0.0,22.619245,0.0,0.0,0.0,434,22.619245,434,-1.70778,-8.623829,0
016874,广发远见智选混合C,MIXED,2024-10-24,20,5.229794,20.927152,13.680934,5.794509,0.893931,52.761299,-10.038103,-10.038103,35.0,0,2,0.0,20.927152,0.0,0.0,0.0,435,20.927152,435,-0.684556,-8.623829,0
016874,广发远见智选混合C,MIXED,2024-10-25,20,2.844062,22.894562,15.882445,6.310053,0.791927,52.610807,-10.038103,-10.038103,30.0,2,0,0.0,22.894562,0.0,0.0,0.0,436,22.894562,436,-5.153109,-8.623829,0
016874,广发远见智选混合C,MIXED,2024-10-28,20,2.265902,24.224838,17.0625,6.329078,0.67785,52.449313,-10.038103,-10.038103,25.0,3,0,0.0,24.224838,0.0,0.0,0.0,437,24.224838,437,-6.727176,-9.105099,0
016874,广发远见智选混合C,MIXED,2024-10-29,20,-0.29867,17.372543,11.882998,3.430793,0.557143,52.613458,-10.038103,-10.038103,30.0,0,2,0.0,17.372543,0.0,0.0,0.0,438,17.372543,438,-5.133442,-9.378252,0
016874,广发远见智选混合C,MIXED,2024-10-30,20,-0.528599,16.881669,13.221228,2.59457,0.41936,52.687909,-10.038103,-10.038103,35.0,0,3,0.0,16.881669,0.0,0.0,0.0,439,16.881669,439,-3.297452,-9.378252,0
016874,广发远见智选混合C,MIXED,2024-10-31,20,0.958379,13.972179,14.467557,2.436585,0.310608,52.04604,-10.038103,-10.038103,35.0,2,0,0.0,13.972179,0.0,0.0,0.0,440,13.972179,440,-3.39029,-9.378252,0
016874,广发远见智选混合C,MIXED,2024-11-01,20,-2.859841,7.046232,9.155677,-0.29492,0.206961,51.619591,-10.038103,-10.038103,40.0,0,2,0.0,7.046232,0.0,0.0,0.0,441,7.046232,441,0.569365,-9.378252,0
016874,广发远见智选混合C,MIXED,2024-11-04,20,-2.282435,1.38485,11.5836,1.296473,0.226044,44.985783,-10.038103,-10.038103,40.0,2,0,0.0,1.38485,0.0,0.0,0.0,442,1.38485,442,0.655648,-9.378252,0
016874,广发远见智选混合C,MIXED,2024-11-05,20,2.859477,-0.748916,16.736208,4.561593,0.374595,42.121732,-3.884143,-10.038103,40.0,3,0,0.0,0.0,0.748916,0.0,0.0,443,-0.748916,443,-3.891978,-9.378252,0
016874,广发远见智选混合C,MIXED,2024-11-06,20,2.275514,6.892623,18.747034,3.550316,0.384733,30.862053,-3.884143,-10.038103,40.0,0,2,0.0,6.892623,0.0,0.0,0.0,444,6.892623,444,-4.38316,-9.378252,0
016874,广发远见智选混合C,MIXED,2024-11-07,20,2.603743,6.864407,17.539226,4.029314,0.409169,30.856773,-3.884143,-10.038103,40.0,2,0,0.0,6.864407,0.0,0.0,0.0,445,6.864407,445,-3.766852,-9.378252,0
016874,广发远见智选混合C,MIXED,2024-11-08,20,4.166088,9.551628,15.84556,2.673958,0.359872,28.138214,-3.884143,-10.038103,40.0,0,2,0.0,9.551628,0.0,0.0,0.0,446,9.551628,446,-3.066258,-9.378252,0
016874,广发远见智选混合C,MIXED,2024-11-11,20,5.012976,8.434415,19.769434,4.804684,0.386448,26.82568,-3.884143,-10.038103,40.0,2,0,0.0,8.434415,0.0,0.0,0.0,447,8.434415,447,-4.851717,-9.378252,0
016874,广发远见智选混合C,MIXED,2024-11-12,20,0.450093,9.44757,18.211559,2.981692,0.347414,25.812944,-3.884143,-10.038103,40.0,0,2,0.0,9.44757,0.0,0.0,0.0,448,9.44757,448,-1.752768,-8.183975,0
016874,广发远见智选混合C,MIXED,2024-11-13,20,0.959233,8.941921,18.443264,2.413709,0.298459,25.896953,-3.884143,-10.038103,45.0,0,3,0.0,8.941921,0.0,0.0,0.0,449,8.941921,449,0.673001,-8.062813,0
016874,广发远见智选混合C,MIXED,2024-11-14,20,-2.788792,5.964558,14.581711,-0.877347,0.191534,28.494025,-4.331426,-10.038103,45.0,0,4,0.0,5.964558,0.0,0.0,0.0,450,5.964558,450,2.583277,-5.275323,1
016874,广发远见智选混合C,MIXED,2024-11-15,20,-4.279429,-0.388457,13.553693,-3.217545,0.100194,26.748063,-6.6077,-10.038103,50.0,0,5,0.0,0.0,0.388457,0.0,0.0,451,-0.388457,451,4.108635,-3.956438,1
016874,广发远见智选混合C,MIXED,2024-11-18,20,-8.623829,-4.108654,11.049636,-5.114369,0.004661,27.047514,-8.623829,-10.038103,55.0,0,6,0.0,0.0,4.108654,0.0,0.0,452,-4.108654,452,3.957295,-4.273168,1
016874,广发远见智选混合C,MIXED,2024-11-19,20,-5.007907,-2.14499,14.941796,-2.53862,-0.041164,28.731471,-8.623829,-10.038103,55.0,2,0,0.0,0.0,2.14499,0.0,0.0,453,-2.14499,453,-1.456715,-6.894744,0
016874,广发远见智选混合C,MIXED,2024-11-20,20,-4.301927,-1.70778,15.514495,-1.860084,-0.072782,28.828053,-8.623829,-10.038103,55.0,3,0,0.0,0.0,1.70778,0.0,0.0,454,-1.70778,454,-0.261997,-6.894744,0
016874,广发远见智选混合C,MIXED,2024-11-21,20,-1.373215,-0.684556,17.607004,-1.799796,-0.117266,28.617224,-8.623829,-10.038103,50.0,4,0,0.0,0.0,0.684556,0.0,0.0,455,-0.684556,455,0.0,-6.894744,0
016874,广发远见智选混合C,MIXED,2024-11-22,20,-2.075209,-5.153109,13.899239,-4.57189,-0.181004,29.977193,-8.623829,-10.038103,55.0,0,2,0.0,0.0,5.153109,0.0,0.0,456,-5.153109,456,5.105959,-6.894744,1
016874,广发远见智选混合C,MIXED,2024-11-25,20,-0.52669,-6.727176,13.774015,-4.83,-0.228831,29.591627,-9.105099,-10.038103,60.0,0,3,0.0,0.0,6.727176,0.0,0.0,457,-6.727176,457,1.903263,-6.894744,0
016874,广发远见智选混合C,MIXED,2024-11-26,20,-3.343507,-5.133442,13.635622,-4.871788,-0.302403,28.947444,-9.378252,-10.038103,60.0,0,4,0.0,0.0,5.133442,0.0,0.0,458,-5.133442,458,3.94718,-6.894744,1
016874,广发远见智选混合C,MIXED,2024-11-27,20,-2.137341,-3.297452,14.30182,-2.93639,-0.343933,29.90453,-9.378252,-10.038103,55.0,2,0,0.0,0.0,3.297452,0.0,0.0,459,-3.297452,459,1.127237,-6.894744,0
016874,广发远见智选混合C,MIXED,2024-11-28,20,-1.792115,-3.39029,15.574302,-2.400263,-0.367782,29.879631,-9.378252,-10.038103,55.0,3,0,0.0,0.0,3.39029,0.0,0.0,460,-3.39029,460,2.877597,-6.894744,1
016874,广发远见智选混合C,MIXED,2024-11-29,20,3.000996,0.569365,16.900726,-0.811505,-0.400107,29.360892,-9.378252,-10.038103,50.0,4,0,0.0,0.569365,0.0,0.0,0.0,461,0.569365,461,0.566142,-6.894744,0
016874,广发远见智选混合C,MIXED,2024-12-02,20,5.452204,0.655648,17.471704,0.894758,-0.382454,29.426353,-9.378252,-10.038103,50.0,5,0,0.0,0.655648,0.0,0.0,0.0,462,0.655648,462,-1.153481,-6.894744,0
016874,广发远见智选混合C,MIXED,2024-12-03,20,4.20554,-3.891978,13.615023,-0.397177,-0.337549,27.42689,-9.378252,-10.038103,55.0,0,2,0.0,0.0,3.891978,0.0,0.0,463,-3.891978,463,-1.570248,-6.894744,0
016874,广发远见智选混合C,MIXED,2024-12-04,20,1.127237,-4.38316,15.200642,-1.313166,-0.313179,27.596443,-9.378252,-10.038103,55.0,0,3,0.0,0.0,4.38316,0.0,0.0,464,-4.38316,464,-3.135015,-8.874033,0
016874,广发远见智选混合C,MIXED,2024-12-05,20,2.203818,-3.766852,15.755167,0.313436,-0.248273,28.004805,-9.378252,-10.038103,55.0,2,0,0.0,0.0,3.766852,0.0,0.0,465,-3.766852,465,-7.073204,-11.312099,0
016874,广发远见智选混合C,MIXED,2024-12-06,20,0.400442,-3.066258,16.44779,0.334633,-0.193263,27.888586,-9.378252,-10.038103,55.0,0,2,0.0,0.0,3.066258,0.0,0.0,466,-3.066258,466,-8.623298,-12.91126,0
016874,广发远见智选混合C,MIXED,2024-12-09,20,-0.7328,-4.851717,16.629464,1.202252,-0.083883,26.282689,-8.183975,-10.038103,55.0,2,0,0.0,0.0,4.851717,0.0,0.0,467,-4.851717,467,-6.725906,-12.91126,0
016874,广发远见智选混合C,MIXED,2024-12-10,20,2.68595,-1.752768,20.280736,3.234115,0.039617,27.020959,-8.062813,-10.038103,50.0,3,0,0.0,0.0,1.752768,0.0,0.0,468,-1.752768,468,-8.195842,-12.91126,0
016874,广发远见智选混合C,MIXED,2024-12-11,20,6.297896,0.673001,24.656863,5.606312,0.198128,28.337229,-5.275323,-10.038103,45.0,4,0,0.0,0.673001,0.0,0.0,0.0,469,0.673001,469,-8.467689,-12.91126,0
016874,广发远见智选混合C,MIXED,2024-12-12,20,3.625876,2.583277,23.789992,4.306352,0.289859,26.449832,-3.956438,-10.038103,45.0,0,2,0.0,2.583277,0.0,0.0,0.0,470,2.583277,470,-8.031809,-11.941683,0
016874,广发远见智选混合C,MIXED,2024-12-13,20,2.805666,4.108635,22.7422,3.128341,0.325212,25.081961,-3.956438,-10.038103,45.0,0,3,0.0,4.108635,0.0,0.0,0.0,471,4.108635,471,-7.919732,-11.117057,0
016874,广发远见智选混合C,MIXED,2024-12-16,20,-0.164046,3.957295,20.491668,0.562506,0.28682,25.264786,-4.273168,-10.038103,45.0,0,4,0.0,3.957295,0.0,0.0,0.0,472,3.957295,472,-0.944817,-10.094723,0
016874,广发远见智选混合C,MIXED,2024-12-17,20,-4.721663,-1.456715,17.638291,-2.12074,0.243916,25.653132,-6.894744,-10.038103,50.0,0,5,0.0,0.0,1.456715,0.0,0.0,473,-1.456715,473,2.900183,-10.094723,0
016874,广发远见智选混合C,MIXED,2024-12-18,20,-5.19072,-0.261997,20.209407,-0.316292,0.238176,26.430134,-6.894744,-10.038103,50.0,2,0,0.0,0.0,0.261997,0.0,0.0,474,-0.261997,474,0.483893,-10.094723,0
016874,广发远见智选混合C,MIXED,2024-12-19,20,-3.856859,0.0,20.099338,-0.026874,0.237368,26.450208,-6.894744,-10.038103,50.0,3,0,0.0,0.0,0.0,0.0,0.0,475,0.0,475,2.288393,-10.094723,0
016874,广发远见智选混合C,MIXED,2024-12-20,20,-1.137124,5.105959,22.513263,1.596118,0.214279,24.554236,-6.894744,-10.038103,45.0,4,0,0.0,5.105959,0.0,0.0,0.0,476,5.105959,476,0.635995,-10.094723,0
016874,广发远见智选混合C,MIXED,2024-12-23,20,-2.492127,1.903263,18.073288,-2.191455,0.122078,28.081057,-6.894744,-10.038103,45.0,0,2,0.0,1.903263,0.0,0.0,0.0,477,1.903263,477,7.906193,-9.346432,0
016874,广发远见智选混合C,MIXED,2024-12-24,20,1.95692,3.94718,15.742369,-0.716998,0.046426,28.586624,-6.894744,-10.038103,40.0,2,0,0.0,3.94718,0.0,0.0,0.0,478,3.94718,478,5.233361,-9.346432,0
016874,广发远见智选混合C,MIXED,2024-12-25,20,-0.774229,1.127237,14.30164,-1.662031,-0.019244,28.142049,-6.894744,-10.038103,45.0,0,2,0.0,1.127237,0.0,0.0,0.0,479,1.127237,479,5.057824,-9.346432,0
016874,广发远见智选混合C,MIXED,2024-12-26,20,1.033912,2.877597,13.276662,0.279809,-0.050873,29.056301,-6.894744,-10.038103,45.0,2,0,0.0,2.877597,0.0,0.0,0.0,480,2.877597,480,7.095102,-9.346432,0
016874,广发远见智选混合C,MIXED,2024-12-27,20,-1.447903,0.566142,8.2652,-0.377534,-0.070225,28.621924,-6.894744,-10.038103,50.0,0,2,0.0,0.566142,0.0,0.0,0.0,481,0.566142,481,5.629548,-8.786381,0
016874,广发远见智选混合C,MIXED,2024-12-30,20,2.289004,-1.153481,0.872455,-0.305898,-0.062846,27.900532,-6.894744,-10.038103,50.0,2,0,0.0,0.0,1.153481,0.0,0.0,482,-1.153481,482,8.951126,-8.786381,0
016874,广发远见智选混合C,MIXED,2024-12-31,20,-1.325601,-1.570248,-6.109578,-2.118305,-0.104296,28.221197,-6.894744,-9.378252,50.0,0,2,0.0,0.0,1.570248,0.0,0.0,483,-1.570248,483,16.764624,-7.024909,1
016874,广发远见智选混合C,MIXED,2025-01-02,20,-3.135015,-3.135015,-0.996867,-4.628639,-0.199569,29.53888,-8.874033,-9.573361,50.0,0,3,0.0,0.0,3.135015,0.0,0.0,484,-3.135015,484,20.814154,-4.43038,1
016874,广发远见智选混合C,MIXED,2025-01-03,20,-7.681812,-7.073204,-4.435028,-6.851239,-0.305041,30.211788,-11.312099,-11.992716,55.0,0,4,0.0,0.0,7.073204,0.0,0.0,485,-7.073204,485,25.096069,-1.987514,1
016874,广发远见智选混合C,MIXED,2025-01-06,20,-8.773857,-8.623298,-2.964802,-8.134342,-0.427156,30.632828,-12.91126,-13.579605,55.0,0,5,0.0,0.0,8.623298,0.0,0.0,486,-8.623298,486,25.948224,-1.987514,1
016874,广发远见智选混合C,MIXED,2025-01-07,20,-6.32894,-6.725906,-3.765867,-5.337348,-0.491621,32.416592,-12.91126,-13.579605,55.0,2,0,0.0,0.0,6.725906,0.0,0.0,487,-6.725906,487,24.989008,-1.987514,1
016874,广发远见智选混合C,MIXED,2025-01-08,20,-4.22614,-8.195842,-1.283716,-4.641815,-0.511701,31.429911,-12.91126,-13.579605,55.0,3,0,0.0,0.0,8.195842,0.0,0.0,488,-8.195842,488,20.908825,-2.966698,1
016874,广发远见智选混合C,MIXED,2025-01-09,20,0.445915,-8.467689,0.388154,-2.265268,-0.452979,31.095911,-11.941683,-13.579605,55.0,4,0,0.0,0.0,8.467689,0.0,0.0,489,-8.467689,489,19.461549,-2.966698,1
016874,广发远见智选混合C,MIXED,2025-01-10,20,2.556902,-8.031809,-0.028814,-2.467479,-0.407436,31.004533,-11.117057,-13.579605,55.0,0,2,0.0,0.0,8.031809,0.0,0.0,490,-8.031809,490,21.919585,-2.966698,1
016874,广发远见智选混合C,MIXED,2025-01-13,20,3.597231,-7.919732,-4.508879,-2.850408,-0.375497,30.980206,-10.094723,-13.579605,55.0,0,3,0.0,0.0,7.919732,0.0,0.0,491,-7.919732,491,20.81941,-2.966698,1
016874,广发远见智选混合C,MIXED,2025-01-14,20,6.023743,-0.944817,-1.255801,2.153499,-0.296993,35.712687,-10.094723,-13.579605,50.0,2,0,0.0,0.0,0.944817,0.0,0.0,492,-0.944817,492,19.850705,-2.966698,1
016874,广发远见智选混合C,MIXED,2025-01-15,20,6.794272,2.900183,-0.773826,3.062692,-0.245948,34.395967,-10.094723,-13.579605,45.0,3,0,0.0,2.900183,0.0,0.0,0.0,493,2.900183,493,17.964154,-2.966698,1
016874,广发远见智选混合C,MIXED,2025-01-16,20,4.08134,0.483893,-1.490919,2.459276,-0.178972,33.904553,-10.094723,-13.579605,50.0,0,2,0.0,0.483893,0.0,0.0,0.0,494,0.483893,494,24.504678,-2.966698,1
016874,广发远见智选混合C,MIXED,2025-01-17,20,6.931835,2.288393,1.588171,4.479819,-0.077423,34.67098,-10.094723,-13.579605,50.0,2,0,0.0,2.288393,0.0,0.0,0.0,495,2.288393,495,20.161725,-2.966698,1
016874,广发远见智选混合C,MIXED,2025-01-20,20,8.048816,0.635995,0.323756,4.684553,0.05404,34.062929,-9.346432,-13.579605,50.0,3,0,0.0,0.635995,0.0,0.0,0.0,496,0.635995,496,19.281969,-2.966698,1
016874,广发远见智选混合C,MIXED,2025-01-21,20,6.220625,7.906193,2.562734,7.734477,0.173677,32.997559,-9.346432,-13.579605,45.0,4,0,0.0,7.906193,0.0,0.0,0.0,497,7.906193,497,16.866216,-2.966698,1
016874,广发远见智选混合C,MIXED,2025-01-22,20,4.26871,5.233361,3.771786,6.568037,0.295041,32.895021,-9.346432,-13.579605,50.0,0,2,0.0,5.233361,0.0,0.0,0.0,498,5.233361,498,15.824695,-2.966698,1
016874,广发远见智选混合C,MIXED,2025-01-23,20,3.742433,5.057824,2.738793,5.168458,0.377405,32.978341,-9.346432,-13.579605,50.0,0,3,0.0,5.057824,0.0,0.0,0.0,499,5.057824,499,10.265252,-8.122444,0
016874,广发远见智选混合C,MIXED,2025-01-24,20,5.781671,7.095102,6.441551,9.082823,0.54597,35.131046,-8.786381,-13.579605,50.0,2,0,0.0,7.095102,0.0,0.0,0.0,500,7.095102,500,4.064212,-9.735882,0
016874,广发远见智选混合C,MIXED,2025-01-27,20,3.442248,5.629548,6.832384,6.611049,0.662078,35.963112,-8.786381,-13.579605,50.0,0,2,0.0,5.629548,0.0,0.0,0.0,501,5.629548,501,7.877291,-9.735882,0
016874,广发远见智选混合C,MIXED,2025-02-05,20,3.279542,8.951126,8.400492,9.483966,0.815833,37.339377,-7.024909,-13.579605,50.0,2,0,0.0,8.951126,0.0,0.0,0.0,502,8.951126,502,7.447077,-9.735882,0
016874,广发远见智选混合C,MIXED,2025-02-06,20,9.486944,16.764624,10.458035,14.169215,1.001117,39.740825,-4.43038,-13.579605,45.0,3,0,0.0,16.764624,0.0,0.0,0.0,503,16.764624,503,4.721956,-9.735882,0
016874,广发远见智选混合C,MIXED,2025-02-07,20,11.392573,20.814154,11.897149,13.795253,1.126129,37.517163,-1.987514,-13.579605,40.0,4,0,0.0,20.814154,0.0,0.0,0.0,504,20.814154,504,3.548041,-9.735882,0
016874,广发远见智选混合C,MIXED,2025-02-10,20,7.835393,25.096069,11.868887,13.37182,1.190568,34.976295,-1.987514,-13.579605,35.0,5,0,0.0,25.096069,0.0,0.0,0.0,505,25.096069,505,1.299622,-9.735882,0
016874,广发远见智选混合C,MIXED,2025-02-11,20,8.77421,25.948224,11.558459,10.806552,1.175863,34.301678,-1.987514,-13.579605,35.0,0,2,0.0,25.948224,0.0,0.0,0.0,506,25.948224,506,3.513384,-9.735882,0
016874,广发远见智选混合C,MIXED,2025-02-12,20,7.459677,24.989008,10.926119,11.664692,1.194625,33.954966,-1.987514,-12.91126,35.0,2,0,0.0,24.989008,0.0,0.0,0.0,507,24.989008,507,1.594747,-9.735882,0
016874,广发远见智选混合C,MIXED,2025-02-13,20,-0.826942,20.908825,9.053769,7.346245,1.139285,36.885971,-2.966698,-12.91126,40.0,0,2,0.0,20.908825,0.0,0.0,0.0,508,20.908825,508,1.969789,-9.735882,0
016874,广发远见智选混合C,MIXED,2025-02-14,20,-0.678652,19.461549,10.081816,7.26984,1.098324,36.678234,-2.966698,-12.91126,40.0,2,0,0.0,19.461549,0.0,0.0,0.0,509,19.461549,509,2.72117,-9.735882,0
016874,广发远见智选混合C,MIXED,2025-02-17,20,-0.047259,21.919585,15.023793,7.733646,1.043576,36.249132,-2.966698,-12.91126,35.0,3,0,0.0,21.919585,0.0,0.0,0.0,510,21.919585,510,1.241135,-9.735882,0
016874,广发远见智选混合C,MIXED,2025-02-18,20,-0.621415,20.81941,15.821727,4.942361,0.924447,36.979484,-2.966698,-12.91126,35.0,0,2,0.0,20.81941,0.0,0.0,0.0,511,20.81941,511,4.389129,-9.735882,0
016874,广发远见智选混合C,MIXED,2025-02-19,20,1.665103,19.850705,23.41637,8.427181,0.913043,35.836391,-2.966698,-12.91126,35.0,2,0,0.0,19.850705,0.0,0.0,0.0,512,19.850705,512,-2.029988,-9.735882,0
016874,广发远见智选混合C,MIXED,2025-02-20,20,4.193353,17.964154,19.617092,6.94882,0.881928,36.218186,-2.966698,-12.91126,40.0,0,2,0.0,17.964154,0.0,0.0,0.0,513,17.964154,513,-2.899559,-9.735882,0
016874,广发远见智选混合C,MIXED,2025-02-21,20,8.475186,24.504678,24.779371,11.019096,0.891544,38.572584,-2.966698,-12.91126,35.0,2,0,0.0,24.504678,0.0,0.0,0.0,514,24.504678,514,-10.631009,-10.631009,0
016874,广发远见智选混合C,MIXED,2025-02-24,20,5.390071,20.161725,22.911497,8.39265,0.876033,39.456039,-2.966698,-12.91126,40.0,0,2,0.0,20.161725,0.0,0.0,0.0,515,20.161725,515,-9.387618,-10.033408,0
016874,广发远见智选混合C,MIXED,2025-02-25,20,6.673882,19.281969,26.169819,6.913653,0.829498,39.71934,-2.966698,-12.91126,45.0,0,3,0.0,19.281969,0.0,0.0,0.0,516,19.281969,516,-11.486867,-12.561247,0
016874,广发远见智选混合C,MIXED,2025-02-26,20,3.575548,16.866216,28.50601,7.38865,0.823879,38.719823,-2.966698,-12.91126,45.0,2,0,0.0,16.866216,0.0,0.0,0.0,517,16.866216,517,-12.060134,-12.561247,0
016874,广发远见智选混合C,MIXED,2025-02-27,20,2.377639,15.824695,26.697287,4.803234,0.757883,39.335591,-2.966698,-12.91126,45.0,0,2,0.0,15.824695,0.0,0.0,0.0,518,15.824695,518,-9.810808,-11.045655,0
016874,广发远见智选混合C,MIXED,2025-02-28,20,-8.122444,10.265252,17.148091,-1.739125,0.571431,45.40727,-8.122444,-12.91126,45.0,0,3,0.0,10.265252,0.0,0.0,0.0,519,10.265252,519,-5.424585,-10.13962,0
016874,广发远见智选混合C,MIXED,2025-03-03,20,-8.389412,4.064212,14.654688,-3.646294,0.406934,44.037729,-9.735882,-12.91126,50.0,0,4,0.0,4.064212,0.0,0.0,0.0,520,4.064212,520,-4.68903,-10.906386,0
016874,广发远见智选混合C,MIXED,2025-03-04,20,-6.447977,7.877291,14.595416,-2.449632,0.230052,43.474409,-9.735882,-12.91126,45.0,2,0,0.0,7.877291,0.0,0.0,0.0,521,7.877291,521,-6.386312,-11.089494,0
016874,广发远见智选混合C,MIXED,2025-03-05,20,-5.044543,7.447077,15.71448,-0.116552,0.126852,43.153442,-9.735882,-12.91126,45.0,3,0,0.0,7.447077,0.0,0.0,0.0,522,7.447077,522,-8.033306,-11.089494,0
016874,广发远见智选混合C,MIXED,2025-03-06,20,-1.00827,4.721956,20.358127,2.119404,0.124522,40.200548,-9.735882,-12.91126,45.0,4,0,0.0,4.721956,0.0,0.0,0.0,523,4.721956,523,-11.547265,-11.547265,0
016874,广发远见智选混合C,MIXED,2025-03-07,20,4.606688,3.548041,21.178766,1.463563,0.118656,40.252012,-9.735882,-12.91126,50.0,0,2,0.0,3.548041,0.0,0.0,0.0,524,3.548041,524,-22.559503,-22.559503,0
016874,广发远见智选混合C,MIXED,2025-03-10,20,4.970617,1.299622,17.75855,-0.03556,0.099189,40.589887,-9.735882,-12.91126,55.0,0,3,0.0,1.299622,0.0,0.0,0.0,525,1.299622,525,-21.156986,-22.416772,0
016874,广发远见智选混合C,MIXED,2025-03-11,20,4.374021,3.513384,19.130794,0.817645,0.074726,40.445873,-9.735882,-12.91126,50.0,2,0,0.0,3.513384,0.0,0.0,0.0,526,3.513384,526,-18.425306,-22.416772,0
016874,广发远见智选混合C,MIXED,2025-03-12,20,1.606661,1.594747,18.441558,0.761175,0.074965,39.940304,-9.735882,-12.91126,50.0,3,0,0.0,1.594747,0.0,0.0,0.0,527,1.594747,527,-16.920591,-22.416772,0
016874,广发远见智选混合C,MIXED,2025-03-13,20,-3.43328,1.969789,13.185781,-1.960101,-0.011112,39.593148,-9.735882,-12.91126,50.0,0,2,0.0,1.969789,0.0,0.0,0.0,528,1.969789,528,-12.68073,-22.416772,0
016874,广发远见智选混合C,MIXED,2025-03-14,20,-1.471772,2.72117,12.321405,-0.569154,-0.065844,39.849947,-9.735882,-11.941683,50.0,2,0,0.0,2.72117,0.0,0.0,0.0,529,2.72117,529,-13.303769,-22.416772,0
016874,广发远见智选混合C,MIXED,2025-03-17,20,-0.104969,1.241135,13.518887,-0.676075,-0.103531,39.578556,-9.735882,-11.117057,55.0,0,2,0.0,1.241135,0.0,0.0,0.0,530,1.241135,530,-13.975482,-22.416772,0
016874,广发远见智选混合C,MIXED,2025-03-18,20,0.219349,4.389129,16.133779,0.456515,-0.149923,39.227155,-9.735882,-10.094723,50.0,2,0,0.0,4.389129,0.0,0.0,0.0,531,4.389129,531,-16.841378,-22.416772,0
016874,广发远见智选混合C,MIXED,2025-03-19,20,-1.962142,-2.029988,16.308366,-1.607251,-0.169289,37.070569,-9.735882,-10.094723,55.0,0,2,0.0,0.0,2.029988,0.0,0.0,532,-2.029988,532,-14.963504,-20.708736,0
016874,广发远见智选混合C,MIXED,2025-03-20,20,-0.782176,-2.899559,17.865691,-2.879847,-0.214716,37.352594,-9.735882,-10.094723,55.0,0,3,0.0,0.0,2.899559,0.0,0.0,533,-2.899559,533,-13.628763,-19.553273,0
016874,广发远见智选混合C,MIXED,2025-03-21,20,-5.624927,-10.631009,11.806996,-5.659607,-0.225814,33.920066,-9.944321,-10.631009,60.0,0,4,0.0,0.0,10.631009,0.0,0.0,534,-10.631009,534,-9.298875,-16.71819,0
016874,广发远见智选混合C,MIXED,2025-03-24,20,-5.674256,-9.387618,11.373036,-5.290553,-0.245864,33.769547,-10.033408,-10.719417,60.0,0,5,0.0,0.0,9.387618,0.0,0.0,535,-9.387618,535,-9.815571,-16.635722,0
016874,广发远见智选混合C,MIXED,2025-03-25,20,-9.549591,-11.486867,6.251691,-7.398562,-0.298177,34.77726,-12.561247,-13.227981,60.0,0,6,0.0,0.0,11.486867,0.0,0.0,536,-11.486867,536,-5.489047,-15.400075,0
016874,广发远见智选混合C,MIXED,2025-03-26,20,-7.028491,-12.060134,10.897346,-6.269287,-0.30501,34.399541,-11.045655,-13.227981,60.0,2,0,0.0,0.0,12.060134,0.0,0.0,537,-12.060134,537,-7.331898,-15.400075,0
016874,广发远见智选混合C,MIXED,2025-03-27,20,-4.909221,-9.810808,9.928197,-5.021534,-0.310013,34.504458,-10.13962,-13.227981,55.0,3,0,0.0,0.0,9.810808,0.0,0.0,538,-9.810808,538,-7.787966,-15.400075,0
016874,广发远见智选混合C,MIXED,2025-03-28,20,-2.769878,-5.424585,9.558311,-5.937663,-0.412352,28.435423,-10.13962,-13.227981,55.0,0,2,0.0,0.0,5.424585,0.0,0.0,539,-5.424585,539,-6.676841,-14.34567,0
016874,广发远见智选混合C,MIXED,2025-03-31,20,-3.639064,-4.68903,6.221858,-6.656915,-0.547903,28.029822,-10.906386,-13.968394,55.0,0,3,0.0,0.0,4.68903,0.0,0.0,540,-4.68903,540,-5.279383,-14.116297,0
016874,广发远见智选混合C,MIXED,2025-04-01,20,-1.057056,-6.386312,6.673074,-6.551836,-0.655626,27.187247,-11.089494,-14.145209,60.0,0,4,0.0,0.0,6.386312,0.0,0.0,541,-6.386312,541,-3.114944,-14.116297,0
016874,广发远见智选混合C,MIXED,2025-04-02,20,-0.696467,-8.033306,7.660626,-5.283564,-0.699049,25.168562,-11.089494,-14.145209,60.0,2,0,0.0,0.0,8.033306,0.0,0.0,542,-8.033306,542,-1.938281,-14.116297,0
016874,广发远见智选混合C,MIXED,2025-04-03,20,-2.914207,-11.547265,8.15841,-6.076072,-0.71091,22.966647,-11.130275,-14.587247,65.0,0,2,0.0,0.0,11.547265,0.0,0.0,543,-11.547265,543,-0.776297,-12.860655,0
016874,广发远见智选混合C,MIXED,2025-04-07,20,-14.34567,-22.559503,-3.121404,-17.167841,-0.891096,49.179814,-22.416772,-25.571886,65.0,0,3,0.0,0.0,22.559503,0.0,0.0,544,-22.559503,544,13.452116,-2.82676,1
016874,广发远见智选混合C,MIXED,2025-04-08,20,-13.166346,-21.156986,-0.088679,-15.922489,-1.057711,49.4942,-22.416772,-25.571886,60.0,2,0,0.0,0.0,21.156986,0.0,0.0,545,-21.156986,545,10.724852,-2.82676,1
016874,广发远见智选混合C,MIXED,2025-04-09,20,-9.048784,-18.425306,6.351595,-11.235616,-1.11981,52.956983,-22.416772,-25.571886,60.0,3,0,0.0,0.0,18.425306,0.0,0.0,546,-18.425306,546,9.326352,-2.82676,1
016874,广发远见智选混合C,MIXED,2025-04-10,20,-8.212191,-16.920591,5.496116,-8.737052,-1.127453,53.807941,-22.416772,-25.571886,60.0,4,0,0.0,0.0,16.920591,0.0,0.0,547,-16.920591,547,5.223673,-2.82676,1
016874,广发远见智选混合C,MIXED,2025-04-11,20,-4.670721,-12.68073,7.656341,-5.943627,-1.118778,54.558622,-22.416772,-25.571886,55.0,5,0,0.0,0.0,12.68073,0.0,0.0,548,-12.68073,548,3.08089,-2.82676,1
016874,广发远见智选混合C,MIXED,2025-04-14,20,10.30438,-13.303769,6.38694,-4.46982,-1.05199,54.236298,-22.416772,-25.571886,55.0,6,0,0.0,0.0,13.303769,0.0,0.0,549,-13.303769,549,0.121147,-3.71521,0
016874,广发远见智选混合C,MIXED,2025-04-15,20,8.994083,-13.975482,6.182447,-4.51939,-0.974474,54.191241,-22.416772,-25.571886,55.0,0,2,0.0,0.0,13.975482,0.0,0.0,550,-13.975482,550,0.92291,-3.7411,0
016874,广发远见智选混合C,MIXED,2025-04-16,20,2.165299,-16.841378,4.881592,-5.555592,-0.877636,53.825115,-20.708736,-25.571886,60.0,0,3,0.0,0.0,16.841378,0.0,0.0,551,-16.841378,551,2.784319,-3.94822,1
016874,广发远见智选混合C,MIXED,2025-04-17,20,0.347319,-14.963504,-0.15206,-4.71102,-0.787142,53.691723,-19.553273,-25.571886,55.0,2,0,0.0,0.0,14.963504,0.0,0.0,552,-14.963504,552,3.391942,-3.94822,1
016874,广发远见智选混合C,MIXED,2025-04-18,20,-1.859392,-13.628763,-1.067177,-3.882069,-0.693198,53.710053,-16.71819,-25.571886,50.0,3,0,0.0,0.0,13.628763,0.0,0.0,553,-13.628763,553,3.830729,-3.94822,1
016874,广发远见智选混合C,MIXED,2025-04-21,20,-1.265312,-9.298875,0.921849,-2.009899,-0.613611,53.191003,-16.635722,-25.571886,45.0,4,0,0.0,0.0,9.298875,0.0,0.0,554,-9.298875,554,1.390593,-3.94822,0
016874,广发远见智选混合C,MIXED,2025-04-22,20,-1.112921,-9.815571,-1.80593,-2.146176,-0.529279,53.182388,-15.400075,-25.571886,45.0,0,2,0.0,0.0,9.815571,0.0,0.0,555,-9.815571,555,1.55092,-4.220065,0
016874,广发远见智选混合C,MIXED,2025-04-23,20,2.798171,-5.489047,-0.215141,-0.043775,-0.449199,53.023306,-15.400075,-25.571886,40.0,2,0,0.0,0.0,5.489047,0.0,0.0,556,-5.489047,556,-0.148228,-4.220065,0
016874,广发远见智选混合C,MIXED,2025-04-24,20,1.315243,-7.331898,-4.763144,-1.045258,-0.370546,53.088569,-15.400075,-25.571886,45.0,0,2,0.0,0.0,7.331898,0.0,0.0,557,-7.331898,557,1.475813,-4.220065,0
016874,广发远见智选混合C,MIXED,2025-04-25,20,1.521228,-7.787966,-3.674059,-0.316391,-0.26135,52.977132,-14.34567,-25.571886,45.0,2,0,0.0,0.0,7.787966,0.0,0.0,558,-7.787966,558,0.994415,-4.220065,0
016874,广发远见智选混合C,MIXED,2025-04-28,20,0.0409,-6.676841,-2.679045,-0.000681,-0.160099,52.88243,-14.116297,-25.571886,45.0,0,2,0.0,0.0,6.676841,0.0,0.0,559,-6.676841,559,2.943581,-4.220065,1
016874,广发远见智选混合C,MIXED,2025-04-29,20,1.207796,-5.279383,-6.051726,0.772122,-0.057088,52.882752,-14.116297,-25.571886,40.0,2,0,0.0,0.0,5.279383,0.0,0.0,560,-5.279383,560,0.271223,-4.28479,0
016874,广发远见智选混合C,MIXED,2025-04-30,20,1.428379,-3.114944,-2.157806,3.033373,0.081369,53.503738,-14.116297,-25.571886,35.0,3,0,0.0,0.0,3.114944,0.0,0.0,561,-3.114944,561,-1.235552,-4.28479,0
016874,广发远见智选混合C,MIXED,2025-05-06,20,5.083356,-1.938281,-3.099798,5.374222,0.272839,53.994527,-12.860655,-25.571886,35.0,4,0,0.0,0.0,1.938281,0.0,0.0,562,-1.938281,562,-2.379714,-4.28479,0
016874,广发远见智选混合C,MIXED,2025-05-07,20,4.468056,-0.776297,-8.089645,5.129681,0.438978,53.750984,-2.82676,-25.571886,35.0,0,2,0.0,0.0,0.776297,0.0,0.0,563,-0.776297,563,-0.352067,-4.28479,0
016874,广发远见智选混合C,MIXED,2025-05-08,20,4.129191,13.452116,-9.024884,4.099399,0.383228,24.2352,-2.82676,-25.571886,35.0,0,3,0.0,13.452116,0.0,0.0,0.0,564,13.452116,564,-1.413428,-4.28479,0
016874,广发远见智选混合C,MIXED,2025-05-09,20,1.505289,10.724852,-11.566635,1.472951,0.285234,26.041457,-2.82676,-25.571886,40.0,0,4,0.0,10.724852,0.0,0.0,0.0,565,10.724852,565,2.37809,-4.28479,1
016874,广发远见智选混合C,MIXED,2025-05-12,20,2.63053,9.326352,-7.684034,4.260861,0.285051,23.662678,-2.82676,-25.571886,40.0,2,0,0.0,9.326352,0.0,0.0,0.0,566,9.326352,566,-2.200647,-4.28479,0
016874,广发远见智选混合C,MIXED,2025-05-13,20,-1.508453,5.223673,-11.186679,1.964163,0.27109,24.515252,-2.82676,-25.571886,45.0,0,2,0.0,5.223673,0.0,0.0,0.0,567,5.223673,567,0.118828,-2.646478,0
016874,广发远见智选混合C,MIXED,2025-05-14,20,-0.964924,3.08089,-8.217523,2.09088,0.28997,23.235181,-2.82676,-25.571886,45.0,2,0,0.0,3.08089,0.0,0.0,0.0,568,3.08089,568,-0.263331,-2.646478,0
016874,广发远见智选混合C,MIXED,2025-05-15,20,-2.65672,0.121147,-10.83673,-0.025538,0.287456,24.379051,-3.71521,-25.571886,50.0,0,2,0.0,0.121147,0.0,0.0,0.0,569,0.121147,569,0.537779,-2.414198,0
016874,广发远见智选混合C,MIXED,2025-05-16,20,-0.654643,0.92291,-12.104019,-0.098075,0.271324,24.179008,-3.7411,-25.571886,50.0,0,3,0.0,0.92291,0.0,0.0,0.0,570,0.92291,570,1.775148,-2.414198,0
016874,广发远见智选混合C,MIXED,2025-05-19,20,-3.94822,2.784319,-10.774411,-0.44745,0.218976,22.936954,-3.94822,-25.571886,50.0,0,4,0.0,2.784319,0.0,0.0,0.0,571,2.784319,571,1.266846,-2.414198,0
016874,广发远见智选混合C,MIXED,2025-05-20,20,-1.399525,3.391942,-13.863899,0.032147,0.172702,23.001534,-3.94822,-25.571886,50.0,2,0,0.0,3.391942,0.0,0.0,0.0,572,3.391942,572,0.468666,-2.414198,0
016874,广发远见智选混合C,MIXED,2025-05-21,20,-1.14549,3.830729,-12.920436,0.381713,0.130955,23.034756,-3.94822,-25.571886,50.0,3,0,0.0,3.830729,0.0,0.0,0.0,573,3.830729,573,-1.82472,-3.810518,0
016874,广发远见智选混合C,MIXED,2025-05-22,20,-0.013444,1.390593,-17.814123,-0.635309,0.09229,22.886319,-3.94822,-25.0,55.0,0,2,0.0,1.390593,0.0,0.0,0.0,574,1.390593,574,-1.196719,-4.110662,0
016874,广发远见智选混合C,MIXED,2025-05-23,20,-0.497579,1.55092,-17.014356,-1.217591,0.03405,22.825037,-4.220065,-25.0,55.0,0,3,0.0,1.55092,0.0,0.0,0.0,575,1.55092,575,0.905528,-4.110662,0
016874,广发远见智选混合C,MIXED,2025-05-26,20,-0.134771,-0.148228,-16.469395,-1.063468,0.004166,21.857208,-4.220065,-25.0,55.0,2,0,0.0,0.0,0.148228,0.0,0.0,576,-0.148228,576,2.105263,-4.110662,1
016874,广发远见智选混合C,MIXED,2025-05-27,20,-0.5624,1.475813,-17.305122,-0.921275,-0.044129,21.237554,-4.220065,-23.700011,50.0,3,0,0.0,1.475813,0.0,0.0,0.0,577,1.475813,577,5.009426,-4.110662,1
016874,广发远见智选混合C,MIXED,2025-05-28,20,-1.251998,0.994415,-16.007704,-1.129529,-0.091986,21.235621,-4.220065,-22.922866,55.0,0,2,0.0,0.994415,0.0,0.0,0.0,578,0.994415,578,5.327758,-4.110662,1
016874,广发远见智选混合C,MIXED,2025-05-29,20,1.573215,2.943581,-9.141208,0.592583,-0.115122,22.198849,-4.220065,-22.922866,50.0,2,0,0.0,2.943581,0.0,0.0,0.0,579,2.943581,579,3.905216,-4.110662,1
016874,广发远见智选混合C,MIXED,2025-05-30,20,-0.067577,0.271223,-9.476004,-1.551162,-0.165563,23.564185,-4.28479,-22.922866,55.0,0,2,0.0,0.271223,0.0,0.0,0.0,580,0.271223,580,6.329456,-4.110662,1
016874,广发远见智选混合C,MIXED,2025-06-03,20,0.323887,-1.235552,-10.422943,-0.957253,-0.176754,22.39351,-4.28479,-22.922866,55.0,2,0,0.0,0.0,1.235552,0.0,0.0,581,-1.235552,581,4.909874,-4.110662,1
016874,广发远见智选混合C,MIXED,2025-06-04,20,1.090762,-2.379714,-11.962003,0.137394,-0.137965,21.200855,-4.28479,-22.922866,55.0,3,0,0.0,0.0,2.379714,0.0,0.0,582,-2.379714,582,2.07806,-4.110662,1
016874,广发远见智选混合C,MIXED,2025-06-05,20,3.075263,-0.352067,-12.542916,1.956546,-0.074001,22.241462,-4.28479,-22.559503,50.0,4,0,0.0,0.0,0.352067,0.0,0.0,583,-0.352067,583,0.23554,-4.110662,0
016874,广发远见智选混合C,MIXED,2025-06-06,20,-0.277998,-1.413428,-13.383925,0.57477,-0.036169,22.77973,-4.28479,-22.416772,50.0,0,2,0.0,0.0,1.413428,0.0,0.0,584,-1.413428,584,2.429311,-4.110662,1
016874,广发远见智选混合C,MIXED,2025-06-09,20,3.638085,2.37809,-10.625146,2.189002,-0.004201,22.357442,-4.28479,-22.416772,45.0,2,0,0.0,2.37809,0.0,0.0,0.0,585,2.37809,585,0.287094,-4.110662,0
016874,广发远见智选混合C,MIXED,2025-06-10,20,1.627657,-2.200647,-12.779958,0.863111,0.054175,19.780268,-2.646478,-22.416772,50.0,0,2,0.0,0.0,2.200647,0.0,0.0,586,-2.200647,586,3.666446,-3.099037,1
016874,广发远见智选混合C,MIXED,2025-06-11,20,1.012388,0.118828,-12.476916,1.230843,0.089473,18.580151,-2.646478,-22.416772,45.0,2,0,0.0,0.118828,0.0,0.0,0.0,587,0.118828,587,2.347356,-3.099037,1
016874,广发远见智选混合C,MIXED,2025-06-12,20,-0.876734,-0.263331,-10.227542,1.137547,0.127512,18.55746,-2.118083,-22.416772,50.0,0,2,0.0,0.0,0.263331,0.0,0.0,588,-0.263331,588,2.376238,-2.9967,1
016874,广发远见智选混合C,MIXED,2025-06-13,20,-0.730121,0.537779,-12.731941,-0.184201,0.11431,17.583566,-2.414198,-22.416772,50.0,0,3,0.0,0.537779,0.0,0.0,0.0,589,0.537779,589,4.372827,-2.906977,1
016874,广发远见智选混合C,MIXED,2025-06-16,20,-1.239723,1.775148,-11.640397,0.928198,0.116977,18.064166,-2.414198,-22.416772,45.0,2,0,0.0,1.775148,0.0,0.0,0.0,590,1.775148,590,2.788055,-2.906977,1
016874,广发远见智选混合C,MIXED,2025-06-17,20,-0.542687,1.266846,-13.443152,0.145273,0.103376,18.262882,-2.414198,-20.708736,45.0,0,2,0.0,1.266846,0.0,0.0,0.0,591,1.266846,591,4.32526,-2.569321,1
016874,广发远见智选混合C,MIXED,2025-06-18,20,-1.054991,0.468666,-11.667059,-0.024651,0.095948,18.146809,-2.414198,-19.553273,50.0,0,3,0.0,0.468666,0.0,0.0,0.0,592,0.468666,592,4.731441,-2.569321,1
016874,广发远见智选混合C,MIXED,2025-06-19,20,-2.693069,-1.82472,-11.956522,-1.693785,0.071197,19.101343,-3.810518,-16.71819,55.0,0,4,0.0,0.0,1.82472,0.0,0.0,593,-1.82472,593,7.407407,-2.569321,1
016874,广发远见智选混合C,MIXED,2025-06-20,20,-1.738433,-1.196719,-9.138123,-1.942337,0.02979,18.853565,-4.110662,-16.635722,55.0,0,5,0.0,0.0,1.196719,0.0,0.0,594,-1.196719,594,8.369624,-2.569321,1
016874,广发远见智选混合C,MIXED,2025-06-23,20,-1.34778,0.905528,-7.587573,-0.41217,0.004613,19.652712,-4.110662,-15.400075,50.0,2,0,0.0,0.905528,0.0,0.0,0.0,595,0.905528,595,7.179212,-2.569321,1
016874,广发远见智选混合C,MIXED,2025-06-24,20,0.692042,2.105263,-3.642384,0.816821,-0.000521,20.177608,-4.110662,-15.400075,50.0,3,0,0.0,2.105263,0.0,0.0,0.0,596,2.105263,596,5.379329,-2.569321,1
016874,广发远见智选混合C,MIXED,2025-06-25,20,3.931761,5.009426,-1.253641,3.651323,0.038657,22.745883,-4.110662,-15.400075,50.0,4,0,0.0,5.009426,0.0,0.0,0.0,597,5.009426,597,2.680174,-2.569321,1
016874,广发远见智选混合C,MIXED,2025-06-26,20,5.942206,5.327758,-1.909308,3.525762,0.069785,22.697785,-4.110662,-14.34567,45.0,5,0,0.0,5.327758,0.0,0.0,0.0,598,5.327758,598,3.713664,-2.569321,1
016874,广发远见智选混合C,MIXED,2025-06-27,20,6.818182,3.905216,-0.178049,3.852973,0.129767,21.90799,-4.110662,-14.116297,45.0,6,0,0.0,3.905216,0.0,0.0,0.0,599,3.905216,599,3.401707,-2.569321,1
016874,广发远见智选混合C,MIXED,2025-06-30,20,5.304045,6.329456,0.989082,3.703899,0.152574,20.129627,-4.110662,-14.116297,40.0,7,0,0.0,6.329456,0.0,0.0,0.0,600,6.329456,600,4.489952,-2.569321,1
016874,广发远见智选混合C,MIXED,2025-07-01,20,3.079566,4.909874,0.38615,2.625848,0.162566,20.490381,-4.110662,-14.116297,45.0,0,2,0.0,4.909874,0.0,0.0,0.0,601,4.909874,601,6.475189,-1.78228,1
016874,广发远见智选混合C,MIXED,2025-07-02,20,-1.731213,2.07806,-2.282581,0.732854,0.155145,21.456693,-4.110662,-12.860655,50.0,0,3,0.0,2.07806,0.0,0.0,0.0,602,2.07806,602,5.767976,-2.396435,1
016874,广发远见智选混合C,MIXED,2025-07-03,20,-1.908055,0.23554,-0.892742,0.681506,0.172243,20.511331,-4.110662,-4.880259,55.0,0,4,0.0,0.23554,0.0,0.0,0.0,603,0.23554,603,4.660574,-3.456166,1
016874,广发远见智选混合C,MIXED,2025-07-04,20,-1.694483,2.429311,14.565702,1.295735,0.176685,19.915046,-4.110662,-4.880259,50.0,2,0,0.0,2.429311,0.0,0.0,0.0,604,2.429311,604,2.592017,-4.672447,1
016874,广发远见智选混合C,MIXED,2025-07-07,20,-2.251336,0.287094,13.683432,0.874199,0.198826,19.06424,-3.099037,-4.880259,55.0,0,2,0.0,0.287094,0.0,0.0,0.0,605,0.287094,605,3.513338,-4.672447,1
016874,广发远见智选混合C,MIXED,2025-07-08,20,0.423131,3.666446,10.840645,2.617184,0.22533,19.402194,-3.099037,-4.880259,50.0,2,0,0.0,3.666446,0.0,0.0,0.0,606,3.666446,606,2.157814,-4.672447,1
016874,广发远见智选混合C,MIXED,2025-07-09,20,1.278873,2.347356,7.821617,1.568481,0.238961,19.768297,-2.9967,-4.880259,55.0,0,2,0.0,2.347356,0.0,0.0,0.0,607,2.347356,607,4.367994,-4.672447,1
016874,广发远见智选混合C,MIXED,2025-07-10,20,1.240209,2.376238,5.252443,1.370561,0.246287,19.764221,-2.906977,-4.880259,55.0,0,3,0.0,2.376238,0.0,0.0,0.0,608,2.376238,608,4.88717,-4.672447,1
016874,广发远见智选混合C,MIXED,2025-07-11,20,1.153447,4.372827,5.061246,1.806561,0.239162,19.119548,-2.906977,-4.880259,50.0,2,0,0.0,4.372827,0.0,0.0,0.0,609,4.372827,609,3.408072,-4.672447,1
016874,广发远见智选混合C,MIXED,2025-07-14,20,1.223162,2.788055,5.578176,1.327984,0.239509,18.848423,-2.569321,-4.880259,55.0,0,2,0.0,2.788055,0.0,0.0,0.0,610,2.788055,610,4.884947,-4.672447,1
016874,广发远见智选混合C,MIXED,2025-07-15,20,0.089377,4.32526,8.588447,1.893856,0.235612,18.688428,-2.569321,-4.880259,50.0,2,0,0.0,4.32526,0.0,0.0,0.0,611,4.32526,611,5.791555,-4.672447,1
016874,广发远见智选混合C,MIXED,2025-07-16,20,1.249839,4.731441,8.791361,1.905707,0.226616,18.638638,-2.569321,-4.880259,45.0,3,0,0.0,4.731441,0.0,0.0,0.0,612,4.731441,612,7.520998,-4.672447,1
016874,广发远见智选混合C,MIXED,2025-07-17,20,2.088975,7.407407,9.486931,2.308632,0.194452,17.140717,-2.569321,-4.880259,40.0,4,0,0.0,7.407407,0.0,0.0,0.0,613,7.407407,613,7.351269,-4.672447,1
016874,广发远见智选混合C,MIXED,2025-07-18,20,2.024343,8.369624,8.561691,2.495785,0.155658,16.966199,-2.569321,-4.880259,35.0,5,0,0.0,8.369624,0.0,0.0,0.0,614,8.369624,614,8.928796,-4.672447,1
016874,广发远见智选混合C,MIXED,2025-07-21,20,2.866692,7.179212,9.827066,2.643697,0.136413,16.373317,-2.569321,-4.880259,35.0,6,0,0.0,7.179212,0.0,0.0,0.0,615,7.179212,615,11.459635,-4.672447,1
016874,广发远见智选混合C,MIXED,2025-07-22,20,1.709402,5.379329,7.438351,2.005437,0.121984,16.124999,-2.569321,-4.880259,40.0,0,2,0.0,5.379329,0.0,0.0,0.0,616,5.379329,616,10.698608,-4.672447,1
016874,广发远见智选混合C,MIXED,2025-07-23,20,1.896157,2.680174,9.415141,2.303653,0.152956,12.321101,-2.569321,-4.880259,40.0,2,0,0.0,2.680174,0.0,0.0,0.0,617,2.680174,617,11.464968,-4.672447,1
016874,广发远见智选混合C,MIXED,2025-07-24,20,2.298851,3.713664,10.325569,3.287762,0.198719,12.836165,-2.569321,-4.880259,40.0,3,0,0.0,3.713664,0.0,0.0,0.0,618,3.713664,618,9.186319,-4.672447,1
016874,广发远见智选混合C,MIXED,2025-07-25,20,1.921386,3.401707,10.602344,3.328644,0.249929,12.77886,-2.569321,-4.880259,40.0,4,0,0.0,3.401707,0.0,0.0,0.0,619,3.401707,619,14.662395,-4.672447,1
016874,广发远见智选混合C,MIXED,2025-07-28,20,2.661835,4.489952,11.404936,4.354564,0.316274,13.310379,-1.78228,-4.880259,40.0,5,0,0.0,4.489952,0.0,0.0,0.0,620,4.489952,620,16.433354,-4.672447,1
016874,广发远见智选混合C,MIXED,2025-07-29,20,4.151511,6.475189,10.322838,5.147864,0.378737,13.065352,-0.983146,-4.880259,35.0,6,0,0.0,6.475189,0.0,0.0,0.0,621,6.475189,621,13.824663,-4.672447,1
016874,广发远见智选混合C,MIXED,2025-07-30,20,1.223929,5.767976,5.396619,2.341673,0.368376,14.551746,-2.396435,-4.880259,35.0,0,2,0.0,5.767976,0.0,0.0,0.0,622,5.767976,622,15.805059,-2.331894,1
016874,广发远见智选混合C,MIXED,2025-07-31,20,-1.012471,4.660574,4.537749,1.002847,0.333455,15.314969,-3.456166,-4.880259,35.0,0,3,0.0,4.660574,0.0,0.0,0.0,623,4.660574,623,20.369215,-1.871406,1
016874,广发远见智选混合C,MIXED,2025-08-01,20,-2.464268,2.592017,3.599005,-0.395098,0.285202,16.067297,-4.672447,-4.880259,40.0,0,4,0.0,2.592017,0.0,0.0,0.0,624,2.592017,624,20.250126,-1.871406,1
016874,广发远见智选混合C,MIXED,2025-08-04,20,-3.164942,3.513338,6.279225,-0.074112,0.234039,15.986009,-4.672447,-4.880259,35.0,2,0,0.0,3.513338,0.0,0.0,0.0,625,3.513338,625,21.986172,-1.871406,1
016874,广发远见智选混合C,MIXED,2025-08-05,20,-3.648844,2.157814,3.572816,0.397147,0.21544,14.7162,-4.672447,-4.672447,35.0,3,0,0.0,2.157814,0.0,0.0,0.0,626,2.157814,626,16.272966,-4.132317,1
016874,广发远见智选混合C,MIXED,2025-08-06,20,-0.06169,4.367994,6.944811,1.423688,0.197161,14.71794,-4.672447,-4.672447,30.0,4,0,0.0,4.367994,0.0,0.0,0.0,627,4.367994,627,12.777778,-5.863561,1
016874,广发远见智选混合C,MIXED,2025-08-07,20,1.459399,4.88717,7.096774,1.60832,0.177431,14.691351,-4.672447,-4.672447,25.0,5,0,0.0,4.88717,0.0,0.0,0.0,628,4.88717,628,6.491271,-10.73784,0
016874,广发远见智选混合C,MIXED,2025-08-08,20,1.95806,3.408072,8.510352,0.654108,0.149419,15.03628,-4.672447,-4.672447,30.0,0,2,0.0,3.408072,0.0,0.0,0.0,629,3.408072,629,10.370462,-10.73784,0
016874,广发远见智选混合C,MIXED,2025-08-11,20,2.564425,4.884947,9.722969,1.511033,0.12697,15.249506,-4.672447,-4.672447,25.0,2,0,0.0,4.884947,0.0,0.0,0.0,630,4.884947,630,9.498713,-10.73784,0
016874,广发远见智选混合C,MIXED,2025-08-12,20,3.649544,5.791555,11.765499,2.887628,0.132993,15.94712,-4.672447,-4.672447,25.0,3,0,0.0,5.791555,0.0,0.0,0.0,631,5.791555,631,6.99385,-10.73784,0
016874,广发远见智选混合C,MIXED,2025-08-13,20,4.308642,7.520998,13.136047,4.440159,0.161681,16.918028,-4.672447,-4.672447,25.0,4,0,0.0,7.520998,0.0,0.0,0.0,632,7.520998,632,6.308439,-10.73784,0
016874,广发远见智选混合C,MIXED,2025-08-14,20,4.487337,7.351269,13.199254,4.681669,0.199497,16.879753,-4.672447,-4.672447,25.0,5,0,0.0,7.351269,0.0,0.0,0.0,633,7.351269,633,9.001059,-10.73784,0
016874,广发远见智选混合C,MIXED,2025-08-15,20,7.471193,8.928796,16.633051,6.371368,0.265688,17.918995,-4.672447,-4.672447,25.0,6,0,0.0,8.928796,0.0,0.0,0.0,634,8.928796,634,7.943279,-10.73784,0
016874,广发远见智选混合C,MIXED,2025-08-18,20,9.314867,11.459635,20.543317,8.764314,0.368041,19.829051,-4.672447,-4.672447,25.0,7,0,0.0,11.459635,0.0,0.0,0.0,635,11.459635,635,3.486938,-10.73784,0
016874,广发远见智选混合C,MIXED,2025-08-19,20,6.427107,10.698608,19.109312,7.073317,0.431036,20.38412,-4.672447,-4.672447,25.0,0,2,0.0,10.698608,0.0,0.0,0.0,636,10.698608,636,5.109903,-10.73784,0
016874,广发远见智选混合C,MIXED,2025-08-20,20,5.633803,11.464968,20.185834,7.674768,0.501253,20.492113,-4.672447,-4.672447,25.0,2,0,0.0,11.464968,0.0,0.0,0.0,637,11.464968,637,5.781513,-10.73784,0
016874,广发远见智选混合C,MIXED,2025-08-21,20,4.047535,9.186319,19.274346,6.208827,0.558091,21.001411,-4.672447,-4.672447,30.0,0,2,0.0,9.186319,0.0,0.0,0.0,638,9.186319,638,6.62671,-10.73784,0
016874,广发远见智选混合C,MIXED,2025-08-22,20,7.286142,14.662395,23.19301,10.97662,0.681525,26.972068,-4.672447,-4.672447,30.0,2,0,0.0,14.662395,0.0,0.0,0.0,639,14.662395,639,-0.214915,-10.73784,0
016874,广发远见智选混合C,MIXED,2025-08-25,20,7.242964,16.433354,29.361645,13.154424,0.843554,27.925686,-4.672447,-4.672447,30.0,3,0,0.0,16.433354,0.0,0.0,0.0,640,16.433354,640,0.627287,-10.73784,0
016874,广发远见智选混合C,MIXED,2025-08-26,20,7.092681,13.824663,27.145547,11.063457,0.977896,28.742567,-2.331894,-4.672447,35.0,0,2,0.0,13.824663,0.0,0.0,0.0,641,13.824663,641,-0.169276,-10.73784,0
016874,广发远见智选混合C,MIXED,2025-08-27,20,5.165266,15.805059,25.029972,9.464109,1.041802,26.917808,-1.871406,-4.672447,35.0,0,3,0.0,15.805059,0.0,0.0,0.0,642,15.805059,642,2.620925,-10.73784,0
016874,广发远见智选混合C,MIXED,2025-08-28,20,9.125862,20.369215,26.275844,11.481432,1.107779,26.94888,-1.871406,-4.672447,30.0,2,0,0.0,20.369215,0.0,0.0,0.0,643,20.369215,643,0.891192,-10.73784,0
016874,广发远见智选混合C,MIXED,2025-08-29,20,2.288846,20.250126,26.363998,8.95917,1.104939,27.056888,-1.871406,-4.672447,30.0,0,2,0.0,20.250126,0.0,0.0,0.0,644,20.250126,644,-0.829919,-10.73784,0
016874,广发远见智选混合C,MIXED,2025-09-01,20,1.453215,21.986172,26.634477,9.975917,1.110852,27.228408,-1.871406,-4.672447,30.0,2,0,0.0,21.986172,0.0,0.0,0.0,645,21.986172,645,-0.319456,-10.73784,0
016874,广发远见智选混合C,MIXED,2025-09-02,20,-1.576386,16.272966,23.136995,4.659208,1.033592,32.790589,-4.132317,-4.672447,35.0,0,2,0.0,16.272966,0.0,0.0,0.0,646,16.272966,646,5.901322,-6.89025,1
016874,广发远见智选混合C,MIXED,2025-09-03,20,-2.674196,12.777778,20.466834,2.174351,0.927626,33.981495,-5.863561,-5.863561,40.0,0,3,0.0,12.777778,0.0,0.0,0.0,647,12.777778,647,10.6185,-5.177887,1
016874,广发远见智选混合C,MIXED,2025-09-04,20,-10.238342,6.491271,14.349835,-3.401361,0.738481,39.748952,-10.73784,-10.73784,45.0,0,4,0.0,6.491271,0.0,0.0,0.0,648,6.491271,648,10.147772,-5.581395,1
016874,广发远见智选混合C,MIXED,2025-09-05,20,-6.418741,10.370462,19.12276,-1.119455,0.568656,40.4632,-10.73784,-10.73784,40.0,2,0,0.0,10.370462,0.0,0.0,0.0,649,10.370462,649,8.722497,-5.581395,1
016874,广发远见智选混合C,MIXED,2025-09-08,20,-7.934872,9.498713,18.049683,-1.255582,0.406089,40.414623,-10.73784,-10.73784,40.0,3,0,0.0,9.498713,0.0,0.0,0.0,650,9.498713,650,1.57824,-10.192974,0
016874,广发远见智选混合C,MIXED,2025-09-09,20,-4.622165,6.99385,18.086239,-2.243131,0.246043,40.374714,-10.73784,-10.73784,45.0,0,2,0.0,6.99385,0.0,0.0,0.0,651,6.99385,651,4.237575,-10.192974,0
016874,广发远见智选混合C,MIXED,2025-09-10,20,-1.674877,6.308439,19.712115,-1.331942,0.121621,40.11624,-10.73784,-10.73784,45.0,2,0,0.0,6.308439,0.0,0.0,0.0,652,6.308439,652,5.11022,-10.192974,0
016874,广发远见智选混合C,MIXED,2025-09-11,20,6.949896,9.001059,25.681726,1.340043,0.041865,41.332084,-10.73784,-10.73784,45.0,3,0,0.0,9.001059,0.0,0.0,0.0,653,9.001059,653,-3.961572,-11.954478,0
016874,广发远见智选混合C,MIXED,2025-09-12,20,5.107768,7.943279,27.422428,2.038481,-0.004253,40.973148,-10.73784,-10.73784,45.0,4,0,0.0,7.943279,0.0,0.0,0.0,654,7.943279,654,-4.079889,-11.954478,0
016874,广发远见智选混合C,MIXED,2025-09-15,20,3.313186,3.486938,23.62711,0.418865,-0.039985,40.428771,-10.73784,-10.73784,50.0,0,2,0.0,3.486938,0.0,0.0,0.0,655,3.486938,655,0.725894,-11.954478,0
016874,广发远见智选混合C,MIXED,2025-09-16,20,4.553139,5.109903,22.614327,0.683196,-0.089264,40.169341,-10.73784,-10.73784,45.0,2,0,0.0,5.109903,0.0,0.0,0.0,656,5.109903,656,0.528188,-11.954478,0
016874,广发远见智选混合C,MIXED,2025-09-17,20,5.11022,5.781513,21.069505,2.176983,-0.10332,40.413646,-10.73784,-10.73784,45.0,3,0,0.0,5.781513,0.0,0.0,0.0,657,5.781513,657,-3.050524,-11.954478,0
016874,广发远见智选混合C,MIXED,2025-09-18,20,1.781088,6.62671,20.745294,1.724538,-0.141443,40.190893,-10.73784,-10.73784,45.0,0,2,0.0,6.62671,0.0,0.0,0.0,658,6.62671,658,5.005833,-11.954478,0
016874,广发远见智选混合C,MIXED,2025-09-19,20,-0.822386,-0.214915,18.308065,0.192595,-0.132583,36.263098,-10.73784,-10.73784,50.0,0,3,0.0,0.0,0.214915,0.0,0.0,659,-0.214915,659,10.682748,-11.954478,0
016874,广发远见智选混合C,MIXED,2025-09-22,20,4.279523,0.627287,22.42432,3.816679,-0.026998,37.258719,-10.73784,-10.73784,50.0,2,0,0.0,0.627287,0.0,0.0,0.0,660,0.627287,660,3.272727,-11.954478,0
016874,广发远见智选混合C,MIXED,2025-09-23,20,1.713916,-0.169276,20.98987,1.78688,0.029206,37.70453,-10.73784,-10.73784,50.0,0,2,0.0,0.0,0.169276,0.0,0.0,661,-0.169276,661,6.15727,-11.954478,0
016874,广发远见智选混合C,MIXED,2025-09-24,20,2.023091,2.620925,25.694898,3.763473,0.104496,38.287326,-10.73784,-10.73784,45.0,2,0,0.0,2.620925,0.0,0.0,0.0,662,2.620925,662,2.803156,-11.954478,0
016874,广发远见智选混合C,MIXED,2025-09-25,20,3.255913,0.891192,27.101828,4.83528,0.236641,37.171108,-10.73784,-10.73784,45.0,3,0,0.0,0.891192,0.0,0.0,0.0,663,0.891192,663,-2.013147,-11.954478,0
016874,广发远见智选混合C,MIXED,2025-09-26,20,1.658411,-0.829919,22.343183,1.691264,0.299764,38.485295,-10.73784,-10.73784,45.0,0,2,0.0,0.0,0.829919,0.0,0.0,664,-0.829919,664,3.824153,-11.954478,0
016874,广发远见智选混合C,MIXED,2025-09-29,20,0.498701,-0.319456,25.868575,4.21863,0.431461,38.882226,-6.89025,-10.73784,45.0,2,0,0.0,0.0,0.319456,0.0,0.0,665,-0.319456,665,-1.106172,-11.954478,0
016874,广发远见智选混合C,MIXED,2025-09-30,20,4.408648,5.901322,25.791624,5.834202,0.521403,36.124888,-5.177887,-10.73784,40.0,3,0,0.0,5.901322,0.0,0.0,0.0,666,5.901322,666,-3.278522,-11.954478,0
016874,广发远见智选混合C,MIXED,2025-10-09,20,4.910714,10.6185,30.202294,7.989399,0.610895,36.060371,-3.040263,-10.73784,35.0,4,0,0.0,10.6185,0.0,0.0,0.0,667,10.6185,667,-2.018803,-11.954478,0
016874,广发远见智选混合C,MIXED,2025-10-10,20,-2.002876,10.147772,23.030303,1.485425,0.519146,36.925637,-5.581395,-10.73784,35.0,0,2,0.0,10.147772,0.0,0.0,0.0,668,10.147772,668,5.334871,-8.136293,0
016874,广发远见智选混合C,MIXED,2025-10-13,20,2.595339,8.722497,24.087124,2.593165,0.477418,36.105151,-5.581395,-10.73784,35.0,2,0,0.0,8.722497,0.0,0.0,0.0,669,8.722497,669,6.442953,-8.136293,0
016874,广发远见智选混合C,MIXED,2025-10-14,20,-6.182157,1.57824,16.660239,-3.9403,0.337235,43.328839,-10.192974,-10.73784,40.0,0,2,0.0,1.57824,0.0,0.0,0.0,670,1.57824,670,11.493113,-7.28741,1
016874,广发远见智选混合C,MIXED,2025-10-15,20,-6.120585,4.237575,17.986988,-2.292931,0.21086,43.67602,-10.192974,-10.73784,35.0,2,0,0.0,4.237575,0.0,0.0,0.0,671,4.237575,671,10.876852,-7.28741,1
016874,广发远见智选混合C,MIXED,2025-10-16,20,-6.571004,5.11022,20.145075,-0.505849,0.126034,44.031425,-10.192974,-10.73784,35.0,3,0,0.0,5.11022,0.0,0.0,0.0,672,5.11022,672,10.253151,-7.28741,1
016874,广发远见智选混合C,MIXED,2025-10-17,20,-6.749817,-3.961572,12.378426,-6.057134,-0.000532,47.576697,-11.954478,-11.954478,40.0,0,2,0.0,0.0,3.961572,0.0,0.0,673,-3.961572,673,11.38586,-7.28741,1
016874,广发远见智选混合C,MIXED,2025-10-20,20,-7.268973,-4.079889,12.784127,-4.978548,-0.092526,47.53614,-11.954478,-11.954478,40.0,2,0,0.0,0.0,4.079889,0.0,0.0,674,-4.079889,674,10.811714,-7.28741,1
016874,广发远见智选混合C,MIXED,2025-10-21,20,2.446281,0.725894,16.183454,-1.670034,-0.152843,49.015405,-11.954478,-11.954478,35.0,3,0,0.0,0.725894,0.0,0.0,0.0,675,0.725894,675,5.819081,-7.28741,1
016874,广发远见智选混合C,MIXED,2025-10-22,20,0.832522,0.528188,16.969773,-1.388867,-0.201975,48.997618,-11.954478,-11.954478,35.0,4,0,0.0,0.528188,0.0,0.0,0.0,676,0.528188,676,3.420545,-7.339802,1
016874,广发远见智选混合C,MIXED,2025-10-23,20,-3.050524,-3.050524,14.312477,-3.070545,-0.251061,49.022641,-11.954478,-11.954478,40.0,0,2,0.0,0.0,3.050524,0.0,0.0,677,-3.050524,677,2.021195,-10.289173,0
016874,广发远见智选混合C,MIXED,2025-10-24,20,11.284703,5.005833,22.24966,4.589317,-0.183638,57.157878,-11.954478,-11.954478,35.0,2,0,0.0,5.005833,0.0,0.0,0.0,678,5.005833,678,-12.594687,-16.860409,0
016874,广发远见智选混合C,MIXED,2025-10-27,20,14.441599,10.682748,26.638738,8.005864,-0.090823,58.023727,-11.954478,-11.954478,30.0,3,0,0.0,10.682748,0.0,0.0,0.0,679,10.682748,679,-15.333723,-16.860409,0
016874,广发远见智选混合C,MIXED,2025-10-28,20,6.91621,3.272727,20.998174,4.281413,-0.009119,58.368495,-11.954478,-11.954478,35.0,0,2,0.0,3.272727,0.0,0.0,0.0,680,3.272727,680,-11.539235,-16.860409,0
016874,广发远见智选混合C,MIXED,2025-10-29,20,7.409393,6.15727,20.628613,4.769923,0.047554,57.812997,-11.954478,-11.954478,30.0,2,0,0.0,6.15727,0.0,0.0,0.0,681,6.15727,681,-12.019567,-16.860409,0
016874,广发远见智选混合C,MIXED,2025-10-30,20,8.183109,2.803156,22.171499,3.421084,0.110091,57.677654,-11.954478,-11.954478,35.0,0,2,0.0,2.803156,0.0,0.0,0.0,682,2.803156,682,-11.462331,-16.860409,0
016874,广发远见智选混合C,MIXED,2025-10-31,20,-3.646096,-2.013147,18.997131,-0.25772,0.131727,59.151642,-11.954478,-11.954478,40.0,0,3,0.0,0.0,2.013147,0.0,0.0,683,-2.013147,683,-4.360587,-16.860409,0
016874,广发远见智选混合C,MIXED,2025-11-03,20,-4.640981,3.824153,23.812532,2.278064,0.146175,58.812578,-11.954478,-11.954478,35.0,2,0,0.0,3.824153,0.0,0.0,0.0,684,3.824153,684,-8.152229,-16.860409,0
016874,广发远见智选混合C,MIXED,2025-11-04,20,-3.762575,-1.106172,20.251414,-0.118509,0.158653,58.918204,-11.954478,-11.954478,40.0,0,2,0.0,0.0,1.106172,0.0,0.0,685,-1.106172,685,-7.077148,-16.860409,0
016874,广发远见智选混合C,MIXED,2025-11-05,20,-4.871718,-3.278522,19.097613,-0.336778,0.197053,58.525136,-11.954478,-11.954478,45.0,0,3,0.0,0.0,3.278522,0.0,0.0,686,-3.278522,686,-6.590408,-16.860409,0
016874,广发远见智选混合C,MIXED,2025-11-06,20,-0.010099,-2.018803,22.234568,3.664538,0.337988,59.517116,-8.136293,-11.954478,45.0,2,0,0.0,0.0,2.018803,0.0,0.0,687,-2.018803,687,-9.72629,-16.860409,0
016874,广发远见智选混合C,MIXED,2025-11-07,20,5.345912,5.334871,23.555446,4.944943,0.409879,55.968317,-8.136293,-11.954478,40.0,3,0,0.0,5.334871,0.0,0.0,0.0,688,5.334871,688,-10.965174,-16.860409,0
016874,广发远见智选混合C,MIXED,2025-11-10,20,5.183145,6.442953,27.728906,7.299912,0.535311,56.39619,-7.28741,-11.954478,40.0,4,0,0.0,6.442953,0.0,0.0,0.0,689,6.442953,689,-8.992143,-16.860409,0
016874,广发远见智选混合C,MIXED,2025-11-11,20,5.770437,11.493113,24.010295,4.743369,0.520831,51.408824,-7.28741,-11.954478,40.0,0,2,0.0,11.493113,0.0,0.0,0.0,690,11.493113,690,-8.420636,-16.860409,0
016874,广发远见智选混合C,MIXED,2025-11-12,20,7.618848,10.876852,23.658507,5.611683,0.538901,51.255278,-7.28741,-11.954478,40.0,2,0,0.0,10.876852,0.0,0.0,0.0,691,10.876852,691,-10.648464,-16.860409,0
016874,广发远见智选混合C,MIXED,2025-11-13,20,5.130795,10.253151,23.198012,6.665984,0.595001,51.071232,-7.28741,-11.954478,40.0,3,0,0.0,10.253151,0.0,0.0,0.0,692,10.253151,692,-11.393986,-16.860409,0
016874,广发远见智选混合C,MIXED,2025-11-14,20,-1.393035,11.38586,16.601953,1.028122,0.47532,49.581066,-7.28741,-11.954478,40.0,0,2,0.0,11.38586,0.0,0.0,0.0,693,11.38586,693,-3.46115,-13.042605,0
016874,广发远见智选混合C,MIXED,2025-11-17,20,-3.462994,10.811714,14.733687,0.956613,0.361032,49.565671,-7.28741,-11.954478,40.0,2,0,0.0,10.811714,0.0,0.0,0.0,694,10.811714,694,-7.04381,-13.042605,0
016874,广发远见智选混合C,MIXED,2025-11-18,20,-2.767345,5.819081,10.303846,-0.472951,0.267633,48.629868,-7.28741,-11.954478,45.0,0,2,0.0,5.819081,0.0,0.0,0.0,695,5.819081,695,-6.810327,-12.034966,0
016874,广发远见智选混合C,MIXED,2025-11-19,20,-5.948318,3.420545,9.279402,-2.582646,0.1435,49.304389,-7.339802,-11.954478,50.0,0,3,0.0,3.420545,0.0,0.0,0.0,696,3.420545,696,-2.011405,-10.274754,0
016874,广发远见智选混合C,MIXED,2025-11-20,20,-10.289173,2.021195,4.627451,-5.771472,-0.056881,50.259415,-10.289173,-11.954478,50.0,0,4,0.0,2.021195,0.0,0.0,0.0,697,2.021195,697,1.584922,-7.324909,0
016874,广发远见智选混合C,MIXED,2025-11-21,20,-12.674067,-12.594687,-2.137284,-12.12072,-0.240874,47.466446,-16.860409,-16.860409,55.0,0,5,0.0,0.0,12.594687,0.0,0.0,698,-12.594687,698,6.967876,-4.170586,1
016874,广发远见智选混合C,MIXED,2025-11-24,20,-12.560289,-15.333723,-6.490436,-10.920482,-0.340781,44.762255,-16.860409,-16.860409,55.0,2,0,0.0,0.0,15.333723,0.0,0.0,699,-15.333723,699,10.882556,-4.170586,1
016874,广发远见智选混合C,MIXED,2025-11-25,20,-10.622078,-11.539235,-8.071093,-9.457393,-0.458501,44.194389,-16.860409,-16.860409,50.0,3,0,0.0,0.0,11.539235,0.0,0.0,700,-11.539235,700,12.41897,-4.170586,1
016874,广发远见智选混合C,MIXED,2025-11-26,20,-8.626231,-12.019567,-6.760474,-8.685403,-0.544361,44.015286,-16.860409,-16.860409,50.0,4,0,0.0,0.0,12.019567,0.0,0.0,701,-12.019567,701,15.238852,-4.170586,1
016874,广发远见智选混合C,MIXED,2025-11-27,20,-6.1148,-11.462331,-6.594929,-8.624733,-0.637975,43.968172,-16.860409,-16.860409,50.0,0,2,0.0,0.0,11.462331,0.0,0.0,702,-11.462331,702,16.516482,-4.170586,1
016874,广发远见智选混合C,MIXED,2025-11-28,20,5.431015,-4.360587,-5.450777,-4.697243,-0.718557,45.310664,-16.860409,-16.860409,45.0,2,0,0.0,0.0,4.360587,0.0,0.0,703,-4.360587,703,12.439719,-4.170586,1
016874,广发远见智选混合C,MIXED,2025-12-01,20,3.447483,-8.152229,-5.431243,-5.577553,-0.769589,44.121261,-16.860409,-16.860409,50.0,0,2,0.0,0.0,8.152229,0.0,0.0,704,-8.152229,704,11.586314,-4.170586,1
016874,广发远见智选混合C,MIXED,2025-12-02,20,1.091778,-7.077148,-8.398599,-6.430594,-0.863927,43.614181,-16.860409,-16.860409,50.0,0,3,0.0,0.0,7.077148,0.0,0.0,705,-7.077148,705,11.17111,-4.170586,1
016874,广发远见智选混合C,MIXED,2025-12-03,20,0.998525,-6.590408,-4.321187,-5.993558,-0.952299,43.644469,-16.860409,-16.860409,45.0,2,0,0.0,0.0,6.590408,0.0,0.0,706,-6.590408,706,9.67307,-4.844527,1
016874,广发远见智选混合C,MIXED,2025-12-04,20,1.950496,-9.72629,-2.156541,-5.120298,-0.965124,40.851186,-16.860409,-16.860409,45.0,3,0,0.0,0.0,9.72629,0.0,0.0,707,-9.72629,707,18.12486,-4.844527,1
016874,广发远见智选混合C,MIXED,2025-12-05,20,-1.928979,-10.965174,3.301778,-4.4553,-0.936697,40.249111,-16.860409,-16.860409,45.0,4,0,0.0,0.0,10.965174,0.0,0.0,708,-10.965174,708,24.105945,-4.844527,1
016874,广发远见智选混合C,MIXED,2025-12-08,20,4.221284,-8.992143,5.32106,0.677119,-0.778884,43.28424,-16.860409,-16.860409,45.0,5,0,0.0,0.0,8.992143,0.0,0.0,709,-8.992143,709,24.078022,-4.844527,1
016874,广发远见智选混合C,MIXED,2025-12-09,20,4.241197,-8.420636,3.716141,-0.111036,-0.654591,43.071099,-16.860409,-16.860409,45.0,0,2,0.0,0.0,8.420636,0.0,0.0,710,-8.420636,710,25.307576,-4.844527,1
016874,广发远见智选混合C,MIXED,2025-12-10,20,2.943489,-10.648464,3.268342,-0.636542,-0.508444,42.623674,-16.860409,-16.860409,50.0,0,3,0.0,0.0,10.648464,0.0,0.0,711,-10.648464,711,29.258976,-4.844527,1
016874,广发远见智选混合C,MIXED,2025-12-11,20,3.188633,-11.393986,2.683144,0.661399,-0.306926,42.192977,-13.042605,-16.860409,50.0,2,0,0.0,0.0,11.393986,0.0,0.0,712,-11.393986,712,30.727529,-4.844527,1
016874,广发远见智选混合C,MIXED,2025-12-12,20,6.917747,-3.46115,3.270725,4.611684,-0.115225,41.718335,-13.042605,-16.860409,45.0,3,0,0.0,0.0,3.46115,0.0,0.0,713,-3.46115,713,24.459078,-4.844527,1
016874,广发远见智选混合C,MIXED,2025-12-15,20,-1.396291,-7.04381,-1.196198,1.54552,0.040738,43.12085,-12.034966,-16.860409,50.0,0,2,0.0,0.0,7.04381,0.0,0.0,714,-7.04381,714,32.547833,-4.844527,1
016874,广发远见智选混合C,MIXED,2025-12-16,20,-1.05763,-6.810327,-0.671723,1.005872,0.17659,43.067479,-10.274754,-16.860409,50.0,0,3,0.0,0.0,6.810327,0.0,0.0,715,-6.810327,715,34.315009,-4.844527,1
016874,广发远见智选混合C,MIXED,2025-12-17,20,3.143075,-2.011405,1.875606,4.235138,0.334718,44.222813,-7.324909,-16.860409,45.0,2,0,0.0,0.0,2.011405,0.0,0.0,716,-2.011405,716,36.017353,-4.844527,1
016874,广发远见智选混合C,MIXED,2025-12-18,20,2.851567,1.584922,0.476644,4.535837,0.447562,42.670716,-4.170586,-16.860409,40.0,3,0,0.0,1.584922,0.0,0.0,0.0,717,1.584922,717,34.7354,-4.844527,1
016874,广发远见智选混合C,MIXED,2025-12-19,20,-3.240305,6.967876,-1.82416,1.674438,0.401823,33.995604,-4.170586,-16.860409,40.0,0,2,0.0,6.967876,0.0,0.0,0.0,718,6.967876,718,39.818516,-4.844527,1
016874,广发远见智选混合C,MIXED,2025-12-22,20,4.302238,10.882556,3.90911,5.431659,0.41528,36.68028,-4.170586,-16.860409,40.0,2,0,0.0,10.882556,0.0,0.0,0.0,719,10.882556,719,36.200643,-4.844527,1
016874,广发远见智选混合C,MIXED,2025-12-23,20,7.820681,12.41897,2.701299,7.369793,0.46502,37.266855,-4.170586,-16.860409,40.0,3,0,0.0,12.41897,0.0,0.0,0.0,720,12.41897,720,31.674254,-4.844527,1
016874,广发远见智选混合C,MIXED,2025-12-24,20,7.459528,15.238852,7.630352,9.514592,0.540921,37.983586,-4.170586,-16.860409,40.0,4,0,0.0,15.238852,0.0,0.0,0.0,721,15.238852,721,29.824734,-4.844527,1
016874,广发远见智选混合C,MIXED,2025-12-25,20,7.685009,16.516482,6.052741,9.297511,0.595024,37.698815,-4.170586,-16.860409,35.0,5,0,0.0,16.516482,0.0,0.0,0.0,722,16.516482,722,25.854136,-4.844527,1
016874,广发远见智选混合C,MIXED,2025-12-26,20,10.824241,12.439719,5.371816,9.105798,0.692851,35.659627,-4.170586,-16.860409,35.0,6,0,0.0,12.439719,0.0,0.0,0.0,723,12.439719,723,32.430061,-4.844527,1
016874,广发远见智选混合C,MIXED,2025-12-29,20,4.104052,11.586314,6.408898,6.240646,0.719128,36.295809,-4.170586,-16.860409,35.0,0,2,0.0,11.586314,0.0,0.0,0.0,724,11.586314,724,38.188153,-2.817322,1
016874,广发远见智选混合C,MIXED,2025-12-30,20,-0.030349,11.17111,2.160653,3.970709,0.685541,36.563886,-4.170586,-16.860409,35.0,0,3,0.0,11.17111,0.0,0.0,0.0,725,11.17111,725,36.703097,-2.679922,1
016874,广发远见智选混合C,MIXED,2025-12-31,20,-3.87948,9.67307,-0.91352,2.245055,0.621142,37.079945,-4.844527,-16.860409,40.0,0,4,0.0,9.67307,0.0,0.0,0.0,726,9.67307,726,42.409342,-2.679922,1
016874,广发远见智选混合C,MIXED,2026-01-05,20,3.357807,18.12486,4.482929,9.651924,0.665847,45.983873,-4.844527,-16.860409,40.0,2,0,0.0,18.12486,0.0,0.0,0.0,727,18.12486,727,21.7276,-7.55287,1
016874,广发远见智选混合C,MIXED,2026-01-06,20,8.246418,24.105945,16.392412,14.055359,0.764706,48.328254,-4.844527,-16.860409,40.0,3,0,0.0,24.105945,0.0,0.0,0.0,728,24.105945,728,20.369203,-7.55287,1
016874,广发远见智选混合C,MIXED,2026-01-07,20,15.888502,24.078022,20.19618,18.189341,0.975338,48.304227,-4.844527,-16.860409,40.0,4,0,0.0,24.078022,0.0,0.0,0.0,729,24.078022,729,13.12602,-7.55287,1
016874,广发远见智选混合C,MIXED,2026-01-08,20,17.496458,25.307576,27.944904,16.497938,1.123923,47.791158,-4.844527,-16.860409,40.0,0,2,0.0,25.307576,0.0,0.0,0.0,730,25.307576,730,11.868056,-7.55287,1
016874,广发远见智选混合C,MIXED,2026-01-09,20,21.327597,29.258976,28.057087,17.258619,1.248884,47.087671,-4.844527,-16.860409,35.0,2,0,0.0,29.258976,0.0,0.0,0.0,731,29.258976,731,8.147585,-7.862178,1
016874,广发远见智选混合C,MIXED,2026-01-12,20,14.197765,30.727529,27.708929,17.715976,1.369143,47.044348,-4.844527,-16.860409,35.0,3,0,0.0,30.727529,0.0,0.0,0.0,732,30.727529,732,10.541594,-7.862178,1
016874,广发远见智选混合C,MIXED,2026-01-13,20,7.221972,24.459078,33.831629,14.938534,1.480273,47.075767,-4.844527,-16.860409,40.0,0,2,0.0,24.459078,0.0,0.0,0.0,733,24.459078,733,13.521458,-7.862178,1
016874,广发远见智选混合C,MIXED,2026-01-14,20,5.334593,32.547833,36.53268,16.669838,1.551147,44.417749,-4.844527,-16.860409,35.0,2,0,0.0,32.547833,0.0,0.0,0.0,734,32.547833,734,10.495841,-7.862178,1
016874,广发远见智选混合C,MIXED,2026-01-15,20,6.054603,34.315009,32.451328,15.436896,1.571227,43.731988,-4.844527,-16.860409,30.0,3,0,0.0,34.315009,0.0,0.0,0.0,735,34.315009,735,13.886633,-7.862178,1
016874,广发远见智选混合C,MIXED,2026-01-16,20,8.535968,36.017353,37.840446,18.615917,1.657722,44.589874,-4.844527,-16.860409,30.0,4,0,0.0,36.017353,0.0,0.0,0.0,736,36.017353,736,7.195644,-7.862178,1
016874,广发远见智选混合C,MIXED,2026-01-19,20,6.00481,34.7354,39.637277,16.167148,1.691295,45.056089,-4.844527,-16.860409,35.0,0,2,0.0,34.7354,0.0,0.0,0.0,737,34.7354,737,11.548392,-7.862178,1
016874,广发远见智选混合C,MIXED,2026-01-20,20,8.700764,39.818516,30.724169,15.701445,1.664936,42.599945,-4.844527,-16.860409,30.0,2,0,0.0,39.818516,0.0,0.0,0.0,738,39.818516,738,8.012053,-7.862178,1
016874,广发远见智选混合C,MIXED,2026-01-21,20,7.176643,36.200643,27.865343,15.674401,1.671538,41.554089,-4.844527,-16.860409,30.0,3,0,0.0,36.200643,0.0,0.0,0.0,739,36.200643,739,9.960432,-7.862178,1
016874,广发远见智选混合C,MIXED,2026-01-22,20,5.700828,31.674254,30.945674,13.008183,1.651697,42.371702,-4.844527,-16.860409,35.0,0,2,0.0,31.674254,0.0,0.0,0.0,740,31.674254,740,13.053165,-7.862178,1
016874,广发远见智选混合C,MIXED,2026-01-23,20,2.567095,29.824734,31.626235,12.989751,1.650112,42.0826,-4.844527,-16.860409,35.0,2,0,0.0,29.824734,0.0,0.0,0.0,741,29.824734,741,12.233599,-7.862178,1
016874,广发远见智选混合C,MIXED,2026-01-26,20,0.586809,25.854136,29.832357,8.937613,1.580749,44.188395,-4.844527,-16.860409,40.0,0,2,0.0,25.854136,0.0,0.0,0.0,742,25.854136,742,7.692906,-7.862178,1
016874,广发远见智选混合C,MIXED,2026-01-27,20,4.967936,32.430061,42.410901,13.523179,1.568345,46.835605,-2.817322,-16.860409,40.0,2,0,0.0,32.430061,0.0,0.0,0.0,743,32.430061,743,3.26807,-7.862178,1
016874,广发远见智选混合C,MIXED,2026-01-28,20,5.623193,38.188153,41.628405,14.158593,1.518748,44.967776,-2.49526,-16.860409,35.0,3,0,0.0,38.188153,0.0,0.0,0.0,744,38.188153,744,2.319718,-7.862178,1
016874,广发远见智选混合C,MIXED,2026-01-29,20,3.787646,36.703097,41.2189,9.466605,1.361276,46.135188,-2.679922,-16.860409,35.0,0,2,0.0,36.703097,0.0,0.0,0.0,745,36.703097,745,4.063957,-7.862178,1
016874,广发远见智选混合C,MIXED,2026-01-30,20,5.437998,42.409342,45.891489,10.792772,1.192072,45.09168,-2.679922,-16.860409,30.0,2,0,0.0,42.409342,0.0,0.0,0.0,746,42.409342,746,1.985326,-7.862178,0
016874,广发远见智选混合C,MIXED,2026-02-02,20,-0.031114,21.7276,29.80507,1.496946,0.967487,50.030494,-7.55287,-16.860409,35.0,0,2,0.0,21.7276,0.0,0.0,0.0,747,21.7276,747,14.705882,-6.440059,1
016874,广发远见智选混合C,MIXED,2026-02-03,20,-1.611953,20.369203,33.004975,4.629546,0.845218,48.901333,-7.55287,-16.860409,35.0,2,0,0.0,20.369203,0.0,0.0,0.0,748,20.369203,748,10.406224,-6.440059,1
016874,广发远见智选混合C,MIXED,2026-02-04,20,-5.129313,13.12602,27.742749,2.466941,0.74454,47.418455,-7.55287,-16.860409,40.0,0,2,0.0,13.12602,0.0,0.0,0.0,749,13.12602,749,13.144506,-6.440059,1
016874,广发远见智选混合C,MIXED,2026-02-05,20,-3.849286,11.868056,28.375173,0.527442,0.604077,47.864929,-7.55287,-16.860409,40.0,0,3,0.0,11.868056,0.0,0.0,0.0,750,11.868056,750,13.665409,-6.440059,1
016874,广发远见智选混合C,MIXED,2026-02-06,20,-7.862178,8.147585,24.904924,-1.234473,0.458406,48.06255,-7.862178,-16.860409,45.0,0,4,0.0,8.147585,0.0,0.0,0.0,751,8.147585,751,18.190335,-6.440059,1
016874,广发远见智选混合C,MIXED,2026-02-09,20,3.703704,10.541594,28.04304,2.266231,0.385008,49.552109,-7.862178,-13.042605,45.0,2,0,0.0,10.541594,0.0,0.0,0.0,752,10.541594,752,9.42377,-6.440059,1
016874,广发远见智选混合C,MIXED,2026-02-10,20,1.122167,13.521458,36.397578,3.079733,0.299871,49.174046,-7.862178,-13.042605,40.0,3,0,0.0,13.521458,0.0,0.0,0.0,753,13.521458,753,13.190797,-6.440059,1
016874,广发远见智选混合C,MIXED,2026-02-11,20,2.885565,10.495841,36.143489,2.819199,0.243671,48.431387,-7.862178,-12.034966,40.0,4,0,0.0,10.495841,0.0,0.0,0.0,754,10.495841,754,10.524762,-6.440059,1
016874,广发远见智选混合C,MIXED,2026-02-12,20,7.968281,13.886633,42.549299,5.737767,0.230479,49.55187,-7.862178,-10.274754,40.0,5,0,0.0,13.886633,0.0,0.0,0.0,755,13.886633,755,3.772105,-6.440059,1
016874,广发远见智选混合C,MIXED,2026-02-13,20,7.580607,7.195644,42.871954,3.537014,0.236768,48.252487,-7.862178,-7.862178,45.0,0,2,0.0,7.195644,0.0,0.0,0.0,756,7.195644,756,1.502177,-8.581699,0
016874,广发远见智选混合C,MIXED,2026-02-24,20,6.970288,11.548392,52.677233,6.530275,0.274306,49.295144,-7.862178,-7.862178,40.0,2,0,0.0,11.548392,0.0,0.0,0.0,757,11.548392,757,2.10423,-8.581699,0
016874,广发远见智选混合C,MIXED,2026-02-25,20,3.425316,8.012053,61.543795,4.057343,0.285006,50.025313,-7.862178,-7.862178,45.0,0,2,0.0,8.012053,0.0,0.0,0.0,758,8.012053,758,9.778255,-8.581699,0
016874,广发远见智选混合C,MIXED,2026-02-26,20,6.657318,9.960432,66.065272,7.041669,0.356889,50.97484,-7.862178,-7.862178,45.0,2,0,0.0,9.960432,0.0,0.0,0.0,759,9.960432,759,3.833645,-8.581699,0
016874,广发远见智选混合C,MIXED,2026-02-27,20,4.927268,13.053165,67.349028,8.315606,0.426091,50.85817,-7.862178,-7.862178,40.0,3,0,0.0,13.053165,0.0,0.0,0.0,760,13.053165,760,2.915392,-8.581699,0
016874,广发远见智选混合C,MIXED,2026-03-02,20,7.387518,12.233599,67.911041,8.283727,0.504096,50.80354,-7.862178,-7.862178,40.0,4,0,0.0,12.233599,0.0,0.0,0.0,761,12.233599,761,6.041357,-8.581699,0
016874,广发远见智选混合C,MIXED,2026-03-03,20,-2.889809,7.692906,57.921752,0.944923,0.427685,55.712386,-7.862178,-7.862178,40.0,0,2,0.0,7.692906,0.0,0.0,0.0,762,7.692906,762,11.30372,-8.581699,0
016874,广发远见智选混合C,MIXED,2026-03-04,20,0.357654,3.26807,53.770276,2.128465,0.444836,52.316276,-7.862178,-7.862178,40.0,2,0,0.0,3.26807,0.0,0.0,0.0,763,3.26807,763,12.002851,-8.581699,0
016874,广发远见智选混合C,MIXED,2026-03-05,20,-1.716144,2.319718,57.77605,3.266757,0.509118,51.955309,-7.862178,-7.862178,40.0,3,0,0.0,2.319718,0.0,0.0,0.0,764,2.319718,764,9.012181,-8.581699,0
016874,广发远见智选混合C,MIXED,2026-03-06,20,-4.464832,4.063957,58.150523,2.008903,0.511612,51.076113,-7.862178,-7.862178,40.0,0,2,0.0,4.063957,0.0,0.0,0.0,765,4.063957,765,11.182245,-8.581699,0
016874,广发远见智选混合C,MIXED,2026-03-09,20,-4.189755,1.985326,59.285474,2.776741,0.566029,50.169547,-6.440059,-7.862178,40.0,2,0,0.0,1.985326,0.0,0.0,0.0,766,1.985326,766,11.073494,-8.581699,0
016874,广发远见智选混合C,MIXED,2026-03-10,20,6.478873,14.705882,64.936227,6.138112,0.552391,42.862795,-6.440059,-7.862178,35.0,3,0,0.0,14.705882,0.0,0.0,0.0,767,14.705882,767,12.115045,-8.581699,0
016874,广发远见智选混合C,MIXED,2026-03-11,20,5.188881,10.406224,64.930711,5.723906,0.579431,41.098878,-6.440059,-7.862178,35.0,4,0,0.0,10.406224,0.0,0.0,0.0,768,10.406224,768,15.266296,-8.581699,0
016874,广发远见智选混合C,MIXED,2026-03-12,20,4.907414,13.144506,58.814752,6.083421,0.58276,40.423942,-6.440059,-7.862178,30.0,5,0,0.0,13.144506,0.0,0.0,0.0,769,13.144506,769,12.66443,-8.581699,0
016874,广发远见智选混合C,MIXED,2026-03-13,20,5.022052,13.665409,59.335204,4.45512,0.533688,40.154624,-6.440059,-7.862178,30.0,0,2,0.0,13.665409,0.0,0.0,0.0,770,13.665409,770,13.681929,-8.581699,0
016874,广发远见智选混合C,MIXED,2026-03-16,20,6.778107,18.190335,65.218815,6.232633,0.483202,39.901984,-6.440059,-7.862178,25.0,2,0,0.0,18.190335,0.0,0.0,0.0,771,18.190335,771,14.228152,-8.581699,0
016874,广发远见智选混合C,MIXED,2026-03-17,20,-1.071768,9.42377,58.126423,1.889112,0.412542,41.123891,-6.440059,-7.862178,30.0,0,2,0.0,9.42377,0.0,0.0,0.0,772,9.42377,772,19.192265,-8.581699,0
016874,广发远见智选混合C,MIXED,2026-03-18,20,3.672584,13.190797,59.924741,6.229713,0.420497,43.946761,-6.440059,-7.862178,30.0,2,0,0.0,13.190797,0.0,0.0,0.0,773,13.190797,773,18.555556,-8.581699,0
016874,广发远见智选混合C,MIXED,2026-03-19,20,0.503356,10.524762,61.874392,3.461022,0.381772,45.032654,-6.440059,-7.862178,35.0,0,2,0.0,10.524762,0.0,0.0,0.0,774,10.524762,774,20.948247,-6.597663,1
016874,广发远见智选混合C,MIXED,2026-03-20,20,-1.429152,3.772105,58.736911,0.362056,0.339848,45.103574,-6.440059,-7.862178,40.0,0,3,0.0,3.772105,0.0,0.0,0.0,775,3.772105,775,26.564969,-3.889232,1
016874,广发远见智选混合C,MIXED,2026-03-23,20,-7.609485,1.502177,47.994921,-3.610057,0.210654,46.952151,-8.581699,-8.581699,40.0,0,4,0.0,1.502177,0.0,0.0,0.0,776,1.502177,776,29.92779,-2.228449,1
016874,广发远见智选混合C,MIXED,2026-03-24,20,-0.185134,2.10423,53.457727,0.214445,0.187382,47.578389,-8.581699,-8.581699,40.0,2,0,0.0,2.10423,0.0,0.0,0.0,777,2.10423,777,31.428179,-2.228449,1
016874,广发远见智选混合C,MIXED,2026-03-25,20,0.30719,9.778255,65.788052,5.158214,0.207828,50.393258,-8.581699,-8.581699,35.0,3,0,0.0,9.778255,0.0,0.0,0.0,778,9.778255,778,23.079429,-2.228449,1
016874,广发远见智选混合C,MIXED,2026-03-26,20,0.200334,3.833645,55.508343,2.620043,0.232106,50.105655,-8.581699,-8.581699,40.0,0,2,0.0,3.833645,0.0,0.0,0.0,779,3.833645,779,25.604798,-1.797094,1
016874,广发远见智选混合C,MIXED,2026-03-27,20,4.061018,2.915392,53.201821,3.418958,0.29274,49.827567,-8.581699,-8.581699,40.0,2,0,0.0,2.915392,0.0,0.0,0.0,780,2.915392,780,24.280243,-1.797094,1
016874,广发远见智选混合C,MIXED,2026-03-30,20,12.189891,6.041357,54.509649,6.835148,0.410466,51.289361,-8.581699,-8.581699,40.0,3,0,0.0,6.041357,0.0,0.0,0.0,781,6.041357,781,18.812134,-2.5507,1
016874,广发远见智选混合C,MIXED,2026-03-31,20,5.859724,11.30372,50.856583,4.35925,0.38799,45.461621,-8.581699,-8.581699,40.0,0,2,0.0,11.30372,0.0,0.0,0.0,782,11.30372,782,20.395847,-3.026343,1
016874,广发远见智选混合C,MIXED,2026-04-01,20,2.391347,12.002851,53.172824,5.814619,0.39867,45.658594,-8.581699,-8.581699,40.0,2,0,0.0,12.002851,0.0,0.0,0.0,783,12.002851,783,17.576683,-3.42881,1
016874,广发远见智选混合C,MIXED,2026-04-02,20,3.185605,9.012181,54.136386,3.811727,0.388994,46.172606,-8.581699,-8.581699,45.0,0,2,0.0,9.012181,0.0,0.0,0.0,784,9.012181,784,26.506491,-3.42881,1
016874,广发远见智选混合C,MIXED,2026-04-03,20,3.209192,11.182245,58.166363,4.247954,0.36493,45.85613,-8.581699,-8.581699,40.0,2,0,0.0,11.182245,0.0,0.0,0.0,785,11.182245,785,31.714651,-3.42881,1
016874,广发远见智选混合C,MIXED,2026-04-07,20,0.35687,11.073494,61.319402,4.487911,0.34919,45.849396,-8.581699,-8.581699,40.0,3,0,0.0,11.073494,0.0,0.0,0.0,786,11.073494,786,31.381763,-3.42881,1
016874,广发远见智选混合C,MIXED,2026-04-08,20,7.255029,12.115045,56.5448,9.017275,0.45004,46.929694,-8.581699,-8.581699,40.0,4,0,0.0,12.115045,0.0,0.0,0.0,787,12.115045,787,25.71999,-3.42881,1
016874,广发远见智选混合C,MIXED,2026-04-09,20,8.253786,15.266296,53.183251,11.375548,0.578114,47.585542,-8.581699,-8.581699,40.0,5,0,0.0,15.266296,0.0,0.0,0.0,788,15.266296,788,20.862971,-3.42881,1
016874,广发远见智选混合C,MIXED,2026-04-10,20,8.42214,12.66443,44.205824,9.234183,0.676872,48.138513,-8.581699,-8.581699,45.0,0,2,0.0,12.66443,0.0,0.0,0.0,789,12.66443,789,25.466135,-3.42881,1
016874,广发远见智选混合C,MIXED,2026-04-13,20,7.383237,13.681929,44.552579,8.501574,0.74159,47.859338,-8.581699,-8.581699,45.0,0,3,0.0,13.681929,0.0,0.0,0.0,790,13.681929,790,21.687321,-3.42881,1
016874,广发远见智选混合C,MIXED,2026-04-14,20,9.81077,14.228152,46.006417,11.019093,0.870315,48.143574,-8.581699,-8.581699,45.0,2,0,0.0,14.228152,0.0,0.0,0.0,791,14.228152,791,15.02342,-5.559776,1
016874,广发远见智选混合C,MIXED,2026-04-15,20,5.17304,19.192265,44.173509,10.603154,0.927039,45.305577,-8.581699,-8.581699,40.0,3,0,0.0,19.192265,0.0,0.0,0.0,792,19.192265,792,16.631191,-5.559776,1
016874,广发远见智选混合C,MIXED,2026-04-16,20,6.631003,18.555556,52.33896,14.380301,1.095487,44.690562,-6.597663,-8.581699,40.0,4,0,0.0,18.555556,0.0,0.0,0.0,793,18.555556,793,12.856277,-5.559776,1
016874,广发远见智选混合C,MIXED,2026-04-17,20,7.893012,20.948247,47.708367,13.091503,1.198667,43.455353,-3.889232,-8.581699,40.0,0,2,0.0,20.948247,0.0,0.0,0.0,794,20.948247,794,13.869258,-5.559776,1
016874,广发远见智选混合C,MIXED,2026-04-20,20,9.74142,26.564969,49.577716,13.636854,1.253768,41.09782,-2.228449,-8.581699,35.0,2,0,0.0,26.564969,0.0,0.0,0.0,795,26.564969,795,5.874369,-7.411452,1
016874,广发远见智选混合C,MIXED,2026-04-21,20,5.088764,29.92779,41.369117,10.689824,1.195047,37.753743,-2.228449,-8.581699,35.0,0,2,0.0,29.92779,0.0,0.0,0.0,796,29.92779,796,10.240467,-7.411452,1
016874,广发远见智选混合C,MIXED,2026-04-22,20,10.061554,31.428179,49.690948,14.929686,1.235025,39.123066,-2.228449,-8.581699,35.0,2,0,0.0,31.428179,0.0,0.0,0.0,797,31.428179,797,4.48986,-7.411452,1
016874,广发远见智选混合C,MIXED,2026-04-23,20,4.134737,23.079429,45.93989,12.275467,1.290447,37.16313,-1.797094,-8.581699,40.0,0,2,0.0,23.079429,0.0,0.0,0.0,798,23.079429,798,0.269998,-10.075017,0
016874,广发远见智选混合C,MIXED,2026-04-24,20,4.058083,25.604798,43.41044,10.761112,1.276966,35.44455,-1.797094,-8.581699,40.0,0,3,0.0,25.604798,0.0,0.0,0.0,799,25.604798,799,-2.318671,-12.591397,0
016874,广发远见智选混合C,MIXED,2026-04-27,20,2.182529,24.280243,44.598955,9.426009,1.241402,35.741538,-1.797094,-8.581699,45.0,0,4,0.0,24.280243,0.0,0.0,0.0,800,24.280243,800,-0.170023,-12.591397,0
016874,广发远见智选混合C,MIXED,2026-04-28,20,2.591757,18.812134,41.40311,7.474629,1.21254,35.167434,-2.5507,-8.581699,50.0,0,5,0.0,18.812134,0.0,0.0,0.0,801,18.812134,801,1.142459,-12.591397,0
016874,广发远见智选混合C,MIXED,2026-04-29,20,-3.026343,20.395847,44.313939,5.989888,1.125296,34.133373,-3.026343,-8.581699,50.0,0,6,0.0,20.395847,0.0,0.0,0.0,802,20.395847,802,-0.226378,-12.591397,0
016874,广发远见智选混合C,MIXED,2026-04-30,20,-2.186458,17.576683,35.992934,4.723794,1.03491,34.240254,-3.42881,-8.581699,55.0,0,7,0.0,17.576683,0.0,0.0,0.0,803,17.576683,803,4.800823,-12.591397,0
016874,广发远见智选混合C,MIXED,2026-05-06,20,3.926354,26.506491,41.106549,9.744618,0.98759,37.689743,-3.42881,-8.581699,50.0,2,0,0.0,26.506491,0.0,0.0,0.0,804,26.506491,804,0.612651,-12.591397,0
016874,广发远见智选混合C,MIXED,2026-05-07,20,9.383136,31.714651,52.3947,13.767673,0.996796,40.11938,-3.42881,-8.581699,50.0,3,0,0.0,31.714651,0.0,0.0,0.0,805,31.714651,805,-2.564725,-12.591397,0
016874,广发远见智选混合C,MIXED,2026-05-08,20,10.97404,31.381763,48.827507,12.796609,0.983335,40.185199,-3.42881,-8.581699,50.0,4,0,0.0,31.381763,0.0,0.0,0.0,806,31.381763,806,-5.964234,-12.591397,0
016874,广发远见智选混合C,MIXED,2026-05-11,20,11.99806,25.71999,61.679116,11.984177,1.005213,38.036558,-3.42881,-8.581699,50.0,5,0,0.0,25.71999,0.0,0.0,0.0,807,25.71999,807,-6.920449,-12.591397,0
016874,广发远见智选混合C,MIXED,2026-05-12,20,11.279498,20.862971,53.811626,9.754307,1.018405,38.235748,-3.42881,-8.581699,55.0,0,2,0.0,20.862971,0.0,0.0,0.0,808,20.862971,808,-0.719844,-12.591397,0
016874,广发远见智选混合C,MIXED,2026-05-13,20,7.530505,25.466135,59.936214,11.165651,1.020388,37.564494,-3.42881,-8.581699,50.0,2,0,0.0,25.466135,0.0,0.0,0.0,809,25.466135,809,-5.0565,-12.591397,0
016874,广发远见智选混合C,MIXED,2026-05-14,20,-0.791762,21.687321,57.240742,6.772617,0.942522,40.248851,-3.42881,-8.581699,50.0,0,2,0.0,21.687321,0.0,0.0,0.0,810,21.687321,810,-4.083431,-10.735066,0
016874,广发远见智选混合C,MIXED,2026-05-15,20,-3.861769,15.02342,55.28925,3.2848,0.842238,41.464385,-5.559776,-8.581699,55.0,0,3,0.0,15.02342,0.0,0.0,0.0,811,15.02342,811,-2.26233,-10.735066,0
016874,广发远见智选混合C,MIXED,2026-05-18,20,-2.430338,16.631191,52.115846,4.489266,0.758124,41.667831,-5.559776,-8.581699,55.0,2,0,0.0,16.631191,0.0,0.0,0.0,812,16.631191,812,2.722699,-10.735066,0
016874,广发远见智选混合C,MIXED,2026-05-19,20,-0.432879,12.856277,51.446327,4.874344,0.729521,39.526683,-5.559776,-8.581699,55.0,3,0,0.0,12.856277,0.0,0.0,0.0,813,12.856277,813,5.637243,-10.735066,0
016874,广发远见智选混合C,MIXED,2026-05-20,20,-2.079575,13.869258,52.217876,4.982655,0.692042,39.4187,-5.559776,-8.581699,50.0,4,0,0.0,13.869258,0.0,0.0,0.0,814,13.869258,814,8.228278,-10.735066,0
016874,广发远见智选混合C,MIXED,2026-05-21,20,-4.519193,5.874369,39.054478,-1.006383,0.581408,44.76609,-7.411452,-8.581699,55.0,0,2,0.0,5.874369,0.0,0.0,0.0,815,5.874369,815,18.675965,-8.106219,0
016874,广发远见智选混合C,MIXED,2026-05-22,20,0.718918,10.240467,45.384615,1.221182,0.481079,45.094993,-7.411452,-8.581699,50.0,2,0,0.0,10.240467,0.0,0.0,0.0,816,10.240467,816,22.162324,-8.106219,0
016874,广发远见智选混合C,MIXED,2026-05-25,20,-1.395876,4.48986,40.21884,0.785218,0.441786,41.491567,-7.411452,-8.581699,55.0,0,2,0.0,4.48986,0.0,0.0,0.0,817,4.48986,817,18.583363,-7.908559,1
016874,广发远见智选混合C,MIXED,2026-05-26,20,-7.478873,0.269998,35.479256,-4.525703,0.301945,45.638438,-10.075017,-10.075017,55.0,0,3,0.0,0.269998,0.0,0.0,0.0,818,0.269998,818,30.823654,-4.757006,1
016874,广发远见智选混合C,MIXED,2026-05-27,20,-10.735066,-2.318671,27.396028,-7.095042,0.120397,46.746895,-12.591397,-12.591397,55.0,0,4,0.0,0.0,2.318671,0.0,0.0,819,-2.318671,819,40.439978,-4.757006,1
016874,广发远见智选混合C,MIXED,2026-05-28,20,-3.651095,-0.170023,27.686035,-5.174785,-0.032918,47.354644,-12.591397,-12.591397,50.0,2,0,0.0,0.0,0.170023,0.0,0.0,820,-0.170023,820,31.614242,-4.757006,1
016874,广发远见智选混合C,MIXED,2026-05-29,20,-5.875012,1.142459,27.429382,-4.882724,-0.195098,47.224759,-12.591397,-12.591397,45.0,3,0,0.0,1.142459,0.0,0.0,0.0,821,1.142459,821,27.141115,-7.271321,1
016874,广发远见智选混合C,MIXED,2026-06-01,20,-7.403331,-0.226378,33.701697,-6.618103,-0.391133,47.686491,-12.591397,-12.591397,45.0,0,2,0.0,0.0,0.226378,0.0,0.0,822,-0.226378,822,33.709686,-7.271321,1
016874,广发远见智选混合C,MIXED,2026-06-02,20,2.233369,4.800823,38.011404,-2.538097,-0.530374,50.316947,-12.591397,-12.591397,40.0,2,0,0.0,4.800823,0.0,0.0,0.0,823,4.800823,823,23.524247,-7.491781,1
016874,广发远见智选混合C,MIXED,2026-06-03,20,7.045084,0.612651,38.752376,-0.836552,-0.563999,45.97735,-12.591397,-12.591397,40.0,3,0,0.0,0.612651,0.0,0.0,0.0,824,0.612651,824,12.279901,-14.418874,0
021528,财通成长优选混合C,MIXED,2024-06-25,20,-6.697674,0.0,0.0,-0.967615,0.365844,29.416087,-6.697674,-6.697674,45.0,0,3,0.0,0.0,0.0,0.0,0.0,20,0.0,20,-5.184447,-7.276303,0
021528,财通成长优选混合C,MIXED,2024-06-26,20,-5.084746,0.8,0.0,-0.513225,0.338984,28.679365,-6.697674,-6.697674,45.0,2,0,0.0,0.8,0.0,0.0,0.0,21,0.8,21,-7.837302,-8.652901,0
021528,财通成长优选混合C,MIXED,2024-06-27,20,-6.729858,-0.706357,0.0,-2.848398,0.263308,29.793779,-8.465116,-8.465116,45.0,0,2,0.0,0.0,0.706357,0.0,0.0,22,-0.706357,22,-6.097561,-9.144543,0
021528,财通成长优选混合C,MIXED,2024-06-28,20,-5.665722,1.52439,0.0,-1.44041,0.198652,30.160915,-8.465116,-8.465116,40.0,2,0,0.0,1.52439,0.0,0.0,0.0,23,1.52439,23,-10.21021,-11.79941,0
021528,财通成长优选混合C,MIXED,2024-06-30,20,-3.294574,2.358974,0.0,-1.650653,0.116403,29.937822,-8.465116,-8.465116,40.0,0,2,0.0,2.358974,0.0,0.0,0.0,24,2.358974,24,-9.018036,-11.79941,0
021528,财通成长优选混合C,MIXED,2024-07-01,20,0.997009,1.097804,0.0,-0.226534,0.09405,28.774058,-8.465116,-8.465116,40.0,2,0,0.0,1.097804,0.0,0.0,0.0,25,1.097804,25,-9.772952,-11.79941,0
021528,财通成长优选混合C,MIXED,2024-07-02,20,-0.892857,-1.186944,0.0,-1.547255,0.064466,29.040972,-8.465116,-8.465116,45.0,0,2,0.0,0.0,1.186944,0.0,0.0,26,-1.186944,26,-9.80981,-11.79941,0
021528,财通成长优选混合C,MIXED,2024-07-03,20,-0.50813,-0.910931,0.0,-3.475474,-0.027355,28.777787,-8.930233,-8.930233,45.0,0,3,0.0,0.0,0.910931,0.0,0.0,27,-0.910931,27,-6.537283,-11.79941,0
021528,财通成长优选混合C,MIXED,2024-07-04,20,-1.401401,-0.805639,0.0,-2.845589,-0.101675,28.806663,-8.930233,-8.930233,45.0,2,0,0.0,0.0,0.805639,0.0,0.0,28,-0.805639,28,-6.497462,-11.79941,0
021528,财通成长优选混合C,MIXED,2024-07-05,20,-0.701403,1.954733,0.0,-2.34529,-0.198861,27.790265,-8.930233,-8.930233,40.0,3,0,0.0,1.954733,0.0,0.0,0.0,29,1.954733,29,-11.705348,-13.962635,0
021528,财通成长优选混合C,MIXED,2024-07-08,20,-2.3692,0.918367,0.0,-2.58557,-0.289199,27.680069,-8.930233,-8.930233,45.0,0,2,0.0,0.918367,0.0,0.0,0.0,30,0.918367,30,-16.582406,-18.879056,0
021528,财通成长优选混合C,MIXED,2024-07-09,20,1.801802,3.564155,0.0,0.0,-0.337865,29.379834,-8.930233,-8.930233,45.0,2,0,0.0,3.564155,0.0,0.0,0.0,31,3.564155,31,-17.109145,-18.879056,0
021528,财通成长优选混合C,MIXED,2024-07-10,20,3.677222,1.5,0.0,-0.270204,-0.366798,28.752453,-8.930233,-8.930233,50.0,0,2,0.0,1.5,0.0,0.0,0.0,32,1.5,32,-17.044335,-18.719212,0
021528,财通成长优选混合C,MIXED,2024-07-11,20,2.335025,-2.890173,0.0,-0.811808,-0.349582,25.275389,-8.930233,-8.930233,55.0,0,3,0.0,0.0,2.890173,0.0,0.0,33,-2.890173,33,-17.261905,-18.154762,0
021528,财通成长优选混合C,MIXED,2024-07-12,20,1.009082,-5.028463,0.0,-1.243094,-0.313184,24.544616,-8.930233,-8.930233,60.0,0,4,0.0,0.0,5.028463,0.0,0.0,34,-5.028463,34,-14.885115,-17.582418,0
021528,财通成长优选混合C,MIXED,2024-07-15,20,-0.202224,-8.186047,0.0,-2.199762,-0.25614,23.365672,-7.815443,-8.930233,65.0,0,5,0.0,0.0,8.186047,0.0,0.0,35,-8.186047,35,-14.08308,-17.085427,0
021528,财通成长优选混合C,MIXED,2024-07-16,20,-2.163225,-6.308851,0.0,-1.07869,-0.194277,23.555146,-7.554297,-8.930233,60.0,2,0,0.0,0.0,6.308851,0.0,0.0,36,-6.308851,36,-13.668342,-17.085427,0
021528,财通成长优选混合C,MIXED,2024-07-17,20,-5.812808,-9.383886,0.0,-4.485963,-0.188853,26.80616,-9.726157,-11.069767,60.0,0,2,0.0,0.0,9.383886,0.0,0.0,37,-9.383886,37,-11.610879,-13.702929,0
021528,财通成长优选混合C,MIXED,2024-07-18,20,-5.456349,-10.009443,0.0,-4.278827,-0.166447,26.624573,-7.655039,-11.348837,65.0,0,3,0.0,0.0,10.009443,0.0,0.0,38,-10.009443,38,-11.752361,-13.43127,0
021528,财通成长优选混合C,MIXED,2024-07-19,20,-5.794206,-8.624031,0.0,-4.857993,-0.185021,25.615601,-7.276303,-12.27907,65.0,0,4,0.0,0.0,8.624031,0.0,0.0,39,-8.624031,39,-9.756098,-13.249211,0
021528,财通成长优选混合C,MIXED,2024-07-22,20,-3.647416,-5.184447,0.0,-3.798493,-0.224602,24.383404,-7.276303,-12.27907,60.0,2,0,0.0,0.0,5.184447,0.0,0.0,40,-5.184447,40,-10.515247,-13.249211,0
021528,财通成长优选混合C,MIXED,2024-07-23,20,-6.633166,-7.837302,0.0,-5.646963,-0.280714,25.258736,-8.652901,-13.581395,65.0,0,2,0.0,0.0,7.837302,0.0,0.0,41,-7.837302,41,-9.149623,-11.194833,0
021528,财通成长优选混合C,MIXED,2024-07-24,20,-3.34728,-6.097561,0.0,-5.867971,-0.370731,24.160318,-9.144543,-14.046512,65.0,0,3,0.0,0.0,6.097561,0.0,0.0,42,-6.097561,42,-8.225108,-10.714286,0
021528,财通成长优选混合C,MIXED,2024-07-25,20,-5.87618,-10.21021,0.0,-8.141321,-0.468298,24.845479,-11.79941,-16.55814,70.0,0,4,0.0,0.0,10.21021,0.0,0.0,43,-10.21021,43,-5.908584,-10.423453,0
021528,财通成长优选混合C,MIXED,2024-07-26,20,-3.711559,-9.018036,0.0,-6.584362,-0.536217,25.58178,-11.79941,-16.55814,65.0,2,0,0.0,0.0,9.018036,0.0,0.0,44,-9.018036,44,-8.370044,-10.423453,0
021528,财通成长优选混合C,MIXED,2024-07-29,20,-3.890641,-9.772952,0.0,-5.485756,-0.5577,24.890398,-11.79941,-16.55814,65.0,3,0,0.0,0.0,9.772952,0.0,0.0,45,-9.772952,45,-9.956236,-10.640608,0
021528,财通成长优选混合C,MIXED,2024-07-30,20,-3.013994,-9.80981,0.0,-6.355558,-0.606177,24.909712,-11.79941,-16.55814,65.0,0,2,0.0,0.0,9.80981,0.0,0.0,46,-9.80981,46,-10.099889,-12.052117,0
021528,财通成长优选混合C,MIXED,2024-07-31,20,-0.974026,-6.537283,0.0,-4.583138,-0.650696,25.267165,-11.79941,-16.55814,60.0,2,0,0.0,0.0,6.537283,0.0,0.0,47,-6.537283,47,-10.928962,-12.052117,0
021528,财通成长优选混合C,MIXED,2024-08-01,20,2.675585,-6.497462,0.0,-3.635888,-0.666563,25.288725,-11.79941,-16.55814,60.0,3,0,0.0,0.0,6.497462,0.0,0.0,48,-6.497462,48,-12.486428,-12.486428,0
021528,财通成长优选混合C,MIXED,2024-08-02,20,-3.634361,-11.705348,0.0,-7.889889,-0.733477,29.94313,-13.962635,-18.604651,65.0,0,2,0.0,0.0,11.705348,0.0,0.0,49,-11.705348,49,-5.485714,-7.885714,0
021528,财通成长优选混合C,MIXED,2024-08-05,20,-9.737418,-16.582406,0.0,-12.397133,-0.863933,34.939254,-18.879056,-23.255814,65.0,0,3,0.0,0.0,16.582406,0.0,0.0,50,-16.582406,50,-3.272727,-7.101281,0
021528,财通成长优选混合C,MIXED,2024-08-06,20,-6.437292,-17.109145,0.0,-9.651144,-0.895841,34.090461,-18.719212,-23.255814,65.0,2,0,0.0,0.0,17.109145,0.0,0.0,51,-17.109145,51,-4.389087,-7.101281,0
021528,财通成长优选混合C,MIXED,2024-08-07,20,-7.978142,-17.044335,0.0,-8.91389,-0.904956,34.11328,-18.154762,-23.255814,65.0,0,2,0.0,0.0,17.044335,0.0,0.0,52,-17.044335,52,-5.463183,-7.334109,0
021528,财通成长优选混合C,MIXED,2024-08-08,20,-9.446254,-17.261905,0.0,-8.922136,-0.910434,34.10374,-17.582418,-23.255814,65.0,0,3,0.0,0.0,17.261905,0.0,0.0,53,-17.261905,53,-4.316547,-7.334109,0
021528,财通成长优选混合C,MIXED,2024-08-09,20,-2.628571,-14.885115,0.0,-6.193229,-0.869805,35.815043,-17.085427,-23.255814,60.0,2,0,0.0,0.0,14.885115,0.0,0.0,54,-14.885115,54,-9.2723,-10.011641,0
021528,财通成长优选混合C,MIXED,2024-08-12,20,2.787879,-14.08308,0.0,-5.91368,-0.83405,35.753295,-17.085427,-23.255814,60.0,0,2,0.0,0.0,14.08308,0.0,0.0,55,-14.08308,55,-9.433962,-10.593714,0
021528,财通成长优选混合C,MIXED,2024-08-13,20,1.897983,-13.668342,0.0,-3.968698,-0.742549,36.071976,-13.702929,-23.255814,60.0,2,0,0.0,0.0,13.668342,0.0,0.0,56,-13.668342,56,-9.429569,-10.593714,0
021528,财通成长优选混合C,MIXED,2024-08-14,20,0.356295,-11.610879,0.0,-4.944035,-0.717498,34.236373,-13.43127,-23.255814,60.0,0,2,0.0,0.0,11.610879,0.0,0.0,57,-11.610879,57,-7.100592,-9.753231,0
021528,财通成长优选混合C,MIXED,2024-08-15,20,0.839329,-11.752361,0.0,-4.794249,-0.685106,34.223817,-13.249211,-23.255814,60.0,0,3,0.0,0.0,11.752361,0.0,0.0,58,-11.752361,58,-6.183115,-9.753231,0
021528,财通成长优选混合C,MIXED,2024-08-16,20,-0.117371,-9.756098,0.0,-3.157895,-0.634103,34.75285,-13.249211,-23.255814,55.0,2,0,0.0,0.0,9.756098,0.0,0.0,59,-9.756098,59,-5.405405,-9.753231,0
021528,财通成长优选混合C,MIXED,2024-08-19,20,0.353774,-10.515247,0.0,-2.60372,-0.55254,34.44908,-11.194833,-23.255814,55.0,0,0,0.0,0.0,10.515247,0.0,0.0,60,-10.515247,60,-6.462985,-9.753231,0
021528,财通成长优选混合C,MIXED,2024-08-20,20,-1.746217,-9.149623,-15.6,-2.93272,-0.50379,33.826985,-10.714286,-23.255814,55.0,0,2,0.0,0.0,9.149623,0.0,0.0,61,-9.149623,61,-6.516588,-9.433962,0
021528,财通成长优选混合C,MIXED,2024-08-21,20,0.35503,-8.225108,-14.429869,-2.044588,-0.442078,33.98503,-10.423453,-23.255814,50.0,2,0,0.0,0.0,8.225108,0.0,0.0,62,-8.225108,62,-8.136792,-9.433962,0
021528,财通成长优选混合C,MIXED,2024-08-22,20,0.356718,-5.908584,-14.227642,-2.207288,-0.422091,32.666408,-10.423453,-23.255814,50.0,0,2,0.0,0.0,5.908584,0.0,0.0,63,-5.908584,63,-8.649289,-9.004739,0
021528,财通成长优选混合C,MIXED,2024-08-23,20,-2.232667,-8.370044,-14.666667,-3.17137,-0.392981,32.394381,-10.423453,-23.255814,55.0,0,3,0.0,0.0,8.370044,0.0,0.0,64,-8.370044,64,-0.721154,-7.692308,0
021528,财通成长优选混合C,MIXED,2024-08-26,20,-3.290247,-9.956236,-17.864271,-3.708904,-0.354519,32.216248,-10.640608,-23.44186,60.0,0,4,0.0,0.0,9.956236,0.0,0.0,65,-9.956236,65,0.36452,-7.13422,0
021528,财通成长优选混合C,MIXED,2024-08-27,20,-4.028436,-10.099889,-19.881306,-4.722696,-0.345538,32.280541,-12.052117,-24.651163,60.0,0,5,0.0,0.0,10.099889,0.0,0.0,66,-10.099889,66,4.691358,-7.13422,1
021528,财通成长优选混合C,MIXED,2024-08-28,20,-3.891509,-10.928962,-17.510121,-3.567414,-0.285842,31.651082,-12.052117,-24.651163,60.0,2,0,0.0,0.0,10.928962,0.0,0.0,67,-10.928962,67,9.570552,-7.13422,1
021528,财通成长优选混合C,MIXED,2024-08-29,20,-4.50237,-12.486428,-18.831823,-3.979033,-0.211752,31.371474,-7.885714,-25.023256,65.0,0,2,0.0,0.0,12.486428,0.0,0.0,68,-12.486428,68,23.200993,-7.13422,1
021528,财通成长优选混合C,MIXED,2024-08-30,20,-0.600962,-5.485714,-14.917695,-1.194743,-0.166366,28.900159,-6.169965,-25.023256,60.0,2,0,0.0,0.0,5.485714,0.0,0.0,69,-5.485714,69,35.6711,-7.13422,1
021528,财通成长优选混合C,MIXED,2024-09-02,20,-3.037667,-3.272727,-18.571429,-4.505475,-0.25598,24.03241,-7.101281,-25.767442,60.0,0,2,0.0,0.0,3.272727,0.0,0.0,70,-3.272727,70,31.829574,-6.238859,1
021528,财通成长优选混合C,MIXED,2024-09-03,20,-0.493827,-4.389087,-17.922607,-3.334133,-0.29343,22.846615,-7.101281,-25.767442,60.0,2,0,0.0,0.0,4.389087,0.0,0.0,71,-4.389087,71,26.674938,-9.001783,0
021528,财通成长优选混合C,MIXED,2024-09-04,20,-2.331288,-5.463183,-20.4,-4.269393,-0.343613,23.12972,-7.334109,-25.953488,60.0,0,2,0.0,0.0,5.463183,0.0,0.0,72,-5.463183,72,25.0,-11.319073,0
021528,财通成长优选混合C,MIXED,2024-09-05,20,-0.992556,-4.316547,-23.121387,-3.820658,-0.397281,23.054466,-7.334109,-25.953488,55.0,2,0,0.0,0.0,4.316547,0.0,0.0,73,-4.316547,73,31.829574,-11.319073,0
021528,财通成长优选混合C,MIXED,2024-09-06,20,-6.529625,-9.2723,-26.660342,-6.388132,-0.454633,23.490693,-10.011641,-28.093023,60.0,0,2,0.0,0.0,9.2723,0.0,0.0,74,-9.2723,74,32.729625,-11.319073,0
021528,财通成长优选混合C,MIXED,2024-09-09,20,-3.759398,-9.433962,-28.55814,-6.540919,-0.51449,23.498585,-10.593714,-27.683616,60.0,0,3,0.0,0.0,9.433962,0.0,0.0,75,-9.433962,75,29.817708,-11.319073,0
021528,财通成长优选混合C,MIXED,2024-09-10,20,-3.473945,-9.429569,-26.741996,-4.855081,-0.521544,23.50353,-9.753231,-27.478754,60.0,2,0,0.0,0.0,9.429569,0.0,0.0,76,-9.429569,76,30.719794,-11.319073,0
021528,财通成长优选混合C,MIXED,2024-09-11,20,-1.38191,-7.100592,-25.592417,-3.645514,-0.527894,23.582258,-9.753231,-27.478754,55.0,3,0,0.0,0.0,7.100592,0.0,0.0,77,-7.100592,77,42.929936,-11.319073,0
021528,财通成长优选混合C,MIXED,2024-09-12,20,-1.12782,-6.183115,-25.495751,-2.844477,-0.523659,23.775261,-9.753231,-25.581395,50.0,4,0,0.0,0.0,6.183115,0.0,0.0,78,-6.183115,78,44.86692,-11.319073,0
021528,财通成长优选混合C,MIXED,2024-09-13,20,4.139715,-5.405405,-21.996124,-0.592739,-0.461824,24.64624,-9.753231,-24.483776,50.0,5,0,0.0,0.0,5.405405,0.0,0.0,79,-5.405405,79,40.372671,-11.319073,0
021528,财通成长优选混合C,MIXED,2024-09-18,20,3.645833,-6.462985,-20.638086,-1.369184,-0.40722,24.805228,-9.433962,-24.483776,55.0,0,2,0.0,0.0,6.462985,0.0,0.0,80,-6.462985,80,38.442211,-11.319073,0
021528,财通成长优选混合C,MIXED,2024-09-19,20,1.413882,-6.516588,-21.72619,-1.902275,-0.368134,24.82126,-9.433962,-24.483776,55.0,0,3,0.0,0.0,6.516588,0.0,0.0,81,-6.516588,81,41.318124,-11.319073,0
021528,财通成长优选混合C,MIXED,2024-09-20,20,-0.764331,-8.136792,-20.833333,-2.728351,-0.328692,24.847785,-9.004739,-24.483776,60.0,0,4,0.0,0.0,8.136792,0.0,0.0,82,-8.136792,82,45.186136,-11.319073,0
021528,财通成长优选混合C,MIXED,2024-09-23,20,-2.281369,-8.649289,-22.822823,-3.286503,-0.298224,24.943536,-7.692308,-24.483776,60.0,0,5,0.0,0.0,8.649289,0.0,0.0,83,-8.649289,83,45.265888,-11.319073,0
021528,财通成长优选混合C,MIXED,2024-09-24,20,2.608696,-0.721154,-17.234469,3.65165,-0.177756,36.352615,-7.13422,-24.483776,55.0,2,0,0.0,0.0,0.721154,0.0,0.0,84,-0.721154,84,37.046005,-11.319073,0
021528,财通成长优选混合C,MIXED,2024-09-25,20,3.768844,0.36452,-18.46002,3.632144,-0.073863,36.132452,-7.13422,-24.483776,50.0,0,0,0.0,0.36452,0.0,0.0,0.0,85,0.36452,85,38.135593,-11.319073,0
021528,财通成长优选混合C,MIXED,2024-09-26,20,7.47782,4.691358,-15.115115,6.139308,0.043008,36.740238,-7.13422,-24.483776,45.0,2,0,0.0,4.691358,0.0,0.0,0.0,86,4.691358,86,35.023585,-11.319073,0
021528,财通成长优选混合C,MIXED,2024-09-27,20,14.634146,9.570552,-8.784474,11.228748,0.241714,40.890637,-7.13422,-24.483776,45.0,3,0,0.0,9.570552,0.0,0.0,0.0,87,9.570552,87,26.8757,-11.319073,0
021528,财通成长优选混合C,MIXED,2024-09-30,20,28.793774,23.200993,0.812183,22.260527,0.579508,55.30944,-7.13422,-24.483776,40.0,4,0,0.0,23.200993,0.0,0.0,0.0,88,23.200993,88,18.026183,-11.319073,0
021528,财通成长优选混合C,MIXED,2024-10-08,20,35.835351,35.6711,13.218971,35.679303,1.132616,69.510865,-4.71464,-24.483776,40.0,5,0,0.0,35.6711,0.0,0.0,0.0,89,35.6711,89,7.754011,-11.319073,0
021528,财通成长优选混合C,MIXED,2024-10-09,20,27.360775,31.829574,6.370071,25.2903,1.443942,72.784737,-6.238859,-24.483776,40.0,0,2,0.0,31.829574,0.0,0.0,0.0,90,31.829574,90,13.117871,-5.418251,1
021528,财通成长优选混合C,MIXED,2024-10-10,20,20.400943,26.674938,0.393314,20.061148,1.667857,74.463853,-9.001783,-24.334975,45.0,0,3,0.0,26.674938,0.0,0.0,0.0,91,26.674938,91,19.784525,-5.228137,1
021528,财通成长优选混合C,MIXED,2024-10-11,20,11.422172,25.0,-1.970443,15.650607,1.788833,75.192991,-11.319073,-23.809524,45.0,0,4,0.0,25.0,0.0,0.0,0.0,92,25.0,92,22.110553,-5.228137,1
021528,财通成长优选混合C,MIXED,2024-10-14,20,5.941591,31.829574,4.365079,20.497108,1.963646,76.750737,-11.319073,-23.276723,45.0,2,0,0.0,31.829574,0.0,0.0,0.0,93,31.829574,93,16.730038,-5.228137,1
021528,财通成长优选混合C,MIXED,2024-10-15,20,-8.55615,32.729625,2.497502,15.840578,2.003937,76.255819,-11.319073,-22.81407,45.0,0,2,0.0,32.729625,0.0,0.0,0.0,94,32.729625,94,18.226121,-3.587052,1
021528,财通成长优选混合C,MIXED,2024-10-16,20,-5.228137,29.817708,1.013171,11.129688,1.948442,77.464364,-11.319073,-22.81407,45.0,0,3,0.0,29.817708,0.0,0.0,0.0,95,29.817708,95,24.47342,-3.587052,1
021528,财通成长优选混合C,MIXED,2024-10-17,20,-0.391773,30.719794,2.211055,11.868881,1.904222,77.490214,-11.319073,-19.665272,45.0,2,0,0.0,30.719794,0.0,0.0,0.0,96,30.719794,96,16.912488,-4.190169,1
021528,财通成长优选混合C,MIXED,2024-10-18,20,12.763819,42.929936,17.364017,21.17285,1.986418,83.573846,-11.319073,-19.412382,45.0,3,0,0.0,42.929936,0.0,0.0,0.0,97,42.929936,97,1.426025,-8.299758,0
021528,财通成长优选混合C,MIXED,2024-10-21,20,8.65019,44.86692,19.937041,21.125417,2.048596,83.406839,-11.319073,-19.242902,45.0,4,0,0.0,44.86692,0.0,0.0,0.0,98,44.86692,98,-1.749781,-9.508461,0
021528,财通成长优选混合C,MIXED,2024-10-22,20,10.136452,40.372671,19.830329,17.720596,2.063185,84.144519,-11.319073,-19.242902,50.0,0,2,0.0,40.372671,0.0,0.0,0.0,99,40.372671,99,1.504425,-9.508461,0
021528,财通成长优选混合C,MIXED,2024-10-23,20,10.531595,38.442211,15.878023,13.002461,1.973607,84.91312,-11.319073,-17.330463,50.0,0,3,0.0,38.442211,0.0,0.0,0.0,100,38.442211,100,4.900181,-9.508461,0
021528,财通成长优选混合C,MIXED,2024-10-24,20,9.636185,41.318124,20.021529,12.455875,1.846068,84.3738,-11.319073,-16.883117,45.0,2,0,0.0,41.318124,0.0,0.0,0.0,101,41.318124,101,3.139013,-9.508461,0
021528,财通成长优选混合C,MIXED,2024-10-25,20,0.802139,45.186136,22.402597,12.080071,1.678858,83.581231,-11.319073,-16.612378,40.0,3,0,0.0,45.186136,0.0,0.0,0.0,102,45.186136,102,-2.475685,-11.120064,0
021528,财通成长优选混合C,MIXED,2024-10-28,20,-2.012248,45.265888,24.860647,9.103307,1.438426,83.555264,-11.319073,-16.612378,40.0,0,2,0.0,45.265888,0.0,0.0,0.0,103,45.265888,103,-3.75,-13.134569,0
021528,财通成长优选混合C,MIXED,2024-10-29,20,0.176991,37.046005,24.669604,8.652877,1.257956,81.3682,-11.319073,-16.612378,40.0,2,0,0.0,37.046005,0.0,0.0,0.0,104,37.046005,104,-3.886926,-13.134569,0
021528,财通成长优选混合C,MIXED,2024-10-30,20,3.53902,38.135593,24.835886,7.885779,1.050897,81.195623,-11.319073,-16.612378,40.0,3,0,0.0,38.135593,0.0,0.0,0.0,105,38.135593,105,-1.226994,-13.134569,0
021528,财通成长优选混合C,MIXED,2024-10-31,20,2.690583,35.023585,27.081021,6.764884,0.844178,81.264668,-11.319073,-16.612378,40.0,4,0,0.0,35.023585,0.0,0.0,0.0,106,35.023585,106,-2.969432,-13.134569,0
021528,财通成长优选混合C,MIXED,2024-11-01,20,0.176835,26.8757,23.825137,4.476924,0.653323,80.581292,-11.319073,-16.612378,45.0,0,2,0.0,26.8757,0.0,0.0,0.0,107,26.8757,107,1.059135,-13.134569,0
021528,财通成长优选混合C,MIXED,2024-11-04,20,4.642857,18.026183,27.252986,7.188586,0.630303,72.23436,-11.319073,-12.228571,45.0,2,0,0.0,18.026183,0.0,0.0,0.0,108,18.026183,108,0.853242,-13.134569,0
021528,财通成长优选混合C,MIXED,2024-11-05,20,6.80212,7.754011,38.171429,10.134366,0.819379,57.35147,-5.418251,-11.319073,45.0,3,0,0.0,7.754011,0.0,0.0,0.0,109,7.754011,109,-3.308519,-13.134569,0
021528,财通成长优选混合C,MIXED,2024-11-06,20,4.294479,13.117871,44.242424,7.726429,0.868169,52.320416,-5.228137,-11.319073,45.0,0,2,0.0,13.117871,0.0,0.0,0.0,110,13.117871,110,-2.857143,-13.134569,0
021528,财通成长优选混合C,MIXED,2024-11-07,20,6.812227,19.784525,45.077106,9.710697,0.893487,51.001749,-5.228137,-11.319073,40.0,2,0,0.0,19.784525,0.0,0.0,0.0,111,19.784525,111,-4.088307,-13.134569,0
021528,财通成长优选混合C,MIXED,2024-11-08,20,7.237423,22.110553,44.299287,7.928048,0.844015,49.704866,-5.228137,-11.319073,40.0,0,2,0.0,22.110553,0.0,0.0,0.0,112,22.110553,112,-2.962963,-13.134569,0
021528,财通成长优选混合C,MIXED,2024-11-11,20,4.778157,16.730038,47.242206,8.236746,0.86358,46.537155,-3.587052,-11.319073,40.0,2,0,0.0,16.730038,0.0,0.0,0.0,113,16.730038,113,-6.351792,-13.134569,0
021528,财通成长优选混合C,MIXED,2024-11-12,20,0.330852,18.226121,42.370892,6.040738,0.80466,45.567476,-3.587052,-11.319073,40.0,0,2,0.0,18.226121,0.0,0.0,0.0,114,18.226121,114,-5.111294,-13.134569,0
021528,财通成长优选混合C,MIXED,2024-11-13,20,4.285714,24.47342,46.34434,7.343655,0.715525,43.634659,-3.587052,-11.319073,35.0,2,0,0.0,24.47342,0.0,0.0,0.0,115,24.47342,115,-5.882353,-13.134569,0
021528,财通成长优选混合C,MIXED,2024-11-14,20,-2.780049,16.912488,38.416764,2.086374,0.562022,47.377012,-4.190169,-11.319073,40.0,0,2,0.0,16.912488,0.0,0.0,0.0,116,16.912488,116,0.756939,-9.335576,0
021528,财通成长优选混合C,MIXED,2024-11-15,20,-6.337449,1.426025,34.674556,-2.359502,0.471062,35.399166,-8.299758,-11.319073,45.0,0,3,0.0,1.426025,0.0,0.0,0.0,117,1.426025,117,5.184534,-6.747405,1
021528,财通成长优选混合C,MIXED,2024-11-18,20,-8.550489,-1.749781,33.53151,-3.563761,0.388821,35.084706,-9.508461,-11.319073,50.0,0,4,0.0,0.0,1.749781,0.0,0.0,118,-1.749781,118,6.856634,-6.747405,1
021528,财通成长优选混合C,MIXED,2024-11-19,20,-5.441055,1.504425,34.782609,-1.574634,0.32034,35.677515,-9.508461,-11.319073,45.0,2,0,0.0,1.504425,0.0,0.0,0.0,119,1.504425,119,5.492589,-6.747405,1
021528,财通成长优选混合C,MIXED,2024-11-20,20,-6.849315,4.900181,35.840188,-1.031634,0.222529,34.409404,-9.508461,-11.319073,40.0,3,0,0.0,4.900181,0.0,0.0,0.0,120,4.900181,120,4.32526,-6.747405,1
021528,财通成长优选混合C,MIXED,2024-11-21,20,-3.280067,3.139013,36.255924,-1.692597,0.128548,34.336743,-9.508461,-11.319073,45.0,0,2,0.0,3.139013,0.0,0.0,0.0,121,3.139013,121,7.391304,-6.26087,1
021528,财通成长优选混合C,MIXED,2024-11-22,20,-3.075571,-2.475685,30.070755,-5.597398,-0.005406,37.134131,-11.120064,-11.319073,50.0,0,3,0.0,0.0,2.475685,0.0,0.0,122,-2.475685,122,13.689937,-2.707276,1
021528,财通成长优选混合C,MIXED,2024-11-25,20,-4.007124,-3.75,27.725118,-7.570951,-0.181668,37.815628,-13.134569,-13.134569,50.0,0,4,0.0,0.0,3.75,0.0,0.0,123,-3.75,123,15.769944,-2.707276,1
021528,财通成长优选混合C,MIXED,2024-11-26,20,-5.143854,-3.886926,30.769231,-6.537239,-0.324624,37.756734,-13.134569,-13.134569,50.0,2,0,0.0,0.0,3.886926,0.0,0.0,124,-3.886926,124,15.441176,-2.707276,1
021528,财通成长优选混合C,MIXED,2024-11-27,20,-2.508651,-1.226994,36.938032,-3.128761,-0.401726,39.93868,-13.134569,-13.134569,50.0,3,0,0.0,0.0,1.226994,0.0,0.0,125,-1.226994,125,11.889973,-2.707276,1
021528,财通成长优选混合C,MIXED,2024-11-28,20,-3.391304,-2.969432,37.160494,-4.364294,-0.491761,40.207496,-13.134569,-13.134569,55.0,0,2,0.0,0.0,2.969432,0.0,0.0,126,-2.969432,126,17.191719,-2.707276,1
021528,财通成长优选混合C,MIXED,2024-11-29,20,3.807797,1.059135,40.490798,-1.488428,-0.551021,41.571354,-13.134569,-13.134569,50.0,2,0,0.0,1.059135,0.0,0.0,0.0,127,1.059135,127,12.489083,-2.707276,1
021528,财通成长优选混合C,MIXED,2024-12-02,20,9.647495,0.853242,46.650124,1.651187,-0.513409,41.3518,-13.134569,-13.134569,50.0,3,0,0.0,0.853242,0.0,0.0,0.0,128,0.853242,128,7.952623,-2.707276,1
021528,财通成长优选混合C,MIXED,2024-12-03,20,7.444853,-3.308519,41.354293,0.706409,-0.443821,39.878086,-13.134569,-13.134569,55.0,0,2,0.0,0.0,3.308519,0.0,0.0,129,-3.308519,129,6.501283,-4.37788,1
021528,财通成长优选混合C,MIXED,2024-12-04,20,2.573203,-2.857143,44.862155,-0.267449,-0.410612,39.691927,-13.134569,-13.134569,55.0,0,3,0.0,0.0,2.857143,0.0,0.0,130,-2.857143,130,5.276817,-6.528418,1
021528,财通成长优选混合C,MIXED,2024-12-05,20,5.580558,-4.088307,45.533499,1.417949,-0.307097,38.691576,-13.134569,-13.134569,55.0,2,0,0.0,0.0,4.088307,0.0,0.0,131,-4.088307,131,2.557545,-7.603687,1
021528,财通成长优选混合C,MIXED,2024-12-06,20,2.969432,-2.962963,48.115578,2.095601,-0.200015,38.723403,-13.134569,-13.134569,50.0,3,0,0.0,0.0,2.962963,0.0,0.0,132,-2.962963,132,3.22307,-7.603687,1
021528,财通成长优选混合C,MIXED,2024-12-09,20,-2.707276,-6.351792,44.110276,-0.0782,-0.106226,39.305108,-13.134569,-13.134569,55.0,0,2,0.0,0.0,6.351792,0.0,0.0,133,-6.351792,133,10.434783,-7.603687,1
021528,财通成长优选混合C,MIXED,2024-12-10,20,-1.539778,-5.111294,48.900388,0.278794,-0.020962,39.171697,-13.134569,-13.134569,50.0,2,0,0.0,0.0,5.111294,0.0,0.0,134,-5.111294,134,10.773241,-7.603687,1
021528,财通成长优选混合C,MIXED,2024-12-11,20,1.038062,-5.882353,52.083333,2.084517,0.13281,38.562795,-9.335576,-13.134569,50.0,3,0,0.0,0.0,5.882353,0.0,0.0,135,-5.882353,135,7.962329,-7.603687,1
021528,财通成长优选混合C,MIXED,2024-12-12,20,2.131287,0.756939,53.984576,4.665385,0.261838,36.886818,-6.747405,-13.134569,45.0,4,0,0.0,0.756939,0.0,0.0,0.0,136,0.756939,136,2.754591,-7.603687,1
021528,财通成长优选混合C,MIXED,2024-12-13,20,1.526718,5.184534,52.484076,4.30918,0.317315,33.134593,-6.747405,-13.134569,45.0,0,2,0.0,5.184534,0.0,0.0,0.0,137,5.184534,137,3.007519,-7.603687,1
021528,财通成长优选混合C,MIXED,2024-12-16,20,4.347826,6.856634,52.091255,4.220948,0.347664,32.598588,-6.747405,-13.134569,40.0,2,0,0.0,6.856634,0.0,0.0,0.0,138,6.856634,138,5.416667,-7.603687,1
021528,财通成长优选混合C,MIXED,2024-12-17,20,5.125977,5.492589,50.310559,4.802737,0.413207,31.974271,-6.747405,-13.134569,40.0,3,0,0.0,5.492589,0.0,0.0,0.0,139,5.492589,139,2.396694,-7.603687,1
021528,财通成长优选混合C,MIXED,2024-12-18,20,3.253425,4.32526,51.507538,4.230586,0.477816,31.989103,-6.26087,-13.134569,45.0,0,2,0.0,4.32526,0.0,0.0,0.0,140,4.32526,140,3.31675,-7.603687,1
021528,财通成长优选混合C,MIXED,2024-12-19,20,3.088481,7.391304,56.52725,6.346336,0.562372,32.753933,-2.707276,-13.134569,40.0,2,0,0.0,7.391304,0.0,0.0,0.0,141,7.391304,141,0.809717,-7.603687,0
021528,财通成长优选混合C,MIXED,2024-12-20,20,4.761905,13.689937,60.97561,7.284938,0.593283,28.379061,-2.707276,-13.134569,35.0,3,0,0.0,13.689937,0.0,0.0,0.0,142,13.689937,142,3.588517,-7.603687,1
021528,财通成长优选混合C,MIXED,2024-12-23,20,4.0,15.769944,61.867704,6.000764,0.563199,26.587767,-2.707276,-13.134569,35.0,0,2,0.0,15.769944,0.0,0.0,0.0,143,15.769944,143,5.929487,-7.603687,1
021528,财通成长优选混合C,MIXED,2024-12-24,20,3.801653,15.441176,52.058111,5.92452,0.534987,26.581559,-2.707276,-13.134569,35.0,2,0,0.0,15.441176,0.0,0.0,0.0,144,15.441176,144,9.474522,-7.603687,1
021528,财通成长优选混合C,MIXED,2024-12-25,20,4.560531,11.889973,52.663438,5.748669,0.54434,24.36287,-2.707276,-13.134569,35.0,3,0,0.0,11.889973,0.0,0.0,0.0,145,11.889973,145,7.533703,-7.603687,1
021528,财通成长优选混合C,MIXED,2024-12-26,20,5.425101,17.191719,53.537736,8.319468,0.563222,24.927562,-2.707276,-13.134569,30.0,4,0,0.0,17.191719,0.0,0.0,0.0,146,17.191719,146,3.993856,-7.603687,1
021528,财通成长优选混合C,MIXED,2024-12-27,20,2.711324,12.489083,44.232923,6.52111,0.587065,24.285753,-2.707276,-13.134569,35.0,0,2,0.0,12.489083,0.0,0.0,0.0,147,12.489083,147,-0.15528,-6.599379,0
021528,财通成长优选混合C,MIXED,2024-12-30,20,2.24359,7.952623,28.499496,5.120072,0.628151,22.753305,-2.459712,-13.134569,40.0,0,3,0.0,7.952623,0.0,0.0,0.0,148,7.952623,148,-9.012539,-15.563636,0
021528,财通成长优选混合C,MIXED,2024-12-31,20,-0.875796,6.501283,10.962567,2.24613,0.604579,24.344266,-4.37788,-13.134569,40.0,0,4,0.0,6.501283,0.0,0.0,0.0,149,6.501283,149,-4.176707,-15.563636,0
021528,财通成长优选混合C,MIXED,2025-01-02,20,-3.489294,5.276817,15.684411,-0.303105,0.522565,25.540507,-6.528418,-13.134569,40.0,0,5,0.0,5.276817,0.0,0.0,0.0,150,5.276817,150,0.410846,-15.563636,0
021528,财通成长优选混合C,MIXED,2025-01-03,20,-7.603687,2.557545,17.825661,-1.570938,0.439612,25.600445,-7.603687,-13.134569,45.0,0,6,0.0,2.557545,0.0,0.0,0.0,151,2.557545,151,2.909393,-15.563636,0
021528,财通成长优选混合C,MIXED,2025-01-06,20,-5.512422,3.22307,22.311558,-0.580018,0.377138,25.830096,-7.603687,-13.134569,45.0,2,0,0.0,3.22307,0.0,0.0,0.0,152,3.22307,152,2.875924,-15.563636,0
021528,财通成长优选混合C,MIXED,2025-01-07,20,-0.470219,10.434783,20.722433,3.243639,0.33349,27.869969,-7.603687,-13.134569,40.0,3,0,0.0,10.434783,0.0,0.0,0.0,153,10.434783,153,-0.314961,-15.563636,0
021528,财通成长优选混合C,MIXED,2025-01-08,20,2.409639,10.773241,24.269006,3.130308,0.282677,27.829158,-7.603687,-13.134569,40.0,4,0,0.0,10.773241,0.0,0.0,0.0,154,10.773241,154,-3.921569,-15.563636,0
021528,财通成长优选混合C,MIXED,2025-01-09,20,3.615448,7.962329,26.479438,1.615698,0.223149,28.162824,-7.603687,-13.134569,45.0,0,2,0.0,7.962329,0.0,0.0,0.0,155,7.962329,155,-4.203013,-15.563636,0
021528,财通成长优选混合C,MIXED,2025-01-10,20,2.327515,2.754591,21.042281,-0.933526,0.156838,28.579621,-7.603687,-13.134569,50.0,0,3,0.0,2.754591,0.0,0.0,0.0,156,2.754591,156,2.518278,-15.563636,0
021528,财通成长优选混合C,MIXED,2025-01-13,20,1.314708,3.007519,9.893048,-0.916104,0.087731,28.566163,-7.603687,-13.134569,45.0,2,0,0.0,3.007519,0.0,0.0,0.0,157,3.007519,157,0.324412,-15.563636,0
021528,财通成长优选混合C,MIXED,2025-01-14,20,-0.393701,5.416667,10.673666,1.390614,0.0549,29.844783,-7.603687,-13.134569,45.0,3,0,0.0,5.416667,0.0,0.0,0.0,158,5.416667,158,-1.976285,-15.563636,0
021528,财通成长优选混合C,MIXED,2025-01-15,20,-2.823529,2.396694,9.646018,-0.808582,-0.002649,30.878946,-7.603687,-13.134569,50.0,0,2,0.0,2.396694,0.0,0.0,0.0,159,2.396694,159,0.0,-15.563636,0
021528,财通成长优选混合C,MIXED,2025-01-16,20,-1.189532,3.31675,13.067151,-0.407641,-0.060578,30.862971,-7.603687,-13.134569,45.0,2,0,0.0,3.31675,0.0,0.0,0.0,160,3.31675,160,1.364366,-15.563636,0
021528,财通成长优选混合C,MIXED,2025-01-17,20,1.137287,0.809717,11.659193,-0.527325,-0.087827,29.728092,-7.603687,-13.134569,50.0,0,2,0.0,0.809717,0.0,0.0,0.0,161,0.809717,161,-3.453815,-15.563636,0
021528,财通成长优选混合C,MIXED,2025-01-20,20,5.352798,3.588517,14.854111,3.600909,-0.030642,33.052464,-7.603687,-13.134569,50.0,2,0,0.0,3.588517,0.0,0.0,0.0,162,3.588517,162,-8.622017,-15.563636,0
021528,财通成长优选混合C,MIXED,2025-01-21,20,4.505929,5.929487,18.035714,5.125045,0.039521,33.405289,-7.603687,-13.134569,45.0,3,0,0.0,5.929487,0.0,0.0,0.0,163,5.929487,163,-10.060514,-15.563636,0
021528,财通成长优选混合C,MIXED,2025-01-22,20,10.976594,9.474522,21.466431,8.824693,0.170192,35.895484,-7.603687,-13.134569,45.0,4,0,0.0,9.474522,0.0,0.0,0.0,164,9.474522,164,-16.509091,-16.509091,0
021528,财通成长优选混合C,MIXED,2025-01-23,20,8.82825,7.533703,18.84312,6.918983,0.270635,36.498771,-7.603687,-13.134569,50.0,0,2,0.0,7.533703,0.0,0.0,0.0,165,7.533703,165,-20.058997,-20.058997,0
021528,财通成长优选混合C,MIXED,2025-01-24,20,8.75502,3.993856,18.253275,6.542865,0.408406,34.923028,-6.599379,-13.134569,55.0,0,3,0.0,3.993856,0.0,0.0,0.0,166,3.993856,166,-21.27031,-21.27031,0
021528,财通成长优选混合C,MIXED,2025-01-27,20,-1.00077,-0.15528,13.503972,1.200079,0.446779,39.387506,-6.472727,-13.134569,55.0,0,4,0.0,0.0,0.15528,0.0,0.0,167,-0.15528,167,-18.81804,-18.81804,0
021528,财通成长优选混合C,MIXED,2025-02-05,20,-12.178517,-9.012539,-0.938567,-8.221344,0.331421,52.409203,-15.563636,-15.563636,55.0,0,5,0.0,0.0,9.012539,0.0,0.0,168,-9.012539,168,-9.13006,-17.535545,0
021528,财通成长优选混合C,MIXED,2025-02-06,20,-13.236364,-4.176707,-1.323408,-5.497465,0.225612,52.99879,-15.563636,-15.563636,50.0,2,0,0.0,0.0,4.176707,0.0,0.0,169,-4.176707,169,-10.561609,-17.535545,0
021528,财通成长优选混合C,MIXED,2025-02-07,20,-9.882006,0.410846,2.689076,-3.219419,0.123085,53.15396,-15.563636,-15.563636,45.0,3,0,0.0,0.410846,0.0,0.0,0.0,170,0.410846,170,-14.075286,-17.535545,0
021528,财通成长优选混合C,MIXED,2025-02-10,20,-8.567208,2.909393,1.226492,-2.087947,0.020575,53.118813,-15.563636,-15.563636,40.0,4,0,0.0,2.909393,0.0,0.0,0.0,171,2.909393,171,-14.53958,-17.535545,0
021528,财通成长优选混合C,MIXED,2025-02-11,20,-2.643857,2.875924,3.045267,-1.117561,-0.052554,53.111009,-15.563636,-15.563636,40.0,5,0,0.0,2.875924,0.0,0.0,0.0,172,2.875924,172,-15.654952,-17.535545,0
021528,财通成长优选混合C,MIXED,2025-02-12,20,9.043928,-0.314961,3.094463,0.00395,-0.04793,50.948478,-15.563636,-15.563636,40.0,6,0,0.0,0.0,0.314961,0.0,0.0,173,-0.314961,173,-16.113744,-17.535545,0
021528,财通成长优选混合C,MIXED,2025-02-13,20,2.682313,-3.921569,0.989283,-3.043255,-0.083017,52.224474,-15.563636,-15.563636,45.0,0,2,0.0,0.0,3.921569,0.0,0.0,174,-3.921569,174,-13.795918,-17.339667,0
021528,财通成长优选混合C,MIXED,2025-02-14,20,-1.145663,-4.203013,-2.659146,-4.187817,-0.149088,52.304522,-15.563636,-15.563636,45.0,0,3,0.0,0.0,4.203013,0.0,0.0,175,-4.203013,175,-12.086093,-17.339667,0
021528,财通成长优选混合C,MIXED,2025-02-17,20,1.938611,2.518278,6.139613,-0.027726,-0.184821,54.073418,-15.563636,-15.563636,40.0,2,0,0.0,2.518278,0.0,0.0,0.0,176,2.518278,176,-16.164818,-17.339667,0
021528,财通成长优选混合C,MIXED,2025-02-18,20,-1.198083,0.324412,8.699473,-2.023682,-0.25018,54.615778,-15.563636,-15.563636,45.0,0,2,0.0,0.324412,0.0,0.0,0.0,177,0.324412,177,-14.874697,-17.339667,0
021528,财通成长优选混合C,MIXED,2025-02-19,20,-2.053712,-1.976285,10.418522,-1.688734,-0.272901,53.807727,-15.563636,-15.563636,45.0,2,0,0.0,0.0,1.976285,0.0,0.0,178,-1.976285,178,-16.129032,-17.656374,0
021528,财通成长优选混合C,MIXED,2025-02-20,20,1.142857,0.0,8.020924,-1.768017,-0.326075,53.282571,-15.563636,-15.563636,45.0,0,2,0.0,0.0,0.0,0.0,0.0,179,0.0,179,-18.563358,-20.110847,0
021528,财通成长优选混合C,MIXED,2025-02-21,20,4.55298,1.364366,9.256055,0.067345,-0.343071,53.677864,-15.563636,-15.563636,45.0,2,0,0.0,1.364366,0.0,0.0,0.0,180,1.364366,180,-22.090261,-22.090261,0
021528,财通成长优选混合C,MIXED,2025-02-24,20,-4.754358,-3.453815,4.521739,-4.603175,-0.433345,56.490966,-15.563636,-15.563636,45.0,0,2,0.0,0.0,3.453815,0.0,0.0,181,-3.453815,181,-18.801997,-18.801997,0
021528,财通成长优选混合C,MIXED,2025-02-25,20,-4.042037,-8.622017,7.615594,-5.373087,-0.469325,54.081557,-15.563636,-15.563636,50.0,0,3,0.0,0.0,8.622017,0.0,0.0,182,-8.622017,182,-21.314238,-21.446594,0
021528,财通成长优选混合C,MIXED,2025-02-26,20,-4.112903,-10.060514,10.296846,-4.708475,-0.461161,53.52759,-15.563636,-15.563636,50.0,2,0,0.0,0.0,10.060514,0.0,0.0,183,-10.060514,183,-21.278385,-21.446594,0
021528,财通成长优选混合C,MIXED,2025-02-27,20,-7.344633,-16.509091,5.514706,-7.14979,-0.418143,51.761431,-15.339233,-16.509091,55.0,0,2,0.0,0.0,16.509091,0.0,0.0,184,-16.509091,184,-18.989547,-18.989547,0
021528,财通成长优选混合C,MIXED,2025-02-28,20,-14.172605,-20.058997,-3.815439,-11.350998,-0.446406,54.409262,-19.940916,-21.163636,55.0,0,3,0.0,0.0,20.058997,0.0,0.0,185,-20.058997,185,-14.483395,-14.483395,0
021528,财通成长优选混合C,MIXED,2025-03-03,20,-11.314476,-21.27031,-4.050405,-11.784177,-0.465663,54.339302,-17.107309,-22.472727,55.0,0,4,0.0,0.0,21.27031,0.0,0.0,186,-21.27031,186,-11.913696,-13.1209,0
021528,财通成长优选混合C,MIXED,2025-03-04,20,-12.047178,-18.81804,-8.820961,-12.73092,-0.564271,52.513883,-17.535545,-24.072727,55.0,0,5,0.0,0.0,18.81804,0.0,0.0,187,-18.81804,187,-10.727969,-13.1209,0
021528,财通成长优选混合C,MIXED,2025-03-05,20,-11.269975,-9.13006,-10.744501,-11.418976,-0.783066,41.514126,-17.535545,-24.072727,50.0,2,0,0.0,0.0,9.13006,0.0,0.0,188,-9.13006,188,-10.521327,-13.1209,0
021528,财通成长优选混合C,MIXED,2025-03-06,20,-7.055749,-10.561609,-8.725406,-9.935005,-0.93409,40.236626,-17.535545,-24.072727,50.0,3,0,0.0,0.0,10.561609,0.0,0.0,189,-10.561609,189,-11.433927,-13.1209,0
021528,财通成长优选混合C,MIXED,2025-03-07,20,-3.136531,-14.075286,-9.16955,-10.721877,-1.05446,38.825566,-17.535545,-24.072727,55.0,0,2,0.0,0.0,14.075286,0.0,0.0,190,-14.075286,190,-18.571429,-19.491525,0
021528,财通成长优选混合C,MIXED,2025-03-10,20,-0.750469,-14.53958,-9.803922,-9.347956,-1.123407,38.491968,-17.535545,-24.072727,55.0,2,0,0.0,0.0,14.53958,0.0,0.0,191,-14.53958,191,-20.793951,-21.092279,0
021528,财通成长优选混合C,MIXED,2025-03-11,20,1.149425,-15.654952,-10.43257,-8.753132,-1.154229,37.915423,-17.535545,-24.072727,60.0,0,2,0.0,0.0,15.654952,0.0,0.0,192,-15.654952,192,-18.087121,-21.092279,0
021528,财通成长优选混合C,MIXED,2025-03-12,20,0.663507,-16.113744,-7.652174,-7.418708,-1.133555,37.591328,-17.339667,-24.072727,60.0,2,0,0.0,0.0,16.113744,0.0,0.0,193,-16.113744,193,-15.819209,-21.092279,0
021528,财通成长优选混合C,MIXED,2025-03-13,20,-1.030928,-13.795918,-8.253692,-7.258596,-1.14824,36.518772,-17.339667,-24.072727,60.0,0,2,0.0,0.0,13.795918,0.0,0.0,194,-13.795918,194,-14.204545,-21.092279,0
021528,财通成长优选混合C,MIXED,2025-03-14,20,1.142857,-12.086093,-9.075342,-6.129845,-1.155649,36.699777,-17.339667,-24.072727,55.0,2,0,0.0,0.0,12.086093,0.0,0.0,195,-12.086093,195,-12.900188,-21.092279,0
021528,财通成长优选混合C,MIXED,2025-03-17,20,0.0,-16.164818,-11.686144,-5.632609,-1.075628,31.446827,-17.339667,-24.072727,60.0,0,2,0.0,0.0,16.164818,0.0,0.0,196,-16.164818,196,-13.327032,-20.793951,0
021528,财通成长优选混合C,MIXED,2025-03-18,20,-0.284091,-14.874697,-12.030075,-5.301497,-1.007578,31.187574,-17.339667,-24.072727,60.0,0,3,0.0,0.0,14.874697,0.0,0.0,197,-14.874697,197,-15.289649,-20.417854,0
021528,财通成长优选混合C,MIXED,2025-03-19,20,-2.071563,-16.129032,-13.333333,-5.621852,-0.926519,30.983286,-17.656374,-24.363636,65.0,0,4,0.0,0.0,16.129032,0.0,0.0,198,-16.129032,198,-13.942308,-19.423077,0
021528,财通成长优选混合C,MIXED,2025-03-20,20,-4.450758,-18.563358,-16.61157,-7.469393,-0.859616,31.720761,-20.110847,-26.618182,65.0,0,5,0.0,0.0,18.563358,0.0,0.0,199,-18.563358,199,-11.397423,-16.947473,0
021528,财通成长优选混合C,MIXED,2025-03-21,20,-7.344633,-22.090261,-18.40796,-8.592661,-0.758934,30.126156,-18.136439,-28.436364,70.0,0,6,0.0,0.0,22.090261,0.0,0.0,200,-22.090261,200,-5.386179,-14.837398,0
021528,财通成长优选混合C,MIXED,2025-03-24,20,-7.750473,-18.801997,-20.97166,-8.374014,-0.71574,26.954792,-17.914214,-29.018182,70.0,0,7,0.0,0.0,18.801997,0.0,0.0,201,-18.801997,201,-7.069672,-14.139344,0
021528,财通成长优选混合C,MIXED,2025-03-25,20,-11.301045,-21.314238,-25.518341,-11.263123,-0.719699,29.368253,-21.446594,-32.072727,70.0,0,8,0.0,0.0,21.314238,0.0,0.0,202,-21.314238,202,-1.927195,-11.322751,0
021528,财通成长优选混合C,MIXED,2025-03-26,20,-10.0,-21.278385,-25.0,-9.991345,-0.681384,29.396374,-18.641115,-32.072727,70.0,2,0,0.0,0.0,21.278385,0.0,0.0,203,-21.278385,203,-3.846154,-11.322751,0
021528,财通成长优选混合C,MIXED,2025-03-27,20,-7.829534,-18.989547,-25.955414,-9.620991,-0.675303,28.177553,-14.206642,-32.363636,70.0,0,2,0.0,0.0,18.989547,0.0,0.0,204,-18.989547,204,-2.258065,-11.322751,0
021528,财通成长优选混合C,MIXED,2025-03-28,20,-5.792683,-14.483395,-26.486915,-9.219997,-0.738148,22.553207,-13.1209,-32.581818,70.0,0,3,0.0,0.0,14.483395,0.0,0.0,205,-14.483395,205,-0.862999,-11.322751,0
021528,财通成长优选混合C,MIXED,2025-03-31,20,-3.790984,-11.913696,-27.880184,-7.469452,-0.788629,23.427118,-13.1209,-32.581818,65.0,2,0,0.0,0.0,11.913696,0.0,0.0,206,-11.913696,206,-0.745474,-11.322751,0
021528,财通成长优选混合C,MIXED,2025-04-01,20,-0.214133,-10.727969,-27.639752,-7.649623,-0.864528,22.810092,-13.1209,-32.581818,65.0,0,2,0.0,0.0,10.727969,0.0,0.0,207,-10.727969,207,2.896996,-11.322751,0
021528,财通成长优选混合C,MIXED,2025-04-02,20,0.854701,-10.521327,-26.018809,-5.943307,-0.89006,23.042925,-13.1209,-32.581818,65.0,2,0,0.0,0.0,10.521327,0.0,0.0,208,-10.521327,208,4.872881,-11.322751,0
021528,财通成长优选混合C,MIXED,2025-04-03,20,1.612903,-11.433927,-24.096386,-5.267906,-0.879222,22.324224,-12.711864,-32.581818,65.0,3,0,0.0,0.0,11.433927,0.0,0.0,209,-11.433927,209,4.021164,-11.322751,0
021528,财通成长优选混合C,MIXED,2025-04-07,20,-7.76699,-18.571429,-29.745275,-13.444017,-1.010219,38.738614,-19.491525,-37.818182,65.0,0,2,0.0,0.0,18.571429,0.0,0.0,210,-18.571429,210,13.450292,-3.567568,1
021528,财通成长优选混合C,MIXED,2025-04-08,20,-10.756124,-20.793951,-30.340815,-14.209664,-1.127204,38.314635,-21.092279,-39.054545,70.0,0,3,0.0,0.0,20.793951,0.0,0.0,211,-20.793951,211,13.72315,-3.737374,1
021528,财通成长优选混合C,MIXED,2025-04-09,20,-7.188841,-18.087121,-28.923583,-10.571207,-1.174168,41.227766,-21.092279,-39.054545,65.0,2,0,0.0,0.0,18.087121,0.0,0.0,212,-18.087121,212,11.32948,-3.737374,1
021528,财通成长优选混合C,MIXED,2025-04-10,20,-5.29661,-15.819209,-29.606299,-6.76331,-1.137563,43.706184,-21.092279,-39.054545,65.0,3,0,0.0,0.0,15.819209,0.0,0.0,213,-15.819209,213,7.829978,-3.737374,1
021528,财通成长优选混合C,MIXED,2025-04-11,20,-4.126984,-14.204545,-28.941176,-4.76691,-1.064652,44.373039,-21.092279,-39.054545,60.0,4,0,0.0,0.0,14.204545,0.0,0.0,214,-14.204545,214,7.174393,-3.737374,1
021528,财通成长优选混合C,MIXED,2025-04-14,20,8.187135,-12.900188,-26.645519,-2.064584,-0.927252,45.286361,-20.793951,-39.054545,60.0,5,0,0.0,0.0,12.900188,0.0,0.0,215,-12.900188,215,0.756757,-5.858586,0
021528,财通成长优选混合C,MIXED,2025-04-15,20,9.427208,-13.327032,-25.507717,-2.18145,-0.784964,45.280694,-20.417854,-39.054545,60.0,0,2,0.0,0.0,13.327032,0.0,0.0,216,-13.327032,216,1.090513,-6.363636,0
021528,财通成长优选混合C,MIXED,2025-04-16,20,3.121387,-15.289649,-27.656123,-4.024102,-0.665317,45.851734,-19.423077,-39.054545,60.0,0,3,0.0,0.0,15.289649,0.0,0.0,217,-15.289649,217,2.802691,-7.373737,1
021528,财通成长优选混合C,MIXED,2025-04-17,20,0.111857,-13.942308,-29.249012,-2.944206,-0.534465,45.98644,-16.947473,-39.054545,55.0,2,0,0.0,0.0,13.942308,0.0,0.0,218,-13.942308,218,3.128492,-7.373737,1
021528,财通成长优选混合C,MIXED,2025-04-18,20,-1.324503,-11.397423,-27.845036,-2.444347,-0.43206,45.226127,-14.837398,-39.054545,55.0,0,2,0.0,0.0,11.397423,0.0,0.0,219,-11.397423,219,1.677852,-8.181818,0
021528,财通成长优选混合C,MIXED,2025-04-21,20,0.648649,-5.386179,-25.280899,1.887825,-0.293675,47.549899,-14.139344,-39.054545,50.0,2,0,0.0,0.0,5.386179,0.0,0.0,220,-5.386179,220,-3.222342,-8.989899,0
021528,财通成长优选混合C,MIXED,2025-04-22,20,-1.090513,-7.069672,-27.148594,-0.362518,-0.197407,48.243313,-11.322751,-39.054545,50.0,0,2,0.0,0.0,7.069672,0.0,0.0,221,-7.069672,221,-3.0871,-11.212121,0
021528,财通成长优选混合C,MIXED,2025-04-23,20,2.690583,-1.927195,-29.484219,0.725753,-0.147499,46.057786,-11.322751,-39.054545,45.0,2,0,0.0,0.0,1.927195,0.0,0.0,222,-1.927195,222,-2.183406,-11.212121,0
021528,财通成长优选混合C,MIXED,2025-04-24,20,0.558659,-3.846154,-31.921331,-0.837373,-0.116311,46.429723,-11.322751,-39.054545,50.0,0,2,0.0,0.0,3.846154,0.0,0.0,223,-3.846154,223,-2.111111,-11.212121,0
021528,财通成长优选混合C,MIXED,2025-04-25,20,1.677852,-2.258065,-33.890909,0.270255,-0.075225,46.566607,-11.322751,-38.20059,45.0,2,0,0.0,0.0,2.258065,0.0,0.0,224,-2.258065,224,-1.870187,-11.212121,0
021528,财通成长优选混合C,MIXED,2025-04-28,20,-1.288937,-0.862999,-32.227139,1.418088,-0.019997,46.738552,-11.322751,-38.109306,40.0,3,0,0.0,0.0,0.862999,0.0,0.0,225,-0.862999,225,-2.393906,-11.212121,0
021528,财通成长优选混合C,MIXED,2025-04-29,20,2.75634,-0.745474,-31.166913,2.892471,0.078027,46.784611,-11.322751,-34.836703,40.0,4,0,0.0,0.0,0.745474,0.0,0.0,226,-0.745474,226,-6.008584,-11.515152,0
021528,财通成长优选混合C,MIXED,2025-04-30,20,4.694323,2.896996,-25.427683,5.715703,0.207292,47.785337,-11.322751,-33.807267,35.0,5,0,0.0,2.896996,0.0,0.0,0.0,227,2.896996,227,-8.759124,-11.616162,0
021528,财通成长优选混合C,MIXED,2025-05-06,20,10.0,4.872881,-14.728682,8.857001,0.400887,48.865806,-11.322751,-33.807267,35.0,6,0,0.0,4.872881,0.0,0.0,0.0,228,4.872881,228,-8.686869,-11.616162,0
021528,财通成长优选混合C,MIXED,2025-05-07,20,8.140814,4.021164,-17.602682,7.861963,0.576935,48.990287,-3.567568,-33.807267,40.0,0,2,0.0,4.021164,0.0,0.0,0.0,229,4.021164,229,-3.967447,-10.986775,0
021528,财通成长优选混合C,MIXED,2025-05-08,20,5.54951,13.450292,-20.621931,5.768182,0.567661,33.504663,-3.567568,-33.807267,40.0,0,3,0.0,13.450292,0.0,0.0,0.0,230,13.450292,230,-1.443299,-9.886715,0
021528,财通成长优选混合C,MIXED,2025-05-09,20,2.253219,13.72315,-23.021002,3.267053,0.484361,33.267706,-3.737374,-33.807267,40.0,0,4,0.0,13.72315,0.0,0.0,0.0,231,13.72315,231,1.678909,-9.886715,0
021528,财通成长优选混合C,MIXED,2025-05-12,20,0.417101,11.32948,-23.083067,3.799515,0.445171,31.92021,-3.737374,-33.807267,40.0,2,0,0.0,11.32948,0.0,0.0,0.0,232,11.32948,232,-0.623053,-9.886715,0
021528,财通成长优选混合C,MIXED,2025-05-13,20,-2.626263,7.829978,-23.85466,3.516779,0.441883,30.18247,-3.737374,-33.65004,40.0,3,0,0.0,7.829978,0.0,0.0,0.0,233,7.829978,233,-1.452282,-9.886715,0
021528,财通成长优选混合C,MIXED,2025-05-14,20,-1.220753,7.174393,-20.734694,3.905832,0.458449,30.004633,-3.737374,-33.65004,40.0,4,0,0.0,7.174393,0.0,0.0,0.0,234,7.174393,234,-0.411946,-9.886715,0
021528,财通成长优选混合C,MIXED,2025-05-15,20,-3.917526,0.756757,-22.847682,-0.304862,0.438412,33.017275,-5.858586,-33.65004,45.0,0,2,0.0,0.756757,0.0,0.0,0.0,235,0.756757,235,3.111588,-6.11588,1
021528,财通成长优选混合C,MIXED,2025-05-16,20,-2.728227,1.090513,-26.545166,-0.892714,0.396056,32.915927,-6.363636,-33.65004,45.0,0,3,0.0,1.090513,0.0,0.0,0.0,236,1.090513,236,6.040992,-5.609493,1
021528,财通成长优选混合C,MIXED,2025-05-19,20,-4.776739,2.802691,-25.869038,-2.092676,0.294458,31.547582,-7.373737,-33.65004,45.0,0,4,0.0,2.802691,0.0,0.0,0.0,237,2.802691,237,6.434024,-5.200433,1
021528,财通成长优选混合C,MIXED,2025-05-20,20,-4.253112,3.128492,-25.564516,-1.599147,0.20328,31.591712,-7.373737,-33.65004,45.0,2,0,0.0,3.128492,0.0,0.0,0.0,238,3.128492,238,9.859155,-5.200433,1
021528,财通成长优选混合C,MIXED,2025-05-21,20,-6.38517,1.677852,-26.634383,-3.169108,0.084979,32.148419,-8.181818,-33.65004,45.0,0,2,0.0,1.677852,0.0,0.0,0.0,239,1.677852,239,10.671067,-3.740374,1
021528,财通成长优选混合C,MIXED,2025-05-22,20,-3.32618,-3.222342,-28.661916,-3.867698,0.01452,28.523272,-8.989899,-30.282862,50.0,0,3,0.0,0.0,3.222342,0.0,0.0,240,-3.222342,240,9.988901,-2.885683,1
021528,财通成长优选混合C,MIXED,2025-05-23,20,-5.177994,-3.0871,-26.87188,-6.074691,-0.125414,28.373164,-11.212121,-29.520606,50.0,0,4,0.0,0.0,3.0871,0.0,0.0,241,-3.0871,241,11.149033,-3.648915,1
021528,财通成长优选混合C,MIXED,2025-05-26,20,-2.290076,-2.183406,-24.515586,-4.155747,-0.21997,29.06084,-11.212121,-29.520606,50.0,2,0,0.0,0.0,2.183406,0.0,0.0,242,-2.183406,242,8.258929,-4.33925,1
021528,财通成长优选混合C,MIXED,2025-05-27,20,-4.550379,-2.111111,-25.904121,-5.664418,-0.361488,29.007171,-11.212121,-27.003484,50.0,0,2,0.0,0.0,2.111111,0.0,0.0,243,-2.111111,243,10.896708,-4.33925,1
021528,财通成长优选混合C,MIXED,2025-05-28,20,-1.870187,-1.870187,-22.299652,-4.39955,-0.468107,29.144241,-11.212121,-22.693727,50.0,2,0,0.0,0.0,1.870187,0.0,0.0,244,-1.870187,244,10.650224,-4.33925,1
021528,财通成长优选混合C,MIXED,2025-05-29,20,-0.443951,-2.393906,-17.250923,-3.750201,-0.547724,28.916927,-11.212121,-21.462043,50.0,3,0,0.0,0.0,2.393906,0.0,0.0,245,-2.393906,245,13.266444,-4.33925,1
021528,财通成长优选混合C,MIXED,2025-05-30,20,-0.341297,-6.008584,-17.82364,-5.720282,-0.635313,29.368345,-11.515152,-21.462043,55.0,0,2,0.0,0.0,6.008584,0.0,0.0,246,-6.008584,246,19.178082,-4.33925,1
021528,财通成长优选混合C,MIXED,2025-06-03,20,-2.34375,-8.759124,-16.187739,-5.400292,-0.670876,26.868914,-11.616162,-21.462043,60.0,0,3,0.0,0.0,8.759124,0.0,0.0,247,-8.759124,247,19.885714,-4.33925,1
021528,财通成长优选混合C,MIXED,2025-06-04,20,2.61067,-8.686869,-14.312796,-1.808505,-0.594954,27.018415,-10.986775,-21.462043,60.0,2,0,0.0,0.0,8.686869,0.0,0.0,248,-8.686869,248,13.053097,-4.33925,1
021528,财通成长优选混合C,MIXED,2025-06-05,20,5.829596,-3.967447,-11.527648,2.753891,-0.452748,32.021997,-9.886715,-21.092279,55.0,3,0,0.0,0.0,3.967447,0.0,0.0,249,-3.967447,249,11.970339,-4.33925,1
021528,财通成长优选混合C,MIXED,2025-06-06,20,6.57748,-1.443299,-8.952381,4.139434,-0.306813,32.121169,-9.886715,-21.092279,50.0,4,0,0.0,0.0,1.443299,0.0,0.0,250,-1.443299,250,9.414226,-4.33925,1
021528,财通成长优选混合C,MIXED,2025-06-09,20,10.616438,1.678909,-8.412098,5.463648,-0.167103,31.835992,-9.886715,-21.092279,45.0,5,0,0.0,1.678909,0.0,0.0,0.0,251,1.678909,251,6.707946,-4.33925,1
021528,财通成长优选混合C,MIXED,2025-06-10,20,9.371429,-0.623053,-9.375,4.191617,-0.031761,31.968859,-9.886715,-21.092279,50.0,0,2,0.0,0.0,0.623053,0.0,0.0,252,-0.623053,252,14.106583,-4.33925,1
021528,财通成长优选混合C,MIXED,2025-06-11,20,5.088496,-1.452282,-10.546139,3.50839,0.095521,32.066053,-9.886715,-21.092279,55.0,0,3,0.0,0.0,1.452282,0.0,0.0,253,-1.452282,253,15.263158,-4.33925,1
021528,财通成长优选混合C,MIXED,2025-06-12,20,2.436441,-0.411946,-8.42803,5.383609,0.263682,32.626329,-6.11588,-21.092279,55.0,2,0,0.0,0.0,0.411946,0.0,0.0,254,-0.411946,254,15.098242,-4.33925,1
021528,财通成长优选混合C,MIXED,2025-06-13,20,0.523013,3.111588,-9.510358,4.564496,0.355467,29.120946,-5.609493,-20.793951,55.0,0,2,0.0,3.111588,0.0,0.0,0.0,255,3.111588,255,15.608741,-4.33925,1
021528,财通成长优选混合C,MIXED,2025-06-16,20,1.444788,6.040992,-7.088847,6.6334,0.467106,29.929017,-5.200433,-20.417854,50.0,2,0,0.0,6.040992,0.0,0.0,0.0,256,6.040992,256,13.428281,-4.33925,1
021528,财通成长优选混合C,MIXED,2025-06-17,20,1.985371,6.434024,-7.312441,5.536332,0.540983,29.73094,-5.200433,-19.423077,50.0,0,2,0.0,6.434024,0.0,0.0,0.0,257,6.434024,257,23.668033,-4.33925,1
021528,财通成长优选混合C,MIXED,2025-06-18,20,6.736842,9.859155,-2.5,9.108517,0.672392,32.31249,-3.740374,-16.947473,50.0,2,0,0.0,9.859155,0.0,0.0,0.0,258,9.859155,258,17.948718,-4.33925,1
021528,财通成长优选混合C,MIXED,2025-06-19,20,4.033092,10.671067,-0.297324,7.68572,0.751719,31.812143,-2.885683,-14.837398,50.0,0,2,0.0,10.671067,0.0,0.0,0.0,259,10.671067,259,25.944334,-3.578529,1
021528,财通成长优选混合C,MIXED,2025-06-20,20,3.121748,9.988901,0.711382,5.571535,0.778713,32.241623,-2.45262,-14.139344,50.0,0,3,0.0,9.988901,0.0,0.0,0.0,260,9.988901,260,26.53885,-2.57388,1
021528,财通成长优选混合C,MIXED,2025-06-23,20,-0.610376,11.149033,0.102459,3.539635,0.732756,31.18749,-3.648915,-11.616162,50.0,0,4,0.0,11.149033,0.0,0.0,0.0,261,11.149033,261,29.682702,-2.57388,1
021528,财通成长优选混合C,MIXED,2025-06-24,20,-0.614754,8.258929,3.85439,2.396284,0.690367,31.044022,-4.33925,-11.616162,55.0,0,5,0.0,8.258929,0.0,0.0,0.0,262,8.258929,262,31.546392,-2.57388,1
021528,财通成长优选混合C,MIXED,2025-06-25,20,-3.648915,10.896708,4.380342,2.615272,0.621499,30.054183,-4.33925,-11.616162,50.0,2,0,0.0,10.896708,0.0,0.0,0.0,263,10.896708,263,31.013306,-2.57388,1
021528,财通成长优选混合C,MIXED,2025-06-26,20,-1.888668,10.650224,6.129032,3.150964,0.571345,29.993902,-4.33925,-11.616162,50.0,3,0,0.0,10.650224,0.0,0.0,0.0,264,10.650224,264,27.355623,-2.57388,1
021528,财通成长优选混合C,MIXED,2025-06-27,20,2.522704,13.266444,9.600863,5.52555,0.557428,31.195613,-4.33925,-11.616162,50.0,4,0,0.0,13.266444,0.0,0.0,0.0,265,13.266444,265,23.523622,-2.57388,1
021528,财通成长优选混合C,MIXED,2025-06-30,20,6.857728,19.178082,11.182109,7.495881,0.53093,29.950763,-4.33925,-11.616162,45.0,5,0,0.0,19.178082,0.0,0.0,0.0,266,19.178082,266,24.521073,-2.57388,1
021528,财通成长优选混合C,MIXED,2025-07-01,20,8.14433,19.885714,12.553648,7.05174,0.484628,29.75836,-4.33925,-11.616162,40.0,6,0,0.0,19.885714,0.0,0.0,0.0,267,19.885714,267,30.505243,-2.57388,1
021528,财通成长优选混合C,MIXED,2025-07-02,20,4.605937,13.053097,8.262712,3.672144,0.421169,30.815648,-4.33925,-11.616162,45.0,0,2,0.0,13.053097,0.0,0.0,0.0,268,13.053097,268,33.561644,-2.17597,1
021528,财通成长优选混合C,MIXED,2025-07-03,20,7.092199,11.970339,11.851852,6.611529,0.454791,29.353263,-4.33925,-11.616162,45.0,2,0,0.0,11.970339,0.0,0.0,0.0,269,11.970339,269,29.517502,-2.17597,1
021528,财通成长优选混合C,MIXED,2025-07-04,20,2.952756,9.414226,22.339181,5.025353,0.47478,29.778453,-4.33925,-11.616162,50.0,0,2,0.0,9.414226,0.0,0.0,0.0,270,9.414226,270,28.011472,-2.191381,1
021528,财通成长优选混合C,MIXED,2025-07-07,20,-0.957854,6.707946,23.389021,3.482786,0.48505,30.109875,-4.33925,-11.616162,55.0,0,3,0.0,6.707946,0.0,0.0,0.0,271,6.707946,271,29.110251,-2.483565,1
021528,财通成长优选混合C,MIXED,2025-07-08,20,4.099142,14.106583,26.242775,8.554103,0.547345,34.789997,-4.33925,-11.616162,50.0,2,0,0.0,14.106583,0.0,0.0,0.0,272,14.106583,272,24.725275,-2.483565,1
021528,财通成长优选混合C,MIXED,2025-07-09,20,7.142857,15.263158,22.483221,8.073431,0.581794,34.428315,-4.33925,-11.616162,45.0,3,0,0.0,15.263158,0.0,0.0,0.0,273,15.263158,273,23.744292,-2.483565,1
021528,财通成长优选混合C,MIXED,2025-07-10,20,5.298013,15.098242,22.847682,9.064184,0.645858,34.372978,-4.33925,-11.616162,45.0,4,0,0.0,15.098242,0.0,0.0,0.0,274,15.098242,274,21.293801,-2.483565,1
021528,财通成长优选混合C,MIXED,2025-07-11,20,6.214149,15.608741,20.108108,8.07393,0.675521,34.178776,-4.33925,-11.616162,45.0,0,2,0.0,15.608741,0.0,0.0,0.0,275,15.608741,275,20.522052,-2.483565,1
021528,财通成长优选混合C,MIXED,2025-07-14,20,7.833656,13.428281,21.592148,7.771119,0.722665,33.70887,-4.33925,-11.616162,45.0,2,0,0.0,13.428281,0.0,0.0,0.0,276,13.428281,276,23.587444,-2.483565,1
021528,财通成长优选混合C,MIXED,2025-07-15,20,10.531136,23.668033,35.313901,15.375424,0.861663,42.708063,-4.33925,-11.616162,40.0,3,0,0.0,23.668033,0.0,0.0,0.0,277,23.668033,277,18.061309,-2.483565,1
021528,财通成长优选混合C,MIXED,2025-07-16,20,9.223744,17.948718,33.631285,13.338072,1.00899,41.940264,-3.578529,-11.616162,45.0,0,2,0.0,17.948718,0.0,0.0,0.0,278,17.948718,278,27.675585,-2.483565,1
021528,财通成长优选混合C,MIXED,2025-07-17,20,13.836478,25.944334,41.722595,18.599644,1.207033,45.105953,-2.57388,-11.616162,40.0,2,0,0.0,25.944334,0.0,0.0,0.0,279,25.944334,279,15.706393,-3.994761,1
021528,财通成长优选混合C,MIXED,2025-07-18,20,12.871287,26.53885,34.693878,15.95543,1.324802,44.767301,-2.57388,-11.616162,40.0,0,2,0.0,26.53885,0.0,0.0,0.0,280,26.53885,280,17.304625,-3.994761,1
021528,财通成长优选混合C,MIXED,2025-07-21,20,13.632287,29.682702,39.69129,15.607464,1.398656,43.687705,-2.57388,-11.616162,35.0,2,0,0.0,29.682702,0.0,0.0,0.0,281,29.682702,281,20.757695,-3.994761,1
021528,财通成长优选混合C,MIXED,2025-07-22,20,5.716653,31.546392,39.30131,14.825647,1.431904,43.08503,-2.57388,-11.616162,30.0,3,0,0.0,31.546392,0.0,0.0,0.0,282,31.546392,282,23.040752,-3.994761,1
021528,财通成长优选混合C,MIXED,2025-07-23,20,7.023411,31.013306,42.222222,13.636364,1.438477,43.196282,-2.57388,-11.616162,30.0,4,0,0.0,31.013306,0.0,0.0,0.0,283,31.013306,283,22.34375,-3.994761,1
021528,财通成长优选混合C,MIXED,2025-07-24,20,-0.789266,27.355623,38.283828,10.272831,1.392023,44.652639,-2.57388,-11.616162,35.0,0,2,0.0,27.355623,0.0,0.0,0.0,284,27.355623,284,22.11615,-3.994761,1
021528,财通成长优选混合C,MIXED,2025-07-25,20,0.079745,23.523622,36.56148,8.955159,1.350492,44.455249,-2.57388,-11.616162,40.0,0,3,0.0,23.523622,0.0,0.0,0.0,285,23.523622,285,27.49004,-3.994761,1
021528,财通成长优选混合C,MIXED,2025-07-28,20,2.604578,24.521073,39.484979,11.621517,1.371156,44.960365,-2.57388,-11.616162,40.0,2,0,0.0,24.521073,0.0,0.0,0.0,286,24.521073,286,32.923077,-3.994761,1
021528,财通成长优选混合C,MIXED,2025-07-29,20,7.288401,30.505243,42.752868,15.953077,1.445171,47.229374,-2.17597,-11.616162,40.0,3,0,0.0,30.505243,0.0,0.0,0.0,287,30.505243,287,24.03214,-3.994761,1
021528,财通成长优选混合C,MIXED,2025-07-30,20,6.640625,33.561644,37.878788,13.958925,1.435213,45.352451,-2.17597,-10.986775,40.0,0,2,0.0,33.561644,0.0,0.0,0.0,288,33.561644,288,28.424908,-3.994761,1
021528,财通成长优选混合C,MIXED,2025-07-31,20,8.910103,29.517502,39.267548,12.823471,1.435103,44.945739,-1.953125,-9.886715,40.0,2,0,0.0,29.517502,0.0,0.0,0.0,289,29.517502,289,39.517896,-3.994761,1
021528,财通成长优选混合C,MIXED,2025-08-01,20,6.693227,28.011472,38.041237,9.034648,1.348859,45.928463,-2.191381,-9.886715,40.0,0,2,0.0,28.011472,0.0,0.0,0.0,290,28.011472,290,41.971621,-3.994761,1
021528,财通成长优选混合C,MIXED,2025-08-04,20,2.692308,29.110251,40.083945,7.392808,1.208959,45.429543,-2.483565,-9.886715,40.0,0,3,0.0,29.110251,0.0,0.0,0.0,291,29.110251,291,47.490637,-3.994761,1
021528,财通成长优选混合C,MIXED,2025-08-05,20,-0.511322,24.725275,41.433022,8.387713,1.141282,42.63989,-2.483565,-9.886715,40.0,2,0,0.0,24.725275,0.0,0.0,0.0,292,24.725275,292,37.004405,-5.231082,1
021528,财通成长优选混合C,MIXED,2025-08-06,20,-0.732601,23.744292,40.560166,6.726528,1.039342,42.943958,-2.483565,-9.886715,45.0,0,2,0.0,23.744292,0.0,0.0,0.0,293,23.744292,293,41.03321,-5.231082,1
021528,财通成长优选混合C,MIXED,2025-08-07,20,-1.387874,21.293801,39.031926,5.349409,0.926406,43.202312,-2.483565,-6.11588,50.0,0,3,0.0,21.293801,0.0,0.0,0.0,294,21.293801,294,28.444444,-11.934992,0
021528,财通成长优选混合C,MIXED,2025-08-08,20,0.0,20.522052,43.669528,3.569633,0.773659,43.490958,-2.483565,-5.609493,50.0,0,4,0.0,20.522052,0.0,0.0,0.0,295,20.522052,295,39.95519,-11.934992,0
021528,财通成长优选混合C,MIXED,2025-08-11,20,3.220974,23.587444,48.651564,5.513017,0.643991,43.955804,-2.483565,-5.200433,50.0,2,0,0.0,23.587444,0.0,0.0,0.0,296,23.587444,296,29.46299,-11.934992,0
021528,财通成长优选混合C,MIXED,2025-08-12,20,4.625551,18.061309,55.398037,8.208672,0.649052,36.181637,-2.483565,-5.200433,50.0,3,0,0.0,18.061309,0.0,0.0,0.0,297,18.061309,297,22.175439,-11.934992,0
021528,财通成长优选混合C,MIXED,2025-08-13,20,12.693727,27.675585,65.438787,14.51498,0.722925,41.843183,-2.483565,-4.33925,45.0,4,0,0.0,27.675585,0.0,0.0,0.0,298,27.675585,298,19.384414,-11.934992,0
021528,财通成长优选混合C,MIXED,2025-08-14,20,8.592593,15.706393,61.276128,9.126098,0.780424,41.97557,-3.994761,-4.33925,50.0,0,2,0.0,15.706393,0.0,0.0,0.0,299,15.706393,299,37.721692,-11.934992,0
021528,财通成长优选混合C,MIXED,2025-08-15,20,9.858103,17.304625,63.263041,8.621008,0.80454,41.479608,-3.994761,-4.33925,45.0,2,0,0.0,17.304625,0.0,0.0,0.0,300,17.304625,300,37.661455,-11.934992,0
021528,财通成长优选混合C,MIXED,2025-08-18,20,11.030479,20.757695,74.061433,11.89118,0.879667,42.989316,-3.994761,-4.33925,45.0,3,0,0.0,20.757695,0.0,0.0,0.0,301,20.757695,301,29.411765,-11.934992,0
021528,财通成长优选混合C,MIXED,2025-08-19,20,10.175439,23.040752,75.223214,13.595254,0.975306,43.359573,-3.994761,-4.33925,45.0,4,0,0.0,23.040752,0.0,0.0,0.0,302,23.040752,302,27.261146,-11.934992,0
021528,财通成长优选混合C,MIXED,2025-08-20,20,2.554028,22.34375,77.752554,12.145517,1.038008,43.538831,-3.994761,-4.33925,50.0,0,2,0.0,22.34375,0.0,0.0,0.0,303,22.34375,303,27.52235,-11.934992,0
021528,财通成长优选混合C,MIXED,2025-08-21,20,4.706685,22.11615,72.085202,8.84209,1.012103,43.701711,-3.994761,-4.33925,50.0,0,3,0.0,22.11615,0.0,0.0,0.0,304,22.11615,304,32.57329,-11.934992,0
021528,财通成长优选混合C,MIXED,2025-08-22,20,8.769545,27.49004,78.372352,12.080137,1.017938,44.87078,-3.994761,-4.33925,45.0,2,0,0.0,27.49004,0.0,0.0,0.0,305,27.49004,305,27.3125,-11.934992,0
021528,财通成长优选混合C,MIXED,2025-08-25,20,12.941176,32.923077,97.260274,19.258774,1.160135,50.312505,-3.994761,-4.33925,45.0,3,0,0.0,32.923077,0.0,0.0,0.0,306,32.923077,306,21.122685,-11.934992,0
021528,财通成长优选混合C,MIXED,2025-08-26,20,8.152866,24.03214,94.057143,15.872799,1.303758,49.409246,-3.994761,-4.33925,50.0,0,2,0.0,24.03214,0.0,0.0,0.0,307,24.03214,307,23.498233,-11.934992,0
021528,财通成长优选混合C,MIXED,2025-08-27,20,11.941252,28.424908,93.915929,18.063039,1.456666,49.652793,-3.994761,-4.33925,45.0,2,0,0.0,28.424908,0.0,0.0,0.0,308,28.424908,308,16.942384,-11.934992,0
021528,财通成长优选混合C,MIXED,2025-08-28,20,24.429967,39.517896,102.330508,26.335285,1.711442,56.379503,-3.994761,-4.33925,45.0,3,0,0.0,39.517896,0.0,0.0,0.0,309,39.517896,309,7.643979,-11.934992,0
021528,财通成长优选混合C,MIXED,2025-08-29,20,18.8125,41.971621,98.849372,23.445566,1.86399,55.105942,-3.994761,-4.33925,45.0,0,2,0.0,41.971621,0.0,0.0,0.0,310,41.971621,310,3.892688,-11.934992,0
021528,财通成长优选混合C,MIXED,2025-09-01,20,13.946759,47.490637,103.199174,25.282347,2.010482,54.843121,-3.994761,-4.33925,40.0,2,0,0.0,47.490637,0.0,0.0,0.0,311,47.490637,311,2.844083,-11.934992,0
021528,财通成长优选混合C,MIXED,2025-09-02,20,9.893993,37.004405,94.984326,16.855058,2.034786,60.577861,-5.231082,-5.231082,45.0,0,2,0.0,37.004405,0.0,0.0,0.0,312,37.004405,312,6.430868,-9.262166,0
021528,财通成长优选混合C,MIXED,2025-09-03,20,9.01312,41.03321,101.157895,17.625335,2.041157,60.076962,-5.231082,-5.231082,40.0,2,0,0.0,41.03321,0.0,0.0,0.0,313,41.03321,313,4.918891,-9.262166,0
021528,财通成长优选混合C,MIXED,2025-09-04,20,-9.21466,28.444444,79.317477,5.484077,1.84854,71.537409,-11.934992,-11.934992,40.0,0,2,0.0,28.444444,0.0,0.0,0.0,314,28.444444,314,12.802768,-7.097118,1
021528,财通成长优选混合C,MIXED,2025-09-05,20,-1.420305,39.95519,95.005203,12.175266,1.727622,74.841442,-11.934992,-11.934992,35.0,2,0,0.0,39.95519,0.0,0.0,0.0,315,39.95519,315,2.134472,-8.726753,0
021528,财通成长优选混合C,MIXED,2025-09-08,20,-9.395632,29.46299,81.485249,5.505944,1.529461,78.253713,-11.934992,-11.934992,40.0,0,2,0.0,29.46299,0.0,0.0,0.0,316,29.46299,316,1.233184,-13.876967,0
021528,财通成长优选混合C,MIXED,2025-09-09,20,-6.698821,22.175439,78.381148,2.009726,1.311241,79.008775,-11.934992,-11.934992,45.0,0,3,0.0,22.175439,0.0,0.0,0.0,317,22.175439,317,8.443423,-13.876967,0
021528,财通成长优选混合C,MIXED,2025-09-10,20,-4.604919,19.384414,79.783037,5.896021,1.231659,76.980902,-11.934992,-11.934992,45.0,2,0,0.0,19.384414,0.0,0.0,0.0,318,19.384414,318,2.797586,-13.876967,0
021528,财通成长优选混合C,MIXED,2025-09-11,20,16.435986,37.721692,100.695825,15.427493,1.224526,81.924858,-11.934992,-11.934992,40.0,3,0,0.0,37.721692,0.0,0.0,0.0,319,37.721692,319,-10.549777,-13.876967,0
021528,财通成长优选混合C,MIXED,2025-09-12,20,8.057631,37.661455,104.339051,13.965726,1.180047,81.934936,-11.934992,-11.934992,40.0,4,0,0.0,37.661455,0.0,0.0,0.0,320,37.661455,320,-7.654321,-13.876967,0
021528,财通成长优选混合C,MIXED,2025-09-15,20,10.986547,29.411765,102.661208,10.039737,1.109966,82.624454,-11.934992,-11.934992,45.0,0,2,0.0,29.411765,0.0,0.0,0.0,321,29.411765,321,0.30303,-13.876967,0
021528,财通成长优选混合C,MIXED,2025-09-16,20,14.761631,27.261146,105.979381,9.734999,1.053891,82.520475,-11.934992,-11.934992,45.0,2,0,0.0,27.261146,0.0,0.0,0.0,322,27.261146,322,0.2002,-13.876967,0
021528,财通成长优选混合C,MIXED,2025-09-17,20,9.544707,27.52235,104.401228,8.397112,0.959899,82.471201,-11.934992,-11.934992,45.0,0,2,0.0,27.52235,0.0,0.0,0.0,323,27.52235,323,-1.051577,-13.876967,0
021528,财通成长优选混合C,MIXED,2025-09-18,20,0.792472,32.57329,106.180344,8.980881,0.834626,81.538636,-11.934992,-11.934992,40.0,2,0,0.0,32.57329,0.0,0.0,0.0,324,32.57329,324,3.587224,-13.876967,0
021528,财通成长优选混合C,MIXED,2025-09-19,20,0.592593,27.3125,100.492126,7.826271,0.72989,81.048735,-11.934992,-11.934992,40.0,3,0,0.0,27.3125,0.0,0.0,0.0,325,27.3125,325,9.425626,-13.876967,0
021528,财通成长优选混合C,MIXED,2025-09-22,20,5.707071,21.122685,100.478927,9.730523,0.742183,77.38373,-11.934992,-11.934992,40.0,4,0,0.0,21.122685,0.0,0.0,0.0,326,21.122685,326,10.511228,-13.876967,0
021528,财通成长优选混合C,MIXED,2025-09-23,20,4.954955,23.498233,99.904671,8.802241,0.703486,76.755171,-11.934992,-11.934992,35.0,5,0,0.0,23.498233,0.0,0.0,0.0,327,23.498233,327,14.735336,-13.876967,0
021528,财通成长优选混合C,MIXED,2025-09-24,20,2.653981,16.942384,100.587084,5.550407,0.646581,77.260103,-11.934992,-11.934992,40.0,0,2,0.0,16.942384,0.0,0.0,0.0,328,16.942384,328,15.756098,-12.159533,0
021528,财通成长优选混合C,MIXED,2025-09-25,20,1.031941,7.643979,94.512772,5.462939,0.701472,71.152878,-11.934992,-11.934992,40.0,2,0,0.0,7.643979,0.0,0.0,0.0,329,7.643979,329,9.727626,-12.159533,0
021528,财通成长优选混合C,MIXED,2025-09-26,20,-3.043692,3.892688,88.814532,1.116117,0.679587,72.803357,-11.934992,-11.934992,40.0,0,2,0.0,3.892688,0.0,0.0,0.0,330,3.892688,330,13.265823,-10.814815,0
021528,财通成长优选混合C,MIXED,2025-09-29,20,-3.248925,2.844083,95.841393,3.527607,0.743807,72.269995,-9.262166,-11.934992,40.0,2,0,0.0,2.844083,0.0,0.0,0.0,331,2.844083,331,10.469136,-10.814815,0
021528,财通成长优选混合C,MIXED,2025-09-30,20,-5.293276,6.430868,81.868132,1.223242,0.690948,69.864895,-9.262166,-11.934992,40.0,0,2,0.0,6.430868,0.0,0.0,0.0,332,6.430868,332,13.041289,-9.925187,0
021528,财通成长优选混合C,MIXED,2025-10-09,20,-2.195122,4.918891,83.105023,1.947425,0.679586,69.500118,-7.097118,-11.934992,40.0,2,0,0.0,4.918891,0.0,0.0,0.0,333,4.918891,333,13.915212,-9.925187,0
021528,财通成长优选混合C,MIXED,2025-10-10,20,-4.863813,12.802768,75.74124,-1.102235,0.48227,60.671767,-7.097118,-11.934992,40.0,0,2,0.0,12.802768,0.0,0.0,0.0,334,12.802768,334,14.059305,-7.668712,1
021528,财通成长优选混合C,MIXED,2025-10-13,20,-3.088608,2.134472,72.277228,-3.323568,0.352963,54.68446,-8.726753,-11.934992,45.0,0,3,0.0,2.134472,0.0,0.0,0.0,335,2.134472,335,13.897597,-9.393184,0
021528,财通成长优选混合C,MIXED,2025-10-14,20,-10.814815,1.233184,61.973094,-8.82932,0.071358,55.76626,-13.876967,-13.876967,45.0,0,4,0.0,1.233184,0.0,0.0,0.0,336,1.233184,336,16.83278,-12.302577,0
021528,财通成长优选混合C,MIXED,2025-10-15,20,-4.934542,8.443423,56.420878,-5.042122,-0.186169,57.029718,-13.876967,-13.876967,40.0,2,0,0.0,8.443423,0.0,0.0,0.0,337,8.443423,337,12.394068,-12.302577,0
021528,财通成长优选混合C,MIXED,2025-10-16,20,-6.533666,2.797586,56.688963,-5.866988,-0.398978,54.891893,-13.876967,-13.876967,45.0,0,2,0.0,2.797586,0.0,0.0,0.0,338,2.797586,338,13.874066,-12.302577,0
021528,财通成长优选混合C,MIXED,2025-10-17,20,-7.668712,-10.549777,42.541436,-8.794788,-0.511961,39.889887,-13.876967,-13.876967,50.0,0,3,0.0,0.0,10.549777,0.0,0.0,339,-10.549777,339,13.842746,-14.546966,0
021528,财通成长优选混合C,MIXED,2025-10-20,20,-2.298851,-7.654321,49.122807,-5.191645,-0.557849,42.365966,-13.876967,-13.876967,50.0,2,0,0.0,0.0,7.654321,0.0,0.0,340,-7.654321,340,10.053476,-14.546966,0
021528,财通成长优选混合C,MIXED,2025-10-21,20,9.966777,0.30303,56.748224,0.674203,-0.541832,47.685188,-13.876967,-13.876967,45.0,3,0,0.0,0.30303,0.0,0.0,0.0,341,0.30303,341,3.423968,-14.630091,0
021528,财通成长优选混合C,MIXED,2025-10-22,20,6.038136,0.2002,56.896552,1.474986,-0.500313,47.662104,-13.876967,-13.876967,45.0,4,0,0.0,0.2002,0.0,0.0,0.0,342,0.2002,342,2.347652,-14.837905,0
021528,财通成长优选混合C,MIXED,2025-10-23,20,5.442903,-1.051577,54.375,0.210462,-0.479036,47.903292,-13.876967,-13.876967,45.0,0,2,0.0,0.0,1.051577,0.0,0.0,343,-1.051577,343,4.8583,-14.837905,0
021528,财通成长优选混合C,MIXED,2025-10-24,20,16.722038,3.587224,67.700875,6.707163,-0.329221,53.147519,-13.876967,-13.876967,45.0,2,0,0.0,3.587224,0.0,0.0,0.0,344,3.587224,344,-8.017078,-19.409809,0
021528,财通成长优选混合C,MIXED,2025-10-27,20,19.197861,9.425626,77.609562,12.286535,-0.096281,56.622633,-13.876967,-13.876967,45.0,3,0,0.0,9.425626,0.0,0.0,0.0,345,9.425626,345,-14.490803,-20.78138,0
021528,财通成长优选混合C,MIXED,2025-10-28,20,16.465257,10.511228,77.923077,15.875958,0.224272,57.268908,-13.876967,-13.876967,45.0,4,0,0.0,10.511228,0.0,0.0,0.0,346,10.511228,346,-13.748379,-20.78138,0
021528,财通成长优选混合C,MIXED,2025-10-29,20,20.17982,14.735336,75.748722,19.609257,0.592854,58.539065,-12.159533,-13.876967,45.0,5,0,0.0,14.735336,0.0,0.0,0.0,347,14.735336,347,-12.967581,-20.78138,0
021528,财通成长优选混合C,MIXED,2025-10-30,20,20.091093,15.756098,73.846154,17.029146,0.872725,58.028067,-12.159533,-13.876967,45.0,0,2,0.0,15.756098,0.0,0.0,0.0,348,15.756098,348,-12.810788,-19.67973,0
021528,财通成长优选混合C,MIXED,2025-10-31,20,7.020873,9.727626,64.791819,10.713059,1.050425,61.489026,-10.814815,-13.876967,50.0,0,3,0.0,9.727626,0.0,0.0,0.0,349,9.727626,349,-9.131206,-16.549912,0
021528,财通成长优选混合C,MIXED,2025-11-03,20,0.358905,13.265823,67.064974,9.079384,1.134272,59.447818,-10.814815,-13.876967,50.0,0,4,0.0,13.265823,0.0,0.0,0.0,350,13.265823,350,-7.018328,-16.549912,0
021528,财通成长优选混合C,MIXED,2025-11-04,20,-3.285776,10.469136,67.565543,8.518483,1.237716,59.086241,-9.925187,-13.876967,50.0,0,0,0.0,10.469136,0.0,0.0,0.0,351,10.469136,351,-7.197139,-16.549912,0
021528,财通成长优选混合C,MIXED,2025-11-05,20,-6.691604,13.041289,64.831131,8.226673,1.299039,58.361316,-9.925187,-13.876967,45.0,2,0,0.0,13.041289,0.0,0.0,0.0,352,13.041289,352,-7.616927,-16.549912,0
021528,财通成长优选混合C,MIXED,2025-11-06,20,-3.750527,13.915212,68.560886,9.371259,1.381344,58.476308,-7.668712,-13.876967,45.0,3,0,0.0,13.915212,0.0,0.0,0.0,353,13.915212,353,-8.975482,-16.549912,0
021528,财通成长优选混合C,MIXED,2025-11-07,20,-1.108156,14.059305,65.259259,6.134488,1.369912,58.3894,-7.273483,-13.876967,45.0,0,2,0.0,14.059305,0.0,0.0,0.0,354,14.059305,354,-6.499328,-14.567459,0
021528,财通成长优选混合C,MIXED,2025-11-10,20,-2.548055,13.897597,62.808066,3.056232,1.273577,58.481875,-9.393184,-13.876967,45.0,0,3,0.0,13.897597,0.0,0.0,0.0,355,13.897597,355,0.550459,-12.568807,0
021528,财通成长优选混合C,MIXED,2025-11-11,20,-5.677246,16.83278,53.120464,-0.96454,1.031644,55.537711,-12.302577,-13.876967,45.0,0,4,0.0,16.83278,0.0,0.0,0.0,356,16.83278,356,10.0,-10.684161,0
021528,财通成长优选混合C,MIXED,2025-11-12,20,-5.478842,12.394068,48.912281,-0.945268,0.841537,53.788135,-12.302577,-13.876967,45.0,2,0,0.0,12.394068,0.0,0.0,0.0,357,12.394068,357,8.71819,-10.684161,0
021528,财通成长优选混合C,MIXED,2025-11-13,20,-6.567426,13.874066,39.751146,-0.985965,0.634471,53.542492,-12.302577,-13.876967,40.0,3,0,0.0,13.874066,0.0,0.0,0.0,358,13.874066,358,5.014058,-10.684161,0
021528,财通成长优选混合C,MIXED,2025-11-14,20,-7.844016,13.842746,40.245566,-5.155115,0.311019,53.571022,-14.546966,-14.546966,40.0,0,2,0.0,13.842746,0.0,0.0,0.0,359,13.842746,359,10.457198,-8.011583,0
021528,财通成长优选混合C,MIXED,2025-11-17,20,-5.59633,10.053476,39.904827,-5.472751,0.021723,52.534593,-14.546966,-14.546966,40.0,2,0,0.0,10.053476,0.0,0.0,0.0,360,10.053476,360,6.219631,-8.011583,0
021528,财通成长优选混合C,MIXED,2025-11-18,20,-2.654028,3.423968,34.248366,-5.803582,-0.197405,48.094372,-14.630091,-14.630091,45.0,0,2,0.0,3.423968,0.0,0.0,0.0,361,3.423968,361,5.160662,-8.011583,0
021528,财通成长优选混合C,MIXED,2025-11-19,20,-3.440151,2.347652,30.509554,-6.134042,-0.412433,48.066662,-14.837905,-14.837905,50.0,0,3,0.0,2.347652,0.0,0.0,0.0,362,2.347652,362,12.005857,-8.011583,0
021528,财通成长优选混合C,MIXED,2025-11-20,20,-2.905342,4.8583,32.311622,-5.288659,-0.633274,47.860613,-14.837905,-14.837905,45.0,2,0,0.0,4.8583,0.0,0.0,0.0,363,4.8583,363,6.129344,-8.011583,0
021528,财通成长优选混合C,MIXED,2025-11-21,20,-5.690661,-8.017078,26.319218,-11.024435,-0.856506,47.210359,-19.409809,-19.409809,50.0,0,2,0.0,0.0,8.017078,0.0,0.0,364,-8.017078,364,11.294482,-7.022835,1
021528,财通成长优选混合C,MIXED,2025-11-24,20,-7.385811,-14.490803,19.125,-11.88572,-1.007048,41.467213,-20.78138,-20.78138,55.0,0,3,0.0,0.0,14.490803,0.0,0.0,365,-14.490803,365,19.045121,-7.022835,1
021528,财通成长优选混合C,MIXED,2025-11-25,20,-2.872444,-13.748379,15.451389,-7.088301,-1.016116,42.868064,-20.78138,-20.78138,55.0,2,0,0.0,0.0,13.748379,0.0,0.0,366,-13.748379,366,16.491228,-7.022835,1
021528,财通成长优选混合C,MIXED,2025-11-26,20,2.196193,-12.967581,23.321555,-1.763933,-0.867505,44.348695,-19.67973,-20.78138,55.0,3,0,0.0,0.0,12.967581,0.0,0.0,367,-12.967581,367,12.60745,-7.022835,1
021528,财通成长优选混合C,MIXED,2025-11-27,20,-0.144788,-12.810788,18.026241,-2.239652,-0.735893,44.315076,-16.549912,-20.78138,55.0,0,2,0.0,0.0,12.810788,0.0,0.0,368,-12.810788,368,14.161431,-7.022835,1
021528,财通成长优选混合C,MIXED,2025-11-28,20,5.7246,-9.131206,7.329843,-2.663691,-0.679873,41.360022,-16.549912,-20.78138,55.0,0,3,0.0,0.0,9.131206,0.0,0.0,369,-9.131206,369,13.560976,-7.022835,1
021528,财通成长优选混合C,MIXED,2025-12-01,20,9.129066,-7.018328,9.416097,-0.869772,-0.601683,41.873067,-16.549912,-20.78138,50.0,2,0,0.0,0.0,7.018328,0.0,0.0,370,-7.018328,370,13.701923,-7.022835,1
021528,财通成长优选混合C,MIXED,2025-12-02,20,4.06015,-7.197139,5.434231,-0.679361,-0.514395,41.85853,-16.549912,-20.78138,55.0,0,2,0.0,0.0,7.197139,0.0,0.0,371,-7.197139,371,12.331407,-7.022835,1
021528,财通成长优选混合C,MIXED,2025-12-03,20,-0.95511,-7.616927,11.146838,-0.367497,-0.410208,41.789203,-16.549912,-20.78138,60.0,0,3,0.0,0.0,7.616927,0.0,0.0,372,-7.616927,372,10.173578,-7.022835,1
021528,财通成长优选混合C,MIXED,2025-12-04,20,0.483325,-8.975482,8.791209,0.366902,-0.259822,41.124449,-14.567459,-20.78138,60.0,2,0,0.0,0.0,8.975482,0.0,0.0,373,-8.975482,373,13.035113,-7.022835,1
021528,财通成长优选混合C,MIXED,2025-12-05,20,1.756098,-6.499328,20.299885,1.058547,-0.128546,40.588568,-12.568807,-20.78138,55.0,3,0,0.0,0.0,6.499328,0.0,0.0,374,-6.499328,374,11.457335,-7.022835,1
021528,财通成长优选混合C,MIXED,2025-12-08,20,5.384615,0.550459,16.96905,6.162974,0.048541,44.091476,-10.684161,-20.78138,50.0,4,0,0.0,0.550459,0.0,0.0,0.0,375,0.550459,375,7.618613,-7.022835,1
021528,财通成长优选混合C,MIXED,2025-12-09,20,11.801541,10.0,30.100897,11.839252,0.259116,46.864833,-10.684161,-20.78138,45.0,5,0,0.0,10.0,0.0,0.0,0.0,376,10.0,376,-0.215424,-7.022835,0
021528,财通成长优选混合C,MIXED,2025-12-10,20,11.23433,8.71819,32.510052,10.671368,0.452127,47.032647,-10.684161,-20.78138,50.0,0,2,0.0,8.71819,0.0,0.0,0.0,377,8.71819,377,0.043346,-6.458604,0
021528,财通成长优选混合C,MIXED,2025-12-11,20,7.792208,5.014058,22.929238,7.230011,0.595273,48.481301,-8.011583,-20.78138,55.0,0,3,0.0,5.014058,0.0,0.0,0.0,378,5.014058,378,2.052655,-5.969499,1
021528,财通成长优选混合C,MIXED,2025-12-12,20,8.868648,10.457198,12.481426,8.109395,0.689905,46.283757,-8.011583,-20.78138,50.0,2,0,0.0,10.457198,0.0,0.0,0.0,379,10.457198,379,-1.629238,-5.969499,0
021528,财通成长优选混合C,MIXED,2025-12-15,20,-0.273723,6.219631,7.950617,3.746945,0.713716,48.713043,-8.011583,-20.78138,55.0,0,2,0.0,6.219631,0.0,0.0,0.0,380,6.219631,380,6.3129,-5.969499,1
021528,财通成长优选混合C,MIXED,2025-12-16,20,-6.936665,5.160662,9.090909,2.255781,0.708081,48.986906,-8.011583,-20.78138,55.0,0,3,0.0,5.160662,0.0,0.0,0.0,381,5.160662,381,10.37037,-5.969499,1
021528,财通成长优选混合C,MIXED,2025-12-17,20,-0.520156,12.005857,14.864865,8.017791,0.779713,53.272031,-8.011583,-20.78138,50.0,2,0,0.0,12.005857,0.0,0.0,0.0,382,12.005857,382,4.095861,-5.969499,1
021528,财通成长优选混合C,MIXED,2025-12-18,20,-1.874163,6.129344,10.115173,3.19099,0.788221,55.87567,-6.936665,-20.78138,55.0,0,2,0.0,6.129344,0.0,0.0,0.0,383,6.129344,383,6.866758,-5.539112,1
021528,财通成长优选混合C,MIXED,2025-12-19,20,-4.975782,11.294482,6.044226,0.749317,0.660666,50.644965,-7.022835,-20.78138,55.0,0,3,0.0,11.294482,0.0,0.0,0.0,384,11.294482,384,4.865616,-5.539112,1
021528,财通成长优选混合C,MIXED,2025-12-22,20,3.796889,19.045121,11.389298,5.041433,0.566668,52.347507,-7.022835,-20.78138,50.0,2,0,0.0,19.045121,0.0,0.0,0.0,385,19.045121,385,3.040987,-5.539112,1
021528,财通成长优选混合C,MIXED,2025-12-23,20,7.592593,16.491228,11.036789,6.774483,0.550191,50.801943,-7.022835,-20.78138,50.0,3,0,0.0,16.491228,0.0,0.0,0.0,386,16.491228,386,5.335628,-5.539112,1
021528,财通成长优选混合C,MIXED,2025-12-24,20,2.745098,12.60745,12.446352,7.683526,0.605727,48.477438,-7.022835,-20.78138,50.0,4,0,0.0,12.60745,0.0,0.0,0.0,387,12.60745,387,-0.848176,-5.539112,0
021528,财通成长优选混合C,MIXED,2025-12-25,20,7.41246,14.161431,15.219512,7.149338,0.626839,48.033211,-7.022835,-20.78138,45.0,5,0,0.0,14.161431,0.0,0.0,0.0,388,14.161431,388,0.169348,-5.539112,0
021528,财通成长优选混合C,MIXED,2025-12-26,20,7.877665,13.560976,13.229572,4.945228,0.59261,48.302006,-7.022835,-20.78138,45.0,0,2,0.0,13.560976,0.0,0.0,0.0,389,13.560976,389,4.467354,-5.539112,1
021528,财通成长优选混合C,MIXED,2025-12-29,20,4.230939,13.701923,19.746835,5.932678,0.584887,48.331113,-7.022835,-20.78138,45.0,2,0,0.0,13.701923,0.0,0.0,0.0,390,13.701923,390,2.367865,-5.539112,1
021528,财通成长优选混合C,MIXED,2025-12-30,20,0.344234,12.331407,15.160494,3.859087,0.534739,48.807892,-7.022835,-20.78138,45.0,0,2,0.0,12.331407,0.0,0.0,0.0,391,12.331407,391,0.128645,-5.298855,0
021528,财通成长优选混合C,MIXED,2025-12-31,20,-3.095844,10.173578,15.055388,1.289951,0.437416,49.653375,-7.022835,-20.78138,45.0,0,3,0.0,10.173578,0.0,0.0,0.0,392,10.173578,392,4.901532,-5.298855,1
021528,财通成长优选混合C,MIXED,2026-01-05,20,-0.508044,13.035113,17.206983,3.549318,0.370962,50.307203,-7.022835,-20.78138,45.0,2,0,0.0,13.035113,0.0,0.0,0.0,393,13.035113,393,0.297872,-5.298855,0
021528,财通成长优选混合C,MIXED,2026-01-06,20,-0.128866,11.457335,18.865031,1.911107,0.276838,50.67149,-7.022835,-20.78138,50.0,0,2,0.0,11.457335,0.0,0.0,0.0,394,11.457335,394,2.27957,-5.298855,1
021528,财通成长优选混合C,MIXED,2026-01-07,20,-0.2537,7.618613,23.249739,3.024348,0.262596,47.974935,-7.022835,-20.78138,50.0,2,0,0.0,7.618613,0.0,0.0,0.0,395,7.618613,395,-1.059771,-5.298855,0
021528,财通成长优选混合C,MIXED,2026-01-08,20,-0.686106,-0.215424,28.239203,1.157458,0.300555,43.941655,-6.458604,-20.78138,55.0,0,2,0.0,0.0,0.215424,0.0,0.0,396,-0.215424,396,-1.511226,-6.821895,0
021528,财通成长优选混合C,MIXED,2026-01-09,20,1.006565,0.043346,22.245763,0.805835,0.32416,43.902271,-5.969499,-20.78138,55.0,0,3,0.0,0.043346,0.0,0.0,0.0,397,0.043346,397,-2.902946,-8.455882,0
021528,财通成长优选混合C,MIXED,2026-01-12,20,-2.680851,2.052655,22.03842,-0.211619,0.288797,42.724,-5.969499,-20.78138,55.0,0,4,0.0,2.052655,0.0,0.0,0.0,398,2.052655,398,2.404897,-8.455882,0
021528,财通成长优选混合C,MIXED,2026-01-13,20,-3.913978,-1.629238,23.698782,-2.445415,0.238566,43.325456,-5.969499,-20.78138,60.0,0,5,0.0,0.0,1.629238,0.0,0.0,399,-1.629238,399,5.058192,-8.455882,0
021528,财通成长优选混合C,MIXED,2026-01-14,20,-1.48368,6.3129,24.278075,1.179851,0.187503,43.315348,-5.969499,-20.78138,55.0,2,0,0.0,6.3129,0.0,0.0,0.0,400,6.3129,400,-1.16179,-8.455882,0
021528,财通成长优选混合C,MIXED,2026-01-15,20,2.936097,10.37037,20.040282,3.288419,0.146851,43.615079,-5.969499,-20.78138,50.0,3,0,0.0,10.37037,0.0,0.0,0.0,401,10.37037,401,-2.936242,-8.455882,0
021528,财通成长优选混合C,MIXED,2026-01-16,20,3.509532,4.095861,19.330669,3.294708,0.18758,38.019603,-5.539112,-20.78138,50.0,4,0,0.0,4.095861,0.0,0.0,0.0,402,4.095861,402,-5.064881,-8.455882,0
021528,财通成长优选混合C,MIXED,2026-01-19,20,2.7547,6.866758,18.927126,1.277824,0.132434,35.057461,-5.539112,-20.78138,50.0,0,2,0.0,6.866758,0.0,0.0,0.0,403,6.866758,403,0.297872,-8.455882,0
021528,财通成长优选混合C,MIXED,2026-01-20,20,1.29812,4.865616,7.352941,-2.691778,-0.01332,37.145531,-5.539112,-20.78138,50.0,0,3,0.0,4.865616,0.0,0.0,0.0,404,4.865616,404,7.688909,-8.455882,0
021528,财通成长优选混合C,MIXED,2026-01-21,20,0.60241,3.040987,4.890085,0.384277,-0.044066,34.42585,-5.539112,-20.78138,50.0,2,0,0.0,3.040987,0.0,0.0,0.0,405,3.040987,405,7.399487,-8.455882,0
021528,财通成长优选混合C,MIXED,2026-01-22,20,2.684564,5.335628,5.836576,4.828177,0.025403,37.241574,-5.539112,-20.78138,50.0,3,0,0.0,5.335628,0.0,0.0,0.0,406,5.335628,406,-2.205882,-8.455882,0
021528,财通成长优选混合C,MIXED,2026-01-23,20,-2.134784,-0.848176,-2.826268,0.160651,0.042486,40.596032,-5.539112,-19.67973,55.0,0,2,0.0,0.0,0.848176,0.0,0.0,407,-0.848176,407,4.106074,-7.853618,1
021528,财通成长优选混合C,MIXED,2026-01-26,20,0.680851,0.169348,-0.294985,1.351496,0.080681,40.820279,-5.539112,-16.549912,55.0,2,0,0.0,0.169348,0.0,0.0,0.0,408,0.169348,408,0.803043,-7.853618,0
021528,财通成长优选混合C,MIXED,2026-01-27,20,7.467963,4.467354,7.801418,3.947172,0.135712,41.541518,-5.539112,-16.549912,50.0,3,0,0.0,4.467354,0.0,0.0,0.0,409,4.467354,409,-3.042763,-7.853618,0
021528,财通成长优选混合C,MIXED,2026-01-28,20,3.550043,2.367865,8.225302,3.353327,0.20225,41.300718,-5.298855,-16.549912,55.0,0,2,0.0,2.367865,0.0,0.0,0.0,410,2.367865,410,-1.776126,-7.434944,0
021528,财通成长优选混合C,MIXED,2026-01-29,20,-4.616013,0.128645,4.380867,-0.324426,0.19065,43.043405,-5.298855,-16.549912,55.0,0,3,0.0,0.128645,0.0,0.0,0.0,411,0.128645,411,0.985011,-6.508135,0
021528,财通成长优选混合C,MIXED,2026-01-30,20,2.523524,4.901532,6.770601,2.078188,0.18456,43.275703,-5.298855,-16.549912,50.0,2,0,0.0,4.901532,0.0,0.0,0.0,412,4.901532,412,-4.797664,-9.119873,0
021528,财通成长优选混合C,MIXED,2026-02-02,20,-0.380389,0.297872,3.196147,0.359796,0.191095,42.682434,-5.298855,-14.567459,55.0,0,2,0.0,0.297872,0.0,0.0,0.0,413,0.297872,413,2.078914,-9.119873,0
021528,财通成长优选混合C,MIXED,2026-02-03,20,-2.220395,2.27957,6.588974,1.139843,0.192959,42.570239,-5.298855,-12.568807,50.0,2,0,0.0,2.27957,0.0,0.0,0.0,414,2.27957,414,0.630782,-9.119873,0
021528,财通成长优选混合C,MIXED,2026-02-04,20,-3.593556,-1.059771,7.06422,-0.678738,0.187846,42.835737,-5.274173,-10.684161,55.0,0,2,0.0,0.0,1.059771,0.0,0.0,415,-1.059771,415,0.428449,-9.119873,0
021528,财通成长优选混合C,MIXED,2026-02-05,20,-2.312634,-1.511226,8.104265,-2.861766,0.123211,43.114579,-6.821895,-10.684161,55.0,0,3,0.0,0.0,1.511226,0.0,0.0,416,-1.511226,416,4.121,-9.119873,0
021528,财通成长优选混合C,MIXED,2026-02-06,20,-6.508135,-2.902946,5.607917,-4.428855,0.031007,43.534116,-8.455882,-10.684161,55.0,0,4,0.0,0.0,2.902946,0.0,0.0,417,-2.902946,417,9.236948,-9.119873,0
021528,财通成长优选混合C,MIXED,2026-02-09,20,-0.636402,2.404897,9.746954,-0.238541,-0.009672,46.370394,-8.455882,-8.455882,50.0,2,0,0.0,2.404897,0.0,0.0,0.0,418,2.404897,418,0.256191,-9.119873,0
021528,财通成长优选混合C,MIXED,2026-02-10,20,-1.303616,5.058192,14.153696,-0.26559,-0.086235,45.438363,-8.455882,-8.455882,45.0,3,0,0.0,5.058192,0.0,0.0,0.0,419,5.058192,419,4.601619,-9.119873,0
021528,财通成长优选混合C,MIXED,2026-02-11,20,-1.585261,-1.16179,11.613217,-2.334283,-0.140088,43.944543,-8.455882,-8.455882,50.0,0,2,0.0,0.0,1.16179,0.0,0.0,420,-1.16179,420,5.616021,-9.119873,0
021528,财通成长优选混合C,MIXED,2026-02-12,20,1.446734,-2.936242,12.658228,-1.464827,-0.14177,42.972704,-8.455882,-8.455882,50.0,2,0,0.0,0.0,2.936242,0.0,0.0,421,-2.936242,421,9.20484,-9.119873,0
021528,财通成长优选混合C,MIXED,2026-02-13,20,1.204819,-5.064881,10.688141,-3.174163,-0.163803,43.458289,-8.455882,-8.455882,55.0,0,2,0.0,0.0,5.064881,0.0,0.0,422,-5.064881,422,5.687831,-9.119873,0
021528,财通成长优选混合C,MIXED,2026-02-24,20,0.640478,0.297872,13.754826,0.610407,-0.149689,45.498005,-8.455882,-8.455882,50.0,2,0,0.0,0.297872,0.0,0.0,0.0,423,0.297872,423,5.260925,-9.119873,0
021528,财通成长优选混合C,MIXED,2026-02-25,20,3.834683,7.688909,25.683342,3.640384,-0.145362,44.694152,-8.455882,-8.455882,45.0,3,0,0.0,7.688909,0.0,0.0,0.0,424,7.688909,424,4.226508,-9.119873,0
021528,财通成长优选混合C,MIXED,2026-02-26,20,9.3165,7.399487,31.741868,6.396051,-0.057186,44.465015,-8.455882,-8.455882,45.0,4,0,0.0,7.399487,0.0,0.0,0.0,425,7.399487,425,-0.995619,-9.119873,0
021528,财通成长优选混合C,MIXED,2026-02-27,20,3.457217,-2.205882,20.0,1.554712,0.022231,44.848525,-7.853618,-8.455882,50.0,0,2,0.0,0.0,2.205882,0.0,0.0,426,-2.205882,426,3.592314,-6.244864,1
021528,财通成长优选混合C,MIXED,2026-03-02,20,7.319224,4.106074,16.236867,3.04172,0.055608,42.040955,-7.853618,-8.455882,45.0,2,0,0.0,4.106074,0.0,0.0,0.0,427,4.106074,427,3.36894,-6.244864,1
021528,财通成长优选混合C,MIXED,2026-03-03,20,1.187951,0.803043,15.273079,0.926749,0.071971,42.60661,-7.853618,-8.455882,50.0,0,2,0.0,0.803043,0.0,0.0,0.0,428,0.803043,428,2.557652,-5.14444,1
021528,财通成长优选混合C,MIXED,2026-03-04,20,-3.241691,-3.042763,15.02439,-0.059337,0.115105,41.552736,-7.434944,-8.455882,55.0,0,3,0.0,0.0,3.042763,0.0,0.0,429,-3.042763,429,6.82782,-5.14444,1
021528,财通成长优选混合C,MIXED,2026-03-05,20,-5.296695,-1.776126,14.326923,0.880263,0.167744,41.671846,-6.508135,-8.455882,50.0,2,0,0.0,0.0,1.776126,0.0,0.0,430,-1.776126,430,3.027754,-5.14444,1
021528,财通成长优选混合C,MIXED,2026-03-06,20,-1.503759,0.985011,13.583815,-0.016961,0.15322,39.721298,-6.508135,-8.455882,50.0,0,2,0.0,0.985011,0.0,0.0,0.0,431,0.985011,431,7.124682,-5.14444,1
021528,财通成长优选混合C,MIXED,2026-03-09,20,-6.244864,-4.797664,10.02893,-3.002997,0.133109,40.142263,-9.119873,-9.119873,55.0,0,3,0.0,0.0,4.797664,0.0,0.0,432,-4.797664,432,10.297984,-5.14444,1
021528,财通成长优选混合C,MIXED,2026-03-10,20,0.880503,2.078914,15.728716,2.161267,0.168248,44.420536,-9.119873,-9.119873,50.0,2,0,0.0,2.078914,0.0,0.0,0.0,433,2.078914,433,13.424771,-5.14444,1
021528,财通成长优选混合C,MIXED,2026-03-11,20,1.484309,0.630782,14.717162,1.576926,0.206525,44.390082,-9.119873,-9.119873,55.0,0,2,0.0,0.630782,0.0,0.0,0.0,434,0.630782,434,15.169244,-5.14444,1
021528,财通成长优选混合C,MIXED,2026-03-12,20,-1.429773,0.428449,6.934307,-0.524116,0.184655,44.508579,-9.119873,-9.119873,55.0,0,3,0.0,0.428449,0.0,0.0,0.0,435,0.428449,435,22.397611,-5.14444,1
021528,财通成长优选混合C,MIXED,2026-03-13,20,0.72095,4.121,2.326583,0.590839,0.145182,43.837069,-9.119873,-9.119873,50.0,2,0,0.0,4.121,0.0,0.0,0.0,436,4.121,436,23.747368,-5.14444,1
021528,财通成长优选混合C,MIXED,2026-03-16,20,7.274321,9.236948,6.111834,3.230159,0.116996,44.274867,-9.119873,-9.119873,45.0,3,0,0.0,9.236948,0.0,0.0,0.0,437,9.236948,437,22.875817,-5.14444,1
021528,财通成长优选混合C,MIXED,2026-03-17,20,-2.41064,0.256191,4.774654,-0.999283,0.083313,44.412852,-9.119873,-9.119873,50.0,0,2,0.0,0.256191,0.0,0.0,0.0,438,0.256191,438,26.448041,-5.14444,1
021528,财通成长优选混合C,MIXED,2026-03-18,20,2.59089,4.601619,8.102158,3.277102,0.116778,47.213065,-9.119873,-9.119873,50.0,2,0,0.0,4.601619,0.0,0.0,0.0,439,4.601619,439,23.625255,-5.14444,1
021528,财通成长优选混合C,MIXED,2026-03-19,20,3.498294,5.616021,10.978957,1.780957,0.092709,46.691165,-9.119873,-9.119873,50.0,0,2,0.0,5.616021,0.0,0.0,0.0,440,5.616021,440,31.409728,-5.14444,1
021528,财通成长优选混合C,MIXED,2026-03-20,20,6.4,9.20484,16.990741,5.546738,0.132023,48.645192,-9.119873,-9.119873,50.0,2,0,0.0,9.20484,0.0,0.0,0.0,441,9.20484,441,25.643055,-5.14444,1
021528,财通成长优选混合C,MIXED,2026-03-23,20,-2.083333,5.687831,4.444444,-0.152042,0.050331,51.952024,-9.119873,-9.119873,50.0,0,2,0.0,5.687831,0.0,0.0,0.0,442,5.687831,442,34.543179,-3.700787,1
021528,财通成长优选混合C,MIXED,2026-03-24,20,5.664395,5.260925,12.824011,3.08079,0.069257,51.586695,-9.119873,-9.119873,50.0,2,0,0.0,5.260925,0.0,0.0,0.0,443,5.260925,443,35.34865,-3.700787,1
021528,财通成长优选混合C,MIXED,2026-03-25,20,3.462322,4.226508,17.701576,5.306799,0.167708,50.901715,-9.119873,-9.119873,50.0,3,0,0.0,4.226508,0.0,0.0,0.0,444,4.226508,444,29.094488,-3.700787,1
021528,财通成长优选混合C,MIXED,2026-03-26,20,2.473207,-0.995619,9.563684,3.121435,0.276487,50.458183,-6.244864,-9.119873,55.0,0,2,0.0,0.0,0.995619,0.0,0.0,445,-0.995619,445,29.002414,-4.496724,1
021528,财通成长优选混合C,MIXED,2026-03-27,20,-1.859913,3.592314,6.712565,2.689385,0.306007,47.393507,-6.244864,-9.119873,55.0,0,3,0.0,3.592314,0.0,0.0,0.0,446,3.592314,446,32.137097,-4.496724,1
021528,财通成长优选混合C,MIXED,2026-03-30,20,4.964539,3.36894,6.700594,4.003472,0.377471,47.310739,-5.14444,-9.119873,55.0,2,0,0.0,3.36894,0.0,0.0,0.0,447,3.36894,447,27.344992,-4.586063,1
021528,财通成长优选混合C,MIXED,2026-03-31,20,-1.410721,2.557652,3.556308,0.982578,0.37057,47.865088,-5.14444,-9.119873,55.0,0,2,0.0,2.557652,0.0,0.0,0.0,448,2.557652,448,32.256746,-4.586063,1
021528,财通成长优选混合C,MIXED,2026-04-01,20,-0.826772,6.82782,8.204467,3.651888,0.384533,48.605215,-5.14444,-9.119873,50.0,2,0,0.0,6.82782,0.0,0.0,0.0,449,6.82782,449,29.932513,-4.586063,1
021528,财通成长优选混合C,MIXED,2026-04-02,20,-1.448109,3.027754,3.59408,0.663558,0.36166,49.79572,-5.14444,-9.119873,55.0,0,2,0.0,3.027754,0.0,0.0,0.0,450,3.027754,450,35.632653,-4.586063,1
021528,财通成长优选混合C,MIXED,2026-04-03,20,1.854839,7.124682,8.319039,3.429215,0.36528,50.666171,-5.14444,-9.119873,50.0,2,0,0.0,7.124682,0.0,0.0,0.0,451,7.124682,451,35.075218,-4.586063,1
021528,财通成长优选混合C,MIXED,2026-04-07,20,0.039746,10.297984,10.153173,2.567237,0.303938,48.94514,-5.14444,-9.119873,50.0,0,2,0.0,10.297984,0.0,0.0,0.0,452,10.297984,452,34.644418,-4.586063,1
021528,财通成长优选混合C,MIXED,2026-04-08,20,11.56991,13.424771,16.12766,10.479121,0.430311,53.818968,-5.14444,-9.119873,50.0,2,0,0.0,13.424771,0.0,0.0,0.0,453,13.424771,453,27.152803,-4.586063,1
021528,财通成长优选混合C,MIXED,2026-04-09,20,9.408495,15.169244,18.537634,10.758349,0.542328,53.630329,-5.14444,-9.119873,45.0,3,0,0.0,15.169244,0.0,0.0,0.0,454,15.169244,454,30.297533,-4.586063,1
021528,财通成长优选混合C,MIXED,2026-04-10,20,17.102041,22.397611,21.61933,14.095962,0.662341,53.797714,-5.14444,-9.119873,40.0,4,0,0.0,22.397611,0.0,0.0,0.0,455,22.397611,455,29.417916,-4.586063,1
021528,财通成长优选混合C,MIXED,2026-04-13,20,16.34996,23.747368,26.899827,15.583522,0.806805,54.013135,-5.14444,-9.119873,40.0,5,0,0.0,23.747368,0.0,0.0,0.0,456,23.747368,456,21.503913,-4.586063,1
021528,财通成长优选混合C,MIXED,2026-04-14,20,19.50735,22.875817,30.329289,17.008655,0.998363,53.72657,-5.14444,-9.119873,40.0,6,0,0.0,22.875817,0.0,0.0,0.0,457,22.875817,457,17.719415,-4.632373,1
021528,财通成长优选混合C,MIXED,2026-04-15,20,8.79443,26.448041,29.820726,14.113306,1.069936,51.00778,-5.14444,-9.119873,40.0,0,2,0.0,26.448041,0.0,0.0,0.0,458,26.448041,458,20.511957,-4.632373,1
021528,财通成长优选混合C,MIXED,2026-04-16,20,10.123367,23.625255,35.854969,15.364148,1.205271,49.64233,-5.14444,-9.119873,40.0,2,0,0.0,23.625255,0.0,0.0,0.0,459,23.625255,459,18.879736,-4.632373,1
021528,财通成长优选混合C,MIXED,2026-04-17,20,11.118857,31.409728,37.177281,19.449961,1.365154,50.731656,-5.14444,-9.119873,35.0,3,0,0.0,31.409728,0.0,0.0,0.0,460,31.409728,460,14.899624,-4.632373,1
021528,财通成长优选混合C,MIXED,2026-04-20,20,8.029942,25.643055,33.17953,17.536001,1.533486,50.047172,-3.700787,-9.119873,40.0,0,2,0.0,25.643055,0.0,0.0,0.0,461,25.643055,461,14.299213,-4.632373,1
021528,财通成长优选混合C,MIXED,2026-04-21,20,7.214096,34.543179,34.993721,17.584862,1.607932,44.087953,-3.700787,-9.119873,35.0,2,0,0.0,34.543179,0.0,0.0,0.0,462,34.543179,462,23.224806,-4.632373,1
021528,财通成长优选混合C,MIXED,2026-04-22,20,13.102055,35.34865,42.893617,20.507438,1.749785,44.508767,-3.700787,-9.119873,35.0,3,0,0.0,35.34865,0.0,0.0,0.0,463,35.34865,463,22.60274,-4.632373,1
021528,财通成长优选混合C,MIXED,2026-04-23,20,8.039539,29.094488,44.896156,16.13246,1.838171,46.481575,-2.782194,-9.119873,40.0,0,2,0.0,29.094488,0.0,0.0,0.0,464,29.094488,464,26.959439,-4.632373,1
021528,财通成长优选混合C,MIXED,2026-04-24,20,0.595985,29.002414,37.16852,12.150513,1.82023,46.550923,-4.496724,-9.119873,40.0,0,3,0.0,29.002414,0.0,0.0,0.0,465,29.002414,465,32.553789,-4.632373,1
021528,财通成长优选混合C,MIXED,2026-04-27,20,3.212598,32.137097,33.864379,13.023384,1.794201,46.265928,-4.496724,-9.119873,35.0,2,0,0.0,32.137097,0.0,0.0,0.0,466,32.137097,466,35.18462,-4.632373,1
021528,财通成长优选混合C,MIXED,2026-04-28,20,-0.651163,27.344992,37.040205,9.209898,1.715141,48.064837,-4.586063,-9.119873,40.0,0,2,0.0,27.344992,0.0,0.0,0.0,467,27.344992,467,35.330836,-4.632373,1
021528,财通成长优选混合C,MIXED,2026-04-29,20,-3.662895,32.256746,36.728656,8.803498,1.578056,45.666799,-4.586063,-9.119873,35.0,2,0,0.0,32.256746,0.0,0.0,0.0,468,32.256746,468,28.964451,-5.823928,1
021528,财通成长优选混合C,MIXED,2026-04-30,20,-0.182983,29.932513,34.580592,8.703233,1.462307,45.308695,-4.586063,-9.119873,35.0,3,0,0.0,29.932513,0.0,0.0,0.0,469,29.932513,469,34.158265,-5.823928,1
021528,财通成长优选混合C,MIXED,2026-05-06,20,3.617088,35.632653,37.257332,8.786748,1.29739,42.647384,-4.586063,-9.119873,30.0,4,0,0.0,35.632653,0.0,0.0,0.0,470,35.632653,470,36.773999,-5.823928,1
021528,财通成长优选混合C,MIXED,2026-05-07,20,4.119622,35.075218,46.124197,10.103585,1.174271,42.471525,-4.586063,-9.119873,30.0,5,0,0.0,35.075218,0.0,0.0,0.0,471,35.075218,471,35.814771,-5.823928,1
021528,财通成长优选混合C,MIXED,2026-05-08,20,5.774032,34.644418,41.385065,7.844073,0.997482,42.674992,-4.586063,-9.119873,30.0,0,2,0.0,34.644418,0.0,0.0,0.0,472,34.644418,472,31.248156,-5.823928,1
021528,财通成长优选混合C,MIXED,2026-05-11,20,7.264297,27.152803,47.221044,9.13494,0.927662,34.3077,-4.586063,-9.119873,30.0,2,0,0.0,27.152803,0.0,0.0,0.0,473,27.152803,473,28.184438,-5.823928,1
021528,财通成长优选混合C,MIXED,2026-05-12,20,9.715857,30.297533,51.009251,11.476733,0.890501,35.208755,-4.586063,-9.119873,30.0,3,0,0.0,30.297533,0.0,0.0,0.0,474,30.297533,474,33.500418,-5.823928,1
021528,财通成长优选混合C,MIXED,2026-05-13,20,11.736383,29.417916,59.083119,13.773556,0.923774,34.564564,-4.586063,-9.119873,30.0,4,0,0.0,29.417916,0.0,0.0,0.0,475,29.417916,475,26.097495,-5.823928,1
021528,财通成长优选混合C,MIXED,2026-05-14,20,4.660023,21.503913,56.554143,8.373039,0.892736,38.769482,-4.586063,-9.119873,35.0,0,2,0.0,21.503913,0.0,0.0,0.0,476,21.503913,476,30.8317,-5.823928,1
021528,财通成长优选混合C,MIXED,2026-05-15,20,4.485099,17.719415,58.009817,6.600437,0.854858,38.958072,-4.632373,-9.119873,40.0,0,3,0.0,17.719415,0.0,0.0,0.0,477,17.719415,477,32.674386,-5.823928,1
021528,财通成长优选混合C,MIXED,2026-05-18,20,3.112392,20.511957,52.775406,6.735875,0.790144,38.126693,-4.632373,-9.119873,35.0,2,0,0.0,20.511957,0.0,0.0,0.0,478,20.511957,478,46.813862,-5.823928,1
021528,财通成长优选混合C,MIXED,2026-05-19,20,0.473406,18.879736,53.728164,6.718725,0.743395,37.83623,-4.632373,-9.119873,35.0,3,0,0.0,18.879736,0.0,0.0,0.0,479,18.879736,479,51.247228,-5.823928,1
021528,财通成长优选混合C,MIXED,2026-05-20,20,-1.34662,14.899624,59.468872,7.589732,0.767162,34.650497,-4.632373,-9.119873,35.0,4,0,0.0,14.899624,0.0,0.0,0.0,480,14.899624,480,52.934753,-5.823928,1
021528,财通成长优选混合C,MIXED,2026-05-21,20,1.624195,14.299213,56.828003,5.885099,0.749839,34.923218,-4.632373,-9.119873,35.0,0,2,0.0,14.299213,0.0,0.0,0.0,481,14.299213,481,59.244971,-5.823928,1
021528,财通成长优选混合C,MIXED,2026-05-22,20,12.228184,23.224806,75.220459,14.69803,0.874956,46.880809,-4.632373,-9.119873,35.0,2,0,0.0,23.224806,0.0,0.0,0.0,482,23.224806,482,47.584298,-5.823928,1
021528,财通成长优选混合C,MIXED,2026-05-25,20,15.064282,22.60274,74.671192,17.537899,1.083375,46.46491,-4.632373,-9.119873,35.0,3,0,0.0,22.60274,0.0,0.0,0.0,483,22.60274,483,33.300947,-6.427962,1
021528,财通成长优选混合C,MIXED,2026-05-26,20,15.382483,26.959439,70.824785,17.370098,1.236238,44.6793,-4.632373,-9.119873,30.0,4,0,0.0,26.959439,0.0,0.0,0.0,484,26.959439,484,35.166947,-6.427962,1
021528,财通成长优选混合C,MIXED,2026-05-27,20,16.052416,32.553789,69.295102,18.112862,1.348666,42.869528,-4.632373,-6.244864,25.0,5,0,0.0,32.553789,0.0,0.0,0.0,485,32.553789,485,39.331922,-6.427962,1
021528,财通成长优选混合C,MIXED,2026-05-28,20,22.072196,35.18462,85.045948,21.145826,1.51293,43.919133,-4.632373,-6.244864,25.0,6,0,0.0,35.18462,0.0,0.0,0.0,486,35.18462,486,30.293454,-6.427962,1
021528,财通成长优选混合C,MIXED,2026-05-29,20,9.10921,35.330836,78.142975,16.767878,1.558672,43.7998,-4.632373,-5.14444,25.0,0,2,0.0,35.330836,0.0,0.0,0.0,487,35.330836,487,28.989852,-6.427962,1
021528,财通成长优选混合C,MIXED,2026-06-01,20,1.335924,28.964451,74.926625,10.951545,1.512638,47.720709,-5.823928,-5.823928,30.0,0,3,0.0,28.964451,0.0,0.0,0.0,488,28.964451,488,36.577181,-6.427962,1
021528,财通成长优选混合C,MIXED,2026-06-02,20,5.47682,34.158265,86.217133,15.065119,1.525038,49.70451,-5.823928,-5.823928,30.0,2,0,0.0,34.158265,0.0,0.0,0.0,489,34.158265,489,28.603963,-6.427962,1
021528,财通成长优选混合C,MIXED,2026-06-03,20,6.91602,36.773999,91.126997,17.22377,1.568763,50.199752,-5.823928,-5.823928,30.0,3,0,0.0,36.773999,0.0,0.0,0.0,490,36.773999,490,15.819582,-11.126119,0
025833,天弘电网设备特高压指数C,INDEX,2025-12-24,20,3.344418,0.0,0.0,4.938182,0.383754,21.745714,-2.587505,-2.587505,35.0,5,0,0.0,0.0,0.0,0.0,0.0,20,0.0,20,13.330882,-2.382094,1
025833,天弘电网设备特高压指数C,INDEX,2025-12-25,20,5.582923,9.31,0.0,4.987658,0.404302,21.166305,-2.587505,-2.587505,35.0,6,0,0.0,9.31,0.0,0.0,0.0,21,9.31,21,13.219285,-2.382094,1
025833,天弘电网设备特高压指数C,INDEX,2025-12-26,20,4.551961,8.863275,0.0,4.778937,0.424437,21.168841,-2.587505,-2.587505,35.0,7,0,0.0,8.863275,0.0,0.0,0.0,22,8.863275,22,11.893027,-2.382094,1
025833,天弘电网设备特高压指数C,INDEX,2025-12-29,20,0.820819,6.429697,0.0,3.051306,0.425948,21.98872,-2.587505,-2.587505,40.0,0,2,0.0,6.429697,0.0,0.0,0.0,23,6.429697,23,13.988343,-2.382094,1
025833,天弘电网设备特高压指数C,INDEX,2025-12-30,20,-0.018577,7.040573,0.0,2.2771,0.396896,21.630732,-2.587505,-2.587505,40.0,0,3,0.0,7.040573,0.0,0.0,0.0,24,7.040573,24,11.510591,-4.052758,1
025833,天弘电网设备特高压指数C,INDEX,2025-12-31,20,-1.618093,6.753791,0.0,1.352503,0.344699,21.760464,-2.587505,-2.587505,40.0,0,4,0.0,6.753791,0.0,0.0,0.0,25,6.753791,25,12.232502,-4.052758,1
025833,天弘电网设备特高压指数C,INDEX,2026-01-05,20,-0.521453,8.306773,0.0,2.585873,0.308713,22.213585,-2.587505,-2.587505,40.0,2,0,0.0,8.306773,0.0,0.0,0.0,26,8.306773,26,11.86316,-4.052758,1
025833,天弘电网设备特高压指数C,INDEX,2026-01-06,20,0.146039,6.369365,0.0,3.190614,0.315446,20.552658,-2.587505,-2.587505,40.0,3,0,0.0,6.369365,0.0,0.0,0.0,27,6.369365,27,14.755742,-4.052758,1
025833,天弘电网设备特高压指数C,INDEX,2026-01-07,20,3.201036,7.746547,0.0,4.517537,0.342778,21.105818,-2.587505,-2.587505,40.0,4,0,0.0,7.746547,0.0,0.0,0.0,28,7.746547,28,13.330345,-4.052758,1
025833,天弘电网设备特高压指数C,INDEX,2026-01-08,20,3.734671,8.009286,0.0,4.216347,0.357861,21.042782,-2.587505,-2.587505,35.0,5,0,0.0,8.009286,0.0,0.0,0.0,29,8.009286,29,8.078094,-4.540421,1
025833,天弘电网设备特高压指数C,INDEX,2026-01-09,20,6.223717,9.889791,0.0,5.588274,0.388477,21.575417,-2.587505,-2.587505,35.0,6,0,0.0,9.889791,0.0,0.0,0.0,30,9.889791,30,6.853171,-4.540421,1
025833,天弘电网设备特高压指数C,INDEX,2026-01-12,20,5.260254,10.996897,0.0,5.765055,0.410133,21.380865,-2.587505,-2.587505,30.0,7,0,0.0,10.996897,0.0,0.0,0.0,31,10.996897,31,9.156037,-4.540421,1
025833,天弘电网设备特高压指数C,INDEX,2026-01-13,20,6.735326,10.190064,0.0,7.67498,0.496667,20.344041,-2.327492,-2.587505,30.0,8,0,0.0,10.190064,0.0,0.0,0.0,32,10.190064,32,7.78755,-4.540421,1
025833,天弘电网设备特高压指数C,INDEX,2026-01-14,20,4.249216,9.790408,0.0,6.413741,0.551644,20.579416,-2.327492,-2.587505,30.0,0,2,0.0,9.790408,0.0,0.0,0.0,33,9.790408,33,8.607791,-4.540421,1
025833,天弘电网设备特高压指数C,INDEX,2026-01-15,20,5.767509,13.996139,0.0,7.35778,0.580994,18.313531,-2.327492,-2.587505,25.0,2,0,0.0,13.996139,0.0,0.0,0.0,34,13.996139,34,10.152413,-4.540421,1
025833,天弘电网设备特高压指数C,INDEX,2026-01-16,20,5.243248,13.662708,0.0,8.042448,0.633569,18.143136,-2.327492,-2.587505,25.0,3,0,0.0,13.662708,0.0,0.0,0.0,35,13.662708,35,6.419794,-4.540421,1
025833,天弘电网设备特高压指数C,INDEX,2026-01-19,20,9.295824,20.834541,0.0,11.89274,0.709522,20.94568,-2.327492,-2.587505,20.0,4,0,0.0,20.834541,0.0,0.0,0.0,36,20.834541,36,5.819345,-4.540421,1
025833,天弘电网设备特高压指数C,INDEX,2026-01-20,20,6.660405,19.200305,0.0,10.72649,0.771005,21.282842,-2.327492,-2.587505,25.0,0,2,0.0,19.200305,0.0,0.0,0.0,37,19.200305,37,6.564727,-4.540421,1
025833,天弘电网设备特高压指数C,INDEX,2026-01-21,20,6.432195,15.44632,0.0,8.916511,0.825372,21.505636,-2.327492,-2.587505,30.0,0,3,0.0,15.44632,0.0,0.0,0.0,38,15.44632,38,10.697261,-4.540421,1
025833,天弘电网设备特高压指数C,INDEX,2026-01-22,20,3.403895,13.431172,0.0,6.785122,0.843586,22.706867,-2.382094,-2.587505,35.0,0,4,0.0,13.431172,0.0,0.0,0.0,39,13.431172,39,12.020963,-4.540421,1
025833,天弘电网设备特高压指数C,INDEX,2026-01-23,20,3.042715,13.330882,0.0,7.111669,0.872166,22.688761,-2.382094,-2.587505,35.0,2,0,0.0,13.330882,0.0,0.0,0.0,40,13.330882,40,12.647035,-4.540421,1
025833,天弘电网设备特高压指数C,INDEX,2026-01-26,20,-1.071143,13.219285,0.0,6.866538,0.894987,22.699621,-2.382094,-2.587505,35.0,3,0,0.0,13.219285,0.0,0.0,0.0,41,13.219285,41,8.096315,-4.540421,1
025833,天弘电网设备特高压指数C,INDEX,2026-01-27,20,-1.857337,11.893027,0.0,5.264062,0.888463,23.349752,-2.382094,-2.587505,40.0,0,2,0.0,11.893027,0.0,0.0,0.0,42,11.893027,42,11.950404,-4.540421,1
025833,天弘电网设备特高压指数C,INDEX,2026-01-28,20,-0.452452,13.988343,0.0,5.114085,0.852264,22.234058,-2.382094,-2.587505,35.0,2,0,0.0,13.988343,0.0,0.0,0.0,43,13.988343,43,15.518221,-4.540421,1
025833,天弘电网设备特高压指数C,INDEX,2026-01-29,20,-1.711431,11.510591,0.0,1.862774,0.753596,24.810022,-4.052758,-4.052758,35.0,0,2,0.0,11.510591,0.0,0.0,0.0,44,11.510591,44,19.328501,-4.540421,1
025833,天弘电网设备特高压指数C,INDEX,2026-01-30,20,-2.571591,12.232502,0.0,1.359192,0.632492,24.520245,-4.052758,-4.052758,30.0,2,0,0.0,12.232502,0.0,0.0,0.0,45,12.232502,45,20.424646,-4.540421,1
025833,天弘电网设备特高压指数C,INDEX,2026-02-02,20,-1.712993,11.86316,0.0,2.103085,0.537631,24.362748,-4.052758,-4.052758,30.0,3,0,0.0,11.86316,0.0,0.0,0.0,46,11.86316,46,19.755015,-4.540421,1
025833,天弘电网设备特高压指数C,INDEX,2026-02-03,20,2.708214,14.755742,0.0,4.973988,0.490768,26.495707,-4.052758,-4.052758,30.0,4,0,0.0,14.755742,0.0,0.0,0.0,47,14.755742,47,15.153681,-4.540421,1
025833,天弘电网设备特高压指数C,INDEX,2026-02-04,20,2.605308,13.330345,0.0,4.749871,0.454582,26.264349,-4.052758,-4.052758,30.0,5,0,0.0,13.330345,0.0,0.0,0.0,48,13.330345,48,13.194115,-4.540421,1
025833,天弘电网设备特高压指数C,INDEX,2026-02-05,20,0.541531,8.078094,0.0,-0.378492,0.335135,32.057124,-4.540421,-4.540421,35.0,0,2,0.0,8.078094,0.0,0.0,0.0,49,8.078094,49,15.37123,-4.420951,1
025833,天弘电网设备特高压指数C,INDEX,2026-02-06,20,1.13239,6.853171,0.0,-0.055954,0.240806,31.651907,-4.540421,-4.540421,35.0,2,0,0.0,6.853171,0.0,0.0,0.0,50,6.853171,50,12.028651,-6.590238,1
025833,天弘电网设备特高压指数C,INDEX,2026-02-09,20,2.712923,9.156037,0.0,2.366205,0.188272,32.878467,-4.540421,-4.540421,35.0,3,0,0.0,9.156037,0.0,0.0,0.0,51,9.156037,51,5.626701,-9.404819,0
025833,天弘电网设备特高压指数C,INDEX,2026-02-10,20,0.25415,7.78755,0.0,3.038169,0.172596,32.226983,-4.540421,-4.540421,35.0,4,0,0.0,7.78755,0.0,0.0,0.0,52,7.78755,52,6.369326,-9.404819,0
025833,天弘电网设备特高压指数C,INDEX,2026-02-11,20,-0.094922,8.607791,0.0,2.675831,0.136117,31.997119,-4.540421,-4.540421,30.0,5,0,0.0,8.607791,0.0,0.0,0.0,53,8.607791,53,3.214568,-10.510057,0
025833,天弘电网设备特高压指数C,INDEX,2026-02-12,20,7.797481,10.152413,0.0,5.243997,0.1546,33.06271,-4.540421,-4.540421,30.0,6,0,0.0,10.152413,0.0,0.0,0.0,54,10.152413,54,-1.322162,-11.876158,0
025833,天弘电网设备特高压指数C,INDEX,2026-02-13,20,4.8164,6.419794,0.0,2.675979,0.146117,34.200004,-4.540421,-4.540421,35.0,0,2,0.0,6.419794,0.0,0.0,0.0,55,6.419794,55,-1.563114,-13.969932,0
025833,天弘电网设备特高压指数C,INDEX,2026-02-24,20,5.954858,5.819345,0.0,6.452443,0.256117,33.281887,-4.540421,-4.540421,35.0,2,0,0.0,5.819345,0.0,0.0,0.0,56,5.819345,56,-2.991388,-13.969932,0
025833,天弘电网设备特高压指数C,INDEX,2026-02-25,20,5.450368,6.564727,0.0,6.687719,0.362519,33.2477,-4.540421,-4.540421,30.0,3,0,0.0,6.564727,0.0,0.0,0.0,57,6.564727,57,-0.87146,-13.969932,0
025833,天弘电网设备特高压指数C,INDEX,2026-02-26,20,8.47981,10.697261,0.0,9.233983,0.487522,34.11516,-4.540421,-4.540421,25.0,4,0,0.0,10.697261,0.0,0.0,0.0,58,10.697261,58,-5.787899,-13.969932,0
025833,天弘电网设备特高压指数C,INDEX,2026-02-27,20,5.157968,12.020963,0.0,8.432016,0.572054,33.511639,-4.540421,-4.540421,25.0,0,2,0.0,12.020963,0.0,0.0,0.0,59,12.020963,59,-4.99269,-13.969932,0
025833,天弘电网设备特高压指数C,INDEX,2026-03-02,20,9.072343,12.647035,0.0,9.388971,0.67547,33.649626,-4.540421,-4.540421,25.0,2,0,0.0,12.647035,0.0,0.0,0.0,60,12.647035,60,-6.142878,-13.969932,0
025833,天弘电网设备特高压指数C,INDEX,2026-03-03,20,1.057562,8.096315,33.78,4.972831,0.710053,36.92364,-4.540421,-4.540421,30.0,0,2,0.0,8.096315,0.0,0.0,0.0,61,8.096315,61,-4.529825,-13.969932,0
025833,天弘电网设备特高压指数C,INDEX,2026-03-04,20,3.102697,11.950404,36.36725,7.072362,0.755417,37.32284,-4.540421,-4.540421,25.0,2,0,0.0,11.950404,0.0,0.0,0.0,62,11.950404,62,-5.792772,-13.969932,0
025833,天弘电网设备特高压指数C,INDEX,2026-03-05,20,3.882928,15.518221,40.143757,10.221403,0.845711,38.921782,-4.540421,-4.540421,25.0,3,0,0.0,15.518221,0.0,0.0,0.0,63,15.518221,63,-10.55294,-13.969932,0
025833,天弘电网设备特高压指数C,INDEX,2026-03-06,20,4.700292,19.328501,42.432379,9.930847,0.882478,36.889912,-4.540421,-4.540421,20.0,4,0,0.0,19.328501,0.0,0.0,0.0,64,19.328501,64,-11.156881,-13.969932,0
025833,天弘电网设备特高压指数C,INDEX,2026-03-09,20,4.155264,20.424646,44.283719,9.970156,0.907652,36.751418,-4.540421,-4.540421,20.0,5,0,0.0,20.424646,0.0,0.0,0.0,65,20.424646,65,-12.652977,-13.969932,0
025833,天弘电网设备特高压指数C,INDEX,2026-03-10,20,8.887726,19.755015,45.089641,9.758211,0.934259,36.74012,-4.540421,-4.540421,20.0,6,0,0.0,19.755015,0.0,0.0,0.0,66,19.755015,66,-9.514656,-13.969932,0
025833,天弘电网设备特高压指数C,INDEX,2026-03-11,20,5.647042,15.153681,40.562288,8.466182,0.978305,35.735435,-4.540421,-4.540421,25.0,0,2,0.0,15.153681,0.0,0.0,0.0,67,15.153681,67,-9.593765,-13.566453,0
025833,天弘电网设备特高压指数C,INDEX,2026-03-12,20,0.540996,13.194115,38.220806,6.388515,0.98722,36.450368,-3.658361,-4.540421,30.0,0,3,0.0,13.194115,0.0,0.0,0.0,68,13.194115,68,-8.413697,-12.424878,0
025833,天弘电网设备特高压指数C,INDEX,2026-03-13,20,-2.792711,15.37123,34.677887,2.802462,0.869077,33.443609,-4.420951,-4.540421,30.0,0,4,0.0,15.37123,0.0,0.0,0.0,69,15.37123,69,-7.663578,-9.990663,0
025833,天弘电网设备特高压指数C,INDEX,2026-03-16,20,-5.918551,12.028651,31.544857,-0.069768,0.709036,35.110418,-6.590238,-6.590238,35.0,0,5,0.0,12.028651,0.0,0.0,0.0,70,12.028651,70,-4.732858,-7.900345,0
025833,天弘电网设备特高压指数C,INDEX,2026-03-17,20,-9.404819,5.626701,27.977114,-3.330367,0.533484,36.246239,-9.404819,-9.404819,40.0,0,6,0.0,5.626701,0.0,0.0,0.0,71,5.626701,71,-0.340987,-6.665674,0
025833,天弘电网设备特高压指数C,INDEX,2026-03-18,20,-7.393613,6.369326,26.336093,-1.934362,0.389854,36.523576,-9.404819,-9.404819,40.0,2,0,0.0,6.369326,0.0,0.0,0.0,72,6.369326,72,-1.303344,-6.665674,0
025833,天弘电网设备特高压指数C,INDEX,2026-03-19,20,-8.902865,3.214568,23.074018,-4.931028,0.198677,38.299865,-10.510057,-10.510057,45.0,0,2,0.0,3.214568,0.0,0.0,0.0,73,3.214568,73,2.071187,-4.259189,1
025833,天弘电网设备特高压指数C,INDEX,2026-03-20,20,-7.800043,-1.322162,23.909266,-6.323544,0.02655,37.243723,-11.876158,-11.876158,50.0,0,3,0.0,0.0,1.322162,0.0,0.0,74,-1.322162,74,6.621485,-4.259189,1
025833,天弘电网设备特高压指数C,INDEX,2026-03-23,20,-7.900345,-1.563114,19.068884,-8.482795,-0.207791,37.431325,-13.969932,-13.969932,50.0,0,4,0.0,0.0,1.563114,0.0,0.0,75,-1.563114,75,8.450367,-4.259189,1
025833,天弘电网设备特高压指数C,INDEX,2026-03-24,20,-2.690005,-2.991388,24.041341,-6.083166,-0.349673,35.613325,-13.969932,-13.969932,50.0,2,0,0.0,0.0,2.991388,0.0,0.0,76,-2.991388,76,8.596792,-4.259189,1
025833,天弘电网设备特高压指数C,INDEX,2026-03-25,20,-1.727862,-0.87146,25.918504,-3.460638,-0.441776,36.996452,-13.969932,-13.969932,50.0,3,0,0.0,0.0,0.87146,0.0,0.0,77,-0.87146,77,5.668814,-4.259189,1
025833,天弘电网设备特高压指数C,INDEX,2026-03-26,20,-0.981896,-5.787899,20.399216,-5.285673,-0.518904,36.026629,-13.969932,-13.969932,55.0,0,2,0.0,0.0,5.787899,0.0,0.0,78,-5.787899,78,6.499845,-3.069132,1
025833,天弘电网设备特高压指数C,INDEX,2026-03-27,20,1.246397,-4.99269,20.722645,-4.39305,-0.580555,36.187675,-13.969932,-13.969932,50.0,2,0,0.0,0.0,4.99269,0.0,0.0,79,-4.99269,79,5.616681,-3.069132,1
025833,天弘电网设备特高压指数C,INDEX,2026-03-30,20,3.997766,-6.142878,19.821642,-3.8265,-0.607544,35.664512,-13.969932,-13.969932,50.0,3,0,0.0,0.0,6.142878,0.0,0.0,80,-6.142878,80,3.544848,-3.233902,1
025833,天弘电网设备特高压指数C,INDEX,2026-03-31,20,-0.545086,-4.529825,16.842009,-5.541278,-0.711534,34.03921,-13.969932,-13.969932,50.0,0,2,0.0,0.0,4.529825,0.0,0.0,81,-4.529825,81,6.608205,-3.233902,1
025833,天弘电网设备特高压指数C,INDEX,2026-04-01,20,-2.015915,-5.792772,18.008397,-4.098209,-0.752644,32.881912,-13.969932,-13.969932,50.0,2,0,0.0,0.0,5.792772,0.0,0.0,82,-5.792772,82,4.014232,-3.570916,1
025833,天弘电网设备特高压指数C,INDEX,2026-04-02,20,-1.371243,-10.55294,17.781478,-5.037892,-0.748324,29.548168,-13.969932,-13.969932,55.0,0,2,0.0,0.0,10.55294,0.0,0.0,83,-10.55294,83,9.74786,-3.570916,1
025833,天弘电网设备特高压指数C,INDEX,2026-04-03,20,-2.092791,-11.156881,18.218135,-4.513563,-0.717255,29.288042,-13.969932,-13.969932,60.0,0,3,0.0,0.0,11.156881,0.0,0.0,84,-11.156881,84,12.589391,-3.570916,1
025833,天弘电网设备特高压指数C,INDEX,2026-04-07,20,-3.069132,-12.652977,18.054387,-4.548546,-0.661484,28.709977,-13.969932,-13.969932,65.0,0,4,0.0,0.0,12.652977,0.0,0.0,85,-12.652977,85,13.108525,-3.570916,1
025833,天弘电网设备特高压指数C,INDEX,2026-04-08,20,3.202318,-9.514656,21.215744,0.116211,-0.51108,33.488936,-13.566453,-13.969932,65.0,2,0,0.0,0.0,9.514656,0.0,0.0,86,-9.514656,86,9.801988,-3.570916,1
025833,天弘电网设备特高压指数C,INDEX,2026-04-09,20,1.384484,-9.593765,19.467736,0.090485,-0.359338,33.489988,-12.424878,-13.969932,65.0,0,2,0.0,0.0,9.593765,0.0,0.0,87,-9.593765,87,12.343607,-3.570916,1
025833,天弘电网设备特高压指数C,INDEX,2026-04-10,20,2.945566,-8.413697,17.489915,0.53736,-0.212893,33.382862,-9.990663,-13.969932,65.0,0,3,0.0,0.0,8.413697,0.0,0.0,88,-8.413697,88,15.160995,-3.570916,1
025833,天弘电网设备特高压指数C,INDEX,2026-04-13,20,1.02947,-7.663578,15.135232,-0.975151,-0.125686,32.77311,-7.900345,-13.969932,65.0,0,4,0.0,0.0,7.663578,0.0,0.0,89,-7.663578,89,13.690106,-3.570916,1
025833,天弘电网设备特高压指数C,INDEX,2026-04-14,20,2.612206,-4.732858,14.040644,0.097294,-0.052032,32.243474,-6.665674,-13.969932,60.0,2,0,0.0,0.0,4.732858,0.0,0.0,90,-4.732858,90,9.280259,-6.14192,1
025833,天弘电网设备特高压指数C,INDEX,2026-04-15,20,-0.220014,-0.340987,14.90477,1.574356,0.000273,30.99297,-6.665674,-13.969932,55.0,3,0,0.0,0.0,0.340987,0.0,0.0,91,-0.340987,91,9.671533,-6.14192,1
025833,天弘电网设备特高压指数C,INDEX,2026-04-16,20,1.098566,-1.303344,13.158569,2.415877,0.092252,30.4521,-4.259189,-13.969932,55.0,4,0,0.0,0.0,1.303344,0.0,0.0,92,-1.303344,92,11.288862,-6.14192,1
025833,天弘电网设备特高压指数C,INDEX,2026-04-17,20,1.526019,2.071187,14.420844,2.72603,0.144363,28.530625,-4.259189,-13.969932,50.0,5,0,0.0,2.071187,0.0,0.0,0.0,93,2.071187,93,11.521118,-6.14192,1
025833,天弘电网设备特高压指数C,INDEX,2026-04-20,20,6.463908,6.621485,15.893311,5.321883,0.210508,29.416587,-4.259189,-13.969932,45.0,6,0,0.0,6.621485,0.0,0.0,0.0,94,6.621485,94,3.302404,-6.320811,1
025833,天弘电网设备特高压指数C,INDEX,2026-04-21,20,4.844558,8.450367,13.608627,4.158763,0.218787,27.931107,-4.259189,-13.969932,45.0,0,2,0.0,8.450367,0.0,0.0,0.0,95,8.450367,95,6.121698,-6.320811,1
025833,天弘电网设备特高压指数C,INDEX,2026-04-22,20,6.037105,8.596792,11.478817,6.429174,0.290864,28.069936,-4.259189,-13.969932,45.0,2,0,0.0,8.596792,0.0,0.0,0.0,96,8.596792,96,4.409867,-6.320811,1
025833,天弘电网设备特高压指数C,INDEX,2026-04-23,20,5.214307,5.668814,11.62437,6.10344,0.392282,26.722095,-3.069132,-13.969932,50.0,0,2,0.0,5.668814,0.0,0.0,0.0,97,5.668814,97,1.384207,-6.340688,0
025833,天弘电网设备特高压指数C,INDEX,2026-04-24,20,3.314294,6.499845,11.068918,4.279028,0.428808,25.908173,-3.069132,-13.969932,50.0,0,3,0.0,6.499845,0.0,0.0,0.0,98,6.499845,98,3.091584,-6.340688,1
025833,天弘电网设备特高压指数C,INDEX,2026-04-27,20,0.292248,5.616681,12.40583,3.839811,0.464219,25.923131,-3.069132,-13.969932,55.0,0,4,0.0,5.616681,0.0,0.0,0.0,99,5.616681,99,4.61135,-6.340688,1
025833,天弘电网设备特高压指数C,INDEX,2026-04-28,20,-0.70635,3.544848,9.475136,1.90674,0.470915,26.855929,-3.233902,-13.969932,60.0,0,5,0.0,3.544848,0.0,0.0,0.0,100,3.544848,100,5.824379,-6.340688,1
025833,天弘电网设备特高压指数C,INDEX,2026-04-29,20,-2.36627,6.608205,10.019392,2.493846,0.453662,25.665091,-3.233902,-13.969932,55.0,2,0,0.0,6.608205,0.0,0.0,0.0,101,6.608205,101,4.854583,-6.340688,1
025833,天弘电网设备特高压指数C,INDEX,2026-04-30,20,-3.550169,4.014232,9.698997,1.03188,0.42811,26.010843,-3.570916,-13.969932,60.0,0,2,0.0,4.014232,0.0,0.0,0.0,102,4.014232,102,6.714753,-6.340688,1
025833,天弘电网设备特高压指数C,INDEX,2026-05-06,20,1.636721,9.74786,13.399886,4.481518,0.428333,28.233173,-3.570916,-13.969932,55.0,2,0,0.0,9.74786,0.0,0.0,0.0,103,9.74786,103,3.635843,-6.340688,1
025833,天弘电网设备特高压指数C,INDEX,2026-05-07,20,4.370948,12.589391,19.361826,6.498275,0.451101,29.073093,-3.570916,-13.969932,50.0,3,0,0.0,12.589391,0.0,0.0,0.0,104,12.589391,104,1.256369,-6.340688,0
025833,天弘电网设备特高压指数C,INDEX,2026-05-08,20,5.883661,13.108525,18.975853,5.566063,0.440965,28.839114,-3.570916,-13.969932,50.0,0,2,0.0,13.108525,0.0,0.0,0.0,105,13.108525,105,-0.251942,-6.340688,0
025833,天弘电网设备特高压指数C,INDEX,2026-05-11,20,6.294066,9.801988,18.982243,6.417553,0.496167,25.479074,-3.570916,-13.969932,50.0,2,0,0.0,9.801988,0.0,0.0,0.0,106,9.801988,106,-3.952187,-7.897701,0
025833,天弘电网设备特高压指数C,INDEX,2026-05-12,20,9.503272,12.343607,16.956556,7.637544,0.553983,25.549456,-3.570916,-13.969932,45.0,3,0,0.0,12.343607,0.0,0.0,0.0,107,12.343607,107,-2.057585,-7.897701,0
025833,天弘电网设备特高压指数C,INDEX,2026-05-13,20,8.023189,15.160995,19.387755,9.524725,0.630462,26.293485,-3.570916,-13.969932,40.0,4,0,0.0,15.160995,0.0,0.0,0.0,108,15.160995,108,-7.168886,-7.897701,0
025833,天弘电网设备特高压指数C,INDEX,2026-05-14,20,2.01717,13.690106,21.113689,5.390292,0.60728,28.257577,-3.570916,-13.969932,40.0,0,2,0.0,13.690106,0.0,0.0,0.0,109,13.690106,109,-5.500821,-6.920952,0
025833,天弘电网设备特高压指数C,INDEX,2026-05-15,20,-0.860802,9.280259,16.63099,1.704407,0.532533,31.196288,-6.14192,-13.969932,45.0,0,3,0.0,9.280259,0.0,0.0,0.0,110,9.280259,110,-2.385995,-6.920952,0
025833,天弘电网设备特高压指数C,INDEX,2026-05-18,20,-0.338561,9.671533,15.447415,3.086005,0.493057,31.376086,-6.14192,-13.969932,45.0,2,0,0.0,9.671533,0.0,0.0,0.0,111,9.671533,111,-0.942873,-6.920952,0
025833,天弘电网设备特高压指数C,INDEX,2026-05-19,20,0.149396,11.288862,16.83435,4.841118,0.484106,31.988775,-6.14192,-13.969932,45.0,3,0,0.0,11.288862,0.0,0.0,0.0,112,11.288862,112,0.020342,-6.920952,0
025833,天弘电网设备特高压指数C,INDEX,2026-05-20,20,-1.682899,11.521118,17.490103,4.916341,0.474503,31.984564,-6.14192,-13.969932,45.0,4,0,0.0,11.521118,0.0,0.0,0.0,113,11.521118,113,-0.188692,-6.920952,0
025833,天弘电网设备特高压指数C,INDEX,2026-05-21,20,-3.263547,3.302404,8.686294,-0.192359,0.42238,35.848461,-6.320811,-13.969932,50.0,0,2,0.0,3.302404,0.0,0.0,0.0,114,3.302404,114,5.198387,-5.143877,1
025833,天弘电网设备特高压指数C,INDEX,2026-05-22,20,1.814203,6.121698,13.290394,1.514304,0.38303,36.246245,-6.320811,-13.969932,45.0,2,0,0.0,6.121698,0.0,0.0,0.0,115,6.121698,115,7.883242,-5.143877,1
025833,天弘电网设备特高压指数C,INDEX,2026-05-25,20,0.949806,4.409867,9.993957,2.264268,0.388597,35.323965,-6.320811,-13.969932,45.0,3,0,0.0,4.409867,0.0,0.0,0.0,116,4.409867,116,3.907699,-5.143877,1
025833,天弘电网设备特高压指数C,INDEX,2026-05-26,20,-4.149715,1.384207,6.197881,-0.787816,0.34529,37.06238,-6.340688,-13.969932,45.0,0,2,0.0,1.384207,0.0,0.0,0.0,117,1.384207,117,6.939728,-4.790791,1
025833,天弘电网设备特高压指数C,INDEX,2026-05-27,20,-4.494912,3.091584,3.437705,-0.683276,0.281678,36.636967,-6.340688,-13.969932,40.0,2,0,0.0,3.091584,0.0,0.0,0.0,118,3.091584,118,8.10048,-4.790791,1
025833,天弘电网设备特高压指数C,INDEX,2026-05-28,20,1.563053,4.61135,4.97076,0.411505,0.230199,36.836744,-6.340688,-13.969932,35.0,3,0,0.0,4.61135,0.0,0.0,0.0,119,4.61135,119,0.487465,-7.262211,0
025833,天弘电网设备特高压指数C,INDEX,2026-05-29,20,-0.984539,5.824379,2.844592,-0.414562,0.1388,36.257545,-6.340688,-13.969932,35.0,0,2,0.0,5.824379,0.0,0.0,0.0,120,5.824379,120,-0.063021,-8.277635,0
025833,天弘电网设备特高压指数C,INDEX,2026-06-01,20,-1.950415,4.854583,6.719988,-0.671374,0.052593,36.207115,-6.340688,-13.969932,40.0,0,3,0.0,4.854583,0.0,0.0,0.0,121,4.854583,121,1.253765,-8.277635,0
025833,天弘电网设备特高压指数C,INDEX,2026-06-02,20,1.520939,6.714753,4.568639,-0.469184,-0.05115,35.778547,-6.340688,-13.969932,35.0,2,0,0.0,6.714753,0.0,0.0,0.0,122,6.714753,122,-2.376141,-9.96144,0
025833,天弘电网设备特高压指数C,INDEX,2026-06-03,20,2.173299,3.635843,1.735404,0.248891,-0.093818,33.33628,-6.340688,-13.969932,35.0,3,0,0.0,3.635843,0.0,0.0,0.0,123,3.635843,123,-6.947514,-13.40617,0
